customer_id,city,acquisition_channel,signup_date,gender,age
1,Telsiai,organic,2025-12-28,F,33
2,Kaunas,direct,2026-04-06,M,18
3,Vilnius,direct,2026-07-11,M,33
4,Klaipeda,facebook,2026-04-27,M,60
5,Telsiai,organic,2026-06-20,M,24
6,Vilnius,organic,2026-07-19,F,50
7,Vilnius,organic,2026-07-04,M,58
8,Klaipeda,google_ads,2026-08-31,M,22
9,Kaunas,google_ads,2026-09-19,M,37
10,Klaipeda,facebook,2026-07-24,F,67
11,Siauliai,direct,2025-11-13,M,28
12,Vilnius,facebook,2026-03-23,F,68
13,Panevezys,organic,2026-02-25,M,42
14,Vilnius,organic,2026-07-02,M,43
15,Vilnius,facebook,2025-10-25,F,61
16,Vilnius,direct,2026-06-24,M,55
17,Kaunas,facebook,2026-08-07,F,45
18,Kaunas,organic,2026-02-27,F,18
19,Telsiai,facebook,2025-11-26,M,41
20,Vilnius,direct,2025-12-22,F,60
21,Vilnius,google_ads,2026-02-07,F,61
22,Kaunas,email,2026-07-14,F,36
23,Vilnius,google_ads,2025-10-23,M,50
24,Vilnius,email,2026-01-25,M,61
25,Klaipeda,facebook,2026-07-04,F,44
26,Kaunas,google_ads,2026-04-26,M,59
27,Klaipeda,google_ads,2026-06-17,M,25
28,Other,google_ads,2025-11-19,F,57
29,Kaunas,facebook,2026-07-30,F,67
30,Kaunas,facebook,2026-04-19,M,35
31,Vilnius,organic,2026-04-20,F,44
32,Panevezys,google_ads,2026-01-02,M,66
33,Vilnius,google_ads,2026-03-01,F,52
34,Vilnius,organic,2026-03-24,F,49
35,Kaunas,organic,2025-10-14,F,26
36,Kaunas,facebook,2026-06-25,M,59
37,Kaunas,organic,2026-03-30,F,35
38,Vilnius,facebook,2026-03-27,M,66
39,Klaipeda,organic,2025-10-21,F,60
40,Klaipeda,direct,2025-12-05,M,67
41,Klaipeda,direct,2026-09-15,F,63
42,Vilnius,facebook,2025-11-11,F,61
43,Siauliai,organic,2026-07-09,F,60
44,Panevezys,email,2026-01-03,M,45
45,Klaipeda,google_ads,2026-05-13,F,57
46,Kaunas,facebook,2026-04-12,F,38
47,Vilnius,organic,2026-05-15,F,29
48,Vilnius,google_ads,2026-03-15,F,53
49,Siauliai,facebook,2025-10-02,F,46
50,Klaipeda,organic,2026-08-18,F,48
51,Kaunas,google_ads,2026-04-04,F,35
52,Vilnius,facebook,2026-03-04,M,30
53,Other,google_ads,2025-11-30,F,24
54,Vilnius,facebook,2026-06-25,M,35
55,Telsiai,facebook,2026-01-01,F,24
56,Kaunas,organic,2026-04-21,M,34
57,Kaunas,organic,2026-06-13,M,27
58,Other,organic,2025-11-03,F,56
59,Kaunas,direct,2026-01-26,F,55
60,Klaipeda,facebook,2026-08-15,M,58
61,Vilnius,organic,2025-11-05,M,44
62,Vilnius,facebook,2026-01-01,F,22
63,Telsiai,google_ads,2026-02-14,M,59
64,Vilnius,email,2025-12-19,F,46
65,Telsiai,google_ads,2025-10-19,F,46
66,Vilnius,organic,2026-03-12,M,32
67,Klaipeda,organic,2025-12-11,M,66
68,Utena,organic,2026-04-17,F,58
69,Vilnius,organic,2026-05-20,F,62
70,Siauliai,organic,2025-12-26,M,38
71,Alytus,email,2026-04-11,M,60
72,Kaunas,facebook,2026-05-22,F,58
73,Vilnius,organic,2026-07-26,F,25
74,Klaipeda,organic,2025-10-06,M,53
75,Vilnius,direct,2026-04-07,M,49
76,Kaunas,google_ads,2026-07-22,F,33
77,Kaunas,facebook,2026-05-28,M,22
78,Other,google_ads,2026-01-28,M,46
79,Kaunas,google_ads,2026-03-31,F,30
80,Alytus,google_ads,2026-08-19,F,65
81,Mazeikiai,organic,2025-12-24,F,24
82,Kaunas,facebook,2026-05-29,F,59
83,Vilnius,facebook,2026-09-13,F,59
84,Kaunas,direct,2025-11-07,F,52
85,Utena,direct,2025-12-06,M,45
86,Vilnius,organic,2026-04-16,F,19
87,Kaunas,google_ads,2025-10-19,M,28
88,Klaipeda,google_ads,2025-11-04,M,32
89,Vilnius,email,2026-04-11,F,61
90,Other,organic,2026-07-26,F,62
91,Vilnius,google_ads,2025-12-28,F,62
92,Klaipeda,facebook,2026-02-12,M,56
93,Siauliai,organic,2025-12-23,F,32
94,Siauliai,facebook,2026-02-04,M,58
95,Marijampole,organic,2025-11-09,F,29
96,Vilnius,google_ads,2025-10-22,F,28
97,Vilnius,organic,2025-10-26,M,27
98,Klaipeda,google_ads,2026-06-28,F,23
99,Kaunas,facebook,2026-09-20,F,55
100,Klaipeda,google_ads,2025-12-09,F,57
101,Marijampole,organic,2026-05-14,F,25
102,Marijampole,organic,2025-11-08,F,41
103,Kaunas,facebook,2026-01-07,M,44
104,Kaunas,organic,2026-01-19,F,24
105,Klaipeda,organic,2026-07-28,F,30
106,Klaipeda,direct,2026-09-09,M,68
107,Kaunas,google_ads,2026-03-23,M,39
108,Vilnius,direct,2026-01-14,M,52
109,Vilnius,organic,2026-03-07,M,55
110,Siauliai,google_ads,2025-11-12,F,50
111,Klaipeda,facebook,2026-03-12,F,47
112,Panevezys,google_ads,2026-09-02,M,49
113,Vilnius,organic,2026-04-13,M,35
114,Kaunas,google_ads,2026-02-11,F,47
115,Vilnius,facebook,2026-02-25,M,45
116,Kaunas,google_ads,2026-04-18,M,38
117,Vilnius,direct,2025-12-12,M,23
118,Kaunas,google_ads,2026-02-15,F,60
119,Siauliai,email,2025-11-20,M,36
120,Vilnius,facebook,2026-04-13,M,24
121,Vilnius,organic,2025-12-19,F,53
122,Klaipeda,organic,2026-03-18,F,19
123,Vilnius,organic,2025-10-27,M,54
124,Other,organic,2026-08-12,M,42
125,Siauliai,facebook,2026-02-28,M,21
126,Kaunas,facebook,2026-03-21,F,35
127,Vilnius,facebook,2025-11-25,F,51
128,Kaunas,organic,2026-08-26,F,31
129,Kaunas,organic,2026-08-05,M,50
130,Kaunas,facebook,2026-01-06,F,19
131,Kaunas,google_ads,2026-07-08,F,36
132,Panevezys,facebook,2026-05-31,F,23
133,Kaunas,organic,2026-06-15,F,65
134,Kaunas,organic,2026-02-07,M,67
135,Panevezys,organic,2025-11-18,M,34
136,Klaipeda,organic,2025-11-09,F,47
137,Utena,google_ads,2026-01-19,F,58
138,Klaipeda,email,2026-01-04,M,40
139,Vilnius,email,2026-04-03,M,59
140,Kaunas,email,2026-05-08,M,46
141,Klaipeda,google_ads,2026-05-06,M,46
142,Vilnius,organic,2025-10-15,F,46
143,Utena,google_ads,2026-01-13,F,61
144,Vilnius,organic,2025-12-12,F,36
145,Klaipeda,organic,2025-10-20,M,55
146,Vilnius,facebook,2026-01-31,M,37
147,Vilnius,facebook,2026-01-12,M,59
148,Vilnius,direct,2026-03-15,F,67
149,Vilnius,email,2026-04-28,M,50
150,Vilnius,organic,2025-12-27,M,56
151,Siauliai,email,2026-04-27,M,64
152,Vilnius,google_ads,2026-02-13,F,66
153,Vilnius,email,2026-04-21,F,30
154,Kaunas,google_ads,2026-01-12,M,30
155,Klaipeda,email,2026-08-03,M,63
156,Vilnius,google_ads,2026-05-21,F,19
157,Kaunas,organic,2026-02-11,M,19
158,Vilnius,organic,2026-05-18,M,36
159,Siauliai,google_ads,2026-06-04,M,23
160,Telsiai,facebook,2025-10-15,F,25
161,Vilnius,facebook,2026-06-29,F,22
162,Vilnius,organic,2026-06-12,F,18
163,Klaipeda,organic,2026-05-24,F,22
164,Kaunas,organic,2026-06-03,F,20
165,Vilnius,facebook,2026-09-13,M,67
166,Klaipeda,email,2026-04-08,F,62
167,Klaipeda,direct,2026-05-15,M,36
168,Vilnius,organic,2025-10-21,F,52
169,Vilnius,email,2026-08-13,M,59
170,Marijampole,facebook,2026-05-05,F,39
171,Utena,google_ads,2026-06-27,M,64
172,Vilnius,organic,2026-02-04,M,23
173,Klaipeda,organic,2026-02-15,F,40
174,Klaipeda,google_ads,2025-12-03,M,22
175,Siauliai,organic,2026-04-14,M,27
176,Vilnius,organic,2026-03-12,F,41
177,Klaipeda,direct,2025-12-24,F,46
178,Kaunas,facebook,2026-03-20,M,25
179,Utena,organic,2025-10-23,F,63
180,Kaunas,email,2026-06-07,F,23
181,Kaunas,organic,2026-03-04,F,28
182,Vilnius,organic,2025-12-30,M,33
183,Vilnius,email,2026-09-14,M,57
184,Klaipeda,google_ads,2026-09-05,F,67
185,Vilnius,organic,2025-12-28,F,61
186,Kaunas,google_ads,2026-06-20,M,45
187,Kaunas,organic,2025-11-09,M,38
188,Kaunas,organic,2026-08-06,M,34
189,Vilnius,facebook,2025-11-06,M,28
190,Panevezys,google_ads,2026-01-11,M,23
191,Klaipeda,facebook,2025-10-09,F,57
192,Vilnius,direct,2026-03-10,F,33
193,Vilnius,organic,2026-02-25,F,44
194,Vilnius,facebook,2026-05-07,F,43
195,Vilnius,google_ads,2025-11-21,F,46
196,Kaunas,facebook,2026-04-23,M,28
197,Other,google_ads,2026-07-20,F,49
198,Kaunas,email,2025-10-11,F,36
199,Vilnius,google_ads,2026-03-13,M,42
200,Kaunas,email,2026-06-22,F,53
201,Vilnius,organic,2026-06-04,F,48
202,Vilnius,direct,2026-06-10,F,28
203,Kaunas,google_ads,2025-12-16,F,63
204,Vilnius,organic,2026-02-26,F,55
205,Vilnius,facebook,2025-11-27,M,64
206,Siauliai,facebook,2025-10-16,F,27
207,Klaipeda,organic,2026-07-07,F,38
208,Kaunas,facebook,2026-02-07,F,65
209,Kaunas,direct,2026-01-30,F,51
210,Klaipeda,email,2025-12-30,F,57
211,Other,facebook,2026-04-01,M,62
212,Telsiai,email,2026-05-19,F,36
213,Other,email,2025-10-20,M,36
214,Vilnius,facebook,2025-10-10,M,33
215,Vilnius,google_ads,2025-11-04,M,18
216,Kaunas,facebook,2026-05-11,F,38
217,Klaipeda,organic,2026-06-12,M,29
218,Vilnius,email,2025-11-07,F,29
219,Other,organic,2026-05-19,F,26
220,Vilnius,organic,2026-05-14,F,59
221,Panevezys,google_ads,2026-03-04,M,29
222,Kaunas,organic,2026-01-24,F,60
223,Vilnius,organic,2025-11-06,M,34
224,Kaunas,google_ads,2026-07-19,F,62
225,Vilnius,organic,2025-10-23,F,44
226,Siauliai,facebook,2025-12-25,M,51
227,Kaunas,google_ads,2026-01-07,M,28
228,Vilnius,google_ads,2025-12-21,M,50
229,Kaunas,facebook,2026-02-14,F,64
230,Kaunas,organic,2025-10-08,M,48
231,Siauliai,direct,2025-10-12,F,41
232,Marijampole,google_ads,2026-08-06,M,59
233,Kaunas,organic,2026-08-18,M,18
234,Vilnius,organic,2026-02-02,F,40
235,Siauliai,organic,2026-01-15,F,57
236,Klaipeda,organic,2026-09-09,M,43
237,Siauliai,organic,2026-01-11,F,32
238,Kaunas,facebook,2026-02-13,F,33
239,Vilnius,organic,2026-04-13,M,53
240,Klaipeda,google_ads,2026-01-26,F,21
241,Vilnius,facebook,2026-07-13,F,33
242,Panevezys,direct,2026-06-27,F,44
243,Vilnius,facebook,2026-06-25,F,41
244,Klaipeda,email,2025-11-21,M,66
245,Vilnius,direct,2026-01-10,F,18
246,Siauliai,facebook,2026-02-11,M,62
247,Kaunas,facebook,2026-06-04,F,47
248,Kaunas,google_ads,2026-03-25,M,64
249,Vilnius,google_ads,2025-11-12,M,65
250,Kaunas,google_ads,2025-12-19,M,30
251,Kaunas,facebook,2026-01-22,F,34
252,Siauliai,google_ads,2026-04-14,F,28
253,Marijampole,direct,2025-11-03,M,51
254,Klaipeda,facebook,2025-10-03,F,26
255,Vilnius,google_ads,2026-07-14,F,21
256,Kaunas,google_ads,2026-01-18,M,52
257,Vilnius,direct,2026-09-13,M,50
258,Marijampole,organic,2026-03-03,M,51
259,Panevezys,organic,2026-01-10,F,23
260,Other,organic,2026-01-28,M,59
261,Kaunas,facebook,2026-08-01,M,23
262,Kaunas,email,2026-02-22,M,51
263,Klaipeda,google_ads,2026-08-01,F,20
264,Kaunas,facebook,2026-04-08,M,38
265,Panevezys,email,2025-10-13,M,37
266,Kaunas,email,2026-01-01,F,42
267,Siauliai,google_ads,2026-07-27,F,21
268,Kaunas,direct,2025-10-20,F,19
269,Vilnius,google_ads,2025-12-19,F,45
270,Siauliai,organic,2025-11-09,M,63
271,Siauliai,organic,2025-11-11,F,38
272,Kaunas,facebook,2026-06-05,M,26
273,Kaunas,organic,2025-10-30,M,40
274,Alytus,organic,2026-01-23,F,42
275,Other,organic,2026-02-06,M,61
276,Kaunas,organic,2026-05-11,F,35
277,Vilnius,organic,2026-01-20,F,56
278,Vilnius,google_ads,2026-03-16,F,39
279,Klaipeda,google_ads,2026-02-08,F,38
280,Vilnius,google_ads,2026-01-07,F,36
281,Siauliai,organic,2026-02-23,F,68
282,Kaunas,google_ads,2026-05-30,M,64
283,Vilnius,facebook,2025-12-09,F,61
284,Klaipeda,facebook,2026-01-02,F,22
285,Kaunas,direct,2025-12-31,F,52
286,Utena,organic,2025-10-04,M,60
287,Kaunas,facebook,2026-07-01,F,66
288,Siauliai,google_ads,2026-05-22,M,46
289,Klaipeda,organic,2026-01-14,M,48
290,Vilnius,direct,2025-11-06,M,40
291,Kaunas,google_ads,2025-12-30,F,64
292,Panevezys,organic,2026-05-17,F,59
293,Siauliai,google_ads,2025-10-11,M,39
294,Klaipeda,google_ads,2026-03-18,M,65
295,Kaunas,facebook,2026-06-09,M,35
296,Vilnius,organic,2026-08-09,F,25
297,Klaipeda,google_ads,2025-11-17,F,40
298,Klaipeda,organic,2026-03-31,M,61
299,Vilnius,facebook,2026-02-06,F,44
300,Kaunas,google_ads,2026-02-07,M,53
301,Panevezys,facebook,2025-12-21,F,18
302,Kaunas,facebook,2026-05-11,F,61
303,Vilnius,google_ads,2025-12-14,M,36
304,Siauliai,google_ads,2025-10-24,F,53
305,Kaunas,direct,2026-01-19,M,66
306,Vilnius,email,2026-03-16,M,37
307,Alytus,organic,2026-09-16,M,67
308,Klaipeda,email,2026-07-14,F,28
309,Panevezys,google_ads,2025-12-16,F,56
310,Vilnius,organic,2026-04-07,M,26
311,Other,email,2026-03-23,M,62
312,Panevezys,facebook,2026-07-15,F,49
313,Vilnius,organic,2025-10-27,M,43
314,Vilnius,direct,2026-04-16,F,55
315,Siauliai,google_ads,2025-10-01,F,22
316,Panevezys,google_ads,2026-05-18,F,36
317,Kaunas,organic,2025-12-12,M,20
318,Vilnius,email,2025-10-11,F,47
319,Telsiai,organic,2025-10-01,F,34
320,Vilnius,facebook,2025-10-14,M,45
321,Vilnius,facebook,2026-03-21,M,18
322,Kaunas,organic,2025-12-19,M,32
323,Vilnius,facebook,2026-02-27,M,59
324,Vilnius,facebook,2026-09-09,F,40
325,Kaunas,facebook,2026-02-21,M,23
326,Kaunas,email,2026-03-11,M,35
327,Siauliai,organic,2026-05-28,M,60
328,Vilnius,google_ads,2026-07-28,M,68
329,Kaunas,google_ads,2026-08-25,M,41
330,Kaunas,google_ads,2026-08-26,M,66
331,Telsiai,google_ads,2026-04-29,F,58
332,Kaunas,facebook,2026-01-08,M,35
333,Other,organic,2026-01-25,F,43
334,Klaipeda,organic,2025-12-17,F,64
335,Utena,organic,2026-08-09,M,37
336,Vilnius,organic,2026-01-31,M,28
337,Panevezys,organic,2026-03-19,F,26
338,Vilnius,google_ads,2026-08-03,M,34
339,Kaunas,google_ads,2026-03-06,F,54
340,Marijampole,facebook,2026-02-04,M,32
341,Vilnius,organic,2026-09-27,F,42
342,Vilnius,email,2026-08-13,F,32
343,Vilnius,organic,2026-01-11,F,25
344,Mazeikiai,organic,2025-11-24,F,36
345,Kaunas,google_ads,2026-06-06,F,54
346,Other,facebook,2026-05-24,M,27
347,Vilnius,email,2025-10-03,M,39
348,Siauliai,organic,2025-10-01,M,44
349,Klaipeda,organic,2026-07-27,M,51
350,Kaunas,facebook,2025-11-23,F,22
351,Vilnius,organic,2026-08-08,F,43
352,Vilnius,organic,2026-01-15,M,26
353,Vilnius,google_ads,2026-03-21,F,25
354,Vilnius,organic,2026-04-11,F,63
355,Vilnius,organic,2026-09-01,M,40
356,Panevezys,organic,2026-07-20,F,46
357,Vilnius,email,2026-02-04,M,18
358,Klaipeda,direct,2025-11-17,M,55
359,Vilnius,email,2026-01-17,F,25
360,Kaunas,email,2025-10-14,F,49
361,Vilnius,organic,2025-10-05,F,46
362,Vilnius,organic,2026-09-15,F,53
363,Kaunas,facebook,2026-07-05,M,58
364,Kaunas,facebook,2026-07-10,F,52
365,Vilnius,organic,2026-05-30,M,38
366,Vilnius,email,2026-08-31,F,51
367,Vilnius,organic,2025-12-15,M,35
368,Siauliai,direct,2025-12-02,F,40
369,Siauliai,google_ads,2026-08-04,M,63
370,Other,email,2026-03-07,F,52
371,Vilnius,organic,2025-12-22,F,18
372,Vilnius,organic,2025-12-04,F,21
373,Siauliai,email,2025-10-05,F,22
374,Vilnius,organic,2026-06-02,F,68
375,Klaipeda,google_ads,2026-03-14,F,32
376,Vilnius,organic,2026-01-09,F,67
377,Utena,direct,2026-09-21,M,58
378,Marijampole,google_ads,2025-12-27,F,31
379,Vilnius,organic,2026-05-21,F,46
380,Kaunas,organic,2026-04-04,F,68
381,Vilnius,organic,2026-03-26,M,36
382,Vilnius,email,2025-10-13,M,64
383,Marijampole,facebook,2025-11-03,F,59
384,Vilnius,facebook,2026-03-09,F,60
385,Vilnius,google_ads,2025-12-01,F,23
386,Vilnius,organic,2025-11-19,M,58
387,Vilnius,google_ads,2026-05-23,F,60
388,Vilnius,google_ads,2025-11-17,M,46
389,Panevezys,google_ads,2025-10-15,M,66
390,Panevezys,google_ads,2026-08-04,M,53
391,Mazeikiai,facebook,2025-10-24,F,54
392,Marijampole,facebook,2026-05-22,M,25
393,Vilnius,organic,2026-06-24,M,26
394,Vilnius,email,2025-12-09,M,56
395,Kaunas,organic,2026-05-25,F,51
396,Kaunas,google_ads,2025-12-27,M,54
397,Utena,google_ads,2025-12-18,M,68
398,Kaunas,google_ads,2025-12-08,F,54
399,Vilnius,facebook,2026-08-26,F,20
400,Vilnius,google_ads,2026-07-20,F,68
401,Klaipeda,organic,2026-02-12,M,26
402,Vilnius,facebook,2025-11-08,M,30
403,Vilnius,organic,2026-01-25,M,22
404,Alytus,email,2025-12-19,M,29
405,Vilnius,google_ads,2025-10-17,F,63
406,Kaunas,direct,2025-12-15,M,33
407,Alytus,google_ads,2025-12-16,F,40
408,Kaunas,organic,2025-10-25,M,32
409,Kaunas,organic,2026-01-21,M,48
410,Vilnius,organic,2026-04-14,F,63
411,Vilnius,organic,2026-05-16,F,31
412,Kaunas,organic,2025-12-17,F,53
413,Vilnius,organic,2026-02-09,F,58
414,Mazeikiai,facebook,2026-02-21,M,27
415,Kaunas,organic,2025-11-13,M,64
416,Marijampole,google_ads,2025-10-08,M,55
417,Siauliai,organic,2026-03-06,F,60
418,Klaipeda,google_ads,2026-02-24,F,24
419,Kaunas,direct,2025-12-04,F,59
420,Vilnius,email,2025-11-07,F,41
421,Kaunas,email,2026-01-24,M,48
422,Kaunas,organic,2026-05-18,M,27
423,Kaunas,direct,2026-01-01,F,27
424,Kaunas,facebook,2025-11-15,M,38
425,Siauliai,organic,2026-09-24,M,49
426,Kaunas,google_ads,2026-05-05,M,20
427,Marijampole,facebook,2025-12-16,M,19
428,Klaipeda,organic,2026-02-11,M,24
429,Panevezys,organic,2025-12-19,F,47
430,Marijampole,direct,2026-03-04,F,49
431,Utena,google_ads,2026-04-09,M,32
432,Kaunas,organic,2026-07-26,F,63
433,Vilnius,google_ads,2026-08-30,M,56
434,Vilnius,facebook,2026-06-14,F,46
435,Vilnius,facebook,2025-12-27,M,37
436,Klaipeda,facebook,2026-06-14,F,24
437,Siauliai,google_ads,2026-01-08,M,67
438,Klaipeda,organic,2025-12-05,M,53
439,Vilnius,organic,2026-05-09,M,25
440,Vilnius,google_ads,2026-03-11,M,34
441,Vilnius,organic,2026-03-24,M,20
442,Kaunas,organic,2026-06-12,M,18
443,Vilnius,google_ads,2026-03-18,F,64
444,Vilnius,google_ads,2025-11-04,F,44
445,Panevezys,facebook,2026-04-06,M,57
446,Other,organic,2025-11-30,F,25
447,Klaipeda,organic,2026-06-02,M,60
448,Klaipeda,google_ads,2026-05-07,M,48
449,Panevezys,google_ads,2025-11-26,M,18
450,Alytus,email,2026-07-01,M,66
451,Vilnius,organic,2026-04-24,F,43
452,Kaunas,organic,2026-08-25,F,46
453,Vilnius,google_ads,2026-08-16,M,68
454,Kaunas,organic,2026-01-28,F,39
455,Kaunas,google_ads,2026-07-08,F,63
456,Mazeikiai,organic,2026-04-30,F,62
457,Kaunas,organic,2025-10-10,M,30
458,Vilnius,facebook,2025-11-22,M,67
459,Kaunas,direct,2026-05-30,M,51
460,Kaunas,direct,2026-03-19,M,62
461,Marijampole,google_ads,2026-03-28,F,44
462,Other,google_ads,2026-08-13,M,26
463,Vilnius,facebook,2025-12-03,F,63
464,Vilnius,facebook,2026-03-19,F,61
465,Vilnius,google_ads,2025-10-19,F,63
466,Kaunas,facebook,2025-11-18,F,61
467,Kaunas,organic,2025-12-18,M,21
468,Vilnius,organic,2026-06-20,F,27
469,Siauliai,organic,2026-03-05,F,24
470,Vilnius,facebook,2026-01-15,F,33
471,Klaipeda,organic,2025-11-27,F,42
472,Mazeikiai,organic,2025-11-16,F,30
473,Panevezys,direct,2025-12-18,F,66
474,Vilnius,direct,2026-03-12,M,42
475,Vilnius,email,2025-10-24,M,39
476,Panevezys,organic,2025-11-26,F,22
477,Vilnius,organic,2026-06-07,M,44
478,Marijampole,facebook,2026-03-14,F,41
479,Siauliai,facebook,2025-12-21,M,60
480,Utena,organic,2026-03-13,M,61
481,Vilnius,organic,2026-06-17,F,19
482,Vilnius,google_ads,2026-09-14,M,28
483,Klaipeda,organic,2026-04-04,M,61
484,Klaipeda,direct,2026-06-13,F,59
485,Vilnius,facebook,2026-08-28,M,23
486,Vilnius,email,2025-11-29,F,44
487,Vilnius,facebook,2025-12-12,M,59
488,Vilnius,email,2026-08-22,F,50
489,Kaunas,google_ads,2026-02-08,M,48
490,Panevezys,email,2026-01-04,F,58
491,Panevezys,facebook,2025-10-23,F,18
492,Vilnius,google_ads,2026-02-02,M,37
493,Vilnius,direct,2025-10-27,M,28
494,Vilnius,facebook,2025-11-05,M,66
495,Vilnius,organic,2026-05-22,F,39
496,Vilnius,organic,2025-11-29,M,38
497,Klaipeda,organic,2026-03-23,F,38
498,Siauliai,facebook,2026-08-24,F,35
499,Alytus,google_ads,2026-08-10,F,67
500,Klaipeda,email,2025-12-10,M,52
501,Siauliai,email,2025-10-26,M,55
502,Marijampole,google_ads,2026-08-24,M,41
503,Vilnius,organic,2026-01-09,M,57
504,Kaunas,email,2026-07-08,M,65
505,Klaipeda,google_ads,2026-06-11,F,42
506,Other,organic,2026-02-09,F,65
507,Klaipeda,google_ads,2025-12-01,M,51
508,Vilnius,email,2025-12-24,M,50
509,Kaunas,organic,2026-05-31,M,29
510,Klaipeda,google_ads,2025-11-01,F,64
511,Kaunas,facebook,2025-10-19,F,19
512,Vilnius,google_ads,2026-03-30,M,21
513,Klaipeda,email,2025-11-28,F,23
514,Kaunas,organic,2025-11-12,F,56
515,Klaipeda,google_ads,2025-10-31,M,64
516,Vilnius,organic,2026-08-16,F,27
517,Kaunas,email,2026-06-15,M,23
518,Panevezys,email,2026-06-11,F,51
519,Kaunas,facebook,2026-02-03,F,55
520,Vilnius,facebook,2026-03-31,M,36
521,Vilnius,facebook,2026-02-16,M,54
522,Vilnius,email,2026-02-05,F,41
523,Vilnius,google_ads,2025-11-06,F,57
524,Kaunas,email,2025-11-13,F,29
525,Vilnius,organic,2025-12-23,F,65
526,Telsiai,organic,2025-12-23,F,68
527,Klaipeda,organic,2025-12-17,M,23
528,Vilnius,organic,2026-05-05,F,23
529,Kaunas,facebook,2025-12-31,F,63
530,Vilnius,google_ads,2026-09-15,M,30
531,Kaunas,facebook,2026-07-26,M,61
532,Siauliai,google_ads,2025-11-05,F,43
533,Vilnius,organic,2026-02-20,F,64
534,Utena,google_ads,2026-03-29,F,29
535,Panevezys,direct,2026-03-12,F,62
536,Vilnius,organic,2026-02-24,F,61
537,Vilnius,organic,2026-01-05,M,61
538,Klaipeda,organic,2026-05-07,F,23
539,Kaunas,organic,2025-11-21,F,40
540,Siauliai,direct,2025-11-17,M,49
541,Vilnius,organic,2026-06-22,M,57
542,Kaunas,organic,2026-06-14,M,48
543,Marijampole,google_ads,2026-02-22,F,49
544,Kaunas,facebook,2025-10-22,M,21
545,Vilnius,organic,2026-03-04,M,47
546,Klaipeda,organic,2026-05-07,M,42
547,Vilnius,google_ads,2026-04-17,M,35
548,Kaunas,organic,2026-01-01,F,41
549,Vilnius,google_ads,2026-07-04,M,24
550,Alytus,organic,2025-12-28,M,48
551,Other,email,2026-07-23,F,68
552,Vilnius,organic,2026-04-19,M,21
553,Vilnius,facebook,2026-01-19,F,41
554,Vilnius,google_ads,2025-12-21,F,61
555,Klaipeda,organic,2026-08-19,F,40
556,Kaunas,organic,2025-12-22,F,47
557,Panevezys,organic,2026-07-04,F,22
558,Klaipeda,facebook,2025-11-04,F,35
559,Siauliai,google_ads,2026-02-17,F,44
560,Siauliai,facebook,2026-01-05,M,28
561,Kaunas,organic,2026-06-12,F,51
562,Vilnius,facebook,2026-08-18,F,37
563,Vilnius,google_ads,2025-10-30,M,19
564,Alytus,google_ads,2025-10-16,F,53
565,Klaipeda,facebook,2026-05-09,F,51
566,Kaunas,organic,2026-03-01,M,46
567,Vilnius,google_ads,2026-01-08,M,40
568,Kaunas,facebook,2025-12-08,F,18
569,Panevezys,google_ads,2026-01-08,M,44
570,Klaipeda,facebook,2026-06-01,F,32
571,Siauliai,direct,2025-12-24,F,36
572,Vilnius,organic,2026-03-03,M,36
573,Klaipeda,google_ads,2025-11-04,F,19
574,Vilnius,organic,2026-02-13,M,49
575,Kaunas,google_ads,2025-12-11,M,39
576,Kaunas,organic,2025-11-15,F,42
577,Vilnius,facebook,2026-08-13,F,33
578,Siauliai,google_ads,2026-09-07,M,48
579,Siauliai,google_ads,2026-05-03,M,34
580,Vilnius,facebook,2026-03-31,M,33
581,Vilnius,organic,2026-04-30,M,18
582,Klaipeda,organic,2026-06-03,M,33
583,Telsiai,direct,2026-03-13,M,21
584,Vilnius,google_ads,2026-04-25,F,53
585,Kaunas,organic,2026-01-28,F,40
586,Kaunas,google_ads,2026-01-29,M,52
587,Panevezys,direct,2025-11-17,M,22
588,Kaunas,google_ads,2026-02-26,F,64
589,Siauliai,organic,2026-07-13,M,60
590,Vilnius,organic,2026-05-03,F,59
591,Vilnius,direct,2026-05-21,M,20
592,Kaunas,email,2025-11-26,F,51
593,Vilnius,facebook,2026-02-09,M,31
594,Vilnius,facebook,2026-03-23,F,41
595,Kaunas,facebook,2026-08-31,F,22
596,Vilnius,google_ads,2026-04-04,M,54
597,Kaunas,organic,2026-06-19,F,61
598,Vilnius,organic,2025-12-18,F,50
599,Kaunas,google_ads,2026-04-17,F,53
600,Siauliai,google_ads,2026-08-13,F,56
601,Kaunas,facebook,2025-11-26,F,46
602,Other,google_ads,2026-02-19,M,37
603,Telsiai,email,2025-10-04,M,24
604,Vilnius,google_ads,2025-10-17,M,34
605,Utena,facebook,2026-08-20,F,68
606,Klaipeda,email,2026-02-03,M,56
607,Kaunas,email,2026-08-29,F,40
608,Vilnius,facebook,2026-06-01,M,58
609,Vilnius,google_ads,2026-05-18,M,38
610,Kaunas,google_ads,2025-12-11,M,32
611,Siauliai,google_ads,2026-03-05,F,23
612,Siauliai,google_ads,2026-01-27,M,49
613,Other,google_ads,2025-12-26,M,22
614,Kaunas,organic,2025-12-23,F,45
615,Klaipeda,facebook,2026-04-09,M,40
616,Alytus,organic,2026-04-10,M,33
617,Vilnius,google_ads,2026-06-23,M,52
618,Siauliai,organic,2026-04-25,M,42
619,Siauliai,facebook,2026-06-14,M,47
620,Vilnius,email,2026-09-21,F,24
621,Other,organic,2025-10-14,F,49
622,Kaunas,google_ads,2026-05-02,M,20
623,Kaunas,organic,2025-11-30,F,61
624,Other,google_ads,2025-12-06,M,58
625,Other,direct,2025-12-30,F,32
626,Mazeikiai,facebook,2026-03-12,M,44
627,Marijampole,organic,2026-03-14,M,31
628,Vilnius,organic,2026-02-18,M,45
629,Telsiai,organic,2026-08-19,F,27
630,Kaunas,google_ads,2026-01-11,F,65
631,Vilnius,facebook,2026-01-10,M,26
632,Vilnius,google_ads,2025-10-22,M,56
633,Klaipeda,google_ads,2025-11-05,F,63
634,Kaunas,organic,2026-06-22,M,20
635,Vilnius,organic,2025-12-08,F,57
636,Vilnius,google_ads,2026-03-25,M,56
637,Klaipeda,facebook,2026-05-08,M,51
638,Alytus,organic,2025-11-03,F,65
639,Mazeikiai,organic,2025-10-16,F,43
640,Utena,facebook,2026-08-09,M,47
641,Vilnius,facebook,2026-05-12,M,43
642,Kaunas,facebook,2026-01-27,M,47
643,Klaipeda,organic,2025-11-11,M,23
644,Kaunas,google_ads,2025-11-06,M,42
645,Alytus,organic,2026-04-06,M,29
646,Siauliai,direct,2026-09-01,F,58
647,Vilnius,facebook,2025-10-10,M,47
648,Klaipeda,google_ads,2026-02-04,M,55
649,Klaipeda,organic,2026-03-28,F,57
650,Vilnius,google_ads,2026-04-21,F,39
651,Vilnius,facebook,2026-09-13,M,47
652,Siauliai,organic,2026-05-17,F,22
653,Alytus,organic,2026-04-17,F,51
654,Kaunas,organic,2025-11-16,F,45
655,Other,google_ads,2026-04-27,M,57
656,Kaunas,organic,2026-02-14,M,63
657,Kaunas,email,2026-03-13,M,57
658,Kaunas,facebook,2026-08-16,M,58
659,Vilnius,google_ads,2026-01-06,F,67
660,Siauliai,facebook,2025-10-01,M,29
661,Kaunas,google_ads,2025-10-17,M,59
662,Alytus,email,2026-01-18,F,68
663,Klaipeda,google_ads,2026-04-18,M,31
664,Panevezys,organic,2026-04-14,M,35
665,Kaunas,organic,2026-06-15,F,29
666,Vilnius,google_ads,2026-01-03,F,33
667,Vilnius,organic,2025-12-30,M,23
668,Kaunas,organic,2026-08-22,F,64
669,Siauliai,organic,2026-07-01,M,31
670,Kaunas,organic,2026-04-12,M,61
671,Vilnius,facebook,2026-02-10,M,38
672,Siauliai,facebook,2026-01-04,F,27
673,Kaunas,organic,2026-02-23,F,53
674,Vilnius,organic,2026-04-20,M,37
675,Vilnius,google_ads,2026-04-21,M,24
676,Klaipeda,email,2026-06-15,F,57
677,Siauliai,email,2026-02-12,M,66
678,Panevezys,facebook,2026-03-22,M,47
679,Kaunas,direct,2025-11-25,M,57
680,Utena,organic,2026-01-05,F,47
681,Vilnius,organic,2026-02-07,M,50
682,Vilnius,facebook,2025-10-10,F,52
683,Vilnius,organic,2026-01-04,F,42
684,Kaunas,direct,2025-11-17,F,52
685,Siauliai,facebook,2026-07-04,F,25
686,Panevezys,organic,2026-03-09,F,22
687,Panevezys,organic,2026-01-09,M,23
688,Siauliai,email,2026-03-12,M,60
689,Kaunas,organic,2025-11-06,F,37
690,Vilnius,google_ads,2026-07-01,M,18
691,Vilnius,facebook,2025-12-06,F,58
692,Kaunas,facebook,2026-01-18,F,26
693,Panevezys,organic,2025-12-08,M,26
694,Marijampole,facebook,2025-10-03,M,23
695,Marijampole,facebook,2025-10-13,F,57
696,Kaunas,google_ads,2025-11-17,M,45
697,Vilnius,google_ads,2026-02-08,F,52
698,Kaunas,direct,2026-02-27,M,27
699,Siauliai,organic,2026-03-25,M,51
700,Siauliai,direct,2026-08-30,M,61
701,Siauliai,google_ads,2026-08-19,F,54
702,Panevezys,organic,2026-04-25,M,62
703,Kaunas,organic,2026-03-15,F,55
704,Panevezys,facebook,2026-05-03,F,49
705,Vilnius,organic,2025-10-23,F,35
706,Vilnius,google_ads,2026-08-02,M,34
707,Kaunas,organic,2026-07-01,M,27
708,Siauliai,google_ads,2025-12-02,F,33
709,Vilnius,organic,2026-02-21,M,21
710,Siauliai,facebook,2025-11-29,M,42
711,Kaunas,google_ads,2026-04-22,F,46
712,Mazeikiai,organic,2026-02-26,F,45
713,Vilnius,email,2026-01-20,F,59
714,Vilnius,facebook,2026-03-08,M,51
715,Kaunas,facebook,2025-11-22,M,18
716,Vilnius,facebook,2026-01-08,F,30
717,Kaunas,email,2025-10-07,M,56
718,Kaunas,direct,2026-01-25,M,62
719,Vilnius,google_ads,2025-12-26,F,67
720,Vilnius,facebook,2026-03-08,F,42
721,Vilnius,google_ads,2026-06-25,F,30
722,Vilnius,facebook,2026-06-16,M,57
723,Kaunas,email,2026-02-19,M,59
724,Marijampole,google_ads,2026-05-21,F,48
725,Siauliai,google_ads,2025-11-07,M,42
726,Vilnius,facebook,2026-05-28,F,21
727,Vilnius,google_ads,2026-02-26,F,59
728,Klaipeda,organic,2025-11-16,F,24
729,Klaipeda,facebook,2026-04-18,M,20
730,Kaunas,organic,2025-10-27,F,49
731,Vilnius,organic,2026-08-05,F,61
732,Vilnius,organic,2026-05-01,M,49
733,Vilnius,facebook,2026-03-22,M,18
734,Panevezys,google_ads,2026-05-07,M,55
735,Vilnius,organic,2025-10-14,F,65
736,Kaunas,organic,2026-05-11,M,66
737,Vilnius,google_ads,2025-10-27,M,46
738,Panevezys,facebook,2025-11-21,F,67
739,Klaipeda,google_ads,2026-08-13,F,44
740,Vilnius,google_ads,2026-07-22,M,29
741,Klaipeda,email,2026-03-03,F,44
742,Kaunas,organic,2025-10-04,F,66
743,Klaipeda,organic,2026-07-07,M,30
744,Utena,google_ads,2026-01-06,M,60
745,Vilnius,organic,2026-09-12,F,20
746,Vilnius,organic,2026-03-16,M,22
747,Vilnius,organic,2026-03-14,F,32
748,Siauliai,email,2026-06-03,F,32
749,Kaunas,organic,2025-10-16,F,29
750,Klaipeda,direct,2026-05-14,M,39
751,Kaunas,organic,2026-01-22,F,32
752,Klaipeda,facebook,2026-04-18,M,54
753,Vilnius,organic,2026-04-20,M,55
754,Other,facebook,2026-06-29,M,45
755,Panevezys,google_ads,2026-02-17,M,23
756,Telsiai,organic,2026-09-13,F,33
757,Vilnius,facebook,2026-07-31,M,47
758,Vilnius,email,2026-06-02,F,63
759,Vilnius,direct,2026-09-01,M,68
760,Telsiai,google_ads,2026-02-15,F,21
761,Vilnius,organic,2025-11-14,M,53
762,Vilnius,organic,2026-06-26,F,65
763,Vilnius,facebook,2026-05-17,M,38
764,Vilnius,organic,2026-03-05,F,46
765,Klaipeda,facebook,2026-01-25,F,46
766,Panevezys,direct,2025-12-12,M,30
767,Marijampole,organic,2026-05-30,M,24
768,Vilnius,organic,2026-03-01,M,36
769,Kaunas,google_ads,2025-12-07,M,36
770,Panevezys,google_ads,2026-07-06,F,44
771,Kaunas,facebook,2026-01-13,F,47
772,Vilnius,organic,2026-04-20,F,41
773,Vilnius,direct,2026-07-25,F,29
774,Vilnius,organic,2026-05-14,F,54
775,Kaunas,organic,2025-12-10,F,40
776,Kaunas,organic,2025-11-16,M,43
777,Utena,organic,2026-03-11,F,59
778,Telsiai,direct,2026-04-03,M,54
779,Vilnius,facebook,2026-08-02,M,37
780,Vilnius,organic,2025-10-05,M,55
781,Vilnius,organic,2025-12-03,F,61
782,Vilnius,organic,2026-08-05,M,60
783,Vilnius,google_ads,2026-04-30,F,40
784,Kaunas,direct,2026-06-06,F,36
785,Siauliai,google_ads,2025-10-22,M,27
786,Other,organic,2025-11-29,F,23
787,Vilnius,google_ads,2025-10-02,M,30
788,Vilnius,email,2025-12-08,F,49
789,Vilnius,organic,2026-03-01,F,25
790,Vilnius,organic,2026-03-16,F,49
791,Kaunas,google_ads,2026-09-19,F,58
792,Vilnius,organic,2026-04-28,M,27
793,Kaunas,direct,2026-04-08,F,21
794,Kaunas,facebook,2025-12-10,M,66
795,Alytus,email,2025-10-12,F,35
796,Vilnius,google_ads,2026-02-26,F,67
797,Vilnius,organic,2026-03-18,M,30
798,Mazeikiai,email,2026-04-02,M,44
799,Utena,google_ads,2026-07-10,F,62
800,Kaunas,facebook,2025-11-05,F,29
801,Vilnius,email,2026-09-08,M,62
802,Siauliai,organic,2026-04-30,F,66
803,Kaunas,direct,2025-12-14,M,22
804,Kaunas,organic,2026-04-25,F,19
805,Telsiai,organic,2025-10-07,M,50
806,Vilnius,email,2026-03-13,M,51
807,Marijampole,google_ads,2026-02-13,M,31
808,Klaipeda,organic,2026-04-01,F,42
809,Siauliai,organic,2026-01-14,F,25
810,Vilnius,facebook,2026-02-10,M,38
811,Siauliai,facebook,2026-03-07,F,32
812,Vilnius,organic,2026-04-22,F,61
813,Klaipeda,google_ads,2026-08-31,M,25
814,Vilnius,direct,2025-11-21,M,22
815,Panevezys,google_ads,2026-04-05,M,45
816,Kaunas,organic,2026-06-05,F,40
817,Kaunas,organic,2026-01-04,F,24
818,Telsiai,organic,2025-11-04,M,22
819,Vilnius,facebook,2026-01-09,M,60
820,Vilnius,facebook,2026-01-16,F,50
821,Kaunas,direct,2026-01-11,M,45
822,Alytus,google_ads,2026-08-21,M,20
823,Marijampole,organic,2025-10-30,F,26
824,Kaunas,google_ads,2026-01-15,F,48
825,Vilnius,facebook,2026-05-03,F,38
826,Vilnius,email,2025-10-13,M,66
827,Vilnius,google_ads,2026-06-28,F,21
828,Kaunas,direct,2026-06-01,M,37
829,Vilnius,facebook,2025-12-30,F,54
830,Kaunas,organic,2026-03-02,F,42
831,Kaunas,facebook,2026-04-15,M,39
832,Vilnius,organic,2025-11-22,F,30
833,Panevezys,google_ads,2025-11-13,F,34
834,Vilnius,email,2025-11-02,M,55
835,Kaunas,organic,2026-06-19,M,59
836,Klaipeda,organic,2026-04-26,F,43
837,Kaunas,email,2025-12-03,M,54
838,Telsiai,organic,2025-12-27,F,54
839,Kaunas,organic,2026-08-24,F,45
840,Klaipeda,email,2025-11-02,F,36
841,Kaunas,organic,2026-05-26,M,19
842,Klaipeda,organic,2025-11-25,M,35
843,Klaipeda,organic,2025-12-15,M,64
844,Vilnius,facebook,2026-08-31,M,44
845,Kaunas,email,2026-03-31,M,33
846,Kaunas,email,2025-10-15,F,49
847,Panevezys,organic,2026-07-22,F,65
848,Vilnius,google_ads,2026-08-06,M,49
849,Vilnius,organic,2026-01-31,M,41
850,Klaipeda,direct,2026-03-07,M,65
851,Mazeikiai,google_ads,2026-03-01,M,52
852,Vilnius,organic,2026-08-27,M,46
853,Alytus,email,2026-04-04,F,48
854,Vilnius,organic,2026-04-26,F,50
855,Kaunas,organic,2025-10-24,M,66
856,Panevezys,organic,2025-10-10,F,30
857,Vilnius,google_ads,2026-05-02,M,56
858,Vilnius,facebook,2026-03-28,F,36
859,Alytus,direct,2025-12-06,M,19
860,Other,organic,2026-05-08,M,21
861,Vilnius,google_ads,2026-01-29,M,18
862,Kaunas,facebook,2026-04-17,M,32
863,Siauliai,organic,2026-07-02,F,42
864,Kaunas,organic,2025-10-21,F,34
865,Kaunas,facebook,2025-12-10,M,18
866,Kaunas,organic,2025-11-05,F,63
867,Kaunas,organic,2025-12-26,M,48
868,Vilnius,google_ads,2026-07-24,F,26
869,Vilnius,google_ads,2026-06-08,F,47
870,Vilnius,organic,2025-11-30,M,26
871,Marijampole,organic,2026-03-16,F,51
872,Klaipeda,email,2026-04-12,M,30
873,Kaunas,direct,2025-12-20,F,20
874,Klaipeda,organic,2026-02-01,F,23
875,Siauliai,email,2026-01-06,M,55
876,Vilnius,direct,2026-09-30,M,67
877,Vilnius,direct,2026-07-05,M,43
878,Kaunas,facebook,2026-01-14,F,56
879,Telsiai,direct,2026-02-08,M,31
880,Kaunas,facebook,2026-02-02,M,43
881,Kaunas,organic,2026-02-09,M,28
882,Mazeikiai,organic,2026-02-02,F,49
883,Marijampole,facebook,2026-02-07,F,60
884,Kaunas,google_ads,2025-11-08,F,54
885,Vilnius,organic,2026-07-25,F,23
886,Vilnius,facebook,2025-10-19,M,49
887,Kaunas,organic,2026-01-04,F,37
888,Panevezys,google_ads,2026-02-09,F,54
889,Vilnius,facebook,2025-11-30,F,40
890,Vilnius,facebook,2026-05-09,M,68
891,Alytus,organic,2025-12-05,F,66
892,Mazeikiai,email,2026-02-10,M,31
893,Alytus,organic,2025-10-23,M,18
894,Kaunas,google_ads,2026-09-02,F,37
895,Kaunas,organic,2026-01-16,M,26
896,Klaipeda,google_ads,2025-10-11,M,23
897,Vilnius,organic,2025-12-26,M,65
898,Panevezys,organic,2026-06-26,M,24
899,Panevezys,facebook,2026-01-08,F,20
900,Klaipeda,facebook,2026-02-05,F,32
901,Vilnius,organic,2026-03-20,F,48
902,Kaunas,google_ads,2025-10-23,M,36
903,Kaunas,google_ads,2026-04-10,F,56
904,Marijampole,facebook,2026-03-01,F,44
905,Panevezys,email,2026-03-09,M,57
906,Vilnius,google_ads,2025-11-27,F,49
907,Vilnius,organic,2026-08-13,M,22
908,Kaunas,google_ads,2026-05-13,F,68
909,Vilnius,organic,2026-07-14,M,63
910,Vilnius,google_ads,2025-10-10,M,28
911,Vilnius,organic,2025-11-22,F,66
912,Vilnius,email,2025-12-31,F,44
913,Kaunas,organic,2026-09-24,M,23
914,Klaipeda,organic,2025-11-07,F,68
915,Alytus,email,2025-12-16,F,19
916,Kaunas,organic,2025-11-23,F,38
917,Kaunas,organic,2025-11-17,M,54
918,Klaipeda,google_ads,2025-10-11,F,44
919,Vilnius,facebook,2025-12-05,F,18
920,Klaipeda,email,2026-08-05,F,62
921,Siauliai,email,2025-11-03,M,20
922,Alytus,google_ads,2026-03-17,F,31
923,Siauliai,organic,2025-10-22,M,68
924,Vilnius,google_ads,2026-04-30,M,64
925,Vilnius,organic,2025-10-25,M,46
926,Other,email,2025-11-09,M,40
927,Kaunas,organic,2025-11-19,F,51
928,Vilnius,facebook,2026-08-06,F,24
929,Vilnius,google_ads,2025-11-18,M,48
930,Kaunas,google_ads,2026-04-25,F,34
931,Klaipeda,direct,2026-01-19,F,28
932,Vilnius,facebook,2026-02-07,M,62
933,Telsiai,google_ads,2025-11-30,M,56
934,Vilnius,google_ads,2026-08-19,M,41
935,Vilnius,organic,2026-01-16,F,21
936,Vilnius,facebook,2026-07-21,M,25
937,Kaunas,organic,2026-02-21,F,48
938,Siauliai,facebook,2026-08-08,M,64
939,Kaunas,organic,2025-11-03,F,39
940,Alytus,facebook,2025-12-16,F,53
941,Mazeikiai,google_ads,2026-01-30,M,54
942,Vilnius,facebook,2025-12-10,M,19
943,Panevezys,google_ads,2026-03-02,M,52
944,Alytus,organic,2026-03-30,F,29
945,Vilnius,organic,2026-03-28,M,29
946,Kaunas,organic,2026-05-03,F,29
947,Vilnius,google_ads,2025-11-28,F,34
948,Kaunas,google_ads,2026-04-07,F,25
949,Vilnius,organic,2026-01-20,M,19
950,Siauliai,organic,2026-02-12,F,46
951,Mazeikiai,google_ads,2025-10-16,M,68
952,Panevezys,direct,2025-11-26,F,59
953,Kaunas,google_ads,2026-09-30,F,40
954,Vilnius,organic,2026-07-19,M,37
955,Siauliai,direct,2025-10-14,F,31
956,Vilnius,facebook,2026-01-12,F,35
957,Vilnius,facebook,2025-12-12,M,56
958,Klaipeda,facebook,2026-02-22,M,68
959,Marijampole,email,2026-03-30,F,61
960,Panevezys,email,2025-10-25,M,25
961,Vilnius,organic,2026-04-01,F,63
962,Klaipeda,facebook,2026-06-19,M,30
963,Vilnius,google_ads,2026-06-02,M,53
964,Klaipeda,organic,2025-10-25,M,65
965,Vilnius,google_ads,2025-11-08,F,30
966,Klaipeda,facebook,2026-09-18,F,18
967,Vilnius,direct,2026-04-28,F,44
968,Vilnius,facebook,2025-11-13,M,21
969,Vilnius,organic,2025-12-29,M,54
970,Utena,organic,2026-02-25,F,37
971,Panevezys,direct,2025-10-22,F,33
972,Vilnius,organic,2025-12-05,M,22
973,Klaipeda,google_ads,2026-03-10,M,21
974,Klaipeda,email,2026-06-27,M,46
975,Vilnius,organic,2025-10-11,M,36
976,Kaunas,email,2026-06-01,M,47
977,Klaipeda,organic,2025-11-11,M,47
978,Vilnius,facebook,2026-01-17,M,54
979,Kaunas,facebook,2025-11-03,M,33
980,Klaipeda,google_ads,2025-10-30,M,27
981,Other,google_ads,2026-01-03,M,21
982,Other,facebook,2026-05-31,M,68
983,Klaipeda,google_ads,2025-11-23,F,55
984,Vilnius,organic,2026-04-10,M,49
985,Vilnius,facebook,2026-09-09,M,48
986,Vilnius,organic,2026-07-08,M,53
987,Kaunas,facebook,2025-11-28,M,19
988,Vilnius,organic,2026-01-04,M,29
989,Vilnius,email,2026-02-10,M,42
990,Vilnius,google_ads,2026-06-13,M,51
991,Panevezys,organic,2026-09-02,F,62
992,Vilnius,organic,2025-12-15,M,52
993,Klaipeda,organic,2026-04-07,M,50
994,Klaipeda,organic,2026-09-11,F,66
995,Kaunas,organic,2026-02-26,F,51
996,Vilnius,google_ads,2026-01-20,M,31
997,Kaunas,organic,2026-02-09,F,54
998,Vilnius,google_ads,2026-03-19,M,55
999,Kaunas,google_ads,2025-10-12,F,49
1000,Vilnius,facebook,2026-01-18,F,23
1001,Vilnius,organic,2025-12-16,M,24
1002,Vilnius,facebook,2025-11-18,F,37
1003,Vilnius,facebook,2026-01-14,M,66
1004,Siauliai,organic,2026-03-17,F,68
1005,Mazeikiai,email,2026-06-23,M,32
1006,Kaunas,google_ads,2026-06-27,F,64
1007,Panevezys,google_ads,2026-06-08,F,31
1008,Vilnius,facebook,2026-05-27,F,60
1009,Klaipeda,google_ads,2026-06-13,F,38
1010,Vilnius,direct,2026-02-07,F,54
1011,Alytus,direct,2026-02-07,M,43
1012,Vilnius,direct,2025-10-25,F,23
1013,Panevezys,facebook,2025-10-28,M,29
1014,Kaunas,google_ads,2026-01-30,F,51
1015,Kaunas,direct,2025-10-06,M,52
1016,Marijampole,organic,2025-11-25,M,37
1017,Klaipeda,direct,2025-12-04,M,50
1018,Other,google_ads,2026-04-10,F,56
1019,Alytus,google_ads,2026-04-15,M,65
1020,Vilnius,email,2025-10-16,F,43
1021,Siauliai,google_ads,2026-05-21,M,62
1022,Vilnius,email,2026-03-23,F,58
1023,Marijampole,google_ads,2025-12-18,M,41
1024,Vilnius,google_ads,2025-12-31,F,31
1025,Klaipeda,facebook,2026-02-16,F,39
1026,Vilnius,google_ads,2026-01-21,M,63
1027,Panevezys,organic,2026-08-27,M,56
1028,Kaunas,organic,2025-11-21,M,61
1029,Klaipeda,email,2025-12-23,M,46
1030,Klaipeda,facebook,2025-12-13,M,42
1031,Vilnius,google_ads,2026-04-08,M,33
1032,Kaunas,direct,2026-03-23,F,30
1033,Vilnius,email,2026-08-18,M,64
1034,Vilnius,google_ads,2025-11-26,M,57
1035,Vilnius,organic,2025-11-19,F,38
1036,Kaunas,google_ads,2025-12-01,M,60
1037,Vilnius,organic,2026-03-11,F,67
1038,Alytus,organic,2026-02-18,M,56
1039,Utena,facebook,2025-11-30,M,39
1040,Other,facebook,2025-10-21,M,39
1041,Kaunas,facebook,2025-10-05,M,32
1042,Vilnius,organic,2025-10-15,M,41
1043,Klaipeda,organic,2026-05-12,F,65
1044,Siauliai,organic,2026-08-16,F,59
1045,Vilnius,organic,2026-02-12,M,61
1046,Kaunas,organic,2026-06-17,M,22
1047,Klaipeda,organic,2026-09-03,M,26
1048,Telsiai,organic,2025-10-20,M,45
1049,Vilnius,organic,2026-05-26,M,37
1050,Vilnius,email,2025-12-25,M,41
1051,Kaunas,facebook,2026-05-01,M,68
1052,Vilnius,direct,2025-12-01,F,56
1053,Kaunas,organic,2026-01-30,F,42
1054,Klaipeda,organic,2026-02-25,M,18
1055,Kaunas,direct,2025-10-04,F,65
1056,Kaunas,google_ads,2026-01-07,M,25
1057,Kaunas,organic,2025-12-24,F,50
1058,Vilnius,google_ads,2026-02-16,F,65
1059,Vilnius,facebook,2025-12-09,M,62
1060,Telsiai,organic,2026-07-09,M,56
1061,Vilnius,organic,2026-01-11,F,43
1062,Klaipeda,google_ads,2026-07-09,F,55
1063,Siauliai,organic,2026-01-08,F,27
1064,Klaipeda,organic,2026-02-26,M,49
1065,Kaunas,facebook,2025-10-04,F,28
1066,Kaunas,google_ads,2026-01-27,M,46
1067,Siauliai,email,2026-05-24,M,34
1068,Vilnius,organic,2026-06-01,M,39
1069,Siauliai,organic,2025-10-21,F,66
1070,Vilnius,organic,2026-05-01,M,42
1071,Vilnius,email,2026-04-19,F,33
1072,Vilnius,google_ads,2026-04-22,F,24
1073,Vilnius,organic,2025-10-01,F,62
1074,Klaipeda,email,2026-06-20,F,60
1075,Panevezys,organic,2025-12-13,F,32
1076,Vilnius,google_ads,2026-03-31,F,60
1077,Vilnius,google_ads,2026-07-01,M,26
1078,Other,direct,2026-07-09,F,28
1079,Vilnius,direct,2026-05-09,M,24
1080,Marijampole,organic,2026-04-02,M,52
1081,Vilnius,organic,2026-03-11,M,59
1082,Siauliai,direct,2025-11-17,F,32
1083,Telsiai,facebook,2026-04-19,M,54
1084,Kaunas,organic,2025-10-30,M,55
1085,Vilnius,google_ads,2025-11-18,M,51
1086,Vilnius,email,2026-02-18,F,27
1087,Klaipeda,organic,2026-06-20,F,27
1088,Vilnius,organic,2025-12-17,M,35
1089,Panevezys,google_ads,2026-06-09,F,21
1090,Vilnius,facebook,2026-08-03,M,62
1091,Utena,organic,2026-06-01,M,53
1092,Vilnius,google_ads,2026-01-29,M,51
1093,Klaipeda,google_ads,2026-06-04,M,26
1094,Vilnius,direct,2025-11-04,F,47
1095,Kaunas,email,2026-02-20,M,31
1096,Vilnius,email,2026-07-17,M,61
1097,Telsiai,organic,2026-05-27,F,55
1098,Vilnius,organic,2026-05-20,F,49
1099,Siauliai,facebook,2025-12-01,M,67
1100,Vilnius,organic,2025-12-26,M,49
1101,Kaunas,facebook,2026-02-14,M,68
1102,Klaipeda,organic,2026-04-01,M,24
1103,Kaunas,google_ads,2025-11-16,M,43
1104,Kaunas,google_ads,2026-02-08,M,66
1105,Vilnius,google_ads,2026-07-12,F,25
1106,Vilnius,organic,2025-10-09,M,23
1107,Kaunas,google_ads,2026-06-30,M,33
1108,Kaunas,google_ads,2025-11-03,F,51
1109,Klaipeda,organic,2026-05-23,M,30
1110,Kaunas,organic,2026-02-01,F,22
1111,Vilnius,google_ads,2026-05-01,F,61
1112,Vilnius,facebook,2025-12-06,M,63
1113,Klaipeda,google_ads,2025-12-04,M,38
1114,Klaipeda,organic,2026-07-28,M,52
1115,Klaipeda,google_ads,2025-10-27,F,67
1116,Mazeikiai,google_ads,2026-08-26,M,68
1117,Vilnius,email,2026-08-15,F,24
1118,Kaunas,facebook,2025-12-23,M,28
1119,Siauliai,google_ads,2025-11-01,F,48
1120,Klaipeda,facebook,2026-05-12,M,42
1121,Klaipeda,google_ads,2026-05-03,M,61
1122,Kaunas,direct,2026-03-02,M,37
1123,Siauliai,email,2026-08-01,M,22
1124,Kaunas,google_ads,2026-08-26,M,45
1125,Klaipeda,google_ads,2026-03-20,M,43
1126,Vilnius,google_ads,2025-10-12,F,33
1127,Other,direct,2026-06-13,M,56
1128,Siauliai,direct,2026-05-14,M,22
1129,Vilnius,google_ads,2026-05-10,M,41
1130,Panevezys,email,2026-07-27,M,36
1131,Siauliai,google_ads,2026-02-07,M,37
1132,Marijampole,email,2026-01-09,M,40
1133,Vilnius,organic,2025-10-02,M,43
1134,Vilnius,google_ads,2026-05-27,M,44
1135,Klaipeda,organic,2025-11-04,F,41
1136,Panevezys,organic,2026-01-02,F,60
1137,Kaunas,google_ads,2026-08-02,M,25
1138,Siauliai,direct,2026-05-31,M,60
1139,Vilnius,google_ads,2025-11-26,F,61
1140,Marijampole,google_ads,2026-05-19,F,26
1141,Siauliai,organic,2026-01-01,F,45
1142,Vilnius,google_ads,2026-04-23,F,33
1143,Vilnius,facebook,2026-05-11,F,30
1144,Vilnius,email,2025-12-06,M,32
1145,Vilnius,organic,2025-11-13,M,57
1146,Other,organic,2025-11-19,F,48
1147,Vilnius,google_ads,2025-10-22,F,63
1148,Vilnius,organic,2026-01-23,F,41
1149,Klaipeda,facebook,2026-05-14,M,39
1150,Kaunas,facebook,2025-11-05,M,59
1151,Vilnius,facebook,2025-11-28,M,20
1152,Utena,organic,2026-06-06,F,37
1153,Vilnius,email,2026-07-03,F,41
1154,Vilnius,google_ads,2025-12-05,M,28
1155,Panevezys,facebook,2026-08-20,F,49
1156,Vilnius,facebook,2025-11-30,F,53
1157,Vilnius,organic,2026-05-13,M,55
1158,Kaunas,organic,2026-04-06,M,36
1159,Vilnius,organic,2026-03-12,M,58
1160,Vilnius,email,2025-10-09,M,31
1161,Klaipeda,google_ads,2026-09-27,M,63
1162,Marijampole,organic,2026-07-15,M,58
1163,Klaipeda,email,2026-02-08,M,46
1164,Panevezys,facebook,2026-01-17,M,46
1165,Marijampole,organic,2025-11-01,M,47
1166,Klaipeda,organic,2025-11-20,M,29
1167,Vilnius,google_ads,2026-02-28,F,59
1168,Siauliai,email,2026-09-08,M,42
1169,Vilnius,facebook,2025-11-05,F,27
1170,Vilnius,email,2026-05-11,F,63
1171,Marijampole,email,2025-12-21,F,39
1172,Vilnius,google_ads,2026-04-20,M,20
1173,Panevezys,organic,2025-11-21,M,19
1174,Vilnius,direct,2025-12-21,F,61
1175,Vilnius,facebook,2026-08-26,M,41
1176,Kaunas,google_ads,2026-05-02,F,27
1177,Vilnius,email,2026-03-25,F,49
1178,Vilnius,facebook,2026-09-27,F,27
1179,Kaunas,organic,2025-11-25,F,64
1180,Vilnius,google_ads,2026-05-11,F,49
1181,Panevezys,organic,2025-12-06,M,42
1182,Kaunas,email,2026-01-17,F,23
1183,Klaipeda,facebook,2026-03-18,M,33
1184,Vilnius,google_ads,2026-04-03,M,25
1185,Alytus,email,2025-10-27,F,47
1186,Utena,organic,2025-10-11,M,21
1187,Vilnius,facebook,2026-08-03,F,41
1188,Kaunas,google_ads,2025-12-08,M,19
1189,Vilnius,email,2026-02-01,F,27
1190,Kaunas,direct,2026-04-20,F,44
1191,Vilnius,organic,2026-04-16,M,59
1192,Vilnius,email,2025-10-04,F,53
1193,Vilnius,organic,2026-06-09,M,35
1194,Vilnius,organic,2026-06-21,M,32
1195,Klaipeda,organic,2025-11-07,F,48
1196,Vilnius,email,2025-11-26,F,30
1197,Siauliai,organic,2026-04-26,M,36
1198,Vilnius,direct,2026-03-04,M,53
1199,Vilnius,direct,2026-04-12,F,20
1200,Other,facebook,2025-12-07,F,50
1201,Other,facebook,2025-10-24,M,39
1202,Kaunas,email,2025-12-25,F,28
1203,Vilnius,facebook,2025-11-15,M,61
1204,Telsiai,organic,2026-01-08,M,39
1205,Vilnius,facebook,2025-11-25,F,33
1206,Vilnius,facebook,2025-11-10,F,24
1207,Kaunas,direct,2026-08-03,M,49
1208,Vilnius,organic,2025-11-15,F,40
1209,Vilnius,google_ads,2025-12-10,F,66
1210,Vilnius,google_ads,2026-03-31,M,41
1211,Utena,organic,2026-06-04,F,50
1212,Vilnius,email,2026-03-10,M,57
1213,Klaipeda,google_ads,2026-09-17,M,24
1214,Vilnius,google_ads,2026-03-31,F,60
1215,Marijampole,google_ads,2025-10-29,M,29
1216,Other,google_ads,2026-05-22,F,25
1217,Vilnius,organic,2025-12-18,F,21
1218,Kaunas,organic,2026-07-08,M,66
1219,Vilnius,organic,2026-05-30,F,23
1220,Kaunas,facebook,2025-11-12,F,29
1221,Vilnius,facebook,2026-08-22,M,30
1222,Klaipeda,organic,2026-01-18,F,40
1223,Kaunas,email,2026-05-07,M,22
1224,Klaipeda,email,2026-03-08,F,18
1225,Alytus,organic,2025-11-15,F,34
1226,Panevezys,organic,2026-09-23,F,58
1227,Other,google_ads,2026-09-09,M,56
1228,Other,google_ads,2026-02-14,M,41
1229,Kaunas,email,2026-09-20,F,59
1230,Panevezys,google_ads,2026-08-16,F,25
1231,Kaunas,organic,2026-06-11,F,42
1232,Klaipeda,facebook,2025-11-18,M,23
1233,Klaipeda,google_ads,2026-08-15,F,65
1234,Vilnius,organic,2026-04-23,F,31
1235,Vilnius,google_ads,2025-12-06,M,40
1236,Siauliai,organic,2026-03-11,F,68
1237,Vilnius,email,2026-01-14,F,61
1238,Panevezys,google_ads,2025-12-28,F,28
1239,Panevezys,google_ads,2026-05-10,M,58
1240,Vilnius,organic,2025-11-24,M,24
1241,Siauliai,direct,2026-03-05,M,38
1242,Klaipeda,google_ads,2026-04-06,M,57
1243,Vilnius,google_ads,2026-04-30,F,29
1244,Siauliai,email,2025-11-27,F,60
1245,Alytus,organic,2026-03-10,M,24
1246,Vilnius,email,2025-12-16,M,43
1247,Vilnius,google_ads,2025-10-29,F,58
1248,Vilnius,direct,2026-05-07,F,48
1249,Vilnius,facebook,2026-07-16,M,51
1250,Vilnius,organic,2026-06-06,F,26
1251,Vilnius,google_ads,2025-10-30,M,40
1252,Panevezys,google_ads,2026-02-11,F,30
1253,Klaipeda,direct,2026-02-24,M,55
1254,Vilnius,facebook,2026-03-24,F,46
1255,Klaipeda,facebook,2025-11-25,F,30
1256,Vilnius,organic,2026-03-29,M,50
1257,Alytus,direct,2025-12-24,F,43
1258,Panevezys,google_ads,2025-10-27,M,31
1259,Vilnius,organic,2026-04-21,M,63
1260,Marijampole,google_ads,2026-01-02,F,36
1261,Vilnius,facebook,2026-02-21,M,54
1262,Vilnius,organic,2026-06-09,M,21
1263,Kaunas,organic,2026-04-22,M,56
1264,Vilnius,facebook,2026-01-21,M,47
1265,Vilnius,organic,2026-07-06,F,64
1266,Vilnius,facebook,2026-01-31,F,57
1267,Kaunas,facebook,2025-10-25,M,41
1268,Panevezys,organic,2026-09-02,F,62
1269,Panevezys,google_ads,2026-01-24,M,62
1270,Vilnius,direct,2026-07-13,M,34
1271,Vilnius,organic,2025-12-04,M,55
1272,Siauliai,email,2026-06-08,F,58
1273,Kaunas,facebook,2026-06-07,F,38
1274,Siauliai,facebook,2026-04-18,F,53
1275,Alytus,facebook,2026-07-10,M,49
1276,Panevezys,organic,2026-05-05,M,39
1277,Alytus,facebook,2025-11-13,F,63
1278,Utena,organic,2026-05-23,F,42
1279,Vilnius,email,2026-08-10,M,27
1280,Vilnius,google_ads,2026-09-02,F,40
1281,Kaunas,google_ads,2025-12-23,M,46
1282,Siauliai,google_ads,2026-05-03,F,30
1283,Kaunas,google_ads,2025-12-22,M,59
1284,Vilnius,email,2026-02-07,F,43
1285,Klaipeda,google_ads,2026-04-05,M,68
1286,Vilnius,organic,2025-11-06,M,50
1287,Alytus,facebook,2026-04-20,M,38
1288,Kaunas,direct,2026-07-04,F,45
1289,Vilnius,facebook,2026-04-06,M,56
1290,Vilnius,google_ads,2025-11-26,M,67
1291,Kaunas,facebook,2025-11-16,F,60
1292,Marijampole,facebook,2026-03-15,F,25
1293,Vilnius,google_ads,2025-12-07,M,60
1294,Kaunas,organic,2026-07-03,M,30
1295,Vilnius,facebook,2026-06-29,F,51
1296,Telsiai,organic,2025-12-14,M,20
1297,Vilnius,email,2026-01-01,F,36
1298,Vilnius,facebook,2026-07-18,F,57
1299,Vilnius,organic,2026-06-12,F,20
1300,Vilnius,email,2025-11-29,M,34
1301,Kaunas,direct,2025-11-07,F,27
1302,Vilnius,organic,2026-09-04,F,40
1303,Kaunas,direct,2025-11-09,F,37
1304,Alytus,email,2026-06-15,M,61
1305,Vilnius,organic,2026-06-23,F,54
1306,Siauliai,email,2026-06-11,M,26
1307,Klaipeda,google_ads,2025-12-24,F,45
1308,Siauliai,google_ads,2026-06-02,F,26
1309,Vilnius,facebook,2026-08-17,F,66
1310,Vilnius,email,2026-05-24,M,39
1311,Vilnius,google_ads,2026-01-07,M,62
1312,Kaunas,organic,2026-03-03,M,37
1313,Panevezys,facebook,2026-01-06,M,25
1314,Kaunas,organic,2025-12-02,M,48
1315,Utena,organic,2025-10-07,F,29
1316,Alytus,facebook,2026-01-12,F,27
1317,Klaipeda,organic,2026-06-19,M,48
1318,Kaunas,google_ads,2026-04-03,F,43
1319,Kaunas,google_ads,2026-03-10,M,59
1320,Marijampole,google_ads,2026-01-27,M,47
1321,Vilnius,google_ads,2026-05-27,M,40
1322,Vilnius,organic,2026-05-16,F,47
1323,Klaipeda,google_ads,2026-04-29,F,56
1324,Siauliai,google_ads,2026-02-21,M,62
1325,Vilnius,email,2025-12-02,M,32
1326,Kaunas,facebook,2026-01-17,M,24
1327,Siauliai,google_ads,2026-08-10,M,21
1328,Vilnius,facebook,2026-07-14,M,29
1329,Other,google_ads,2025-11-18,M,30
1330,Vilnius,organic,2025-12-18,M,23
1331,Vilnius,email,2026-01-20,M,41
1332,Vilnius,facebook,2026-03-25,F,30
1333,Vilnius,facebook,2026-04-10,M,22
1334,Kaunas,organic,2025-12-23,F,24
1335,Vilnius,organic,2025-12-13,F,34
1336,Vilnius,organic,2026-02-15,M,51
1337,Vilnius,facebook,2026-06-03,M,55
1338,Vilnius,organic,2026-08-19,M,26
1339,Vilnius,google_ads,2025-10-25,M,40
1340,Kaunas,direct,2026-06-06,F,64
1341,Klaipeda,google_ads,2026-01-21,F,68
1342,Panevezys,google_ads,2026-09-06,F,61
1343,Kaunas,google_ads,2026-09-14,M,45
1344,Vilnius,facebook,2026-03-11,F,40
1345,Vilnius,google_ads,2025-12-01,M,44
1346,Vilnius,facebook,2026-03-17,M,22
1347,Vilnius,facebook,2025-10-19,M,36
1348,Klaipeda,organic,2025-11-17,M,49
1349,Alytus,google_ads,2025-12-22,F,41
1350,Kaunas,organic,2026-06-13,M,21
1351,Kaunas,organic,2026-01-19,M,51
1352,Vilnius,direct,2025-12-25,F,59
1353,Mazeikiai,organic,2026-03-16,F,49
1354,Vilnius,google_ads,2025-10-08,F,52
1355,Vilnius,organic,2025-10-27,F,34
1356,Vilnius,email,2026-03-28,F,45
1357,Mazeikiai,direct,2026-01-09,F,52
1358,Kaunas,organic,2026-01-09,F,47
1359,Mazeikiai,organic,2026-09-18,M,67
1360,Klaipeda,google_ads,2026-04-03,F,68
1361,Panevezys,email,2026-05-10,F,47
1362,Kaunas,google_ads,2025-10-08,M,35
1363,Kaunas,organic,2026-05-07,F,34
1364,Vilnius,facebook,2026-08-17,M,32
1365,Alytus,google_ads,2026-04-17,M,53
1366,Vilnius,organic,2026-08-23,F,52
1367,Vilnius,google_ads,2026-03-01,M,33
1368,Klaipeda,organic,2025-11-14,F,36
1369,Vilnius,google_ads,2025-12-03,F,48
1370,Vilnius,google_ads,2026-07-09,M,56
1371,Siauliai,email,2026-01-01,F,31
1372,Vilnius,facebook,2025-12-20,M,22
1373,Vilnius,email,2026-04-10,M,56
1374,Vilnius,email,2026-01-23,F,33
1375,Vilnius,organic,2025-11-04,M,62
1376,Vilnius,google_ads,2025-11-01,M,41
1377,Kaunas,google_ads,2026-02-12,M,52
1378,Panevezys,organic,2025-11-10,M,23
1379,Kaunas,email,2026-01-12,M,29
1380,Telsiai,facebook,2026-07-14,M,20
1381,Kaunas,google_ads,2026-08-29,F,40
1382,Vilnius,organic,2025-10-19,F,55
1383,Vilnius,direct,2026-07-17,F,44
1384,Siauliai,facebook,2025-12-31,M,64
1385,Kaunas,google_ads,2026-08-18,F,42
1386,Vilnius,facebook,2026-04-01,M,37
1387,Kaunas,google_ads,2026-08-06,F,36
1388,Vilnius,email,2026-02-07,M,45
1389,Vilnius,organic,2026-01-21,M,36
1390,Vilnius,direct,2025-12-23,M,32
1391,Panevezys,facebook,2026-07-12,M,56
1392,Kaunas,facebook,2026-08-03,M,47
1393,Panevezys,google_ads,2026-05-02,F,49
1394,Siauliai,organic,2025-10-19,F,23
1395,Kaunas,facebook,2026-07-19,M,63
1396,Kaunas,organic,2026-08-01,M,58
1397,Alytus,organic,2026-05-25,M,34
1398,Kaunas,organic,2026-02-01,M,51
1399,Vilnius,organic,2026-09-02,F,62
1400,Klaipeda,google_ads,2026-01-02,M,37
1401,Kaunas,google_ads,2026-05-05,F,24
1402,Kaunas,organic,2025-10-26,F,25
1403,Vilnius,email,2025-12-11,F,56
1404,Kaunas,email,2026-04-05,F,21
1405,Kaunas,email,2026-04-13,F,43
1406,Vilnius,facebook,2026-06-09,M,37
1407,Kaunas,facebook,2026-04-20,M,57
1408,Mazeikiai,organic,2026-07-07,F,23
1409,Siauliai,organic,2026-06-02,M,51
1410,Panevezys,google_ads,2025-11-21,M,36
1411,Telsiai,organic,2026-07-10,M,66
1412,Kaunas,organic,2026-09-03,F,19
1413,Siauliai,facebook,2026-01-20,M,65
1414,Siauliai,organic,2026-05-12,M,24
1415,Vilnius,google_ads,2026-03-03,M,37
1416,Klaipeda,google_ads,2026-03-03,F,45
1417,Kaunas,organic,2025-10-27,M,49
1418,Kaunas,organic,2026-01-28,M,46
1419,Vilnius,email,2025-12-22,M,24
1420,Kaunas,organic,2026-05-24,F,57
1421,Siauliai,organic,2026-04-25,F,34
1422,Vilnius,facebook,2025-11-25,F,18
1423,Kaunas,google_ads,2026-02-26,M,38
1424,Siauliai,facebook,2026-01-31,M,45
1425,Vilnius,facebook,2026-04-30,M,30
1426,Panevezys,google_ads,2026-02-09,F,43
1427,Klaipeda,email,2025-10-13,F,51
1428,Klaipeda,email,2026-04-07,F,51
1429,Vilnius,facebook,2026-03-09,M,28
1430,Vilnius,direct,2026-03-06,F,62
1431,Vilnius,organic,2025-10-29,F,56
1432,Vilnius,facebook,2025-12-04,M,35
1433,Siauliai,direct,2025-11-08,M,22
1434,Vilnius,google_ads,2026-07-17,M,51
1435,Vilnius,email,2025-12-15,F,31
1436,Vilnius,email,2025-10-18,M,27
1437,Klaipeda,organic,2025-11-12,M,33
1438,Kaunas,organic,2026-03-26,F,51
1439,Vilnius,facebook,2025-10-16,F,63
1440,Klaipeda,organic,2025-11-16,M,53
1441,Alytus,email,2026-04-08,F,64
1442,Utena,organic,2025-12-22,F,29
1443,Kaunas,organic,2026-07-07,F,34
1444,Klaipeda,facebook,2026-09-10,F,20
1445,Vilnius,google_ads,2026-06-05,M,63
1446,Alytus,facebook,2026-06-04,M,20
1447,Klaipeda,organic,2025-12-12,M,23
1448,Other,organic,2026-06-16,M,39
1449,Kaunas,direct,2026-02-27,M,60
1450,Kaunas,facebook,2026-07-07,M,29
1451,Kaunas,organic,2026-03-29,M,37
1452,Kaunas,facebook,2026-01-13,F,23
1453,Vilnius,google_ads,2026-02-13,M,67
1454,Kaunas,email,2026-08-03,M,37
1455,Vilnius,facebook,2026-03-20,M,37
1456,Vilnius,organic,2025-11-24,M,29
1457,Vilnius,google_ads,2026-08-15,F,40
1458,Klaipeda,organic,2026-04-06,F,27
1459,Vilnius,email,2026-05-18,F,31
1460,Vilnius,organic,2025-12-26,M,51
1461,Kaunas,google_ads,2026-06-22,F,60
1462,Klaipeda,email,2026-08-27,M,28
1463,Vilnius,direct,2026-03-03,F,28
1464,Kaunas,email,2026-01-09,F,64
1465,Vilnius,direct,2026-02-16,M,66
1466,Kaunas,google_ads,2026-06-23,M,50
1467,Klaipeda,google_ads,2025-12-18,M,26
1468,Vilnius,organic,2026-08-03,F,28
1469,Vilnius,organic,2025-12-20,M,33
1470,Vilnius,google_ads,2026-05-25,F,18
1471,Klaipeda,facebook,2026-03-15,F,60
1472,Utena,google_ads,2026-01-14,F,66
1473,Vilnius,facebook,2026-06-29,F,56
1474,Siauliai,google_ads,2026-06-29,M,56
1475,Kaunas,organic,2026-01-10,F,22
1476,Vilnius,google_ads,2026-07-09,F,42
1477,Kaunas,email,2026-04-04,M,34
1478,Klaipeda,email,2026-07-04,F,23
1479,Kaunas,email,2025-11-16,M,38
1480,Vilnius,facebook,2025-11-04,F,45
1481,Klaipeda,facebook,2026-06-08,F,50
1482,Kaunas,google_ads,2026-01-11,M,45
1483,Vilnius,organic,2026-03-17,F,30
1484,Kaunas,google_ads,2026-01-10,M,25
1485,Kaunas,google_ads,2026-05-22,F,39
1486,Kaunas,google_ads,2026-05-28,F,58
1487,Kaunas,google_ads,2025-11-15,M,23
1488,Kaunas,email,2026-06-24,F,47
1489,Panevezys,facebook,2026-06-08,F,20
1490,Other,facebook,2025-10-31,M,42
1491,Klaipeda,organic,2025-12-14,F,19
1492,Siauliai,organic,2025-10-23,F,25
1493,Klaipeda,google_ads,2026-03-29,M,62
1494,Siauliai,google_ads,2026-05-26,M,35
1495,Vilnius,organic,2026-08-09,M,44
1496,Vilnius,google_ads,2025-10-23,F,24
1497,Vilnius,organic,2026-07-26,F,55
1498,Kaunas,google_ads,2025-12-26,F,39
1499,Kaunas,google_ads,2025-12-17,M,58
1500,Vilnius,facebook,2025-12-05,F,61
1501,Klaipeda,google_ads,2026-05-25,F,66
1502,Utena,organic,2025-10-07,M,24
1503,Vilnius,email,2026-04-10,F,53
1504,Kaunas,organic,2025-11-22,F,58
1505,Siauliai,organic,2025-10-07,F,32
1506,Panevezys,google_ads,2026-05-09,M,43
1507,Kaunas,organic,2025-12-09,M,42
1508,Vilnius,organic,2026-03-19,M,26
1509,Kaunas,google_ads,2026-03-02,M,38
1510,Klaipeda,direct,2026-06-21,M,65
1511,Utena,google_ads,2026-02-26,M,29
1512,Kaunas,facebook,2026-08-19,F,33
1513,Vilnius,direct,2026-08-12,M,33
1514,Alytus,direct,2026-08-16,F,22
1515,Klaipeda,direct,2026-04-05,M,46
1516,Kaunas,email,2025-12-09,M,41
1517,Vilnius,email,2026-01-26,M,64
1518,Utena,email,2025-11-27,M,34
1519,Vilnius,google_ads,2025-11-28,F,62
1520,Vilnius,email,2026-03-29,F,63
1521,Kaunas,organic,2025-11-23,M,27
1522,Kaunas,organic,2026-05-27,M,34
1523,Kaunas,google_ads,2026-01-01,M,40
1524,Kaunas,google_ads,2026-02-15,F,59
1525,Marijampole,organic,2025-11-12,M,39
1526,Klaipeda,facebook,2026-02-10,M,59
1527,Klaipeda,organic,2025-11-22,M,65
1528,Vilnius,organic,2025-11-03,M,35
1529,Alytus,direct,2026-02-08,M,46
1530,Siauliai,facebook,2026-05-10,M,32
1531,Klaipeda,google_ads,2026-04-04,M,65
1532,Kaunas,google_ads,2026-05-02,F,24
1533,Vilnius,organic,2026-01-10,M,24
1534,Kaunas,google_ads,2026-05-17,M,64
1535,Kaunas,organic,2026-02-06,F,56
1536,Kaunas,organic,2025-11-20,F,34
1537,Kaunas,organic,2026-07-15,F,25
1538,Kaunas,organic,2026-08-04,M,66
1539,Kaunas,facebook,2026-03-16,M,30
1540,Kaunas,organic,2026-04-14,F,57
1541,Vilnius,google_ads,2025-11-04,M,28
1542,Other,facebook,2026-06-25,F,67
1543,Telsiai,email,2026-06-21,F,27
1544,Vilnius,organic,2025-11-11,F,66
1545,Mazeikiai,google_ads,2025-11-21,M,47
1546,Vilnius,facebook,2026-09-16,F,41
1547,Kaunas,facebook,2025-10-09,M,57
1548,Kaunas,facebook,2026-04-26,F,20
1549,Klaipeda,organic,2026-05-17,F,21
1550,Vilnius,direct,2025-10-19,M,48
1551,Siauliai,google_ads,2025-10-17,M,27
1552,Kaunas,organic,2026-02-06,F,53
1553,Vilnius,email,2025-12-02,F,65
1554,Kaunas,organic,2026-08-04,F,34
1555,Panevezys,email,2026-01-21,M,50
1556,Mazeikiai,email,2025-12-22,F,68
1557,Vilnius,organic,2026-04-21,M,53
1558,Panevezys,organic,2026-04-06,F,57
1559,Kaunas,email,2026-01-20,M,59
1560,Kaunas,email,2026-04-02,F,19
1561,Kaunas,organic,2026-03-11,F,45
1562,Klaipeda,organic,2025-10-17,F,63
1563,Vilnius,organic,2026-08-10,M,52
1564,Kaunas,direct,2025-11-27,F,38
1565,Vilnius,direct,2026-04-18,M,31
1566,Telsiai,organic,2026-09-12,F,19
1567,Kaunas,google_ads,2025-11-29,F,30
1568,Vilnius,organic,2025-12-15,M,28
1569,Klaipeda,facebook,2026-08-03,F,44
1570,Vilnius,google_ads,2025-12-14,M,42
1571,Vilnius,direct,2026-05-19,M,45
1572,Klaipeda,facebook,2026-04-29,F,48
1573,Vilnius,google_ads,2026-01-29,M,21
1574,Vilnius,facebook,2026-05-31,M,44
1575,Vilnius,email,2025-10-22,M,68
1576,Klaipeda,direct,2025-11-14,F,57
1577,Vilnius,google_ads,2025-10-23,M,28
1578,Kaunas,organic,2025-11-12,F,47
1579,Klaipeda,organic,2026-09-06,F,34
1580,Klaipeda,facebook,2025-10-22,F,49
1581,Telsiai,organic,2026-06-29,M,65
1582,Vilnius,organic,2025-11-04,M,64
1583,Klaipeda,google_ads,2026-05-05,F,66
1584,Vilnius,facebook,2026-07-04,M,65
1585,Vilnius,organic,2026-06-22,M,58
1586,Kaunas,organic,2025-10-17,F,46
1587,Kaunas,facebook,2026-07-25,F,39
1588,Alytus,facebook,2026-09-06,F,60
1589,Kaunas,organic,2025-11-24,M,24
1590,Kaunas,organic,2025-12-07,F,37
1591,Mazeikiai,direct,2026-01-11,M,43
1592,Siauliai,organic,2026-08-05,F,51
1593,Kaunas,email,2026-06-25,F,52
1594,Vilnius,facebook,2025-12-24,M,66
1595,Kaunas,organic,2026-03-17,M,43
1596,Marijampole,google_ads,2025-10-17,M,64
1597,Utena,facebook,2026-05-23,M,21
1598,Vilnius,direct,2026-07-27,M,43
1599,Vilnius,email,2026-03-04,M,32
1600,Vilnius,facebook,2026-08-05,M,31
1601,Vilnius,organic,2025-12-14,F,51
1602,Klaipeda,organic,2025-10-20,M,52
1603,Other,direct,2026-04-18,F,35
1604,Vilnius,facebook,2026-09-18,F,55
1605,Kaunas,organic,2025-10-24,M,23
1606,Vilnius,email,2026-07-08,F,62
1607,Alytus,organic,2026-07-07,F,34
1608,Vilnius,google_ads,2026-04-30,M,24
1609,Vilnius,google_ads,2026-04-01,F,24
1610,Klaipeda,email,2026-07-06,F,20
1611,Mazeikiai,google_ads,2026-02-04,M,66
1612,Klaipeda,email,2025-11-20,M,40
1613,Alytus,organic,2026-03-29,F,58
1614,Vilnius,organic,2026-04-25,F,24
1615,Kaunas,email,2026-01-04,F,61
1616,Kaunas,direct,2026-01-10,F,67
1617,Kaunas,organic,2026-07-11,F,66
1618,Alytus,organic,2025-11-03,M,38
1619,Klaipeda,organic,2026-08-19,F,58
1620,Klaipeda,google_ads,2025-12-08,F,41
1621,Marijampole,facebook,2026-08-06,F,66
1622,Vilnius,organic,2026-06-05,F,34
1623,Vilnius,google_ads,2025-12-02,F,57
1624,Kaunas,organic,2026-07-25,M,60
1625,Klaipeda,organic,2026-09-25,M,46
1626,Kaunas,google_ads,2026-02-08,M,44
1627,Kaunas,direct,2025-11-17,F,65
1628,Vilnius,google_ads,2026-01-05,M,62
1629,Vilnius,google_ads,2025-10-10,M,24
1630,Kaunas,organic,2026-04-10,M,64
1631,Panevezys,organic,2025-11-22,F,54
1632,Kaunas,organic,2026-05-12,M,19
1633,Vilnius,email,2026-02-03,M,22
1634,Kaunas,direct,2026-08-17,M,63
1635,Vilnius,google_ads,2026-03-20,F,37
1636,Kaunas,email,2025-12-31,F,27
1637,Vilnius,facebook,2025-12-15,M,67
1638,Siauliai,facebook,2026-06-02,M,56
1639,Siauliai,organic,2026-09-11,M,43
1640,Vilnius,organic,2026-03-21,M,37
1641,Kaunas,organic,2025-11-22,F,30
1642,Kaunas,organic,2025-12-31,M,53
1643,Mazeikiai,google_ads,2025-10-25,M,38
1644,Kaunas,email,2026-08-11,M,30
1645,Other,organic,2026-03-10,M,56
1646,Panevezys,facebook,2026-04-19,M,46
1647,Mazeikiai,direct,2025-12-24,F,36
1648,Vilnius,organic,2025-10-17,M,56
1649,Kaunas,facebook,2025-10-31,F,68
1650,Vilnius,google_ads,2026-06-11,M,49
1651,Utena,direct,2025-12-05,M,51
1652,Kaunas,facebook,2025-10-16,F,66
1653,Kaunas,organic,2026-05-24,F,43
1654,Klaipeda,organic,2026-06-15,F,67
1655,Vilnius,organic,2026-08-23,M,59
1656,Panevezys,facebook,2026-01-25,F,65
1657,Vilnius,organic,2026-05-09,F,22
1658,Klaipeda,organic,2026-03-30,F,31
1659,Marijampole,facebook,2026-08-24,F,29
1660,Klaipeda,email,2026-09-06,F,61
1661,Siauliai,organic,2026-05-28,M,44
1662,Vilnius,facebook,2026-05-31,F,56
1663,Panevezys,organic,2025-10-15,F,28
1664,Telsiai,google_ads,2026-08-02,F,36
1665,Kaunas,email,2026-07-09,M,23
1666,Other,google_ads,2026-02-18,M,25
1667,Vilnius,facebook,2025-10-27,F,65
1668,Telsiai,facebook,2025-10-30,M,67
1669,Telsiai,organic,2025-12-31,F,29
1670,Kaunas,organic,2026-03-31,F,50
1671,Klaipeda,google_ads,2025-11-21,F,22
1672,Vilnius,google_ads,2026-04-04,F,21
1673,Vilnius,facebook,2026-03-05,F,41
1674,Kaunas,email,2025-12-17,M,54
1675,Kaunas,google_ads,2026-09-05,F,36
1676,Vilnius,google_ads,2026-04-24,F,40
1677,Marijampole,google_ads,2026-05-29,F,32
1678,Mazeikiai,direct,2025-10-27,M,41
1679,Vilnius,google_ads,2026-04-24,M,43
1680,Kaunas,email,2025-10-24,F,64
1681,Vilnius,google_ads,2026-03-10,M,31
1682,Siauliai,email,2026-03-08,F,47
1683,Klaipeda,organic,2025-12-10,M,48
1684,Panevezys,facebook,2025-10-19,F,21
1685,Klaipeda,direct,2025-12-22,F,29
1686,Kaunas,organic,2026-09-22,M,59
1687,Alytus,organic,2026-02-03,F,38
1688,Klaipeda,organic,2025-12-21,M,68
1689,Alytus,organic,2026-04-07,M,38
1690,Mazeikiai,organic,2026-07-07,M,41
1691,Kaunas,organic,2026-04-30,M,36
1692,Kaunas,google_ads,2026-04-29,F,62
1693,Other,facebook,2026-05-17,M,46
1694,Kaunas,google_ads,2026-03-30,M,55
1695,Kaunas,organic,2025-12-18,M,49
1696,Other,email,2026-05-24,M,29
1697,Vilnius,direct,2025-12-05,M,58
1698,Vilnius,facebook,2025-11-16,F,19
1699,Vilnius,organic,2026-02-09,F,51
1700,Vilnius,facebook,2026-09-20,F,34
1701,Siauliai,facebook,2026-02-10,F,60
1702,Other,facebook,2025-10-19,M,37
1703,Klaipeda,organic,2026-07-31,F,44
1704,Vilnius,organic,2026-07-22,F,35
1705,Panevezys,direct,2025-10-27,M,19
1706,Vilnius,email,2026-08-26,M,22
1707,Alytus,facebook,2025-12-06,M,55
1708,Siauliai,organic,2026-01-09,M,63
1709,Vilnius,organic,2026-09-29,M,42
1710,Vilnius,direct,2025-12-17,M,48
1711,Vilnius,organic,2025-11-16,M,23
1712,Kaunas,direct,2026-01-22,M,62
1713,Siauliai,organic,2026-07-11,F,58
1714,Klaipeda,organic,2026-06-25,F,40
1715,Mazeikiai,organic,2026-03-25,M,22
1716,Vilnius,facebook,2025-10-18,F,23
1717,Utena,facebook,2026-05-12,M,54
1718,Kaunas,facebook,2025-11-03,F,52
1719,Vilnius,google_ads,2026-09-10,F,47
1720,Kaunas,email,2025-11-03,F,46
1721,Telsiai,email,2025-10-20,F,42
1722,Vilnius,email,2026-06-12,M,27
1723,Vilnius,organic,2026-03-30,F,28
1724,Siauliai,google_ads,2026-03-04,M,49
1725,Vilnius,organic,2026-09-16,F,56
1726,Panevezys,google_ads,2026-02-24,M,37
1727,Klaipeda,facebook,2026-04-25,M,51
1728,Alytus,google_ads,2025-11-08,F,22
1729,Telsiai,facebook,2025-10-08,F,58
1730,Vilnius,organic,2026-05-13,M,38
1731,Klaipeda,facebook,2026-03-25,M,49
1732,Kaunas,google_ads,2026-06-19,F,22
1733,Vilnius,organic,2025-11-23,M,48
1734,Panevezys,google_ads,2025-11-15,M,68
1735,Klaipeda,google_ads,2026-01-21,M,56
1736,Vilnius,facebook,2026-02-28,M,37
1737,Vilnius,google_ads,2025-11-15,M,46
1738,Siauliai,organic,2026-02-19,F,47
1739,Vilnius,organic,2025-11-10,M,25
1740,Vilnius,email,2025-10-25,F,53
1741,Vilnius,facebook,2025-10-09,M,59
1742,Marijampole,organic,2025-12-02,M,49
1743,Vilnius,facebook,2025-10-17,F,39
1744,Kaunas,organic,2025-11-05,F,59
1745,Vilnius,organic,2026-02-18,M,25
1746,Vilnius,facebook,2026-08-29,M,48
1747,Vilnius,email,2025-10-31,F,38
1748,Kaunas,organic,2025-12-11,M,60
1749,Vilnius,organic,2026-04-22,M,55
1750,Marijampole,google_ads,2026-03-17,M,43
1751,Siauliai,organic,2025-11-21,F,50
1752,Vilnius,organic,2025-11-04,F,43
1753,Kaunas,google_ads,2025-10-24,M,25
1754,Alytus,organic,2025-10-04,F,62
1755,Klaipeda,google_ads,2026-04-29,F,31
1756,Vilnius,organic,2026-04-04,F,64
1757,Klaipeda,organic,2026-02-24,F,48
1758,Alytus,organic,2026-04-25,M,18
1759,Telsiai,direct,2026-04-01,F,46
1760,Vilnius,organic,2025-12-23,M,45
1761,Klaipeda,organic,2026-05-12,M,25
1762,Marijampole,email,2026-02-18,M,25
1763,Vilnius,direct,2026-03-15,F,29
1764,Alytus,google_ads,2025-10-25,F,35
1765,Klaipeda,organic,2025-10-06,F,61
1766,Kaunas,organic,2026-07-29,M,54
1767,Alytus,facebook,2026-04-05,F,30
1768,Alytus,organic,2026-09-15,F,18
1769,Alytus,google_ads,2026-09-23,F,68
1770,Kaunas,google_ads,2025-12-27,M,41
1771,Vilnius,facebook,2026-04-22,F,44
1772,Vilnius,organic,2025-12-01,F,61
1773,Klaipeda,email,2026-03-27,F,40
1774,Klaipeda,email,2026-03-26,F,50
1775,Siauliai,email,2026-07-06,M,68
1776,Kaunas,organic,2025-12-08,M,54
1777,Klaipeda,organic,2025-10-05,M,38
1778,Kaunas,facebook,2026-01-02,F,32
1779,Other,organic,2025-12-19,F,27
1780,Kaunas,organic,2026-09-30,M,22
1781,Vilnius,organic,2026-05-20,M,30
1782,Vilnius,organic,2025-10-21,M,45
1783,Vilnius,organic,2026-05-15,F,58
1784,Vilnius,organic,2026-08-24,M,34
1785,Klaipeda,facebook,2026-03-14,F,61
1786,Kaunas,google_ads,2026-02-05,M,33
1787,Kaunas,facebook,2026-01-27,M,56
1788,Siauliai,email,2026-09-22,M,57
1789,Klaipeda,google_ads,2026-01-14,M,34
1790,Marijampole,organic,2026-01-03,M,20
1791,Vilnius,email,2026-01-23,M,48
1792,Panevezys,direct,2026-09-19,F,20
1793,Kaunas,google_ads,2026-03-05,F,62
1794,Vilnius,direct,2026-09-01,M,46
1795,Vilnius,google_ads,2025-12-15,F,48
1796,Vilnius,organic,2025-10-12,F,48
1797,Klaipeda,google_ads,2026-05-04,F,53
1798,Vilnius,google_ads,2026-05-27,M,32
1799,Kaunas,google_ads,2026-01-01,M,25
1800,Vilnius,email,2026-04-23,F,33
1801,Vilnius,google_ads,2026-05-15,M,27
1802,Other,organic,2026-01-01,M,33
1803,Telsiai,email,2026-04-01,F,21
1804,Kaunas,organic,2026-09-03,F,43
1805,Klaipeda,organic,2026-02-17,F,49
1806,Vilnius,organic,2026-05-02,M,67
1807,Kaunas,email,2026-04-18,F,37
1808,Alytus,google_ads,2026-03-31,F,42
1809,Kaunas,email,2026-03-22,M,48
1810,Kaunas,facebook,2025-11-22,M,34
1811,Utena,organic,2026-02-09,M,54
1812,Vilnius,google_ads,2025-12-20,M,67
1813,Klaipeda,organic,2025-12-15,F,63
1814,Kaunas,organic,2026-04-09,F,58
1815,Vilnius,email,2025-11-20,F,41
1816,Kaunas,google_ads,2025-12-07,M,34
1817,Panevezys,direct,2026-05-18,M,22
1818,Kaunas,organic,2025-11-27,F,30
1819,Kaunas,organic,2025-12-11,M,29
1820,Vilnius,organic,2025-10-15,M,53
1821,Vilnius,facebook,2025-12-14,M,18
1822,Vilnius,facebook,2025-11-27,F,53
1823,Vilnius,direct,2025-12-14,F,31
1824,Other,email,2026-01-27,M,24
1825,Klaipeda,email,2025-12-22,M,35
1826,Kaunas,google_ads,2025-12-05,F,46
1827,Siauliai,google_ads,2025-10-31,F,19
1828,Kaunas,email,2026-04-25,F,38
1829,Kaunas,organic,2025-10-06,M,63
1830,Vilnius,google_ads,2025-12-05,F,33
1831,Klaipeda,google_ads,2025-12-01,M,46
1832,Vilnius,organic,2026-09-13,F,64
1833,Vilnius,organic,2026-02-11,F,48
1834,Kaunas,google_ads,2026-01-05,M,20
1835,Vilnius,direct,2026-07-28,M,57
1836,Vilnius,direct,2026-05-25,M,44
1837,Vilnius,organic,2025-12-17,M,36
1838,Vilnius,facebook,2026-05-10,M,67
1839,Siauliai,facebook,2026-01-10,M,52
1840,Kaunas,organic,2026-05-31,M,28
1841,Alytus,email,2025-11-16,F,47
1842,Siauliai,organic,2026-02-03,F,26
1843,Klaipeda,google_ads,2025-10-01,F,51
1844,Siauliai,google_ads,2025-12-24,F,66
1845,Kaunas,organic,2026-04-11,M,38
1846,Kaunas,google_ads,2025-11-29,M,59
1847,Marijampole,direct,2026-05-18,F,49
1848,Vilnius,organic,2025-11-28,M,33
1849,Klaipeda,google_ads,2026-06-19,F,40
1850,Other,email,2026-04-12,M,40
1851,Vilnius,organic,2026-02-12,F,21
1852,Vilnius,google_ads,2025-10-19,F,40
1853,Kaunas,google_ads,2026-03-01,M,60
1854,Vilnius,direct,2026-02-04,F,39
1855,Vilnius,organic,2026-04-02,M,23
1856,Vilnius,organic,2026-05-12,M,30
1857,Marijampole,google_ads,2026-04-24,F,31
1858,Vilnius,google_ads,2025-10-02,M,32
1859,Kaunas,email,2026-01-30,F,48
1860,Marijampole,email,2026-08-06,F,58
1861,Panevezys,google_ads,2026-03-09,F,56
1862,Kaunas,organic,2026-06-27,F,49
1863,Vilnius,email,2026-06-03,M,68
1864,Siauliai,google_ads,2025-11-22,F,37
1865,Utena,organic,2025-12-10,F,21
1866,Telsiai,organic,2026-01-27,M,49
1867,Kaunas,google_ads,2026-05-17,M,36
1868,Alytus,organic,2025-11-19,M,68
1869,Marijampole,direct,2026-07-20,M,21
1870,Other,google_ads,2025-10-02,F,60
1871,Vilnius,organic,2026-08-21,M,20
1872,Other,organic,2026-06-20,F,57
1873,Vilnius,google_ads,2026-08-30,F,28
1874,Vilnius,email,2026-02-09,M,62
1875,Vilnius,facebook,2026-02-10,F,44
1876,Vilnius,organic,2026-07-06,M,47
1877,Vilnius,google_ads,2025-11-01,M,64
1878,Kaunas,facebook,2025-10-09,F,44
1879,Kaunas,google_ads,2025-10-22,M,48
1880,Vilnius,organic,2026-04-23,F,42
1881,Kaunas,facebook,2025-11-20,F,46
1882,Kaunas,organic,2025-11-29,M,18
1883,Vilnius,email,2026-08-07,F,27
1884,Kaunas,organic,2025-11-14,M,64
1885,Klaipeda,organic,2025-12-10,M,48
1886,Alytus,facebook,2026-07-27,F,51
1887,Utena,organic,2026-01-03,M,47
1888,Other,google_ads,2026-05-28,F,39
1889,Vilnius,email,2025-10-04,F,47
1890,Vilnius,google_ads,2026-04-27,F,34
1891,Vilnius,organic,2026-03-02,M,20
1892,Kaunas,email,2026-05-01,F,19
1893,Klaipeda,organic,2026-01-01,M,52
1894,Vilnius,direct,2026-05-19,F,29
1895,Vilnius,facebook,2026-05-24,F,19
1896,Vilnius,organic,2025-12-20,F,31
1897,Vilnius,direct,2026-05-12,M,22
1898,Vilnius,organic,2026-02-25,F,29
1899,Siauliai,facebook,2025-11-05,F,50
1900,Vilnius,email,2025-10-20,F,29
1901,Siauliai,direct,2026-04-17,M,22
1902,Klaipeda,organic,2025-12-07,F,19
1903,Vilnius,google_ads,2026-01-23,F,31
1904,Kaunas,facebook,2025-11-01,M,60
1905,Kaunas,organic,2026-03-08,F,30
1906,Kaunas,organic,2026-09-16,F,59
1907,Vilnius,organic,2026-02-13,M,55
1908,Siauliai,organic,2025-11-07,M,68
1909,Panevezys,organic,2026-06-20,M,21
1910,Klaipeda,email,2026-04-21,M,35
1911,Kaunas,organic,2026-01-17,F,65
1912,Vilnius,facebook,2026-08-04,M,51
1913,Vilnius,email,2026-07-23,M,54
1914,Kaunas,google_ads,2026-01-11,M,63
1915,Vilnius,google_ads,2026-01-27,F,24
1916,Vilnius,organic,2026-04-04,M,24
1917,Kaunas,organic,2026-09-13,M,55
1918,Utena,facebook,2026-07-15,M,58
1919,Vilnius,facebook,2026-05-02,M,44
1920,Panevezys,facebook,2025-10-02,M,49
1921,Klaipeda,organic,2026-08-05,F,40
1922,Klaipeda,email,2025-10-30,F,34
1923,Kaunas,organic,2026-03-13,F,62
1924,Vilnius,facebook,2026-01-02,M,63
1925,Vilnius,organic,2025-10-06,M,54
1926,Klaipeda,google_ads,2025-10-03,F,31
1927,Vilnius,google_ads,2026-05-25,F,42
1928,Vilnius,facebook,2026-01-23,M,42
1929,Klaipeda,google_ads,2025-10-26,F,45
1930,Vilnius,email,2026-07-16,M,65
1931,Marijampole,organic,2026-03-28,F,29
1932,Kaunas,google_ads,2026-09-03,F,37
1933,Vilnius,google_ads,2026-03-26,F,35
1934,Vilnius,organic,2026-01-06,F,42
1935,Klaipeda,organic,2025-10-31,F,65
1936,Vilnius,email,2026-07-09,F,33
1937,Klaipeda,email,2026-02-18,M,58
1938,Vilnius,facebook,2026-01-27,F,54
1939,Siauliai,facebook,2026-01-01,F,34
1940,Kaunas,email,2026-06-01,F,24
1941,Vilnius,email,2025-12-12,F,48
1942,Kaunas,google_ads,2026-03-31,M,24
1943,Vilnius,google_ads,2026-06-25,M,24
1944,Vilnius,organic,2026-07-16,F,18
1945,Klaipeda,email,2026-06-20,M,23
1946,Panevezys,email,2026-03-13,M,20
1947,Siauliai,facebook,2026-04-06,F,31
1948,Kaunas,organic,2026-04-18,F,40
1949,Siauliai,direct,2026-03-22,M,60
1950,Siauliai,facebook,2026-03-18,M,31
1951,Vilnius,facebook,2025-11-30,M,41
1952,Vilnius,direct,2026-01-14,F,42
1953,Klaipeda,email,2025-10-04,M,23
1954,Vilnius,organic,2026-07-04,M,35
1955,Kaunas,direct,2026-01-25,F,46
1956,Kaunas,facebook,2025-11-05,F,35
1957,Panevezys,email,2025-12-02,M,43
1958,Vilnius,google_ads,2025-11-03,M,21
1959,Vilnius,google_ads,2025-11-03,M,21
1960,Vilnius,direct,2026-01-30,M,33
1961,Vilnius,organic,2026-07-19,M,29
1962,Vilnius,email,2025-10-13,M,51
1963,Klaipeda,organic,2025-11-16,F,47
1964,Vilnius,facebook,2025-12-23,M,67
1965,Vilnius,organic,2026-09-09,M,23
1966,Kaunas,email,2026-03-28,F,21
1967,Klaipeda,direct,2026-01-31,F,42
1968,Vilnius,organic,2025-12-22,M,23
1969,Kaunas,organic,2026-06-16,M,27
1970,Siauliai,organic,2025-10-21,F,20
1971,Vilnius,facebook,2026-02-15,M,42
1972,Kaunas,google_ads,2026-02-07,F,42
1973,Vilnius,organic,2026-05-14,F,41
1974,Siauliai,google_ads,2026-04-24,M,53
1975,Alytus,google_ads,2026-06-26,F,68
1976,Mazeikiai,email,2026-05-30,M,26
1977,Panevezys,organic,2025-12-11,M,34
1978,Vilnius,direct,2026-05-20,F,33
1979,Kaunas,organic,2026-03-15,F,33
1980,Klaipeda,organic,2026-04-06,M,51
1981,Kaunas,organic,2026-01-08,M,44
1982,Panevezys,google_ads,2026-07-30,M,37
1983,Vilnius,google_ads,2026-08-09,F,28
1984,Alytus,organic,2025-11-15,F,68
1985,Klaipeda,organic,2025-11-06,M,60
1986,Vilnius,organic,2025-11-03,M,67
1987,Klaipeda,google_ads,2026-04-04,F,39
1988,Klaipeda,facebook,2026-07-24,F,20
1989,Vilnius,organic,2025-11-22,M,31
1990,Marijampole,organic,2026-06-18,M,27
1991,Kaunas,google_ads,2026-08-20,M,52
1992,Kaunas,organic,2025-12-09,F,32
1993,Vilnius,organic,2025-10-15,F,66
1994,Kaunas,organic,2026-03-25,M,31
1995,Vilnius,organic,2026-08-16,M,33
1996,Kaunas,facebook,2026-05-10,M,64
1997,Klaipeda,organic,2026-04-02,M,22
1998,Vilnius,google_ads,2025-12-16,M,32
1999,Kaunas,facebook,2026-01-16,F,30
2000,Klaipeda,google_ads,2025-10-24,M,33
2001,Vilnius,direct,2026-03-11,F,26
2002,Panevezys,facebook,2026-03-07,F,33
2003,Panevezys,organic,2026-03-03,M,25
2004,Telsiai,direct,2026-04-27,M,51
2005,Klaipeda,email,2026-06-21,M,42
2006,Siauliai,organic,2025-11-17,M,67
2007,Kaunas,email,2026-02-17,F,66
2008,Vilnius,organic,2026-04-24,M,68
2009,Vilnius,google_ads,2026-02-25,M,44
2010,Siauliai,organic,2025-11-01,F,46
2011,Kaunas,direct,2026-09-14,M,36
2012,Siauliai,facebook,2025-11-30,F,67
2013,Klaipeda,email,2025-12-11,F,23
2014,Vilnius,google_ads,2026-07-09,M,27
2015,Klaipeda,direct,2025-12-25,M,29
2016,Panevezys,organic,2026-08-25,M,67
2017,Telsiai,google_ads,2026-07-14,M,53
2018,Siauliai,direct,2026-02-26,M,59
2019,Klaipeda,facebook,2026-01-17,F,59
2020,Panevezys,email,2025-10-21,F,60
2021,Klaipeda,organic,2026-01-13,M,43
2022,Kaunas,organic,2026-04-09,F,54
2023,Panevezys,organic,2026-01-29,F,45
2024,Siauliai,email,2025-10-09,F,54
2025,Kaunas,organic,2025-10-29,F,50
2026,Klaipeda,direct,2025-11-14,F,22
2027,Kaunas,organic,2026-09-16,M,60
2028,Panevezys,organic,2025-11-07,M,42
2029,Vilnius,facebook,2026-01-13,F,21
2030,Kaunas,email,2025-11-24,F,59
2031,Vilnius,organic,2026-05-17,M,49
2032,Vilnius,direct,2025-12-29,M,64
2033,Kaunas,organic,2025-12-22,F,64
2034,Vilnius,organic,2026-03-14,M,67
2035,Klaipeda,organic,2026-09-15,M,30
2036,Mazeikiai,organic,2026-01-22,M,30
2037,Vilnius,email,2025-12-20,M,61
2038,Vilnius,google_ads,2026-01-17,F,26
2039,Vilnius,organic,2026-01-16,F,22
2040,Kaunas,facebook,2026-05-06,M,55
2041,Kaunas,direct,2026-04-22,M,45
2042,Vilnius,google_ads,2026-03-03,M,27
2043,Kaunas,direct,2026-03-10,M,18
2044,Marijampole,google_ads,2026-03-20,M,24
2045,Kaunas,google_ads,2026-05-20,F,65
2046,Kaunas,facebook,2026-01-29,M,52
2047,Kaunas,direct,2026-04-08,F,19
2048,Siauliai,google_ads,2025-12-13,F,43
2049,Telsiai,organic,2026-01-22,F,51
2050,Vilnius,organic,2026-07-28,M,23
2051,Vilnius,facebook,2026-06-28,M,43
2052,Telsiai,facebook,2026-05-08,F,54
2053,Telsiai,organic,2026-03-26,M,38
2054,Vilnius,facebook,2026-02-11,F,68
2055,Klaipeda,google_ads,2026-01-19,F,50
2056,Klaipeda,email,2026-05-16,M,59
2057,Kaunas,direct,2025-11-06,M,62
2058,Vilnius,google_ads,2026-08-01,F,42
2059,Vilnius,direct,2026-01-20,F,35
2060,Klaipeda,facebook,2026-06-21,F,49
2061,Alytus,google_ads,2026-03-05,F,50
2062,Vilnius,google_ads,2025-11-14,M,49
2063,Vilnius,google_ads,2026-09-23,F,59
2064,Vilnius,organic,2025-11-04,M,60
2065,Kaunas,facebook,2026-06-25,F,54
2066,Marijampole,organic,2025-10-07,F,41
2067,Kaunas,google_ads,2026-03-10,M,40
2068,Vilnius,direct,2026-03-27,F,68
2069,Vilnius,direct,2025-10-30,M,39
2070,Utena,organic,2026-03-23,F,64
2071,Vilnius,organic,2026-07-15,M,43
2072,Vilnius,facebook,2026-08-10,F,24
2073,Vilnius,direct,2025-11-20,F,51
2074,Vilnius,facebook,2026-01-01,F,67
2075,Vilnius,facebook,2026-06-24,M,25
2076,Vilnius,email,2026-04-30,F,55
2077,Vilnius,organic,2025-12-28,M,38
2078,Vilnius,facebook,2026-07-20,M,44
2079,Alytus,organic,2026-04-21,F,27
2080,Mazeikiai,email,2026-02-11,M,67
2081,Telsiai,organic,2026-01-10,F,53
2082,Vilnius,email,2025-10-18,F,43
2083,Panevezys,email,2026-02-12,F,44
2084,Kaunas,email,2025-10-28,F,52
2085,Kaunas,organic,2026-03-21,F,65
2086,Siauliai,google_ads,2026-07-14,F,68
2087,Vilnius,google_ads,2026-02-07,F,57
2088,Vilnius,email,2026-06-13,M,20
2089,Kaunas,email,2025-12-12,M,33
2090,Panevezys,email,2025-10-09,F,22
2091,Kaunas,facebook,2025-12-28,F,53
2092,Vilnius,google_ads,2026-02-09,F,42
2093,Other,organic,2026-02-25,F,58
2094,Kaunas,facebook,2026-02-10,M,41
2095,Klaipeda,email,2026-07-19,M,65
2096,Klaipeda,facebook,2025-10-27,M,21
2097,Vilnius,facebook,2026-03-21,F,40
2098,Kaunas,organic,2025-10-24,F,29
2099,Vilnius,facebook,2026-06-07,F,26
2100,Vilnius,facebook,2025-10-29,F,42
2101,Kaunas,google_ads,2026-05-07,M,63
2102,Vilnius,facebook,2026-06-06,M,46
2103,Klaipeda,direct,2026-02-06,M,38
2104,Marijampole,organic,2026-02-13,F,28
2105,Klaipeda,google_ads,2026-04-08,F,33
2106,Vilnius,google_ads,2026-06-19,M,68
2107,Kaunas,google_ads,2026-02-08,F,65
2108,Kaunas,organic,2026-04-07,M,54
2109,Kaunas,organic,2026-09-20,F,33
2110,Utena,facebook,2026-02-17,M,49
2111,Vilnius,facebook,2026-03-22,M,26
2112,Alytus,google_ads,2026-05-18,M,20
2113,Klaipeda,direct,2026-07-15,F,51
2114,Siauliai,email,2025-12-22,F,29
2115,Panevezys,direct,2025-11-27,M,30
2116,Kaunas,email,2025-10-07,F,25
2117,Mazeikiai,email,2026-03-10,M,19
2118,Utena,direct,2026-03-03,F,60
2119,Klaipeda,facebook,2025-10-13,M,21
2120,Vilnius,google_ads,2026-03-28,M,56
2121,Vilnius,organic,2026-08-29,F,44
2122,Vilnius,organic,2026-01-02,F,24
2123,Siauliai,google_ads,2026-01-04,F,60
2124,Vilnius,direct,2026-03-27,M,20
2125,Vilnius,organic,2026-03-15,M,47
2126,Kaunas,organic,2026-01-25,F,29
2127,Klaipeda,facebook,2025-11-22,M,39
2128,Vilnius,google_ads,2026-04-16,F,26
2129,Vilnius,google_ads,2025-10-02,M,65
2130,Klaipeda,google_ads,2026-09-29,F,26
2131,Siauliai,organic,2026-03-21,F,25
2132,Kaunas,google_ads,2026-01-07,F,37
2133,Vilnius,organic,2026-07-31,M,19
2134,Vilnius,facebook,2025-11-10,F,32
2135,Klaipeda,google_ads,2026-04-27,M,45
2136,Vilnius,email,2025-12-28,M,39
2137,Alytus,organic,2026-09-06,M,25
2138,Mazeikiai,google_ads,2025-10-08,F,41
2139,Vilnius,google_ads,2025-11-17,F,41
2140,Vilnius,email,2025-10-24,M,34
2141,Siauliai,google_ads,2026-04-30,M,24
2142,Kaunas,google_ads,2026-03-30,M,52
2143,Vilnius,organic,2025-10-21,M,64
2144,Vilnius,google_ads,2025-11-16,F,46
2145,Vilnius,direct,2026-03-11,F,41
2146,Vilnius,organic,2026-08-21,M,54
2147,Klaipeda,google_ads,2026-03-02,F,56
2148,Vilnius,google_ads,2025-11-11,F,34
2149,Vilnius,organic,2026-08-06,M,62
2150,Vilnius,direct,2026-07-08,M,66
2151,Kaunas,google_ads,2025-12-17,F,20
2152,Kaunas,direct,2025-10-04,M,63
2153,Klaipeda,google_ads,2025-12-29,F,33
2154,Vilnius,organic,2026-01-17,M,55
2155,Utena,google_ads,2025-10-27,F,58
2156,Kaunas,organic,2026-05-13,F,42
2157,Mazeikiai,google_ads,2026-06-27,F,33
2158,Vilnius,facebook,2026-02-28,F,55
2159,Panevezys,organic,2026-07-07,F,28
2160,Vilnius,organic,2026-01-17,M,50
2161,Panevezys,facebook,2026-06-20,M,58
2162,Telsiai,direct,2026-03-15,M,33
2163,Kaunas,google_ads,2025-11-25,F,27
2164,Vilnius,email,2026-09-02,F,60
2165,Other,direct,2025-11-22,F,37
2166,Vilnius,direct,2026-02-07,F,46
2167,Vilnius,google_ads,2026-05-25,F,48
2168,Vilnius,organic,2025-11-23,M,37
2169,Vilnius,organic,2026-07-23,F,61
2170,Klaipeda,google_ads,2026-06-28,M,47
2171,Klaipeda,email,2026-05-02,M,35
2172,Vilnius,email,2025-10-19,F,25
2173,Klaipeda,organic,2026-07-17,F,61
2174,Vilnius,google_ads,2026-03-24,M,67
2175,Klaipeda,facebook,2026-05-12,M,36
2176,Klaipeda,organic,2025-11-19,F,42
2177,Kaunas,organic,2025-12-21,F,27
2178,Vilnius,organic,2026-05-20,F,55
2179,Kaunas,google_ads,2026-03-28,M,35
2180,Klaipeda,email,2026-02-04,M,34
2181,Kaunas,facebook,2026-05-08,M,45
2182,Vilnius,email,2025-11-11,M,40
2183,Vilnius,google_ads,2026-07-02,M,31
2184,Utena,organic,2026-05-12,M,43
2185,Vilnius,organic,2026-04-11,M,34
2186,Vilnius,organic,2026-02-14,F,35
2187,Vilnius,facebook,2025-10-07,F,65
2188,Kaunas,google_ads,2025-10-18,M,52
2189,Vilnius,organic,2026-03-14,F,35
2190,Vilnius,google_ads,2026-04-08,F,34
2191,Panevezys,organic,2026-01-16,F,62
2192,Kaunas,organic,2026-03-22,M,38
2193,Klaipeda,organic,2026-03-03,M,64
2194,Siauliai,direct,2026-06-13,M,62
2195,Kaunas,facebook,2026-08-29,M,56
2196,Vilnius,organic,2025-12-07,F,63
2197,Vilnius,google_ads,2026-07-27,F,49
2198,Kaunas,email,2025-11-05,F,51
2199,Klaipeda,organic,2026-01-12,F,45
2200,Vilnius,organic,2026-08-05,F,38
2201,Vilnius,email,2026-02-22,F,68
2202,Vilnius,google_ads,2026-03-24,M,45
2203,Siauliai,email,2025-10-13,M,67
2204,Klaipeda,organic,2026-02-12,M,18
2205,Vilnius,organic,2026-02-01,F,29
2206,Siauliai,facebook,2026-06-25,F,19
2207,Vilnius,google_ads,2025-12-20,F,52
2208,Vilnius,direct,2026-03-09,M,24
2209,Klaipeda,direct,2026-01-25,M,30
2210,Telsiai,google_ads,2026-08-05,M,35
2211,Panevezys,organic,2026-04-03,M,28
2212,Siauliai,google_ads,2025-10-14,M,45
2213,Siauliai,organic,2025-12-12,F,58
2214,Klaipeda,facebook,2026-01-28,M,50
2215,Other,organic,2026-03-01,M,61
2216,Vilnius,google_ads,2026-08-03,M,30
2217,Other,organic,2026-07-25,F,61
2218,Kaunas,direct,2026-03-29,F,66
2219,Klaipeda,organic,2025-11-04,M,19
2220,Marijampole,google_ads,2025-10-30,M,59
2221,Panevezys,organic,2025-12-05,M,20
2222,Panevezys,organic,2026-02-24,M,39
2223,Siauliai,facebook,2026-01-03,M,63
2224,Kaunas,organic,2026-05-28,F,40
2225,Klaipeda,google_ads,2026-08-18,F,45
2226,Alytus,facebook,2025-10-14,F,56
2227,Vilnius,facebook,2026-03-19,F,33
2228,Mazeikiai,google_ads,2026-07-16,F,52
2229,Kaunas,google_ads,2025-12-31,M,66
2230,Vilnius,google_ads,2026-08-20,M,48
2231,Panevezys,email,2025-11-30,F,63
2232,Panevezys,facebook,2026-01-30,F,28
2233,Vilnius,organic,2026-05-03,F,19
2234,Kaunas,direct,2025-11-08,M,63
2235,Vilnius,organic,2026-07-05,M,19
2236,Vilnius,organic,2025-10-17,M,50
2237,Utena,facebook,2026-04-04,F,25
2238,Vilnius,email,2025-10-20,F,21
2239,Utena,facebook,2026-07-30,M,55
2240,Kaunas,facebook,2026-08-09,M,30
2241,Vilnius,facebook,2026-01-11,M,20
2242,Kaunas,facebook,2025-10-01,M,18
2243,Mazeikiai,google_ads,2025-11-06,F,22
2244,Kaunas,organic,2026-01-10,M,18
2245,Alytus,facebook,2026-06-20,M,36
2246,Kaunas,email,2025-10-01,F,67
2247,Vilnius,google_ads,2026-08-24,M,45
2248,Vilnius,facebook,2026-04-20,F,28
2249,Vilnius,google_ads,2026-01-18,M,48
2250,Siauliai,organic,2025-12-27,M,41
2251,Panevezys,google_ads,2026-05-11,F,19
2252,Klaipeda,direct,2026-08-08,F,58
2253,Kaunas,organic,2026-01-25,M,53
2254,Kaunas,direct,2026-02-14,M,68
2255,Mazeikiai,google_ads,2026-03-13,F,36
2256,Vilnius,facebook,2026-02-05,M,24
2257,Vilnius,organic,2025-12-01,F,26
2258,Telsiai,organic,2026-05-07,M,46
2259,Marijampole,facebook,2025-10-08,F,35
2260,Klaipeda,google_ads,2026-08-29,M,38
2261,Kaunas,organic,2026-01-18,F,49
2262,Marijampole,google_ads,2026-05-27,M,47
2263,Kaunas,direct,2025-10-12,F,64
2264,Utena,google_ads,2026-05-21,M,62
2265,Other,organic,2025-12-17,F,18
2266,Kaunas,facebook,2026-07-26,M,23
2267,Panevezys,direct,2025-12-28,M,38
2268,Siauliai,organic,2026-04-08,F,21
2269,Kaunas,facebook,2026-05-07,M,48
2270,Vilnius,google_ads,2025-11-08,F,53
2271,Klaipeda,email,2026-01-29,F,44
2272,Kaunas,organic,2026-02-07,F,35
2273,Siauliai,direct,2026-03-27,M,48
2274,Vilnius,facebook,2025-12-29,M,20
2275,Kaunas,facebook,2026-06-20,M,61
2276,Other,email,2025-11-23,F,46
2277,Vilnius,direct,2025-10-31,F,51
2278,Kaunas,facebook,2025-10-05,F,30
2279,Vilnius,organic,2026-05-26,M,53
2280,Kaunas,direct,2026-03-26,F,43
2281,Vilnius,email,2026-05-17,F,63
2282,Vilnius,google_ads,2025-10-22,F,28
2283,Kaunas,google_ads,2026-02-11,F,67
2284,Vilnius,organic,2026-07-12,M,32
2285,Vilnius,direct,2025-10-11,M,27
2286,Klaipeda,organic,2026-02-16,M,28
2287,Utena,organic,2026-04-05,F,62
2288,Marijampole,facebook,2026-04-16,M,46
2289,Vilnius,direct,2026-02-20,M,28
2290,Vilnius,organic,2026-02-16,F,31
2291,Klaipeda,google_ads,2026-06-19,F,58
2292,Vilnius,email,2026-06-28,M,66
2293,Kaunas,organic,2026-05-02,F,63
2294,Utena,facebook,2026-02-13,M,21
2295,Klaipeda,direct,2025-10-04,M,31
2296,Alytus,google_ads,2026-05-06,F,22
2297,Vilnius,organic,2025-11-06,F,57
2298,Vilnius,facebook,2026-06-19,F,61
2299,Vilnius,organic,2026-06-21,F,54
2300,Marijampole,google_ads,2026-05-20,M,52
2301,Siauliai,email,2026-01-23,F,50
2302,Mazeikiai,facebook,2025-11-12,F,37
2303,Panevezys,organic,2026-02-26,F,18
2304,Vilnius,organic,2025-11-09,F,38
2305,Vilnius,organic,2026-04-19,M,60
2306,Kaunas,facebook,2026-09-18,F,33
2307,Utena,google_ads,2025-10-01,M,18
2308,Vilnius,direct,2025-11-25,F,61
2309,Kaunas,email,2026-02-06,F,38
2310,Kaunas,organic,2026-04-11,M,32
2311,Marijampole,email,2026-08-08,M,47
2312,Kaunas,google_ads,2025-12-31,M,62
2313,Vilnius,organic,2026-09-28,M,32
2314,Kaunas,direct,2026-03-14,M,59
2315,Siauliai,google_ads,2026-05-31,F,64
2316,Vilnius,organic,2025-10-02,F,31
2317,Siauliai,email,2026-04-03,F,62
2318,Kaunas,google_ads,2026-08-28,M,66
2319,Kaunas,email,2026-08-12,M,22
2320,Kaunas,google_ads,2026-03-24,M,50
2321,Siauliai,organic,2025-12-10,M,29
2322,Klaipeda,email,2026-01-17,M,26
2323,Vilnius,google_ads,2026-07-05,F,59
2324,Kaunas,organic,2026-03-13,F,41
2325,Klaipeda,facebook,2025-12-29,M,26
2326,Klaipeda,google_ads,2025-10-27,M,62
2327,Vilnius,facebook,2026-07-18,M,50
2328,Vilnius,organic,2025-11-11,M,40
2329,Kaunas,google_ads,2026-03-01,F,55
2330,Vilnius,organic,2025-10-24,M,56
2331,Other,organic,2025-10-14,F,42
2332,Kaunas,direct,2026-09-12,M,25
2333,Mazeikiai,google_ads,2026-09-20,F,22
2334,Vilnius,email,2026-04-06,M,44
2335,Kaunas,google_ads,2026-02-01,F,43
2336,Kaunas,facebook,2025-11-29,M,23
2337,Siauliai,email,2026-08-07,F,59
2338,Siauliai,facebook,2025-10-30,F,40
2339,Kaunas,organic,2025-10-02,M,42
2340,Vilnius,google_ads,2025-12-06,M,65
2341,Vilnius,organic,2025-11-29,M,52
2342,Klaipeda,facebook,2026-02-26,M,60
2343,Vilnius,organic,2026-01-10,M,26
2344,Marijampole,facebook,2026-04-10,F,52
2345,Telsiai,organic,2026-01-31,M,22
2346,Kaunas,google_ads,2025-10-07,F,64
2347,Klaipeda,google_ads,2026-01-01,F,43
2348,Marijampole,facebook,2026-05-08,M,41
2349,Other,organic,2026-07-06,F,64
2350,Vilnius,organic,2026-02-26,F,26
2351,Kaunas,direct,2025-11-04,F,57
2352,Vilnius,facebook,2026-07-14,M,38
2353,Vilnius,google_ads,2026-05-23,M,33
2354,Kaunas,organic,2025-10-10,M,42
2355,Kaunas,organic,2025-10-20,M,44
2356,Vilnius,facebook,2026-06-19,M,46
2357,Vilnius,direct,2026-05-21,M,19
2358,Kaunas,organic,2026-06-27,F,38
2359,Vilnius,email,2025-12-01,F,50
2360,Klaipeda,facebook,2026-06-27,M,25
2361,Klaipeda,email,2025-12-31,M,62
2362,Panevezys,organic,2025-11-30,F,47
2363,Vilnius,organic,2026-01-06,F,18
2364,Klaipeda,email,2026-03-31,F,52
2365,Vilnius,organic,2025-10-11,M,48
2366,Vilnius,organic,2026-08-01,M,25
2367,Kaunas,email,2025-12-25,M,66
2368,Kaunas,organic,2025-11-10,M,30
2369,Klaipeda,google_ads,2025-11-17,F,29
2370,Kaunas,facebook,2026-09-19,F,68
2371,Klaipeda,email,2026-03-31,M,33
2372,Panevezys,organic,2026-01-28,M,51
2373,Alytus,facebook,2026-06-16,M,68
2374,Vilnius,google_ads,2026-05-09,M,48
2375,Kaunas,google_ads,2026-01-21,M,66
2376,Kaunas,organic,2026-06-02,F,25
2377,Mazeikiai,direct,2026-03-05,M,53
2378,Vilnius,email,2026-02-10,F,63
2379,Kaunas,organic,2026-03-31,F,66
2380,Mazeikiai,direct,2026-03-28,M,27
2381,Vilnius,direct,2026-05-08,F,53
2382,Klaipeda,email,2026-05-19,M,64
2383,Panevezys,facebook,2026-07-08,F,31
2384,Panevezys,facebook,2026-07-15,F,33
2385,Vilnius,facebook,2025-10-12,F,35
2386,Vilnius,email,2025-12-04,F,67
2387,Marijampole,organic,2025-10-28,F,29
2388,Klaipeda,organic,2026-07-13,F,60
2389,Panevezys,organic,2026-06-30,F,34
2390,Klaipeda,google_ads,2025-12-05,F,64
2391,Klaipeda,organic,2026-05-18,F,19
2392,Vilnius,direct,2026-01-07,F,46
2393,Kaunas,organic,2026-03-29,M,19
2394,Vilnius,facebook,2025-12-19,F,24
2395,Vilnius,organic,2025-10-23,M,66
2396,Kaunas,organic,2026-04-09,F,31
2397,Vilnius,email,2025-10-26,M,26
2398,Kaunas,organic,2026-02-19,F,59
2399,Telsiai,direct,2026-03-30,F,30
2400,Vilnius,organic,2026-02-11,F,29
2401,Kaunas,google_ads,2026-03-15,M,67
2402,Panevezys,organic,2026-02-26,M,63
2403,Kaunas,organic,2025-11-21,F,49
2404,Utena,email,2025-12-27,M,44
2405,Klaipeda,organic,2026-05-27,F,20
2406,Vilnius,organic,2025-10-16,F,35
2407,Kaunas,organic,2026-01-20,F,26
2408,Vilnius,google_ads,2026-03-28,F,64
2409,Kaunas,google_ads,2025-10-04,M,45
2410,Klaipeda,google_ads,2025-11-28,F,57
2411,Vilnius,organic,2026-01-26,F,65
2412,Panevezys,organic,2025-11-01,M,43
2413,Klaipeda,email,2026-01-24,F,35
2414,Vilnius,google_ads,2026-04-30,M,51
2415,Vilnius,organic,2025-12-24,F,50
2416,Telsiai,direct,2025-12-23,F,24
2417,Vilnius,google_ads,2026-04-01,M,48
2418,Siauliai,google_ads,2026-03-27,F,55
2419,Kaunas,email,2026-07-20,F,22
2420,Panevezys,organic,2025-10-30,F,24
2421,Kaunas,email,2026-02-10,F,51
2422,Vilnius,facebook,2026-04-27,F,18
2423,Utena,facebook,2026-03-09,M,34
2424,Klaipeda,google_ads,2026-03-11,M,23
2425,Marijampole,organic,2026-02-16,F,28
2426,Vilnius,organic,2026-07-31,M,59
2427,Klaipeda,google_ads,2025-11-23,F,68
2428,Klaipeda,facebook,2026-01-24,M,54
2429,Vilnius,email,2026-06-09,M,59
2430,Vilnius,organic,2026-03-19,M,37
2431,Kaunas,email,2025-12-29,F,21
2432,Vilnius,google_ads,2025-10-15,M,46
2433,Siauliai,organic,2026-01-28,M,51
2434,Vilnius,organic,2026-06-22,F,54
2435,Vilnius,organic,2026-08-29,F,44
2436,Klaipeda,google_ads,2026-07-17,F,41
2437,Vilnius,google_ads,2026-09-26,F,66
2438,Vilnius,facebook,2026-07-03,M,21
2439,Vilnius,google_ads,2025-10-10,M,19
2440,Vilnius,organic,2025-10-31,F,47
2441,Siauliai,organic,2025-10-09,M,28
2442,Alytus,google_ads,2026-04-22,F,60
2443,Vilnius,direct,2026-05-26,F,38
2444,Panevezys,direct,2026-05-21,M,34
2445,Kaunas,direct,2025-10-22,M,68
2446,Alytus,organic,2026-02-11,M,38
2447,Klaipeda,google_ads,2025-12-08,F,63
2448,Telsiai,google_ads,2025-12-06,M,46
2449,Vilnius,organic,2026-03-06,F,65
2450,Marijampole,google_ads,2026-01-16,M,49
2451,Vilnius,organic,2026-07-12,M,55
2452,Vilnius,organic,2026-05-27,M,49
2453,Telsiai,facebook,2025-12-20,M,32
2454,Klaipeda,facebook,2026-07-06,F,55
2455,Marijampole,facebook,2026-06-14,M,62
2456,Vilnius,google_ads,2026-05-24,M,37
2457,Kaunas,organic,2026-01-31,F,47
2458,Klaipeda,google_ads,2025-10-20,F,22
2459,Klaipeda,direct,2026-01-13,F,45
2460,Kaunas,organic,2026-06-09,M,35
2461,Kaunas,email,2025-12-12,F,52
2462,Utena,organic,2025-10-15,F,25
2463,Siauliai,facebook,2025-12-06,F,32
2464,Vilnius,google_ads,2026-01-29,F,60
2465,Vilnius,facebook,2026-07-15,M,59
2466,Siauliai,organic,2026-05-04,M,20
2467,Klaipeda,organic,2025-12-05,M,29
2468,Siauliai,google_ads,2026-08-24,F,50
2469,Kaunas,google_ads,2026-03-05,F,37
2470,Kaunas,organic,2026-08-27,M,42
2471,Panevezys,organic,2026-02-06,F,29
2472,Kaunas,google_ads,2026-02-21,M,38
2473,Klaipeda,organic,2025-12-03,F,65
2474,Siauliai,organic,2025-11-09,M,25
2475,Vilnius,organic,2026-01-03,M,19
2476,Klaipeda,google_ads,2026-06-13,M,36
2477,Alytus,organic,2026-03-14,F,27
2478,Other,organic,2026-05-24,M,59
2479,Alytus,google_ads,2025-11-07,M,65
2480,Siauliai,google_ads,2026-09-24,M,52
2481,Vilnius,organic,2025-12-13,M,53
2482,Panevezys,organic,2026-07-11,M,21
2483,Panevezys,facebook,2026-01-15,M,32
2484,Marijampole,google_ads,2025-11-10,F,61
2485,Vilnius,organic,2026-04-22,M,58
2486,Kaunas,direct,2026-06-30,M,18
2487,Panevezys,organic,2026-08-24,M,63
2488,Kaunas,direct,2026-07-21,F,29
2489,Kaunas,organic,2026-01-02,M,43
2490,Klaipeda,google_ads,2026-06-18,F,55
2491,Kaunas,email,2025-10-31,F,33
2492,Kaunas,google_ads,2026-03-08,F,50
2493,Kaunas,google_ads,2026-05-06,M,52
2494,Siauliai,organic,2026-05-06,M,62
2495,Kaunas,google_ads,2026-02-12,M,57
2496,Vilnius,organic,2026-04-20,M,39
2497,Klaipeda,organic,2025-12-05,F,65
2498,Vilnius,organic,2026-04-15,F,27
2499,Other,organic,2026-05-06,F,54
2500,Kaunas,google_ads,2026-03-09,F,61
2501,Klaipeda,google_ads,2026-06-03,F,35
2502,Panevezys,email,2025-10-21,M,44
2503,Telsiai,organic,2026-03-29,F,64
2504,Kaunas,organic,2026-03-31,F,18
2505,Panevezys,email,2026-07-24,F,28
2506,Vilnius,google_ads,2025-11-13,M,19
2507,Vilnius,google_ads,2026-07-28,M,18
2508,Alytus,email,2026-02-07,F,48
2509,Vilnius,email,2025-11-28,M,53
2510,Siauliai,direct,2026-04-25,M,18
2511,Siauliai,google_ads,2025-11-03,F,59
2512,Vilnius,google_ads,2025-12-13,F,52
2513,Siauliai,direct,2026-03-31,M,59
2514,Klaipeda,organic,2025-11-04,M,58
2515,Vilnius,organic,2026-04-28,F,37
2516,Telsiai,google_ads,2026-08-05,F,60
2517,Kaunas,direct,2026-01-15,M,37
2518,Vilnius,organic,2026-07-06,F,57
2519,Vilnius,organic,2026-06-11,M,31
2520,Panevezys,organic,2026-04-23,F,48
2521,Siauliai,google_ads,2026-07-10,M,56
2522,Panevezys,google_ads,2026-05-10,F,18
2523,Vilnius,facebook,2026-03-22,M,18
2524,Telsiai,direct,2026-05-05,M,63
2525,Vilnius,direct,2026-06-30,F,28
2526,Siauliai,facebook,2026-03-26,F,63
2527,Kaunas,organic,2026-03-03,F,26
2528,Other,organic,2026-05-23,F,57
2529,Vilnius,email,2026-02-06,M,41
2530,Vilnius,google_ads,2026-05-19,F,58
2531,Vilnius,google_ads,2025-10-19,F,30
2532,Kaunas,organic,2026-07-03,M,25
2533,Vilnius,organic,2026-03-05,M,45
2534,Marijampole,email,2026-06-02,M,40
2535,Vilnius,email,2026-04-25,F,29
2536,Kaunas,organic,2026-06-18,F,60
2537,Panevezys,email,2025-12-29,M,24
2538,Vilnius,google_ads,2025-12-23,M,65
2539,Kaunas,google_ads,2025-12-05,M,37
2540,Vilnius,email,2025-11-14,F,39
2541,Vilnius,organic,2025-10-12,M,52
2542,Vilnius,direct,2026-04-16,F,28
2543,Klaipeda,organic,2026-01-31,F,28
2544,Kaunas,google_ads,2026-04-14,F,55
2545,Vilnius,facebook,2026-04-21,F,39
2546,Vilnius,google_ads,2026-02-17,M,55
2547,Kaunas,facebook,2025-11-22,M,26
2548,Marijampole,google_ads,2025-12-10,M,47
2549,Vilnius,direct,2025-10-08,F,24
2550,Kaunas,google_ads,2026-04-19,M,23
2551,Kaunas,google_ads,2025-11-15,M,54
2552,Utena,google_ads,2025-11-28,M,65
2553,Panevezys,google_ads,2026-03-03,M,24
2554,Vilnius,email,2026-01-04,F,55
2555,Siauliai,google_ads,2025-11-08,M,66
2556,Siauliai,organic,2026-07-27,M,68
2557,Kaunas,email,2026-09-16,F,37
2558,Kaunas,facebook,2025-12-18,F,52
2559,Alytus,organic,2026-09-07,F,31
2560,Vilnius,facebook,2025-11-13,M,46
2561,Kaunas,google_ads,2025-10-12,M,40
2562,Klaipeda,google_ads,2025-11-16,F,23
2563,Alytus,email,2026-03-17,M,55
2564,Alytus,organic,2026-05-16,F,33
2565,Vilnius,google_ads,2026-05-17,F,19
2566,Siauliai,google_ads,2026-04-24,M,39
2567,Vilnius,organic,2026-07-16,M,63
2568,Klaipeda,facebook,2026-08-12,F,58
2569,Klaipeda,organic,2026-06-30,F,20
2570,Vilnius,direct,2026-05-15,M,34
2571,Telsiai,google_ads,2025-11-18,M,34
2572,Kaunas,google_ads,2026-01-18,F,68
2573,Panevezys,google_ads,2026-07-15,F,34
2574,Utena,google_ads,2026-02-21,M,50
2575,Kaunas,facebook,2025-11-15,F,66
2576,Panevezys,facebook,2026-09-04,F,26
2577,Vilnius,facebook,2026-08-15,F,53
2578,Panevezys,facebook,2026-04-01,M,30
2579,Kaunas,organic,2026-03-12,F,31
2580,Mazeikiai,organic,2026-03-04,M,31
2581,Panevezys,organic,2025-11-20,M,56
2582,Klaipeda,google_ads,2025-10-06,M,29
2583,Siauliai,direct,2026-03-17,F,22
2584,Marijampole,facebook,2026-06-28,F,46
2585,Vilnius,organic,2026-09-15,F,62
2586,Other,organic,2026-05-28,M,21
2587,Mazeikiai,direct,2026-01-05,M,66
2588,Vilnius,google_ads,2025-11-07,F,54
2589,Other,email,2026-04-25,M,29
2590,Klaipeda,organic,2026-02-13,F,24
2591,Kaunas,facebook,2025-12-18,M,21
2592,Klaipeda,organic,2026-05-30,M,67
2593,Vilnius,email,2025-10-08,F,64
2594,Mazeikiai,google_ads,2025-10-30,M,39
2595,Vilnius,email,2026-06-27,M,19
2596,Vilnius,facebook,2026-07-10,F,28
2597,Kaunas,organic,2026-03-01,F,22
2598,Vilnius,email,2026-03-15,F,63
2599,Other,organic,2026-01-29,M,53
2600,Vilnius,organic,2026-09-25,M,32
2601,Marijampole,organic,2026-06-08,M,23
2602,Vilnius,google_ads,2026-09-14,M,27
2603,Siauliai,google_ads,2026-09-24,F,29
2604,Kaunas,facebook,2026-08-17,F,24
2605,Klaipeda,facebook,2026-03-20,F,64
2606,Klaipeda,google_ads,2026-04-30,F,25
2607,Telsiai,google_ads,2025-12-04,M,28
2608,Siauliai,organic,2026-04-10,F,34
2609,Other,facebook,2026-02-19,M,31
2610,Kaunas,organic,2026-01-27,M,46
2611,Kaunas,google_ads,2026-04-10,F,36
2612,Vilnius,organic,2026-02-14,M,43
2613,Vilnius,google_ads,2026-06-08,F,35
2614,Kaunas,organic,2026-06-11,F,29
2615,Siauliai,email,2025-10-20,F,39
2616,Vilnius,organic,2025-10-02,F,33
2617,Kaunas,google_ads,2026-02-03,M,18
2618,Other,organic,2026-01-21,M,43
2619,Alytus,google_ads,2026-09-16,M,33
2620,Siauliai,google_ads,2025-11-08,F,65
2621,Vilnius,email,2026-03-17,F,48
2622,Vilnius,google_ads,2026-09-02,F,61
2623,Siauliai,organic,2025-12-09,F,23
2624,Vilnius,facebook,2026-05-27,F,62
2625,Mazeikiai,organic,2025-12-08,M,30
2626,Vilnius,organic,2025-12-13,M,35
2627,Telsiai,facebook,2026-08-12,F,36
2628,Kaunas,organic,2026-01-01,M,24
2629,Siauliai,email,2025-11-30,M,62
2630,Siauliai,direct,2026-02-03,M,43
2631,Vilnius,organic,2025-11-04,F,26
2632,Vilnius,google_ads,2026-05-23,M,36
2633,Kaunas,organic,2025-10-17,F,24
2634,Klaipeda,email,2025-12-30,F,40
2635,Kaunas,email,2026-04-26,M,47
2636,Kaunas,organic,2026-05-29,M,53
2637,Marijampole,organic,2026-04-27,M,54
2638,Klaipeda,organic,2026-05-16,F,18
2639,Vilnius,email,2026-02-23,F,37
2640,Klaipeda,email,2026-07-20,F,44
2641,Vilnius,google_ads,2026-06-11,M,64
2642,Vilnius,direct,2026-01-24,M,28
2643,Vilnius,google_ads,2026-03-21,M,43
2644,Kaunas,email,2026-09-21,F,62
2645,Utena,email,2026-06-19,F,52
2646,Panevezys,facebook,2025-12-24,M,58
2647,Telsiai,email,2026-07-30,F,50
2648,Vilnius,organic,2026-07-01,M,37
2649,Vilnius,organic,2026-03-18,F,34
2650,Vilnius,google_ads,2026-05-16,F,36
2651,Siauliai,google_ads,2026-01-22,M,51
2652,Kaunas,organic,2025-12-22,F,61
2653,Kaunas,organic,2026-05-01,M,51
2654,Vilnius,google_ads,2026-01-17,F,67
2655,Other,organic,2025-10-02,M,41
2656,Panevezys,organic,2025-11-23,M,25
2657,Mazeikiai,google_ads,2026-08-27,M,49
2658,Kaunas,organic,2025-10-20,M,30
2659,Kaunas,facebook,2025-11-03,M,23
2660,Vilnius,direct,2025-11-18,F,25
2661,Vilnius,email,2025-10-30,F,20
2662,Kaunas,direct,2026-08-12,F,61
2663,Kaunas,organic,2026-01-23,F,51
2664,Kaunas,organic,2026-05-06,M,63
2665,Kaunas,email,2025-11-05,F,51
2666,Kaunas,organic,2026-04-14,M,47
2667,Kaunas,google_ads,2025-11-08,F,27
2668,Siauliai,facebook,2025-12-27,F,34
2669,Kaunas,email,2025-11-28,M,46
2670,Marijampole,organic,2026-04-28,F,53
2671,Siauliai,google_ads,2025-10-02,M,18
2672,Vilnius,facebook,2025-12-30,M,43
2673,Kaunas,organic,2026-08-26,F,56
2674,Kaunas,google_ads,2026-04-21,F,19
2675,Vilnius,facebook,2026-01-23,M,33
2676,Telsiai,organic,2026-01-02,M,65
2677,Vilnius,organic,2025-11-11,F,18
2678,Mazeikiai,facebook,2025-12-22,F,68
2679,Alytus,google_ads,2025-10-24,F,52
2680,Vilnius,direct,2026-05-06,F,56
2681,Vilnius,facebook,2026-08-17,F,62
2682,Klaipeda,direct,2025-11-11,F,32
2683,Kaunas,facebook,2025-11-07,M,49
2684,Alytus,organic,2025-11-23,F,33
2685,Alytus,organic,2026-04-11,M,46
2686,Vilnius,google_ads,2026-07-06,F,50
2687,Alytus,facebook,2025-11-10,F,28
2688,Siauliai,google_ads,2025-12-21,F,67
2689,Vilnius,organic,2025-11-01,M,19
2690,Vilnius,google_ads,2026-07-21,F,66
2691,Vilnius,facebook,2026-03-04,M,31
2692,Kaunas,facebook,2025-11-16,F,36
2693,Vilnius,organic,2026-06-14,M,39
2694,Kaunas,organic,2025-11-02,F,29
2695,Kaunas,google_ads,2025-11-24,M,18
2696,Alytus,facebook,2026-05-26,F,31
2697,Klaipeda,organic,2026-04-25,F,64
2698,Marijampole,facebook,2026-02-12,F,51
2699,Klaipeda,organic,2026-05-23,F,67
2700,Telsiai,facebook,2025-11-10,M,48
2701,Marijampole,google_ads,2025-12-06,F,45
2702,Kaunas,organic,2026-04-23,F,50
2703,Vilnius,organic,2026-03-10,M,55
2704,Kaunas,organic,2026-09-09,M,48
2705,Kaunas,organic,2025-12-12,M,63
2706,Panevezys,email,2026-03-14,F,45
2707,Vilnius,email,2026-06-21,F,25
2708,Vilnius,organic,2025-12-06,F,55
2709,Vilnius,email,2025-10-02,F,54
2710,Marijampole,organic,2026-09-20,F,35
2711,Vilnius,organic,2026-07-15,F,66
2712,Kaunas,organic,2025-10-15,M,39
2713,Panevezys,organic,2026-06-23,F,42
2714,Kaunas,google_ads,2025-11-21,F,45
2715,Siauliai,facebook,2026-08-21,F,34
2716,Vilnius,facebook,2025-10-12,M,65
2717,Other,google_ads,2026-07-07,M,28
2718,Vilnius,organic,2026-08-23,F,21
2719,Kaunas,organic,2025-11-11,M,47
2720,Other,google_ads,2026-04-24,F,57
2721,Kaunas,organic,2026-01-30,M,44
2722,Siauliai,direct,2026-03-10,F,33
2723,Utena,google_ads,2026-05-12,M,28
2724,Vilnius,organic,2026-04-03,F,22
2725,Panevezys,organic,2025-10-04,M,25
2726,Vilnius,email,2026-01-01,M,32
2727,Panevezys,organic,2026-04-14,M,57
2728,Kaunas,organic,2026-02-15,F,26
2729,Siauliai,google_ads,2025-10-02,M,25
2730,Kaunas,google_ads,2025-12-07,F,66
2731,Klaipeda,organic,2026-04-25,M,25
2732,Kaunas,organic,2026-03-18,M,18
2733,Klaipeda,google_ads,2025-12-18,F,39
2734,Vilnius,google_ads,2025-12-13,M,24
2735,Telsiai,email,2026-04-25,F,48
2736,Utena,organic,2025-11-22,M,27
2737,Vilnius,google_ads,2026-04-09,M,60
2738,Alytus,organic,2026-03-26,M,28
2739,Alytus,google_ads,2026-08-21,F,24
2740,Vilnius,email,2025-11-27,F,49
2741,Kaunas,direct,2026-06-07,F,62
2742,Klaipeda,organic,2026-08-11,F,62
2743,Siauliai,direct,2026-03-02,F,67
2744,Klaipeda,email,2026-02-17,M,31
2745,Other,google_ads,2026-02-23,M,40
2746,Vilnius,google_ads,2026-05-21,M,51
2747,Siauliai,google_ads,2025-12-26,M,67
2748,Vilnius,email,2026-01-06,M,65
2749,Kaunas,organic,2026-03-07,F,31
2750,Vilnius,email,2026-03-30,F,28
2751,Vilnius,organic,2026-06-07,M,40
2752,Vilnius,email,2026-02-13,F,46
2753,Vilnius,organic,2025-11-29,M,23
2754,Utena,organic,2026-08-02,M,56
2755,Kaunas,organic,2025-12-16,F,20
2756,Panevezys,organic,2025-11-18,M,55
2757,Vilnius,facebook,2026-08-20,M,54
2758,Klaipeda,organic,2025-12-22,F,47
2759,Kaunas,google_ads,2025-11-02,M,38
2760,Siauliai,email,2026-02-06,M,48
2761,Telsiai,organic,2026-08-20,F,32
2762,Kaunas,google_ads,2026-05-03,M,32
2763,Vilnius,google_ads,2026-06-18,M,59
2764,Vilnius,google_ads,2026-05-05,M,30
2765,Panevezys,organic,2026-04-30,M,47
2766,Kaunas,google_ads,2025-11-22,F,66
2767,Klaipeda,organic,2025-10-21,F,45
2768,Vilnius,google_ads,2026-04-30,M,23
2769,Vilnius,organic,2026-05-02,M,20
2770,Vilnius,facebook,2026-07-09,M,67
2771,Siauliai,email,2026-05-04,F,54
2772,Vilnius,email,2025-11-26,F,65
2773,Klaipeda,organic,2025-11-21,F,64
2774,Klaipeda,organic,2026-06-18,F,29
2775,Panevezys,organic,2025-10-10,M,48
2776,Vilnius,email,2026-04-27,F,65
2777,Marijampole,organic,2025-12-01,M,47
2778,Mazeikiai,google_ads,2025-10-07,F,34
2779,Marijampole,email,2026-06-14,F,60
2780,Panevezys,facebook,2025-11-15,M,21
2781,Kaunas,organic,2025-11-13,F,39
2782,Kaunas,organic,2025-10-14,M,41
2783,Kaunas,google_ads,2026-03-30,M,19
2784,Vilnius,google_ads,2025-12-11,M,53
2785,Kaunas,email,2026-08-15,F,67
2786,Kaunas,google_ads,2026-05-17,F,31
2787,Panevezys,google_ads,2026-03-26,M,54
2788,Klaipeda,facebook,2026-03-11,F,43
2789,Klaipeda,email,2025-10-02,F,54
2790,Vilnius,facebook,2025-10-12,F,66
2791,Klaipeda,google_ads,2026-08-13,F,43
2792,Kaunas,organic,2025-10-17,M,48
2793,Siauliai,google_ads,2025-10-19,M,61
2794,Kaunas,google_ads,2026-04-22,F,62
2795,Vilnius,google_ads,2026-01-02,F,57
2796,Vilnius,facebook,2025-12-27,M,23
2797,Klaipeda,facebook,2026-06-07,M,25
2798,Kaunas,organic,2025-11-01,F,56
2799,Kaunas,organic,2025-11-04,F,56
2800,Siauliai,facebook,2026-01-27,M,21
2801,Panevezys,organic,2025-12-31,M,44
2802,Vilnius,organic,2025-12-27,M,39
2803,Siauliai,direct,2026-05-08,M,42
2804,Utena,facebook,2026-05-28,M,39
2805,Klaipeda,organic,2025-10-01,M,31
2806,Alytus,google_ads,2025-10-06,F,27
2807,Vilnius,email,2026-01-16,F,37
2808,Klaipeda,organic,2026-06-19,M,51
2809,Kaunas,facebook,2026-01-17,F,58
2810,Kaunas,google_ads,2026-05-23,M,64
2811,Kaunas,organic,2026-06-17,M,51
2812,Kaunas,facebook,2026-06-25,M,44
2813,Kaunas,facebook,2026-01-06,M,59
2814,Vilnius,organic,2025-10-17,F,60
2815,Alytus,organic,2026-08-23,M,55
2816,Vilnius,direct,2025-10-28,F,43
2817,Kaunas,organic,2026-03-26,F,33
2818,Klaipeda,organic,2026-05-13,F,32
2819,Vilnius,google_ads,2026-04-15,F,68
2820,Klaipeda,google_ads,2026-05-02,F,33
2821,Kaunas,direct,2026-04-18,M,32
2822,Klaipeda,facebook,2026-02-19,F,36
2823,Kaunas,google_ads,2026-07-03,M,26
2824,Mazeikiai,google_ads,2026-03-30,M,18
2825,Telsiai,google_ads,2026-02-02,F,29
2826,Kaunas,email,2025-12-17,M,55
2827,Kaunas,organic,2026-04-29,F,43
2828,Klaipeda,google_ads,2026-02-28,F,18
2829,Vilnius,direct,2026-02-23,F,56
2830,Kaunas,organic,2026-08-19,M,27
2831,Marijampole,organic,2026-07-31,M,59
2832,Vilnius,facebook,2026-05-09,M,68
2833,Vilnius,organic,2025-11-23,M,31
2834,Kaunas,organic,2026-08-15,F,26
2835,Vilnius,facebook,2025-10-07,F,28
2836,Vilnius,organic,2026-02-15,M,21
2837,Vilnius,direct,2026-05-04,F,45
2838,Vilnius,direct,2025-12-10,F,26
2839,Siauliai,direct,2026-05-09,M,59
2840,Alytus,organic,2026-08-02,F,33
2841,Kaunas,direct,2026-09-26,F,54
2842,Klaipeda,facebook,2025-12-30,F,18
2843,Vilnius,direct,2026-02-22,M,48
2844,Vilnius,google_ads,2026-05-09,F,30
2845,Vilnius,organic,2026-08-08,M,66
2846,Vilnius,organic,2026-01-10,M,55
2847,Vilnius,organic,2025-11-25,M,36
2848,Vilnius,facebook,2026-06-25,F,49
2849,Kaunas,organic,2026-02-02,M,38
2850,Vilnius,facebook,2026-05-21,M,68
2851,Kaunas,email,2026-08-15,F,23
2852,Alytus,google_ads,2026-04-23,M,35
2853,Klaipeda,organic,2026-04-04,F,50
2854,Siauliai,email,2025-10-01,F,46
2855,Klaipeda,organic,2025-11-06,M,43
2856,Vilnius,organic,2025-10-14,M,18
2857,Kaunas,direct,2026-05-22,M,56
2858,Klaipeda,google_ads,2026-09-05,F,67
2859,Panevezys,google_ads,2025-12-31,F,58
2860,Kaunas,organic,2026-04-17,F,38
2861,Alytus,facebook,2025-11-20,F,64
2862,Klaipeda,google_ads,2026-04-21,F,19
2863,Siauliai,google_ads,2026-02-03,M,50
2864,Mazeikiai,google_ads,2026-02-28,M,61
2865,Kaunas,facebook,2026-02-28,F,32
2866,Vilnius,google_ads,2025-11-28,M,24
2867,Vilnius,organic,2026-02-24,F,33
2868,Kaunas,organic,2026-03-08,F,61
2869,Klaipeda,google_ads,2026-06-11,F,41
2870,Mazeikiai,organic,2026-05-27,M,58
2871,Vilnius,facebook,2026-09-02,F,64
2872,Kaunas,google_ads,2026-01-25,F,26
2873,Siauliai,google_ads,2026-08-03,M,41
2874,Vilnius,google_ads,2026-08-09,M,26
2875,Vilnius,direct,2025-11-06,F,21
2876,Kaunas,organic,2026-07-15,M,26
2877,Vilnius,google_ads,2026-02-22,M,18
2878,Other,organic,2026-04-13,M,58
2879,Vilnius,direct,2025-10-18,F,54
2880,Vilnius,facebook,2026-01-04,M,43
2881,Vilnius,email,2025-10-08,F,40
2882,Vilnius,facebook,2026-04-12,M,20
2883,Vilnius,organic,2025-11-10,F,32
2884,Kaunas,organic,2026-01-23,F,51
2885,Kaunas,email,2025-10-25,F,27
2886,Klaipeda,google_ads,2025-10-24,M,44
2887,Kaunas,organic,2025-11-05,M,36
2888,Marijampole,google_ads,2025-12-22,M,30
2889,Mazeikiai,facebook,2026-02-02,M,46
2890,Kaunas,email,2025-11-01,F,45
2891,Vilnius,organic,2025-10-14,F,22
2892,Kaunas,organic,2025-11-13,F,34
2893,Panevezys,facebook,2026-05-11,F,55
2894,Kaunas,google_ads,2025-10-10,F,63
2895,Marijampole,google_ads,2026-04-11,M,38
2896,Kaunas,google_ads,2026-03-30,M,41
2897,Vilnius,facebook,2026-08-26,F,48
2898,Alytus,email,2026-08-20,M,54
2899,Kaunas,organic,2026-06-27,M,62
2900,Klaipeda,organic,2026-01-28,F,36
2901,Vilnius,organic,2026-03-05,M,43
2902,Vilnius,organic,2026-05-04,F,33
2903,Kaunas,organic,2026-01-07,M,20
2904,Vilnius,google_ads,2026-02-25,M,32
2905,Vilnius,direct,2026-07-16,F,60
2906,Klaipeda,email,2025-10-15,F,39
2907,Marijampole,organic,2026-06-29,F,38
2908,Vilnius,direct,2025-12-09,M,19
2909,Other,organic,2025-10-01,M,29
2910,Siauliai,direct,2026-05-02,F,46
2911,Kaunas,facebook,2026-04-27,M,43
2912,Utena,google_ads,2026-03-09,M,53
2913,Vilnius,organic,2026-03-19,F,26
2914,Klaipeda,email,2026-08-01,F,64
2915,Kaunas,facebook,2025-10-09,M,45
2916,Vilnius,direct,2026-05-31,M,18
2917,Panevezys,facebook,2026-07-11,F,58
2918,Kaunas,organic,2026-05-28,F,59
2919,Other,facebook,2026-07-15,F,65
2920,Other,email,2026-02-11,F,56
2921,Siauliai,email,2026-05-25,F,18
2922,Vilnius,email,2026-04-13,F,36
2923,Kaunas,email,2026-03-15,M,26
2924,Telsiai,google_ads,2025-10-14,M,60
2925,Kaunas,organic,2026-08-23,F,19
2926,Kaunas,facebook,2025-10-09,M,26
2927,Klaipeda,organic,2026-02-10,F,37
2928,Siauliai,facebook,2025-12-11,M,50
2929,Vilnius,google_ads,2026-04-06,F,21
2930,Vilnius,google_ads,2025-12-16,F,62
2931,Vilnius,facebook,2025-10-10,F,37
2932,Vilnius,google_ads,2026-02-26,F,57
2933,Vilnius,google_ads,2026-03-02,M,44
2934,Vilnius,google_ads,2025-10-30,F,35
2935,Kaunas,organic,2025-11-25,F,49
2936,Vilnius,google_ads,2026-01-06,F,39
2937,Alytus,organic,2025-11-25,M,40
2938,Vilnius,organic,2025-10-28,F,37
2939,Kaunas,organic,2025-10-30,M,30
2940,Kaunas,google_ads,2025-12-09,M,38
2941,Kaunas,organic,2026-05-10,F,35
2942,Vilnius,organic,2026-01-06,F,64
2943,Vilnius,facebook,2025-10-10,F,65
2944,Kaunas,google_ads,2025-11-09,M,56
2945,Panevezys,google_ads,2026-02-03,F,26
2946,Vilnius,organic,2026-06-16,F,57
2947,Vilnius,organic,2026-08-18,F,66
2948,Other,google_ads,2026-05-22,F,58
2949,Vilnius,organic,2026-06-05,M,26
2950,Klaipeda,organic,2026-04-03,M,32
2951,Other,organic,2026-07-24,F,57
2952,Klaipeda,google_ads,2026-08-22,F,47
2953,Klaipeda,organic,2026-02-05,F,65
2954,Panevezys,organic,2025-12-06,F,62
2955,Siauliai,organic,2026-03-02,F,19
2956,Klaipeda,facebook,2026-05-14,M,47
2957,Vilnius,email,2026-01-21,F,30
2958,Kaunas,facebook,2026-04-28,M,41
2959,Panevezys,organic,2025-10-09,M,36
2960,Panevezys,direct,2026-05-09,M,33
2961,Kaunas,google_ads,2025-11-09,M,28
2962,Vilnius,email,2025-11-06,F,38
2963,Klaipeda,google_ads,2026-03-21,F,46
2964,Kaunas,direct,2026-04-21,M,46
2965,Kaunas,organic,2026-04-17,M,53
2966,Siauliai,facebook,2026-04-03,M,43
2967,Kaunas,google_ads,2026-07-17,M,27
2968,Vilnius,google_ads,2026-04-27,M,29
2969,Vilnius,email,2025-10-22,M,53
2970,Kaunas,email,2026-05-01,F,59
2971,Panevezys,organic,2026-08-15,F,18
2972,Mazeikiai,organic,2026-06-24,M,21
2973,Vilnius,google_ads,2026-06-04,F,53
2974,Klaipeda,facebook,2026-05-26,F,60
2975,Kaunas,organic,2026-02-26,F,51
2976,Vilnius,google_ads,2025-12-17,F,18
2977,Siauliai,email,2026-05-07,M,24
2978,Panevezys,organic,2026-01-31,M,40
2979,Klaipeda,email,2026-02-18,M,51
2980,Kaunas,organic,2026-01-24,M,37
2981,Klaipeda,facebook,2025-10-04,M,32
2982,Vilnius,google_ads,2026-04-02,F,25
2983,Siauliai,facebook,2025-11-10,M,55
2984,Marijampole,organic,2026-03-25,F,67
2985,Vilnius,direct,2026-04-18,F,19
2986,Mazeikiai,email,2026-06-16,M,45
2987,Vilnius,google_ads,2026-03-14,M,25
2988,Kaunas,direct,2025-11-30,M,63
2989,Kaunas,direct,2025-10-09,F,59
2990,Other,google_ads,2025-12-17,F,58
2991,Panevezys,organic,2026-03-24,F,31
2992,Klaipeda,google_ads,2025-11-01,M,40
2993,Klaipeda,direct,2026-03-15,F,35
2994,Vilnius,direct,2026-04-26,M,22
2995,Vilnius,email,2026-07-08,F,24
2996,Klaipeda,google_ads,2025-10-27,M,63
2997,Vilnius,direct,2026-03-02,M,52
2998,Other,facebook,2025-12-08,M,27
2999,Klaipeda,organic,2025-11-30,M,44
3000,Vilnius,google_ads,2026-01-15,F,22
