order_id,customer_id,order_date,order_total,status,payment_method,delivery_method
1,2529,2026-04-27 20:01:04,79.94,completed,bank_transfer,pickup
2,1477,2026-05-08 15:05:03,189.75,completed,paypal,dpd
3,937,2026-04-13 11:27:04,326.02,completed,klix,pickup
4,213,2025-12-30 20:23:03,221.78,completed,klix,dpd
5,393,2026-07-14 14:44:30,306.9,completed,card,omniva
6,310,2026-04-14 20:30:13,321.29,completed,klix,lp_express
7,2562,2026-01-02 12:35:42,31.93,completed,paypal,omniva
8,2340,2025-12-07 11:52:38,25.76,completed,paypal,lp_express
9,1349,2026-01-12 10:17:13,25.76,completed,bank_transfer,pickup
10,9,2026-09-27 20:15:51,432.43,completed,card,omniva
11,2702,2026-05-03 20:27:11,46.85,completed,card,lp_express
12,2148,2025-11-27 20:30:54,72.05,completed,card,lp_express
13,2785,2025-10-13 19:52:27,51.54,completed,bank_transfer,lp_express
14,1697,2025-12-19 09:28:54,276.64,completed,paypal,omniva
15,294,2026-07-24 12:08:33,59.91,completed,klix,dpd
16,2367,2026-01-14 09:18:19,107.86,completed,card,pickup
17,201,2026-09-12 21:25:17,909.87,returned,klix,pickup
18,1171,2026-01-07 12:21:17,13.33,completed,paypal,pickup
19,36,2026-07-30 09:27:52,300.4,completed,klix,omniva
20,1920,2026-02-23 21:17:54,330.77,completed,bank_transfer,pickup
21,2685,2026-09-02 12:01:00,148.88,completed,card,lp_express
22,426,2026-06-05 20:01:55,247.46,completed,bank_transfer,omniva
23,579,2026-06-25 10:08:56,755.72,completed,paypal,dpd
24,1083,2026-04-28 22:41:57,41.54,completed,klix,omniva
25,1949,2026-04-19 11:03:27,268.16,completed,klix,dpd
26,2784,2025-12-20 11:27:15,39.45,completed,bank_transfer,lp_express
27,1852,2025-11-02 10:11:27,862.78,completed,card,lp_express
28,2535,2026-08-13 11:14:16,17.61,completed,paypal,lp_express
29,453,2026-08-20 10:01:19,166.44,completed,klix,pickup
30,1977,2026-05-24 21:39:17,63.15,completed,klix,omniva
31,683,2026-03-16 11:54:52,362.73,completed,bank_transfer,lp_express
32,153,2026-04-28 11:51:38,116.82,completed,paypal,omniva
33,2988,2025-12-01 21:48:55,10.8,cancelled,klix,dpd
34,758,2026-08-20 13:16:00,1070.45,completed,bank_transfer,omniva
35,734,2026-06-05 09:19:41,27.31,completed,klix,pickup
36,1547,2025-12-30 11:22:34,352.42,completed,bank_transfer,pickup
37,151,2026-05-15 22:08:05,8.39,completed,klix,lp_express
38,2353,2026-08-04 13:17:01,595.4,completed,card,pickup
39,656,2026-04-20 09:45:34,13.01,completed,klix,pickup
40,2394,2026-01-30 12:31:02,201.12,completed,klix,lp_express
41,352,2026-04-10 20:05:40,12.5,completed,klix,omniva
42,152,2026-02-20 22:07:24,159.65,completed,klix,pickup
43,187,2025-12-19 10:55:34,818.54,returned,bank_transfer,dpd
44,2391,2026-09-27 21:59:56,144.2,completed,bank_transfer,pickup
45,1819,2025-12-15 08:46:48,12.73,completed,paypal,dpd
46,2781,2025-11-24 21:35:10,453.92,completed,klix,pickup
47,2731,2026-06-15 09:55:00,220.22,completed,bank_transfer,omniva
48,1663,2025-11-16 13:57:47,53.09,completed,card,pickup
49,2317,2026-05-06 19:57:08,19.09,completed,paypal,pickup
50,1240,2026-02-03 13:19:11,345.65,completed,klix,pickup
51,2030,2025-12-04 14:51:30,178.51,completed,paypal,lp_express
52,411,2026-07-23 11:20:45,87.4,completed,card,lp_express
53,670,2026-07-02 11:55:20,458.64,completed,bank_transfer,lp_express
54,2149,2026-09-16 21:33:02,100.56,completed,bank_transfer,omniva
55,877,2026-07-21 19:56:50,108.68,completed,paypal,omniva
56,1156,2025-12-17 22:15:01,135.84,completed,bank_transfer,pickup
57,2843,2026-04-11 21:05:25,1468.4,completed,card,dpd
58,333,2026-01-26 15:03:21,59.06,returned,klix,pickup
59,1920,2025-10-02 20:04:55,110.69,completed,klix,omniva
60,225,2025-11-15 10:40:03,22.27,completed,paypal,lp_express
61,2297,2026-02-28 11:55:59,351.39,completed,paypal,omniva
62,915,2026-03-31 14:36:48,482.91,completed,paypal,dpd
63,2340,2025-12-19 20:08:37,236.24,cancelled,klix,omniva
64,1447,2026-03-08 13:24:11,423.94,completed,paypal,pickup
65,1049,2026-08-08 10:28:44,131.75,completed,paypal,lp_express
66,2262,2026-07-12 11:25:28,912.41,completed,bank_transfer,dpd
67,1915,2026-02-26 21:17:41,316.72,returned,bank_transfer,lp_express
68,1908,2026-05-15 23:00:55,161.84,completed,bank_transfer,lp_express
69,1715,2026-04-17 14:32:57,88.34,completed,card,lp_express
70,753,2026-04-29 13:40:43,119.73,completed,card,dpd
71,2778,2025-12-14 12:55:41,303.73,completed,paypal,pickup
72,1602,2025-12-02 12:47:39,277.03,completed,klix,dpd
73,2840,2026-06-30 09:18:09,52.68,completed,paypal,pickup
74,1033,2026-01-01 14:19:29,174.74,completed,klix,pickup
75,1647,2026-01-01 12:20:57,1520.92,completed,klix,dpd
76,2608,2026-06-22 14:19:27,36.67,completed,paypal,omniva
77,2742,2025-12-27 20:20:58,39.35,completed,paypal,pickup
78,2429,2026-08-15 10:45:17,332.66,completed,card,pickup
79,2643,2025-12-23 09:48:41,779.69,completed,paypal,pickup
80,2490,2025-11-15 22:28:57,229.32,completed,paypal,lp_express
81,2914,2026-08-05 14:39:51,221.78,completed,klix,dpd
82,1020,2025-11-04 21:47:27,20.0,completed,klix,dpd
83,1626,2026-03-10 11:09:15,157.47,completed,klix,dpd
84,2916,2026-06-18 20:08:05,732.2,completed,card,omniva
85,1355,2026-01-09 09:41:51,2193.18,completed,klix,lp_express
86,1831,2025-12-14 22:02:50,95.08,completed,klix,omniva
87,2921,2026-06-20 19:49:35,39.45,completed,bank_transfer,dpd
88,1057,2026-03-23 14:32:21,119.73,completed,card,omniva
89,898,2026-08-06 13:57:37,778.24,completed,klix,omniva
90,2740,2025-12-07 13:43:45,496.52,completed,card,dpd
91,1220,2026-02-25 20:50:15,1503.16,completed,paypal,omniva
92,934,2026-02-09 21:40:00,734.2,completed,paypal,omniva
93,1168,2026-05-20 11:50:04,106.34,cancelled,card,pickup
94,2810,2026-06-18 11:50:28,1172.6,completed,card,dpd
95,503,2026-01-31 11:33:23,111.63,completed,klix,dpd
96,1498,2025-12-27 09:55:27,359.32,completed,bank_transfer,omniva
97,419,2025-12-21 21:13:15,66.52,completed,card,pickup
98,1974,2026-06-16 12:30:48,192.67,completed,klix,dpd
99,2937,2025-12-27 21:00:32,64.46,cancelled,paypal,dpd
100,906,2025-12-27 13:42:00,153.1,returned,klix,dpd
101,855,2026-02-08 19:38:38,87.4,completed,paypal,omniva
102,1819,2026-02-06 19:55:00,100.04,completed,klix,lp_express
103,219,2026-09-21 23:01:27,10.8,completed,klix,dpd
104,1832,2026-04-09 19:48:37,825.29,completed,klix,omniva
105,2541,2025-10-20 09:08:00,731.06,completed,bank_transfer,lp_express
106,169,2026-08-29 20:24:54,1468.4,completed,paypal,dpd
107,376,2026-01-10 08:32:12,39.45,completed,paypal,pickup
108,2447,2025-12-12 11:31:02,17.61,completed,card,dpd
109,33,2026-04-17 09:33:18,52.68,completed,paypal,dpd
110,1030,2026-03-19 08:39:09,74.3,completed,bank_transfer,omniva
111,839,2026-09-05 21:57:45,964.6,completed,card,lp_express
112,1884,2025-11-21 12:03:09,39.35,completed,paypal,dpd
113,1812,2026-02-10 10:01:33,87.19,completed,card,lp_express
114,903,2026-05-14 22:28:37,271.46,completed,klix,pickup
115,2011,2025-10-26 22:52:29,194.15,cancelled,klix,dpd
116,2398,2026-04-11 11:59:02,496.52,completed,klix,lp_express
117,318,2025-10-17 19:18:54,32.44,returned,bank_transfer,lp_express
118,1705,2026-07-25 10:29:53,1184.76,completed,bank_transfer,dpd
119,51,2026-04-13 22:17:58,266.76,completed,paypal,lp_express
120,421,2026-03-28 22:09:38,75.63,completed,paypal,omniva
121,1284,2026-02-19 09:42:41,10.8,completed,paypal,lp_express
122,1239,2026-05-13 19:42:55,44.22,completed,bank_transfer,omniva
123,1916,2026-06-19 20:17:41,296.03,completed,klix,pickup
124,492,2026-02-06 13:59:27,221.38,cancelled,klix,dpd
125,86,2026-05-06 09:15:40,231.6,cancelled,paypal,dpd
126,1794,2025-11-02 19:58:42,225.3,completed,bank_transfer,lp_express
127,2039,2026-01-19 20:46:30,74.3,completed,bank_transfer,lp_express
128,2854,2025-10-02 20:54:01,1119.68,completed,bank_transfer,pickup
129,1385,2025-10-03 22:02:06,11.26,completed,klix,lp_express
130,926,2026-01-11 22:45:58,247.4,completed,bank_transfer,omniva
131,1862,2026-08-04 10:42:36,262.15,completed,klix,dpd
132,1260,2026-01-06 20:40:56,200.58,completed,paypal,dpd
133,867,2026-04-23 08:40:45,105.48,completed,klix,pickup
134,2948,2026-06-25 12:49:25,252.06,completed,bank_transfer,omniva
135,980,2025-11-15 09:26:58,17.61,completed,bank_transfer,lp_express
136,522,2026-05-24 22:45:10,471.16,completed,paypal,dpd
137,2621,2026-09-02 19:13:08,88.34,completed,paypal,dpd
138,494,2025-12-14 12:45:41,254.31,completed,card,lp_express
139,1364,2026-08-24 11:44:48,69.93,completed,card,omniva
140,2113,2026-08-01 08:59:10,105.5,completed,klix,pickup
141,2773,2026-01-22 13:30:38,78.27,returned,klix,dpd
142,987,2025-12-15 14:42:25,226.51,completed,klix,dpd
143,315,2025-10-30 13:19:01,28.28,completed,paypal,omniva
144,752,2026-05-04 14:42:11,71.75,completed,card,omniva
145,1853,2026-03-01 20:34:57,325.14,completed,card,pickup
146,1419,2026-03-09 11:30:56,298.6,completed,bank_transfer,dpd
147,2078,2026-08-19 10:35:28,347.16,completed,paypal,omniva
148,2665,2025-12-10 13:10:02,42.83,cancelled,paypal,dpd
149,2247,2026-09-05 21:11:15,318.25,completed,paypal,lp_express
150,243,2026-08-21 22:00:44,128.49,completed,paypal,dpd
151,2165,2025-12-14 20:41:17,247.46,completed,klix,pickup
152,1086,2026-03-10 20:10:18,614.49,completed,card,omniva
153,71,2026-08-31 10:01:10,110.69,completed,paypal,lp_express
154,2775,2025-10-25 13:41:18,61.81,completed,card,dpd
155,1480,2025-12-16 20:09:07,133.08,completed,bank_transfer,omniva
156,2135,2025-11-05 19:35:44,601.54,completed,card,lp_express
157,812,2026-04-27 11:22:22,886.04,completed,bank_transfer,pickup
158,454,2026-03-09 10:12:38,89.11,completed,paypal,omniva
159,2908,2025-12-11 10:59:13,318.27,completed,paypal,omniva
160,2709,2025-10-06 22:51:55,72.61,completed,klix,dpd
161,2531,2025-11-21 14:28:28,236.24,completed,card,lp_express
162,2345,2026-02-15 08:54:38,751.58,returned,bank_transfer,lp_express
163,172,2026-02-17 13:14:47,39.94,completed,paypal,dpd
164,739,2026-09-11 20:23:56,87.37,completed,klix,omniva
165,2289,2026-04-09 09:12:14,27.48,completed,card,dpd
166,589,2026-08-26 13:33:04,41.02,completed,bank_transfer,pickup
167,1925,2025-10-24 20:20:34,91.47,completed,paypal,lp_express
168,1764,2025-11-26 21:22:03,44.22,completed,bank_transfer,dpd
169,1278,2026-06-08 22:36:36,220.08,completed,paypal,omniva
170,1635,2026-04-05 08:48:41,928.46,completed,bank_transfer,lp_express
171,2081,2026-01-12 08:29:13,30.52,returned,klix,omniva
172,1242,2026-04-22 23:03:25,144.66,completed,paypal,dpd
173,1941,2026-01-24 21:17:32,25.76,completed,klix,pickup
174,135,2025-11-28 11:17:32,103.08,completed,klix,lp_express
175,2732,2026-04-01 22:27:44,390.57,completed,klix,pickup
176,212,2026-08-01 23:14:03,77.29,completed,klix,pickup
177,1158,2026-04-15 21:31:39,21.54,completed,card,lp_express
178,230,2026-02-12 11:54:37,107.71,completed,klix,pickup
179,382,2025-11-16 11:50:27,138.17,completed,bank_transfer,pickup
180,1599,2026-03-08 21:38:11,265.07,completed,bank_transfer,pickup
181,245,2026-02-02 12:39:47,49.42,returned,bank_transfer,pickup
182,2508,2026-02-22 10:42:22,31.66,completed,bank_transfer,dpd
183,2251,2026-05-17 14:30:20,110.69,completed,klix,pickup
184,2349,2025-11-28 19:59:02,346.01,returned,klix,pickup
185,1107,2026-06-30 09:28:22,370.24,completed,bank_transfer,lp_express
186,2856,2025-10-14 09:20:25,922.47,completed,paypal,pickup
187,2723,2025-11-19 09:49:25,400.58,completed,paypal,omniva
188,1957,2026-02-01 14:55:25,100.92,completed,paypal,pickup
189,1756,2026-04-18 22:18:33,232.56,completed,klix,pickup
190,2758,2026-01-23 08:27:03,303.14,completed,klix,lp_express
191,1200,2025-12-10 10:35:06,486.12,completed,card,omniva
192,1495,2025-11-14 14:23:23,594.95,completed,klix,omniva
193,1640,2026-03-24 22:11:22,13.74,completed,bank_transfer,dpd
194,1140,2026-07-19 19:35:15,37.74,completed,paypal,lp_express
195,2481,2026-02-11 09:48:40,38.44,completed,card,pickup
196,737,2026-03-19 13:05:09,264.61,completed,card,lp_express
197,780,2025-10-22 19:46:39,461.65,completed,paypal,omniva
198,1776,2026-01-03 08:18:00,153.49,cancelled,klix,lp_express
199,698,2026-03-25 20:50:38,19.83,completed,card,omniva
200,2281,2026-07-23 13:44:01,106.34,completed,klix,pickup
201,773,2025-11-21 12:04:52,2077.44,completed,paypal,lp_express
202,1926,2026-03-07 08:40:15,31.93,completed,klix,pickup
203,64,2026-02-02 19:43:36,141.5,completed,bank_transfer,pickup
204,1929,2026-01-31 10:47:02,72.61,completed,card,omniva
205,2512,2025-12-20 10:59:54,276.34,completed,bank_transfer,lp_express
206,244,2026-09-12 14:47:43,491.57,completed,bank_transfer,dpd
207,2171,2026-06-12 20:08:30,110.39,completed,card,pickup
208,577,2026-08-14 10:06:57,1786.2,completed,bank_transfer,pickup
209,1747,2026-04-05 22:38:54,88.34,completed,card,lp_express
210,475,2025-11-14 09:40:03,63.15,completed,klix,lp_express
211,1976,2026-09-03 19:26:44,807.84,completed,paypal,omniva
212,2011,2026-06-04 20:47:49,586.3,completed,paypal,dpd
213,505,2026-06-24 12:53:05,620.95,completed,bank_transfer,lp_express
214,528,2026-05-18 11:34:52,109.37,completed,klix,omniva
215,1297,2026-04-21 10:44:57,214.17,completed,klix,pickup
216,2375,2026-01-31 11:55:23,438.36,completed,card,omniva
217,506,2026-02-19 22:23:50,52.83,completed,paypal,pickup
218,2024,2026-04-16 14:04:14,458.64,completed,klix,omniva
219,1426,2026-02-19 11:55:31,666.59,completed,klix,lp_express
220,2727,2026-06-13 09:03:28,487.86,completed,card,pickup
221,2935,2025-12-13 09:04:05,52.68,completed,klix,lp_express
222,1876,2025-12-11 19:46:19,142.78,completed,klix,dpd
223,1985,2026-01-19 13:52:30,456.41,completed,bank_transfer,lp_express
224,1519,2025-12-16 12:44:50,46.85,completed,bank_transfer,omniva
225,818,2025-12-17 10:25:24,124.08,completed,paypal,omniva
226,1462,2026-05-14 08:21:03,30.52,completed,bank_transfer,omniva
227,326,2026-04-25 10:28:26,48.24,completed,bank_transfer,dpd
228,1136,2026-01-31 12:14:25,1321.48,completed,bank_transfer,dpd
229,988,2026-07-17 09:36:45,794.14,completed,card,lp_express
230,2000,2025-11-19 12:38:33,42.45,completed,bank_transfer,pickup
231,88,2025-11-13 09:45:22,838.4,completed,paypal,pickup
232,477,2026-06-25 12:46:02,27.31,completed,paypal,omniva
233,1840,2026-07-27 20:37:35,2529.29,completed,paypal,pickup
234,1768,2026-09-17 22:26:37,35.16,completed,card,omniva
235,1711,2026-03-18 11:23:41,940.01,completed,bank_transfer,dpd
236,423,2026-02-19 12:02:37,39.35,completed,bank_transfer,omniva
237,2174,2026-05-05 08:31:37,35.09,returned,paypal,omniva
238,1004,2026-06-30 21:12:09,21.54,completed,paypal,dpd
239,1046,2026-07-07 10:24:35,110.39,cancelled,klix,omniva
240,1196,2025-11-30 20:41:41,1462.12,completed,bank_transfer,dpd
241,681,2026-02-19 14:15:18,472.48,completed,bank_transfer,omniva
242,2818,2026-06-02 10:00:10,220.22,completed,klix,pickup
243,2484,2025-12-06 22:30:47,71.75,completed,card,dpd
244,2553,2026-03-23 13:01:18,324.58,completed,klix,dpd
245,1870,2025-10-24 21:29:39,964.84,completed,bank_transfer,pickup
246,1033,2026-05-31 14:21:50,211.97,completed,card,pickup
247,1979,2026-04-29 14:29:10,218.74,completed,klix,omniva
248,9,2026-09-20 19:42:21,1067.38,completed,card,dpd
249,2792,2026-01-30 19:25:05,423.32,completed,bank_transfer,dpd
250,1123,2026-01-13 13:53:33,19.83,completed,klix,pickup
251,2414,2026-05-02 12:43:50,72.78,completed,klix,pickup
252,1643,2025-12-07 09:46:37,303.62,completed,bank_transfer,omniva
253,1280,2026-06-23 11:43:42,27.31,completed,paypal,lp_express
254,1018,2026-05-02 13:37:26,164.36,completed,card,dpd
255,2069,2025-10-30 10:20:43,262.93,completed,klix,lp_express
256,2567,2026-02-24 08:36:52,59.91,completed,card,omniva
257,2844,2026-06-13 08:54:50,470.8,cancelled,bank_transfer,lp_express
258,1810,2025-12-25 22:06:53,462.96,completed,paypal,dpd
259,827,2026-07-09 20:19:47,185.59,completed,klix,dpd
260,2916,2026-08-13 10:31:11,635.06,completed,paypal,lp_express
261,2442,2026-08-21 13:27:24,38.44,completed,paypal,pickup
262,851,2026-04-09 12:33:50,105.48,completed,paypal,dpd
263,1188,2026-01-21 14:56:40,69.93,completed,card,pickup
264,695,2025-12-23 13:15:36,734.2,completed,bank_transfer,dpd
265,308,2026-07-15 08:37:05,39.69,completed,card,lp_express
266,498,2025-10-19 20:11:04,19.09,completed,card,pickup
267,1792,2026-07-08 09:24:21,11.66,completed,paypal,pickup
268,109,2026-05-08 09:01:38,1235.43,completed,klix,lp_express
269,1798,2026-06-20 23:11:02,75.48,returned,bank_transfer,omniva
270,2934,2025-12-15 14:26:58,286.59,completed,paypal,lp_express
271,155,2026-08-14 10:56:41,232.56,completed,bank_transfer,dpd
272,2679,2025-11-10 08:22:10,57.27,completed,card,dpd
273,1355,2026-07-20 20:55:57,188.96,completed,klix,pickup
274,2849,2026-03-09 19:49:12,950.4,completed,paypal,lp_express
275,2345,2026-02-17 21:39:21,53.93,completed,klix,lp_express
276,2684,2025-12-11 11:26:03,999.09,returned,card,lp_express
277,1070,2026-07-11 12:36:37,511.66,completed,paypal,pickup
278,841,2026-08-04 20:38:35,936.43,completed,klix,omniva
279,1304,2026-07-08 21:40:09,155.07,completed,card,dpd
280,2610,2026-01-30 11:10:13,130.15,completed,paypal,pickup
281,1011,2026-04-07 09:47:12,689.95,returned,paypal,pickup
282,97,2025-11-07 09:22:26,173.84,returned,klix,dpd
283,1376,2026-03-29 12:58:22,31.93,completed,card,lp_express
284,1503,2026-04-28 09:02:50,72.61,completed,paypal,dpd
285,1464,2026-05-12 21:23:58,787.83,completed,paypal,lp_express
286,947,2025-12-28 10:44:49,359.32,completed,klix,dpd
287,636,2026-04-15 14:26:27,32.44,completed,card,pickup
288,455,2026-05-01 13:02:24,13.74,completed,paypal,pickup
289,2694,2025-12-23 23:09:17,2301.96,completed,paypal,lp_express
290,1226,2025-11-13 22:08:07,1023.86,completed,bank_transfer,omniva
291,421,2026-02-20 09:59:47,19.83,completed,paypal,lp_express
292,590,2026-05-06 22:33:39,496.74,completed,bank_transfer,dpd
293,2684,2026-02-12 09:05:11,63.15,completed,card,dpd
294,215,2025-12-04 21:40:59,219.04,completed,klix,pickup
295,1022,2026-06-18 13:08:38,586.3,cancelled,bank_transfer,pickup
296,2793,2025-11-18 15:00:17,52.68,cancelled,bank_transfer,lp_express
297,403,2026-02-03 21:51:15,38.97,completed,card,lp_express
298,2040,2026-05-21 13:51:07,176.51,completed,klix,omniva
299,2282,2025-12-26 19:44:13,22.06,completed,paypal,pickup
300,743,2026-08-25 20:38:18,39.69,completed,klix,omniva
301,216,2026-05-21 19:22:23,1471.35,completed,bank_transfer,pickup
302,1518,2025-12-09 23:03:43,13.01,cancelled,card,pickup
303,1301,2025-11-22 09:49:33,19.22,completed,paypal,lp_express
304,1833,2026-03-08 12:39:59,8.39,completed,paypal,dpd
305,868,2026-07-28 12:30:35,138.17,completed,card,lp_express
306,2281,2026-08-31 22:47:54,65.19,completed,paypal,omniva
307,1393,2026-05-27 22:31:09,148.6,completed,card,lp_express
308,232,2026-02-20 10:50:27,861.66,returned,klix,pickup
309,1128,2026-06-03 21:42:13,39.54,completed,card,pickup
310,1907,2026-05-04 08:27:32,72.1,completed,paypal,dpd
311,800,2025-11-25 13:24:12,479.07,completed,paypal,omniva
312,1668,2025-11-27 11:33:21,284.38,completed,paypal,pickup
313,2961,2025-11-26 13:09:40,295.13,completed,bank_transfer,dpd
314,1246,2026-02-09 12:57:45,806.2,completed,bank_transfer,lp_express
315,458,2025-12-07 13:42:23,920.94,completed,klix,dpd
316,2329,2026-03-16 12:02:31,177.18,completed,klix,dpd
317,748,2026-06-21 12:04:35,297.76,completed,paypal,lp_express
318,2126,2026-05-19 21:02:07,1091.48,completed,klix,dpd
319,31,2026-07-20 12:20:23,1030.1,completed,bank_transfer,pickup
320,279,2026-03-27 09:04:55,192.53,completed,klix,omniva
321,934,2026-08-30 22:58:03,358.2,returned,paypal,omniva
322,544,2025-11-06 10:09:27,11.26,completed,paypal,dpd
323,807,2026-03-10 09:50:57,173.54,completed,card,pickup
324,1419,2026-02-04 21:16:52,110.39,completed,paypal,pickup
325,228,2026-01-19 12:07:18,38.44,completed,card,lp_express
326,357,2026-04-11 23:06:24,1571.34,returned,card,pickup
327,2437,2025-11-09 20:26:34,200.18,completed,card,lp_express
328,599,2026-09-13 08:38:37,434.64,completed,klix,dpd
329,1860,2026-08-09 08:21:10,761.51,completed,bank_transfer,lp_express
330,405,2025-11-04 10:37:52,35.09,completed,klix,pickup
331,1791,2026-03-25 14:17:56,141.3,completed,bank_transfer,omniva
332,1044,2026-08-20 14:38:28,30.35,completed,card,pickup
333,1456,2026-06-29 20:34:41,751.58,completed,card,lp_express
334,2992,2025-11-05 14:35:43,72.1,completed,paypal,pickup
335,2441,2025-11-21 09:12:50,399.01,completed,klix,pickup
336,2616,2025-11-22 09:59:43,11.66,completed,bank_transfer,omniva
337,1388,2026-03-15 14:33:52,84.89,completed,card,omniva
338,2204,2026-02-19 11:34:27,109.43,completed,klix,pickup
339,708,2025-12-24 10:10:47,828.87,completed,card,omniva
340,375,2026-05-06 21:19:15,971.02,completed,klix,omniva
341,291,2026-02-11 21:48:38,76.99,completed,klix,dpd
342,2032,2026-02-13 10:09:44,53.09,returned,klix,lp_express
343,1616,2026-04-23 21:33:17,423.15,completed,klix,dpd
344,2071,2026-09-08 23:04:50,166.62,completed,card,pickup
345,988,2026-02-05 12:56:33,501.96,completed,bank_transfer,lp_express
346,1372,2026-01-22 22:27:29,128.46,completed,card,lp_express
347,2400,2026-02-27 08:42:33,355.48,completed,klix,lp_express
348,1951,2025-12-27 08:39:11,59.91,completed,bank_transfer,pickup
349,2847,2026-03-02 10:41:40,254.17,completed,card,pickup
350,2603,2026-09-30 22:09:07,65.06,completed,bank_transfer,pickup
351,674,2026-06-20 11:58:15,66.81,completed,card,omniva
352,628,2026-03-14 11:25:00,142.78,completed,card,omniva
353,2566,2026-08-01 20:26:35,27.31,returned,paypal,pickup
354,24,2026-01-26 09:09:52,25.76,completed,paypal,dpd
355,369,2026-09-11 20:09:45,335.65,completed,card,lp_express
356,311,2026-07-08 14:36:38,397.07,completed,card,dpd
357,2881,2025-10-31 11:44:13,216.3,completed,card,lp_express
358,115,2026-04-17 20:05:31,496.52,completed,paypal,omniva
359,2703,2026-05-10 11:34:45,111.82,completed,bank_transfer,lp_express
360,2854,2025-10-06 11:31:17,20.0,completed,paypal,lp_express
361,114,2026-07-06 14:10:45,732.2,completed,klix,dpd
362,2303,2026-06-01 21:27:43,350.46,completed,klix,lp_express
363,1926,2025-10-14 14:08:40,184.83,completed,card,omniva
364,1583,2026-05-28 09:50:13,76.16,completed,card,omniva
365,383,2025-12-28 12:16:57,53.09,completed,card,pickup
366,1140,2026-05-20 14:40:07,130.63,completed,klix,lp_express
367,1137,2026-08-29 19:48:35,794.41,completed,paypal,dpd
368,2405,2026-06-28 20:48:48,106.34,completed,card,pickup
369,2229,2026-03-09 10:32:10,261.25,completed,bank_transfer,lp_express
370,1100,2026-02-17 11:55:02,586.3,completed,paypal,omniva
371,2785,2026-09-15 20:31:35,546.56,completed,bank_transfer,omniva
372,2994,2026-05-03 13:31:58,69.93,completed,klix,lp_express
373,1395,2026-01-01 12:35:46,1872.92,completed,klix,dpd
374,1426,2026-05-08 14:20:16,110.69,completed,klix,pickup
375,318,2025-11-03 21:57:53,36.67,completed,klix,pickup
376,1016,2025-12-14 10:45:05,84.34,completed,bank_transfer,omniva
377,2330,2025-11-27 13:13:08,19.0,completed,card,pickup
378,671,2026-03-06 12:53:29,1018.8,completed,klix,dpd
379,2282,2025-11-12 10:52:33,10.8,completed,klix,omniva
380,684,2026-08-25 22:37:08,30.52,completed,paypal,dpd
381,2082,2025-12-06 19:30:44,1347.38,completed,bank_transfer,omniva
382,2088,2025-10-06 13:44:13,39.97,returned,card,pickup
383,1986,2026-01-10 10:28:20,68.53,completed,bank_transfer,lp_express
384,2928,2026-03-14 14:50:04,496.52,completed,bank_transfer,lp_express
385,1716,2025-11-20 19:46:13,1713.72,completed,bank_transfer,omniva
386,2597,2026-06-07 12:12:16,666.59,completed,bank_transfer,omniva
387,1987,2026-05-18 19:38:57,371.37,completed,paypal,dpd
388,2529,2026-08-22 14:32:34,165.35,completed,bank_transfer,lp_express
389,313,2026-01-19 22:48:25,1125.24,returned,card,pickup
390,2922,2026-09-16 22:47:40,264.87,completed,paypal,omniva
391,2325,2026-01-04 09:24:08,19.77,completed,bank_transfer,dpd
392,496,2026-02-07 12:41:13,522.87,completed,klix,pickup
393,600,2025-12-06 19:42:39,100.56,cancelled,klix,omniva
394,2122,2026-01-21 08:33:08,212.68,completed,paypal,pickup
395,794,2025-12-20 11:37:01,264.87,completed,paypal,pickup
396,514,2025-11-18 14:31:34,35.16,completed,card,pickup
397,1269,2026-02-13 13:30:44,326.02,completed,klix,omniva
398,906,2025-12-18 15:14:21,326.47,cancelled,bank_transfer,pickup
399,344,2025-12-05 21:06:13,51.63,completed,paypal,omniva
400,2672,2026-03-04 21:26:14,28.28,completed,klix,pickup
401,2690,2025-12-02 12:25:24,193.79,completed,paypal,pickup
402,2621,2026-04-22 11:30:41,1044.67,completed,paypal,lp_express
403,2843,2026-08-02 10:24:09,828.57,completed,paypal,pickup
404,776,2026-03-16 20:06:33,660.24,completed,paypal,omniva
405,1827,2025-12-19 11:55:46,196.25,completed,card,dpd
406,1433,2025-11-24 14:30:38,281.05,completed,paypal,dpd
407,1397,2026-09-23 11:16:08,30.63,completed,paypal,lp_express
408,2904,2026-03-21 20:30:21,12.16,completed,bank_transfer,dpd
409,1455,2026-07-19 11:20:18,390.08,completed,paypal,omniva
410,31,2026-05-05 10:03:19,814.21,completed,paypal,lp_express
411,1973,2026-05-17 12:17:56,97.13,completed,paypal,dpd
412,2990,2025-12-18 23:10:05,1020.78,completed,card,dpd
413,2037,2026-01-08 12:52:12,111.96,completed,bank_transfer,omniva
414,1957,2025-12-05 09:54:05,619.13,completed,paypal,dpd
415,709,2026-03-06 20:54:56,844.89,returned,card,pickup
416,2350,2026-04-11 14:03:43,119.07,completed,bank_transfer,pickup
417,2497,2026-05-28 22:16:56,59.91,completed,paypal,lp_express
418,751,2026-05-15 20:13:03,869.63,completed,klix,omniva
419,1024,2026-03-11 10:26:32,333.56,completed,bank_transfer,lp_express
420,2649,2026-06-29 09:27:56,116.82,completed,paypal,pickup
421,347,2025-12-15 14:18:26,947.01,completed,klix,omniva
422,540,2025-11-25 09:02:09,100.56,completed,paypal,lp_express
423,2297,2025-12-18 23:08:44,1093.34,returned,bank_transfer,lp_express
424,781,2025-12-08 21:58:38,595.4,completed,klix,dpd
425,646,2026-09-25 21:11:11,114.93,completed,paypal,dpd
426,42,2026-05-25 11:30:53,134.25,completed,paypal,lp_express
427,722,2025-12-26 13:16:44,179.73,completed,klix,pickup
428,2062,2026-05-28 08:46:54,226.56,completed,bank_transfer,lp_express
429,68,2026-08-24 11:20:24,107.86,completed,paypal,lp_express
430,52,2026-04-01 21:40:36,33.98,completed,card,omniva
431,912,2026-06-27 23:16:49,183.33,completed,klix,pickup
432,2643,2026-03-25 08:55:24,1109.68,completed,klix,dpd
433,748,2026-07-07 15:24:30,217.83,completed,klix,dpd
434,1047,2026-02-27 14:34:24,12.73,completed,bank_transfer,lp_express
435,2556,2026-08-28 22:30:19,1486.35,completed,bank_transfer,pickup
436,2502,2025-11-19 14:44:06,606.07,completed,klix,lp_express
437,2406,2025-11-24 09:06:12,440.15,completed,card,dpd
438,699,2026-04-13 08:56:22,1226.88,completed,bank_transfer,pickup
439,741,2026-06-13 11:10:18,32.44,completed,card,lp_express
440,269,2025-12-31 12:25:14,234.03,completed,bank_transfer,lp_express
441,1215,2026-02-10 12:03:37,180.47,completed,bank_transfer,omniva
442,1100,2026-01-08 12:50:36,299.57,completed,klix,omniva
443,2,2026-05-08 22:00:46,2438.27,completed,paypal,omniva
444,1672,2026-06-22 14:29:37,232.56,cancelled,card,lp_express
445,191,2025-10-30 19:42:22,32.44,completed,bank_transfer,pickup
446,2588,2025-11-25 23:06:30,95.09,completed,bank_transfer,pickup
447,926,2025-12-01 11:50:47,219.63,completed,bank_transfer,lp_express
448,1017,2026-01-05 11:57:31,52.68,completed,bank_transfer,lp_express
449,747,2026-04-19 23:00:43,352.13,completed,card,omniva
450,1633,2026-02-06 11:47:22,280.88,completed,klix,dpd
451,545,2026-04-01 19:50:30,907.25,completed,card,lp_express
452,1937,2026-04-07 22:20:12,39.98,completed,paypal,dpd
453,1410,2025-11-21 11:35:57,587.14,completed,paypal,lp_express
454,709,2026-03-08 13:24:04,670.73,completed,card,omniva
455,355,2026-08-31 10:36:30,130.12,completed,bank_transfer,lp_express
456,404,2026-02-04 13:34:54,178.51,cancelled,klix,pickup
457,1114,2026-09-08 13:36:44,1211.89,completed,paypal,pickup
458,1633,2026-09-02 13:23:19,46.79,completed,klix,pickup
459,2995,2026-07-09 11:33:50,38.19,completed,bank_transfer,pickup
460,1196,2025-12-07 12:05:16,65.06,completed,klix,lp_express
461,2881,2025-12-22 12:47:58,247.46,returned,bank_transfer,pickup
462,136,2025-11-11 20:30:48,488.28,completed,bank_transfer,omniva
463,729,2026-05-16 11:46:00,92.04,completed,paypal,omniva
464,2548,2025-12-29 13:21:32,11.66,completed,klix,omniva
465,2826,2026-01-29 20:52:29,28.28,completed,paypal,lp_express
466,1565,2026-04-18 20:57:29,794.61,completed,paypal,lp_express
467,2555,2026-01-29 11:50:19,279.64,completed,paypal,dpd
468,2794,2026-08-21 12:43:09,158.07,completed,bank_transfer,lp_express
469,1937,2026-03-08 14:29:31,30.52,completed,klix,omniva
470,2789,2025-11-07 13:26:01,13.01,completed,klix,dpd
471,1574,2026-08-25 14:06:56,699.01,completed,bank_transfer,omniva
472,2848,2026-08-26 20:22:07,38.0,completed,paypal,lp_express
473,2782,2026-01-14 20:54:59,919.91,completed,klix,lp_express
474,743,2026-08-14 21:00:55,61.89,completed,bank_transfer,dpd
475,2346,2025-11-01 10:09:24,1153.43,completed,card,dpd
476,1329,2025-12-04 12:00:48,25.76,cancelled,klix,pickup
477,2803,2026-06-17 15:01:14,1679.28,completed,paypal,dpd
478,1379,2026-02-19 20:27:26,100.56,completed,paypal,lp_express
479,1302,2026-09-13 08:45:24,986.91,completed,card,omniva
480,2427,2025-11-30 15:10:06,39.69,completed,card,lp_express
481,677,2026-05-04 08:14:01,440.1,completed,card,lp_express
482,559,2026-05-30 13:30:02,105.01,completed,paypal,dpd
483,1403,2026-03-16 09:56:48,529.3,completed,klix,dpd
484,1711,2026-01-10 22:29:13,119.73,completed,paypal,lp_express
485,2886,2026-06-21 11:08:43,44.22,completed,bank_transfer,lp_express
486,291,2026-07-17 20:50:48,818.59,completed,paypal,pickup
487,116,2026-09-27 13:05:17,74.3,completed,klix,omniva
488,993,2026-04-25 14:27:39,110.39,completed,card,lp_express
489,1964,2026-02-20 08:58:17,83.2,completed,card,pickup
490,1527,2025-12-01 22:51:50,824.54,completed,klix,pickup
491,826,2025-11-14 09:12:30,463.2,completed,klix,pickup
492,2943,2026-01-16 13:06:59,1010.22,completed,bank_transfer,pickup
493,2823,2026-07-26 21:39:38,1417.43,completed,card,lp_express
494,806,2026-06-29 21:27:59,265.07,completed,bank_transfer,omniva
495,661,2025-10-28 23:11:33,142.62,completed,paypal,dpd
496,2795,2026-04-06 11:02:06,597.2,completed,klix,omniva
497,1318,2026-05-15 14:02:07,834.86,completed,klix,lp_express
498,246,2026-01-02 08:29:36,203.5,completed,card,pickup
499,1303,2026-01-31 21:37:35,10.8,completed,paypal,lp_express
500,888,2026-04-04 22:08:33,239.46,completed,paypal,pickup
501,2478,2026-08-28 14:15:03,46.85,completed,paypal,dpd
502,1804,2025-10-17 08:42:57,316.66,completed,card,dpd
503,2100,2025-11-11 14:13:29,39.35,cancelled,card,dpd
504,2981,2025-12-11 21:27:53,35.16,completed,klix,lp_express
505,883,2026-08-01 23:08:14,72.61,completed,bank_transfer,pickup
506,1949,2026-04-01 14:28:16,69.93,completed,bank_transfer,lp_express
507,362,2025-10-22 15:09:35,806.23,cancelled,card,lp_express
508,2805,2025-11-04 13:18:35,183.67,completed,paypal,lp_express
509,1121,2026-09-21 19:37:54,247.46,completed,paypal,dpd
510,1898,2026-07-27 14:48:12,8.39,completed,paypal,pickup
511,2846,2026-04-01 14:17:28,55.98,returned,paypal,lp_express
512,2437,2025-12-17 08:17:33,400.96,returned,card,dpd
513,1496,2025-11-06 23:00:38,22.27,completed,card,omniva
514,1661,2026-09-16 11:17:02,39.54,completed,card,lp_express
515,2174,2026-04-09 09:57:52,93.34,cancelled,paypal,dpd
516,807,2026-03-24 22:25:50,720.16,completed,klix,dpd
517,2674,2026-05-05 14:20:00,11.26,completed,paypal,omniva
518,179,2025-12-06 08:38:24,831.58,completed,paypal,pickup
519,823,2025-11-19 10:51:01,229.32,completed,card,lp_express
520,255,2026-08-12 21:51:46,39.35,completed,bank_transfer,omniva
521,1823,2025-12-14 20:41:42,69.93,completed,bank_transfer,omniva
522,1126,2025-10-23 21:15:42,118.12,completed,bank_transfer,lp_express
523,1844,2026-06-27 09:39:06,221.78,completed,klix,dpd
524,1108,2025-11-16 12:53:57,97.31,completed,card,pickup
525,95,2025-11-12 23:11:31,146.84,completed,card,pickup
526,609,2026-08-21 22:01:45,2638.82,completed,paypal,lp_express
527,2367,2026-04-05 10:48:16,264.87,returned,card,dpd
528,2490,2026-09-08 19:58:51,1032.8,completed,klix,pickup
529,1090,2026-08-13 10:16:46,248.4,completed,paypal,pickup
530,1642,2026-02-03 12:44:27,1038.09,completed,card,dpd
531,2314,2026-04-04 21:19:16,35.16,completed,card,lp_express
532,15,2026-01-06 14:08:19,239.14,completed,bank_transfer,lp_express
533,1042,2025-12-30 19:54:56,39.35,completed,card,omniva
534,2291,2026-06-25 11:25:19,168.68,completed,klix,lp_express
535,755,2026-06-13 19:17:52,824.66,completed,klix,omniva
536,549,2026-09-20 09:28:14,276.92,completed,klix,omniva
537,250,2026-03-12 14:38:06,1730.65,completed,card,omniva
538,1760,2026-01-04 09:33:14,19.09,completed,bank_transfer,dpd
539,233,2026-09-03 12:21:21,78.27,completed,klix,lp_express
540,2560,2026-01-13 11:32:37,93.58,completed,paypal,pickup
541,903,2026-08-21 10:38:02,12.73,completed,paypal,omniva
542,1466,2026-01-09 12:39:23,194.26,completed,card,dpd
543,1259,2026-07-31 19:26:39,76.89,completed,klix,pickup
544,2957,2026-03-16 12:49:15,65.06,completed,bank_transfer,pickup
545,2586,2026-06-07 11:16:38,110.39,completed,card,omniva
546,1160,2026-04-11 13:53:21,53.09,completed,bank_transfer,pickup
547,2497,2025-12-11 13:18:40,55.94,completed,card,omniva
548,1212,2026-04-03 11:24:46,344.75,completed,card,dpd
549,2743,2026-05-02 09:33:01,109.84,completed,bank_transfer,lp_express
550,155,2026-09-21 14:20:00,278.2,completed,card,lp_express
551,2456,2026-06-19 19:47:20,77.29,completed,klix,lp_express
552,1882,2026-03-16 09:40:32,126.86,completed,paypal,omniva
553,782,2026-09-16 08:42:07,39.35,completed,card,pickup
554,2804,2026-06-10 13:27:09,220.08,completed,klix,omniva
555,494,2025-12-04 09:16:05,1186.02,completed,bank_transfer,omniva
556,2463,2026-06-15 20:44:51,63.15,completed,card,dpd
557,2274,2026-01-28 23:02:59,173.45,completed,bank_transfer,pickup
558,1800,2026-05-02 14:38:45,144.2,completed,paypal,omniva
559,1735,2026-03-30 12:17:47,101.17,completed,bank_transfer,omniva
560,2574,2026-06-02 19:42:33,184.11,returned,card,dpd
561,1702,2026-02-15 08:37:13,21.6,completed,klix,lp_express
562,776,2025-12-25 19:23:17,1003.68,completed,paypal,omniva
563,1283,2026-05-14 19:14:40,142.78,completed,bank_transfer,lp_express
564,1307,2026-03-02 13:56:32,501.84,completed,paypal,omniva
565,2582,2025-12-09 22:32:40,288.69,completed,klix,omniva
566,981,2026-02-08 12:57:56,667.15,completed,paypal,dpd
567,603,2025-11-16 22:31:38,398.38,completed,bank_transfer,omniva
568,709,2026-04-01 21:24:19,80.78,completed,klix,omniva
569,2823,2026-07-07 10:08:29,145.22,cancelled,klix,omniva
570,1647,2026-01-18 14:51:06,54.8,completed,card,lp_express
571,755,2026-02-23 20:17:42,400.46,completed,card,pickup
572,49,2025-11-26 09:35:53,72.1,cancelled,paypal,lp_express
573,343,2026-01-24 13:12:26,412.92,cancelled,bank_transfer,pickup
574,911,2025-12-02 20:33:19,55.02,completed,card,lp_express
575,2796,2025-12-27 20:46:41,22.06,completed,klix,omniva
576,1783,2026-07-27 23:07:07,664.64,completed,paypal,dpd
577,947,2026-06-30 14:54:19,88.34,cancelled,bank_transfer,dpd
578,496,2026-01-11 21:47:46,175.4,completed,klix,omniva
579,1833,2026-05-06 14:41:32,156.54,returned,card,omniva
580,2201,2026-06-11 19:31:45,221.78,completed,paypal,pickup
581,2409,2025-10-12 09:34:12,272.01,completed,paypal,lp_express
582,783,2026-01-28 09:26:44,272.03,completed,card,lp_express
583,1372,2026-03-05 19:36:28,119.82,completed,bank_transfer,omniva
584,593,2026-03-10 11:58:49,52.68,completed,card,omniva
585,2108,2026-05-10 22:46:38,78.27,completed,paypal,omniva
586,75,2026-05-10 20:13:22,326.02,completed,bank_transfer,omniva
587,2066,2025-11-20 14:25:28,1077.96,completed,bank_transfer,omniva
588,182,2026-04-05 22:51:40,141.63,returned,card,pickup
589,916,2025-12-02 08:22:35,111.27,completed,klix,dpd
590,1248,2026-05-14 08:37:20,824.72,completed,klix,pickup
591,1694,2026-03-30 13:29:59,862.78,completed,bank_transfer,dpd
592,1458,2026-06-16 08:57:28,59.91,completed,paypal,omniva
593,1651,2025-12-12 10:02:16,149.09,completed,klix,dpd
594,1935,2025-11-28 12:07:45,75.94,completed,bank_transfer,omniva
595,477,2026-09-30 10:38:50,46.79,completed,klix,lp_express
596,774,2026-07-11 21:27:15,87.4,completed,paypal,lp_express
597,1764,2025-11-18 14:54:35,819.4,completed,bank_transfer,lp_express
598,544,2026-04-23 13:44:47,44.22,completed,card,pickup
599,1581,2026-08-12 22:25:16,30.88,completed,bank_transfer,pickup
600,23,2025-12-09 22:28:56,771.14,returned,klix,pickup
601,2897,2026-09-17 21:26:08,806.2,completed,card,dpd
602,155,2025-11-10 13:14:21,112.06,completed,bank_transfer,pickup
603,304,2025-11-24 09:50:11,646.31,completed,klix,dpd
604,2089,2026-01-22 08:19:36,1940.82,completed,bank_transfer,dpd
605,259,2026-01-18 14:31:44,81.19,returned,paypal,lp_express
606,2537,2025-12-30 13:01:47,109.53,completed,klix,dpd
607,2930,2026-01-07 09:05:06,87.4,returned,bank_transfer,lp_express
608,1227,2025-10-27 13:08:22,84.31,completed,paypal,omniva
609,1860,2025-11-24 11:15:26,967.84,completed,bank_transfer,dpd
610,1303,2025-11-18 12:06:34,66.74,completed,bank_transfer,pickup
611,1243,2026-07-15 11:09:43,69.93,cancelled,card,omniva
612,2092,2026-02-24 22:18:06,298.6,completed,paypal,dpd
613,1628,2026-02-11 13:53:06,110.39,completed,bank_transfer,lp_express
614,2434,2026-07-21 14:35:59,1534.64,completed,card,omniva
615,1851,2026-02-13 22:41:01,359.32,completed,klix,lp_express
616,1308,2026-07-22 14:46:50,42.83,completed,card,dpd
617,2102,2026-07-04 11:41:40,109.37,completed,bank_transfer,lp_express
618,2912,2026-03-27 21:06:06,392.1,completed,bank_transfer,dpd
619,2331,2025-10-21 19:50:36,27.48,completed,bank_transfer,lp_express
620,2915,2025-10-15 21:59:23,58.48,completed,klix,lp_express
621,1719,2025-10-10 23:16:15,751.58,completed,klix,lp_express
622,3,2026-08-24 10:54:26,178.51,completed,klix,pickup
623,2688,2026-03-05 12:02:24,501.54,returned,paypal,lp_express
624,1018,2026-05-05 13:47:59,39.69,completed,klix,pickup
625,2349,2026-07-27 11:32:48,156.54,completed,bank_transfer,lp_express
626,2417,2026-04-25 21:26:02,298.6,completed,klix,lp_express
627,356,2026-09-02 11:11:45,490.84,completed,paypal,dpd
628,919,2026-03-22 10:34:01,44.22,completed,card,lp_express
629,2723,2026-08-12 19:39:28,119.73,completed,bank_transfer,pickup
630,797,2026-04-27 14:18:27,297.76,completed,card,dpd
631,1272,2026-03-16 19:50:43,340.02,completed,bank_transfer,pickup
632,647,2025-10-14 20:13:53,65.06,completed,card,dpd
633,2431,2026-02-09 12:44:53,281.51,completed,klix,pickup
634,1389,2026-01-23 11:08:55,163.07,completed,bank_transfer,omniva
635,1024,2026-01-16 09:09:10,1621.81,completed,klix,dpd
636,668,2026-08-29 08:40:53,19.0,completed,paypal,lp_express
637,1358,2026-01-23 19:30:20,106.91,completed,bank_transfer,dpd
638,2282,2025-10-23 10:10:20,508.37,completed,bank_transfer,dpd
639,622,2026-07-13 09:01:09,35.16,completed,bank_transfer,lp_express
640,2968,2026-06-26 20:59:30,466.3,completed,card,lp_express
641,1488,2026-04-21 14:57:01,77.29,completed,klix,pickup
642,370,2026-04-10 20:56:13,496.52,completed,bank_transfer,omniva
643,494,2026-01-18 20:58:54,22.27,cancelled,card,omniva
644,893,2025-11-13 09:57:02,751.58,returned,bank_transfer,omniva
645,780,2025-11-08 10:54:31,355.54,completed,klix,dpd
646,2682,2026-05-30 09:59:07,1200.28,completed,paypal,dpd
647,1222,2026-03-03 21:22:52,247.46,completed,card,dpd
648,705,2026-08-23 09:36:28,595.4,completed,bank_transfer,omniva
649,2326,2025-12-21 09:32:48,21.54,completed,klix,pickup
650,1149,2026-05-18 20:01:55,205.97,completed,bank_transfer,dpd
651,2548,2025-12-17 09:57:30,20.0,completed,bank_transfer,omniva
652,1737,2026-02-18 20:43:23,402.31,cancelled,card,omniva
653,1971,2026-02-17 12:34:00,55.94,completed,bank_transfer,omniva
654,1023,2026-02-18 11:52:28,734.2,completed,klix,lp_express
655,956,2026-01-23 15:02:35,71.75,completed,paypal,dpd
656,1694,2026-04-21 08:18:26,392.22,completed,card,dpd
657,437,2026-02-03 12:50:14,110.39,completed,klix,pickup
658,2845,2026-08-14 12:51:52,293.6,completed,paypal,dpd
659,1779,2025-12-25 22:18:02,298.6,completed,paypal,dpd
660,698,2026-03-08 11:08:49,84.34,completed,card,lp_express
661,383,2025-12-17 15:08:48,110.39,completed,paypal,dpd
662,896,2025-11-10 10:42:49,828.87,completed,paypal,lp_express
663,33,2026-03-13 10:16:50,59.06,returned,paypal,pickup
664,2050,2026-08-01 10:31:49,503.59,cancelled,paypal,dpd
665,1114,2026-09-23 20:36:19,232.56,completed,klix,pickup
666,2048,2025-12-31 20:25:29,386.23,completed,paypal,omniva
667,2765,2026-06-30 22:56:42,2343.89,completed,card,lp_express
668,2238,2026-03-06 15:15:34,555.58,completed,bank_transfer,pickup
669,2089,2026-06-01 15:02:02,1758.46,completed,paypal,pickup
670,1202,2026-01-18 13:36:50,149.09,completed,paypal,dpd
671,1629,2025-11-22 22:03:25,1127.64,cancelled,paypal,omniva
672,2542,2026-04-19 11:30:00,175.67,completed,card,lp_express
673,735,2025-11-12 10:49:36,77.29,completed,klix,dpd
674,829,2026-01-09 10:23:56,540.55,completed,klix,omniva
675,1575,2025-11-10 23:06:29,118.12,completed,klix,pickup
676,1561,2026-05-25 13:00:18,1172.6,completed,klix,pickup
677,430,2026-03-16 11:09:19,708.31,completed,bank_transfer,lp_express
678,1789,2026-03-09 08:52:07,8.39,completed,card,pickup
679,826,2025-11-11 12:24:11,76.87,completed,paypal,dpd
680,1283,2026-02-23 22:08:30,779.69,completed,card,dpd
681,2218,2026-08-11 23:03:27,10.8,completed,paypal,pickup
682,1505,2025-12-09 12:38:12,850.93,completed,klix,lp_express
683,2435,2026-09-16 08:30:12,133.86,completed,card,dpd
684,1722,2026-06-28 10:41:49,357.38,completed,klix,pickup
685,1396,2025-12-30 20:52:47,49.42,completed,paypal,dpd
686,803,2025-12-26 20:10:19,22.27,completed,klix,dpd
687,2304,2025-11-19 14:43:33,238.34,completed,card,omniva
688,1264,2026-05-05 21:24:28,326.02,cancelled,bank_transfer,omniva
689,1556,2026-01-13 20:25:28,627.23,completed,klix,dpd
690,2452,2026-09-21 19:25:09,2975.49,completed,card,omniva
691,1153,2026-09-01 08:41:21,701.92,completed,paypal,dpd
692,560,2026-01-19 20:08:21,1723.54,completed,klix,lp_express
693,2308,2025-12-03 12:41:47,27.31,completed,paypal,dpd
694,1475,2026-02-05 08:37:57,298.6,completed,paypal,dpd
695,225,2025-11-11 08:56:27,60.51,completed,paypal,pickup
696,1954,2026-07-22 19:34:53,266.63,completed,paypal,dpd
697,833,2025-12-26 13:14:37,616.26,completed,card,pickup
698,81,2026-01-16 20:22:51,139.86,returned,bank_transfer,pickup
699,515,2025-11-15 15:21:16,269.28,completed,klix,lp_express
700,1600,2026-09-12 09:45:39,1558.18,completed,klix,lp_express
701,2369,2025-12-26 10:49:55,250.96,completed,paypal,omniva
702,506,2026-08-19 20:39:29,37.83,completed,klix,lp_express
703,1721,2025-10-28 22:35:01,822.48,cancelled,klix,dpd
704,826,2025-11-10 11:44:41,708.72,completed,paypal,dpd
705,2465,2026-07-19 20:25:21,304.29,completed,paypal,omniva
706,2020,2025-11-02 21:54:40,502.1,completed,klix,lp_express
707,494,2025-12-30 08:54:18,374.06,completed,card,lp_express
708,1934,2026-03-31 21:24:40,291.94,completed,klix,omniva
709,1823,2025-12-19 14:06:22,1121.87,completed,paypal,pickup
710,1436,2026-05-13 19:55:49,101.42,completed,klix,lp_express
711,1245,2026-03-19 19:43:25,110.69,completed,klix,pickup
712,17,2026-08-31 22:10:40,39.54,returned,paypal,omniva
713,830,2026-03-28 13:12:50,19.09,completed,bank_transfer,omniva
714,1426,2026-07-22 10:51:59,110.19,completed,bank_transfer,lp_express
715,2015,2026-01-25 11:03:53,39.97,completed,card,dpd
716,2101,2026-06-13 12:21:41,710.17,completed,paypal,pickup
717,138,2026-01-13 10:17:53,343.9,completed,klix,lp_express
718,1596,2025-12-19 14:14:53,148.88,completed,card,omniva
719,2768,2025-10-07 21:03:24,280.12,completed,paypal,lp_express
720,1780,2026-05-29 09:41:09,53.09,completed,paypal,pickup
721,2417,2026-08-03 22:38:40,1801.76,completed,paypal,dpd
722,1101,2026-03-17 11:16:43,68.3,completed,klix,omniva
723,1859,2026-06-01 13:22:29,537.49,completed,paypal,omniva
724,2914,2026-06-20 14:33:28,233.79,completed,bank_transfer,dpd
725,676,2026-08-10 20:38:10,55.76,completed,card,pickup
726,1935,2026-02-02 10:07:58,11.26,completed,bank_transfer,lp_express
727,2769,2026-05-12 15:12:26,220.08,completed,klix,lp_express
728,1930,2026-08-26 09:29:06,235.67,completed,klix,lp_express
729,366,2026-09-05 21:09:33,51.54,completed,card,dpd
730,1405,2026-07-04 11:31:12,59.06,completed,bank_transfer,omniva
731,1208,2026-04-01 10:49:05,142.39,completed,klix,lp_express
732,1231,2026-06-24 08:23:42,191.36,completed,card,dpd
733,320,2025-11-06 20:56:26,46.79,completed,klix,lp_express
734,921,2026-01-15 14:40:30,42.83,completed,klix,lp_express
735,1977,2025-12-29 21:11:16,47.54,completed,paypal,omniva
736,2249,2026-02-14 13:00:40,148.88,completed,klix,omniva
737,660,2025-12-14 21:45:28,55.94,completed,card,dpd
738,2821,2026-07-01 19:53:44,109.37,completed,card,pickup
739,2628,2026-03-04 10:19:26,1792.79,completed,bank_transfer,pickup
740,2578,2026-06-30 08:39:22,421.86,completed,bank_transfer,dpd
741,2533,2026-03-20 13:45:48,300.03,returned,paypal,lp_express
742,272,2026-06-11 22:23:23,72.61,completed,bank_transfer,lp_express
743,1674,2026-02-05 13:57:42,1190.8,completed,card,dpd
744,1859,2026-04-07 21:38:08,144.62,completed,bank_transfer,pickup
745,1366,2026-05-14 11:27:28,223.1,completed,paypal,pickup
746,512,2026-08-01 11:51:22,97.13,completed,card,pickup
747,2538,2026-01-07 13:16:05,586.3,completed,bank_transfer,lp_express
748,1616,2026-02-20 21:27:25,19.22,completed,klix,lp_express
749,1372,2026-01-07 12:25:41,72.61,cancelled,klix,dpd
750,1713,2026-09-03 20:49:41,46.79,completed,klix,lp_express
751,2255,2026-03-19 19:31:56,943.72,completed,card,lp_express
752,2815,2026-08-04 22:10:15,211.97,completed,bank_transfer,lp_express
753,1152,2026-07-16 15:05:30,652.04,completed,bank_transfer,omniva
754,342,2026-09-19 22:49:06,946.4,completed,klix,dpd
755,2390,2026-01-24 13:32:26,414.53,completed,bank_transfer,omniva
756,158,2026-09-20 14:30:36,111.88,completed,klix,dpd
757,440,2026-04-20 20:26:56,59.91,completed,card,lp_express
758,1303,2026-04-06 14:43:25,85.66,completed,bank_transfer,lp_express
759,68,2026-05-15 08:58:50,886.06,cancelled,card,lp_express
760,2565,2026-07-01 21:00:41,12.73,completed,card,lp_express
761,1693,2026-06-05 14:55:50,152.46,returned,paypal,omniva
762,2353,2026-07-10 08:23:40,734.2,completed,paypal,omniva
763,643,2025-12-24 19:26:09,20.51,completed,bank_transfer,omniva
764,2491,2026-02-12 13:04:07,379.67,completed,paypal,pickup
765,2189,2026-04-10 20:10:23,74.3,completed,paypal,lp_express
766,1246,2025-12-30 21:20:48,734.2,completed,paypal,pickup
767,1483,2026-03-28 21:23:37,80.78,returned,card,pickup
768,155,2026-09-04 15:08:40,862.9,returned,card,lp_express
769,2885,2025-12-29 10:36:45,488.5,completed,bank_transfer,dpd
770,2330,2025-11-22 08:28:51,243.9,completed,klix,pickup
771,2549,2026-01-04 14:37:27,899.26,completed,card,omniva
772,1955,2026-02-26 21:56:27,109.37,completed,bank_transfer,pickup
773,585,2026-03-31 11:20:20,11.26,completed,klix,pickup
774,710,2026-02-12 09:15:07,170.94,completed,bank_transfer,pickup
775,969,2026-01-05 19:18:42,71.75,completed,card,omniva
776,2553,2026-03-03 12:05:45,100.56,completed,bank_transfer,lp_express
777,1118,2026-05-12 23:09:03,306.86,completed,bank_transfer,pickup
778,2056,2026-06-28 12:43:43,39.45,completed,paypal,omniva
779,1607,2026-09-27 21:41:33,423.94,completed,klix,omniva
780,606,2026-03-05 12:29:16,375.14,completed,card,pickup
781,337,2026-05-14 10:40:22,714.69,completed,klix,pickup
782,804,2026-05-17 12:10:40,51.52,completed,card,omniva
783,2176,2025-12-13 19:28:24,174.8,completed,paypal,pickup
784,1151,2025-12-21 20:34:31,28.28,completed,bank_transfer,dpd
785,2566,2026-06-06 08:44:16,119.73,completed,paypal,omniva
786,2693,2026-07-26 21:57:41,356.98,completed,bank_transfer,omniva
787,1152,2026-07-12 08:29:03,298.6,completed,paypal,pickup
788,2850,2026-08-08 13:08:09,597.04,returned,card,omniva
789,2280,2026-04-30 20:56:18,71.56,returned,paypal,omniva
790,2964,2026-06-16 22:38:32,38.0,completed,card,dpd
791,1632,2025-11-01 14:37:49,630.33,completed,bank_transfer,omniva
792,2019,2026-02-06 09:48:38,19.77,completed,paypal,dpd
793,611,2026-06-04 12:31:46,48.24,returned,card,lp_express
794,1483,2026-05-22 15:10:19,39.69,completed,card,omniva
795,2095,2026-08-31 23:13:17,138.17,completed,bank_transfer,omniva
796,2293,2026-05-10 11:26:13,1000.34,completed,card,lp_express
797,503,2026-02-11 09:41:38,233.56,completed,klix,lp_express
798,2663,2026-02-10 10:06:08,12.73,completed,klix,omniva
799,680,2026-09-06 15:12:15,35.09,completed,bank_transfer,dpd
800,1173,2025-12-26 10:02:26,458.02,cancelled,klix,lp_express
801,961,2026-05-21 13:41:01,356.83,completed,bank_transfer,lp_express
802,867,2026-01-08 21:00:46,862.78,completed,klix,lp_express
803,31,2026-06-06 22:49:04,66.52,completed,card,lp_express
804,2388,2026-08-12 21:23:47,537.77,completed,bank_transfer,lp_express
805,1451,2026-04-07 13:12:14,44.54,completed,bank_transfer,pickup
806,2877,2026-05-30 11:37:27,111.89,completed,bank_transfer,dpd
807,2444,2026-07-09 21:27:38,24.26,cancelled,card,lp_express
808,1726,2026-04-04 22:50:54,46.79,completed,klix,omniva
809,1893,2026-02-24 20:41:46,152.46,completed,bank_transfer,omniva
810,1065,2025-10-22 08:56:33,12.73,cancelled,bank_transfer,omniva
811,478,2026-04-03 22:21:31,1082.86,completed,klix,lp_express
812,106,2026-07-25 09:40:02,770.39,completed,bank_transfer,dpd
813,1688,2026-02-15 13:16:52,97.58,cancelled,klix,pickup
814,534,2026-06-17 12:24:48,16.99,completed,card,omniva
815,116,2026-05-04 22:46:08,1531.91,completed,card,omniva
816,1731,2026-05-29 14:55:27,595.4,completed,paypal,lp_express
817,2562,2025-12-01 09:53:45,595.4,completed,card,dpd
818,1884,2025-12-23 19:22:04,19.09,completed,bank_transfer,pickup
819,1628,2026-02-21 19:53:31,84.99,completed,bank_transfer,dpd
820,55,2026-01-16 12:07:31,91.07,completed,paypal,lp_express
821,2170,2026-07-02 11:46:25,142.78,completed,bank_transfer,dpd
822,301,2025-12-30 08:33:46,259.53,completed,bank_transfer,omniva
823,1077,2026-08-06 22:33:27,74.63,completed,card,omniva
824,2663,2026-01-28 19:37:17,159.98,completed,paypal,omniva
825,37,2026-05-11 21:14:14,540.54,completed,klix,pickup
826,584,2026-05-26 10:18:18,46.79,completed,paypal,omniva
827,1484,2026-01-15 11:34:56,119.57,completed,card,dpd
828,1430,2026-05-15 13:19:54,30.66,completed,klix,omniva
829,1289,2026-04-06 22:43:00,55.98,completed,klix,pickup
830,1753,2025-12-01 13:28:28,78.1,completed,paypal,lp_express
831,1698,2025-11-17 22:42:41,368.68,completed,card,lp_express
832,891,2026-07-25 14:25:46,225.38,completed,klix,omniva
833,498,2025-12-29 11:19:42,39.03,returned,card,dpd
834,1272,2026-06-10 21:55:40,52.68,completed,klix,pickup
835,202,2026-06-26 21:16:26,13.74,returned,klix,dpd
836,74,2025-12-24 11:30:40,844.61,completed,paypal,lp_express
837,1112,2026-05-15 13:20:42,277.23,completed,card,dpd
838,786,2025-12-08 14:39:58,8.39,completed,klix,lp_express
839,1023,2025-12-26 23:02:08,81.96,completed,card,lp_express
840,741,2026-03-12 13:49:48,820.41,completed,klix,lp_express
841,2914,2026-08-13 20:01:43,191.84,completed,card,lp_express
842,498,2026-08-28 22:56:15,104.04,completed,bank_transfer,pickup
843,2084,2025-11-28 14:43:26,821.16,completed,paypal,dpd
844,373,2025-11-08 12:55:23,227.93,completed,klix,pickup
845,2064,2026-01-03 22:36:19,11.66,completed,card,omniva
846,2084,2025-11-08 08:18:49,249.03,completed,bank_transfer,pickup
847,2005,2026-07-12 20:55:05,53.09,completed,klix,lp_express
848,559,2026-04-08 21:11:13,236.24,completed,klix,omniva
849,604,2025-11-29 19:21:42,888.78,completed,paypal,pickup
850,2416,2026-01-27 22:38:11,12.16,completed,card,pickup
851,1982,2026-09-04 19:49:12,59.2,completed,bank_transfer,lp_express
852,1641,2025-12-17 08:57:57,306.27,completed,paypal,lp_express
853,2829,2026-02-26 14:22:21,39.54,completed,paypal,pickup
854,169,2026-07-20 22:30:10,32.44,completed,bank_transfer,omniva
855,33,2026-03-01 22:32:27,36.67,completed,bank_transfer,dpd
856,1611,2026-02-17 12:26:58,1341.46,completed,card,lp_express
857,1578,2025-12-16 20:51:17,48.24,completed,bank_transfer,lp_express
858,1127,2026-08-28 20:53:25,1440.92,returned,klix,dpd
859,425,2026-07-14 12:59:11,1259.85,completed,card,dpd
860,2326,2025-11-25 21:46:36,25.0,returned,klix,dpd
861,2064,2025-12-22 23:00:29,35.09,completed,card,lp_express
862,347,2025-12-25 08:32:07,220.78,completed,card,pickup
863,2075,2026-07-18 10:52:28,12.5,completed,paypal,pickup
864,301,2026-01-07 19:57:50,162.28,completed,bank_transfer,dpd
865,874,2026-02-23 13:01:24,767.32,cancelled,paypal,lp_express
866,411,2026-08-19 09:13:45,424.38,completed,bank_transfer,pickup
867,487,2025-12-20 11:24:54,35.22,completed,card,lp_express
868,1123,2026-08-02 22:37:32,496.52,completed,klix,dpd
869,2112,2026-05-18 12:26:25,186.1,completed,bank_transfer,pickup
870,2573,2026-07-27 13:19:59,109.37,completed,bank_transfer,lp_express
871,814,2025-12-10 21:37:18,119.57,completed,bank_transfer,omniva
872,1258,2025-11-08 12:37:15,110.69,completed,klix,omniva
873,1392,2026-06-19 12:00:05,19.83,completed,paypal,dpd
874,1670,2026-04-15 09:53:42,406.46,completed,card,omniva
875,2124,2026-03-27 20:05:09,161.99,completed,bank_transfer,omniva
876,243,2026-06-27 10:42:40,69.86,returned,card,lp_express
877,1532,2026-06-06 10:47:48,19.77,completed,card,omniva
878,645,2026-06-09 14:15:58,11.26,completed,paypal,lp_express
879,1897,2026-07-06 10:45:34,258.58,completed,klix,dpd
880,1459,2026-07-26 21:41:33,874.34,completed,bank_transfer,omniva
881,1978,2026-06-03 22:07:00,133.86,completed,card,lp_express
882,950,2026-02-22 19:39:35,32.4,completed,bank_transfer,omniva
883,1621,2026-09-05 23:27:33,148.88,completed,card,lp_express
884,1678,2025-11-26 09:06:35,265.07,cancelled,bank_transfer,pickup
885,2751,2025-10-17 11:10:32,333.24,completed,klix,dpd
886,2829,2026-03-08 09:09:54,130.12,completed,card,lp_express
887,262,2026-02-28 20:31:33,107.91,completed,bank_transfer,omniva
888,171,2026-09-05 19:16:51,53.93,completed,bank_transfer,omniva
889,2035,2026-09-27 14:21:16,178.51,returned,paypal,dpd
890,215,2025-11-29 11:40:40,1718.19,completed,card,omniva
891,609,2026-06-03 09:29:22,49.42,completed,klix,pickup
892,2083,2026-05-24 20:01:16,229.32,completed,card,pickup
893,2926,2025-10-15 22:03:57,2020.61,completed,paypal,lp_express
894,988,2026-02-22 15:13:29,84.99,completed,paypal,omniva
895,1753,2025-11-23 23:12:49,269.28,completed,klix,lp_express
896,258,2026-04-23 11:04:11,153.98,completed,bank_transfer,omniva
897,246,2026-03-25 22:43:34,33.26,completed,bank_transfer,dpd
898,2947,2025-12-04 20:14:56,979.66,completed,klix,omniva
899,1833,2026-04-21 11:20:46,298.6,completed,bank_transfer,lp_express
900,2504,2026-08-30 09:41:38,8.39,completed,klix,dpd
901,747,2026-03-28 21:52:33,11.26,completed,card,omniva
902,2716,2026-01-10 14:42:17,119.57,completed,paypal,pickup
903,911,2025-12-17 21:36:57,8.39,completed,paypal,dpd
904,1098,2026-05-21 13:03:31,257.32,completed,paypal,pickup
905,1948,2026-07-23 22:08:57,119.73,completed,card,lp_express
906,2184,2026-02-04 09:46:25,51.52,completed,klix,pickup
907,1693,2026-05-23 09:39:38,22.06,completed,klix,pickup
908,1606,2026-08-16 13:46:23,1065.92,completed,card,lp_express
909,871,2026-05-06 08:24:57,595.4,completed,klix,omniva
910,1963,2025-12-14 08:54:14,16.99,completed,paypal,omniva
911,2777,2025-12-15 19:58:58,595.4,completed,klix,pickup
912,1723,2026-04-06 10:04:16,55.94,completed,klix,pickup
913,2220,2026-01-01 13:52:23,460.79,completed,klix,lp_express
914,2903,2026-01-19 21:07:03,22.27,completed,paypal,pickup
915,453,2026-09-01 22:00:47,186.66,completed,paypal,dpd
916,1484,2026-03-06 13:55:49,14.96,completed,paypal,omniva
917,1623,2025-12-07 10:07:24,270.39,completed,paypal,omniva
918,2169,2026-08-09 14:23:11,76.99,completed,klix,pickup
919,2113,2026-08-12 13:48:50,22.27,completed,klix,lp_express
920,200,2025-10-27 09:06:34,275.93,completed,paypal,lp_express
921,2332,2026-09-16 19:25:58,97.13,completed,bank_transfer,omniva
922,465,2025-10-29 13:58:34,169.98,completed,card,lp_express
923,1603,2026-06-07 22:13:52,59.49,completed,bank_transfer,dpd
924,1409,2026-08-14 14:07:32,36.67,completed,klix,pickup
925,2308,2025-12-06 21:13:14,505.86,completed,paypal,omniva
926,289,2026-02-03 21:21:20,234.81,completed,klix,omniva
927,2486,2026-07-24 15:03:41,2435.51,completed,bank_transfer,lp_express
928,2482,2026-08-29 11:54:02,692.98,returned,klix,lp_express
929,1962,2026-02-18 19:43:35,271.29,cancelled,paypal,dpd
930,921,2025-12-07 09:51:24,205.65,completed,bank_transfer,pickup
931,436,2026-07-27 11:56:44,37.74,completed,klix,pickup
932,2730,2025-12-09 19:29:51,86.07,completed,bank_transfer,lp_express
933,2414,2026-05-31 13:55:19,74.09,completed,card,pickup
934,2044,2026-04-15 12:44:19,190.58,completed,klix,omniva
935,174,2025-12-06 09:29:49,19.22,completed,klix,omniva
936,1493,2026-04-24 11:05:18,88.34,completed,card,lp_express
937,2419,2026-07-25 12:50:44,167.32,completed,card,omniva
938,1144,2025-12-08 21:55:16,465.12,completed,paypal,dpd
939,2331,2025-12-07 08:51:20,103.08,completed,bank_transfer,dpd
940,2513,2026-04-20 14:21:40,218.74,completed,card,pickup
941,591,2026-07-29 20:42:24,11.26,completed,paypal,omniva
942,1186,2025-10-11 22:17:07,57.05,completed,klix,omniva
943,129,2026-08-05 08:30:50,44.22,completed,bank_transfer,dpd
944,1284,2026-02-07 12:17:30,244.61,completed,paypal,omniva
945,1792,2026-09-27 20:31:18,264.87,completed,card,pickup
946,2055,2026-01-26 14:38:45,131.08,completed,klix,lp_express
947,2775,2025-11-23 19:43:15,59.91,completed,bank_transfer,pickup
948,945,2026-04-24 20:58:05,220.08,completed,bank_transfer,lp_express
949,603,2025-11-06 14:14:26,243.98,completed,card,omniva
950,2375,2026-02-19 09:40:38,361.26,completed,card,omniva
951,1737,2025-11-15 12:56:53,767.32,completed,klix,pickup
952,468,2026-07-18 14:38:56,77.29,completed,card,pickup
953,354,2026-04-17 08:41:33,236.24,completed,klix,dpd
954,2740,2025-12-03 21:37:50,161.84,returned,bank_transfer,omniva
955,1331,2026-02-16 09:00:20,75.48,returned,paypal,omniva
956,400,2026-08-17 21:53:36,1080.76,completed,klix,dpd
957,2205,2026-04-27 12:57:26,21.54,completed,bank_transfer,dpd
958,711,2026-04-23 09:26:58,258.4,completed,card,pickup
959,142,2025-11-22 14:28:06,538.56,completed,bank_transfer,pickup
960,564,2025-12-15 13:25:38,90.65,completed,bank_transfer,dpd
961,624,2026-08-14 14:51:35,776.06,returned,card,pickup
962,2031,2026-07-03 21:52:57,1195.4,completed,paypal,dpd
963,1584,2025-10-11 10:44:30,126.3,completed,bank_transfer,pickup
964,685,2026-07-09 20:07:19,689.66,completed,paypal,dpd
965,2425,2026-02-26 11:42:47,869.63,completed,klix,dpd
966,2962,2026-01-12 10:20:13,290.17,completed,klix,pickup
967,1525,2025-11-16 22:24:50,313.73,completed,bank_transfer,pickup
968,2096,2025-11-11 11:39:35,63.15,completed,bank_transfer,lp_express
969,2155,2025-12-19 13:45:16,71.75,completed,paypal,dpd
970,2064,2025-11-07 13:45:16,114.06,completed,klix,pickup
971,459,2026-09-12 10:36:47,142.28,completed,card,dpd
972,2372,2026-02-11 12:45:02,64.88,completed,bank_transfer,pickup
973,1969,2025-11-11 09:45:13,277.88,completed,card,dpd
974,2048,2026-01-16 08:42:39,37.74,completed,klix,pickup
975,2881,2026-01-25 21:24:29,97.13,completed,klix,lp_express
976,229,2026-06-08 09:49:04,39.45,completed,klix,lp_express
977,638,2026-01-18 09:31:16,51.52,completed,bank_transfer,lp_express
978,34,2026-05-02 19:28:46,13.74,completed,card,omniva
979,842,2026-03-04 08:52:10,751.58,completed,card,lp_express
980,1732,2026-06-20 10:35:45,586.3,completed,klix,dpd
981,567,2026-03-07 09:29:18,19.83,completed,klix,pickup
982,1818,2026-09-17 15:15:51,19.83,completed,paypal,pickup
983,2624,2026-06-07 11:00:11,403.14,completed,card,dpd
984,1051,2026-05-14 14:34:36,110.69,returned,klix,dpd
985,1875,2026-03-18 10:03:59,136.47,completed,klix,pickup
986,2064,2025-12-30 20:29:49,72.61,completed,bank_transfer,dpd
987,971,2026-06-01 20:15:27,70.3,completed,klix,omniva
988,2325,2026-01-19 19:22:25,127.72,completed,bank_transfer,omniva
989,1513,2026-08-22 14:09:47,357.02,completed,paypal,omniva
990,2220,2025-11-13 09:11:35,137.06,completed,card,omniva
991,1900,2026-01-20 14:04:06,1603.87,completed,klix,omniva
992,1034,2025-12-14 14:16:20,366.07,completed,card,omniva
993,2129,2026-02-07 12:59:07,144.21,returned,card,dpd
994,2114,2026-02-12 09:22:24,779.69,completed,card,omniva
995,1198,2026-06-01 12:56:24,122.03,completed,card,dpd
996,322,2025-12-23 08:31:23,749.05,completed,klix,pickup
997,1360,2026-04-04 12:45:59,19.77,completed,paypal,dpd
998,356,2026-09-10 20:34:36,862.78,completed,paypal,dpd
999,2738,2026-04-05 20:49:49,670.73,completed,klix,omniva
1000,2190,2026-05-21 09:17:47,97.58,completed,bank_transfer,lp_express
1001,2542,2026-07-16 09:10:36,338.52,completed,card,dpd
1002,602,2026-05-09 23:20:30,84.99,completed,bank_transfer,omniva
1003,1137,2025-11-21 20:18:48,636.95,completed,card,dpd
1004,1436,2025-11-12 23:02:55,110.69,completed,paypal,lp_express
1005,2620,2025-11-29 21:29:26,806.2,completed,card,pickup
1006,2174,2026-06-20 11:54:02,46.79,completed,card,lp_express
1007,1997,2026-05-04 10:55:40,59.06,completed,bank_transfer,dpd
1008,62,2026-01-14 21:53:25,241.83,completed,klix,lp_express
1009,761,2025-11-26 14:00:04,276.34,completed,klix,omniva
1010,826,2025-11-11 08:30:05,7.48,completed,paypal,dpd
1011,1121,2026-05-13 09:51:21,27.31,completed,bank_transfer,lp_express
1012,2031,2026-06-28 11:26:53,993.04,completed,bank_transfer,lp_express
1013,710,2025-12-10 14:33:54,340.55,completed,card,omniva
1014,1452,2026-01-22 21:52:52,211.61,cancelled,paypal,dpd
1015,1824,2026-02-12 11:06:55,1375.73,completed,bank_transfer,lp_express
1016,2701,2026-01-11 20:11:29,1726.23,completed,bank_transfer,dpd
1017,2107,2026-05-15 12:35:04,1070.58,completed,bank_transfer,pickup
1018,2709,2025-11-02 20:27:43,830.37,completed,paypal,dpd
1019,1971,2026-06-08 19:23:55,369.12,returned,card,dpd
1020,1492,2025-11-26 09:56:28,80.78,cancelled,bank_transfer,pickup
1021,1963,2026-01-05 20:25:40,402.11,completed,paypal,dpd
1022,2601,2026-07-16 21:17:45,712.22,completed,card,dpd
1023,2361,2026-01-06 21:14:15,116.82,completed,card,pickup
1024,1870,2025-11-16 19:28:20,41.22,completed,bank_transfer,lp_express
1025,327,2026-06-09 09:46:29,39.45,completed,paypal,lp_express
1026,1464,2026-04-02 12:40:11,32.44,completed,bank_transfer,dpd
1027,2826,2026-01-06 21:11:15,229.32,completed,paypal,dpd
1028,2223,2026-03-07 23:05:51,70.3,completed,bank_transfer,lp_express
1029,2634,2026-06-04 15:14:35,91.56,completed,klix,omniva
1030,1668,2025-12-23 13:53:43,595.4,completed,bank_transfer,pickup
1031,739,2026-08-27 12:22:58,232.56,completed,bank_transfer,pickup
1032,1540,2026-05-11 21:53:03,734.2,completed,bank_transfer,pickup
1033,725,2025-11-27 11:52:44,291.12,completed,klix,omniva
1034,646,2026-09-22 12:40:27,37.74,completed,bank_transfer,dpd
1035,2554,2026-03-15 14:56:30,214.3,completed,card,lp_express
1036,1321,2026-03-31 11:11:07,1056.41,completed,card,omniva
1037,1975,2026-07-01 10:59:12,76.99,completed,paypal,pickup
1038,999,2026-01-28 09:45:11,297.76,completed,paypal,pickup
1039,1150,2026-04-21 10:08:48,326.02,completed,paypal,pickup
1040,1861,2026-09-02 10:46:47,1609.76,completed,klix,dpd
1041,776,2026-01-10 12:38:31,10.8,completed,bank_transfer,dpd
1042,2447,2026-03-04 14:06:30,20.0,completed,paypal,dpd
1043,508,2025-12-26 11:06:01,48.24,cancelled,klix,lp_express
1044,834,2025-12-10 20:26:07,298.6,completed,bank_transfer,pickup
1045,1186,2025-12-26 22:32:17,111.96,completed,klix,pickup
1046,54,2026-08-22 19:38:59,78.8,completed,bank_transfer,lp_express
1047,1160,2026-02-24 20:13:12,247.46,completed,klix,lp_express
1048,1066,2026-02-02 10:04:17,66.07,completed,card,lp_express
1049,2211,2026-06-10 09:42:35,232.56,completed,bank_transfer,lp_express
1050,2066,2025-10-16 10:41:26,1066.29,cancelled,bank_transfer,dpd
1051,690,2026-08-16 11:29:07,102.8,completed,paypal,pickup
1052,2163,2025-12-18 12:57:50,273.26,completed,card,omniva
1053,1740,2026-03-01 21:53:36,100.56,completed,card,dpd
1054,2473,2026-04-27 13:51:52,365.63,completed,paypal,dpd
1055,561,2026-06-22 12:30:24,16.99,returned,klix,dpd
1056,425,2026-01-26 10:31:31,1555.77,completed,klix,omniva
1057,2391,2026-05-31 13:08:06,253.59,completed,paypal,lp_express
1058,588,2026-02-26 09:41:48,19.83,completed,paypal,pickup
1059,1791,2026-03-23 23:06:14,58.51,completed,card,lp_express
1060,2790,2026-01-13 12:34:14,734.2,completed,klix,omniva
1061,2957,2026-02-28 11:09:00,35.06,completed,bank_transfer,omniva
1062,1717,2026-06-06 19:52:00,22.27,completed,card,dpd
1063,2819,2026-04-30 20:33:25,102.18,completed,card,omniva
1064,240,2026-02-10 09:06:22,398.07,completed,card,dpd
1065,2821,2026-04-25 14:59:59,133.86,completed,card,omniva
1066,561,2026-08-17 11:34:21,132.74,completed,bank_transfer,pickup
1067,2707,2026-08-12 10:42:24,731.06,completed,klix,pickup
1068,1512,2026-08-30 13:17:36,79.38,completed,card,lp_express
1069,417,2026-03-17 11:58:33,39.54,completed,klix,dpd
1070,1789,2026-01-23 14:23:17,10.8,completed,paypal,lp_express
1071,2829,2026-03-19 21:30:30,11.66,returned,klix,pickup
1072,2733,2026-03-02 15:13:34,683.58,returned,paypal,dpd
1073,2525,2026-07-07 13:14:53,862.78,completed,klix,lp_express
1074,882,2026-02-08 10:14:48,75.19,completed,klix,lp_express
1075,2532,2026-01-04 11:48:32,87.37,returned,card,omniva
1076,2515,2026-06-16 09:04:50,734.2,completed,paypal,omniva
1077,1706,2026-07-01 13:55:57,74.64,completed,paypal,omniva
1078,1013,2025-12-23 21:38:31,882.78,completed,paypal,lp_express
1079,348,2025-11-09 23:17:27,751.58,completed,bank_transfer,lp_express
1080,566,2026-06-08 09:32:44,189.45,completed,klix,omniva
1081,1390,2026-03-16 09:26:59,804.81,returned,klix,pickup
1082,438,2025-12-06 10:18:09,674.06,cancelled,paypal,dpd
1083,883,2026-04-07 12:03:18,1154.94,completed,klix,omniva
1084,904,2026-03-17 20:02:56,22.06,completed,paypal,omniva
1085,181,2026-06-22 12:07:00,736.77,completed,klix,dpd
1086,616,2026-08-18 13:30:13,77.29,completed,klix,dpd
1087,454,2026-05-16 15:06:40,12.16,completed,card,lp_express
1088,2674,2026-04-26 14:49:10,69.93,completed,klix,pickup
1089,2657,2026-03-22 12:34:55,416.29,completed,klix,omniva
1090,563,2025-12-01 14:14:27,229.32,completed,card,lp_express
1091,1297,2026-03-07 12:23:46,209.54,completed,bank_transfer,dpd
1092,2410,2025-12-11 14:58:05,71.8,completed,bank_transfer,omniva
1093,688,2026-04-07 11:35:52,142.78,completed,paypal,omniva
1094,1423,2026-02-26 14:58:48,39.99,completed,klix,lp_express
1095,1244,2025-11-30 09:55:17,11.66,cancelled,paypal,lp_express
1096,788,2025-12-13 12:06:02,806.2,completed,card,omniva
1097,2506,2025-12-11 11:00:38,131.59,cancelled,paypal,omniva
1098,2238,2025-11-04 22:22:29,53.09,completed,klix,dpd
1099,2238,2026-01-19 22:44:14,857.9,completed,bank_transfer,omniva
1100,840,2026-04-21 08:20:28,463.14,completed,klix,dpd
1101,1664,2026-02-11 10:17:32,188.86,completed,bank_transfer,lp_express
1102,790,2026-04-29 10:26:06,48.24,completed,paypal,dpd
1103,2496,2026-06-22 19:16:45,731.06,completed,bank_transfer,dpd
1104,2558,2026-02-15 14:58:30,878.6,completed,card,pickup
1105,489,2026-04-11 09:01:54,138.17,completed,card,lp_express
1106,2082,2025-11-02 23:06:37,16.78,completed,bank_transfer,dpd
1107,1878,2025-10-27 12:07:48,52.68,returned,klix,omniva
1108,2129,2026-02-22 13:16:30,764.42,completed,card,dpd
1109,775,2025-12-15 08:23:06,39.66,completed,card,pickup
1110,2578,2026-04-30 21:15:51,334.64,completed,klix,pickup
1111,1492,2025-11-16 09:32:16,840.71,completed,paypal,lp_express
1112,1352,2026-04-19 13:38:09,198.92,completed,bank_transfer,dpd
1113,834,2025-12-11 20:06:31,58.95,completed,paypal,pickup
1114,897,2026-02-09 10:02:32,1283.41,completed,klix,lp_express
1115,2369,2026-01-09 10:03:25,791.55,completed,paypal,omniva
1116,1387,2026-08-26 10:34:26,100.56,completed,bank_transfer,dpd
1117,898,2026-08-25 12:27:06,49.42,completed,paypal,pickup
1118,442,2026-07-11 21:32:16,152.07,completed,card,dpd
1119,273,2025-11-07 13:00:52,591.68,completed,klix,dpd
1120,2013,2025-12-19 21:32:37,465.99,completed,bank_transfer,lp_express
1121,2639,2026-04-26 10:33:33,433.6,completed,card,lp_express
1122,1968,2026-02-13 21:34:04,249.85,completed,bank_transfer,pickup
1123,215,2025-11-30 23:09:01,732.2,returned,klix,pickup
1124,128,2025-12-03 20:28:27,136.41,completed,bank_transfer,dpd
1125,184,2026-06-21 21:57:03,59.91,completed,paypal,pickup
1126,38,2026-07-09 12:57:07,76.99,completed,klix,pickup
1127,737,2026-02-20 11:25:52,221.78,completed,klix,dpd
1128,2044,2026-03-29 10:28:46,87.87,completed,klix,omniva
1129,2743,2026-03-22 12:34:47,275.01,completed,bank_transfer,dpd
1130,2089,2026-01-06 19:25:14,878.4,completed,klix,pickup
1131,173,2026-07-09 12:16:17,63.15,completed,card,omniva
1132,166,2026-04-11 12:32:08,97.58,completed,card,dpd
1133,2581,2026-01-14 10:07:56,773.75,completed,bank_transfer,dpd
1134,520,2026-04-23 10:27:37,71.36,completed,paypal,pickup
1135,2194,2026-08-31 22:35:02,32.44,completed,bank_transfer,pickup
1136,1313,2026-08-10 12:03:18,177.94,completed,bank_transfer,pickup
1137,693,2026-02-15 08:36:50,73.34,completed,klix,dpd
1138,1798,2026-08-02 20:23:40,220.08,completed,paypal,omniva
1139,2335,2026-02-23 22:33:45,1005.56,completed,klix,dpd
1140,934,2025-11-12 19:44:44,61.41,completed,paypal,pickup
1141,2423,2026-07-25 11:09:15,257.16,completed,card,dpd
1142,2932,2026-05-25 20:22:53,83.26,returned,paypal,lp_express
1143,1935,2025-11-11 12:17:39,148.69,completed,paypal,dpd
1144,1913,2026-09-01 12:51:50,475.68,completed,klix,lp_express
1145,2621,2026-05-12 22:33:16,77.29,completed,card,dpd
1146,1231,2026-05-19 20:42:18,35.16,completed,card,omniva
1147,2764,2026-07-14 14:32:30,39.35,completed,paypal,omniva
1148,708,2025-12-06 19:53:57,188.9,completed,card,pickup
1149,47,2026-05-30 20:38:50,718.64,completed,paypal,dpd
1150,1228,2026-04-25 13:13:06,432.19,completed,bank_transfer,dpd
1151,687,2026-01-17 15:12:27,93.79,completed,klix,pickup
1152,2210,2026-09-03 21:15:34,955.22,completed,card,dpd
1153,1326,2026-01-18 10:38:55,74.3,completed,klix,omniva
1154,1321,2026-06-24 19:16:15,116.82,completed,paypal,dpd
1155,2383,2026-01-01 22:10:44,691.86,completed,bank_transfer,lp_express
1156,1409,2026-09-22 11:55:23,271.21,completed,card,pickup
1157,2595,2026-06-29 14:57:26,323.68,completed,bank_transfer,pickup
1158,1068,2025-12-18 20:53:38,236.38,completed,klix,pickup
1159,2166,2026-03-16 20:24:50,199.25,completed,card,dpd
1160,1696,2026-06-19 13:22:33,954.05,returned,paypal,dpd
1161,849,2026-02-18 15:09:53,232.56,completed,paypal,dpd
1162,8,2026-09-12 09:49:37,751.39,completed,paypal,dpd
1163,2702,2026-05-08 10:20:34,63.86,completed,klix,omniva
1164,1538,2026-08-12 10:23:04,39.69,completed,paypal,omniva
1165,2128,2026-04-20 09:07:12,55.59,completed,paypal,omniva
1166,1654,2026-08-18 13:41:33,118.96,completed,klix,omniva
1167,434,2026-06-19 10:41:06,291.54,completed,bank_transfer,dpd
1168,2829,2026-04-22 20:34:07,19.22,cancelled,card,pickup
1169,2281,2026-05-26 15:05:23,993.04,completed,card,lp_express
1170,2460,2026-06-14 22:51:04,87.4,returned,card,omniva
1171,171,2026-06-30 08:23:50,55.98,completed,paypal,pickup
1172,532,2025-11-05 12:12:46,184.78,completed,klix,omniva
1173,1148,2026-02-02 21:02:21,668.26,completed,paypal,dpd
1174,1479,2026-04-22 21:23:24,242.34,cancelled,card,lp_express
1175,2504,2026-04-21 21:53:14,957.25,completed,bank_transfer,omniva
1176,2529,2026-04-18 19:50:34,16.99,completed,paypal,omniva
1177,1840,2026-01-31 20:02:44,212.68,completed,card,omniva
1178,2984,2026-04-05 20:59:12,40.0,completed,card,lp_express
1179,2071,2026-09-24 12:14:46,779.69,completed,klix,dpd
1180,852,2026-02-16 08:33:02,732.2,completed,klix,omniva
1181,2995,2026-08-03 20:34:18,42.83,completed,bank_transfer,lp_express
1182,505,2026-06-30 12:45:39,1009.57,returned,paypal,lp_express
1183,546,2026-05-24 14:21:02,46.85,completed,klix,omniva
1184,2090,2025-11-08 13:58:41,118.52,completed,bank_transfer,lp_express
1185,2777,2025-12-05 20:53:38,118.85,completed,card,omniva
1186,1245,2026-03-19 21:07:34,630.52,returned,klix,pickup
1187,1030,2026-09-19 09:48:21,203.99,cancelled,paypal,dpd
1188,2745,2026-03-08 22:16:13,10.8,completed,bank_transfer,pickup
1189,2086,2026-08-21 14:11:34,12.16,completed,card,dpd
1190,2509,2026-01-31 14:44:04,359.32,returned,klix,lp_express
1191,725,2025-11-12 21:29:52,118.35,completed,card,dpd
1192,564,2025-12-09 10:16:35,130.2,completed,card,dpd
1193,2029,2026-02-21 10:37:16,16.99,completed,klix,dpd
1194,1514,2026-09-14 09:54:53,496.52,completed,bank_transfer,lp_express
1195,355,2026-09-04 22:08:11,232.56,completed,paypal,dpd
1196,2251,2026-06-03 09:42:51,663.09,completed,paypal,lp_express
1197,1443,2026-08-10 11:19:58,201.49,completed,klix,dpd
1198,2457,2026-02-22 08:58:42,84.99,completed,klix,lp_express
1199,826,2025-12-24 19:32:27,1425.87,completed,bank_transfer,lp_express
1200,538,2026-09-12 08:27:35,13.01,completed,paypal,omniva
1201,833,2026-01-04 20:29:00,119.57,completed,bank_transfer,pickup
1202,1332,2026-04-23 09:11:59,159.42,completed,bank_transfer,lp_express
1203,127,2025-12-12 14:59:22,372.65,completed,card,lp_express
1204,2478,2026-06-01 19:36:41,264.87,completed,paypal,omniva
1205,1620,2026-01-20 11:44:58,78.0,completed,card,pickup
1206,2436,2026-08-13 22:56:42,1045.49,cancelled,card,dpd
1207,424,2025-11-15 09:46:50,55.94,completed,card,lp_express
1208,466,2026-02-21 19:51:38,584.13,completed,card,lp_express
1209,2317,2026-05-11 11:53:49,591.6,completed,klix,lp_express
1210,1889,2026-04-16 21:37:05,264.87,completed,bank_transfer,pickup
1211,1577,2025-11-07 14:41:16,139.96,completed,paypal,pickup
1212,86,2026-07-16 10:39:25,373.58,completed,paypal,pickup
1213,1611,2026-03-05 22:14:37,265.07,completed,paypal,pickup
1214,1162,2026-08-25 12:46:11,133.86,completed,klix,lp_express
1215,1810,2026-03-03 09:23:38,142.0,returned,klix,lp_express
1216,2068,2026-04-02 11:59:00,779.69,completed,klix,pickup
1217,297,2026-01-15 15:06:34,324.04,completed,klix,lp_express
1218,357,2026-05-16 11:50:26,161.84,completed,bank_transfer,pickup
1219,1957,2025-12-27 08:52:03,113.0,completed,paypal,dpd
1220,657,2026-04-09 21:17:54,521.68,completed,paypal,lp_express
1221,2731,2026-07-04 11:08:14,100.56,completed,bank_transfer,pickup
1222,2061,2026-03-20 20:14:39,767.32,completed,card,pickup
1223,551,2026-08-15 09:06:15,912.44,completed,paypal,dpd
1224,1515,2026-07-23 20:21:37,17.61,completed,klix,lp_express
1225,1005,2026-01-05 22:12:12,352.24,completed,paypal,dpd
1226,2767,2026-06-26 20:36:00,890.54,completed,klix,dpd
1227,2859,2026-03-12 13:51:01,214.17,completed,klix,omniva
1228,616,2026-05-11 12:04:14,39.35,completed,paypal,omniva
1229,2925,2026-09-29 19:58:37,359.0,completed,paypal,omniva
1230,1783,2026-06-17 22:31:13,2086.4,completed,klix,omniva
1231,126,2026-06-28 13:05:48,33.26,completed,klix,lp_express
1232,1146,2025-11-20 12:20:21,425.67,completed,klix,lp_express
1233,447,2026-06-14 14:16:30,191.25,completed,bank_transfer,omniva
1234,2752,2026-03-06 20:39:34,572.39,completed,bank_transfer,pickup
1235,1551,2026-02-07 21:02:53,110.39,completed,card,dpd
1236,2993,2026-04-09 11:03:31,71.75,completed,klix,omniva
1237,991,2025-12-07 12:43:12,405.41,completed,paypal,omniva
1238,610,2025-12-20 12:27:42,339.21,completed,paypal,dpd
1239,2565,2026-05-27 13:58:26,220.0,returned,paypal,lp_express
1240,2603,2026-03-27 08:39:24,873.85,completed,card,omniva
1241,1050,2026-04-14 21:20:46,862.78,completed,card,pickup
1242,2760,2026-02-16 10:51:27,35.16,completed,klix,lp_express
1243,826,2025-11-02 13:49:24,109.37,completed,paypal,pickup
1244,1238,2026-02-25 19:28:17,304.38,returned,klix,pickup
1245,2199,2026-01-23 21:39:58,19.09,completed,klix,lp_express
1246,1163,2026-02-23 09:48:10,13.01,completed,card,pickup
1247,1541,2026-02-26 19:49:37,357.94,completed,paypal,pickup
1248,672,2026-02-10 13:32:20,71.75,completed,bank_transfer,dpd
1249,792,2026-05-25 13:16:08,77.29,completed,paypal,dpd
1250,1335,2026-03-06 12:24:05,156.54,completed,card,omniva
1251,51,2026-04-18 21:48:04,215.52,completed,bank_transfer,lp_express
1252,407,2026-02-19 12:02:09,86.41,completed,card,lp_express
1253,214,2025-11-02 22:07:29,339.35,completed,bank_transfer,pickup
1254,1838,2026-06-16 21:23:08,28.28,completed,bank_transfer,omniva
1255,1505,2025-12-03 14:41:49,438.6,completed,paypal,omniva
1256,2546,2026-08-16 14:19:14,2134.25,completed,paypal,dpd
1257,341,2026-04-22 12:07:42,78.27,completed,paypal,omniva
1258,1240,2026-02-08 11:12:51,231.02,completed,klix,omniva
1259,1122,2025-10-28 09:51:43,264.87,completed,paypal,omniva
1260,2182,2025-11-11 20:22:43,2303.13,completed,klix,dpd
1261,1297,2026-04-17 12:51:34,197.83,completed,klix,dpd
1262,2658,2025-11-03 19:41:43,53.93,completed,card,omniva
1263,653,2026-05-21 09:43:39,84.34,completed,klix,pickup
1264,1841,2025-11-18 12:15:22,284.67,completed,klix,dpd
1265,2872,2026-02-17 22:39:14,97.13,completed,paypal,pickup
1266,2484,2025-12-25 10:03:57,109.37,cancelled,klix,omniva
1267,1528,2025-11-10 21:02:38,833.62,completed,bank_transfer,omniva
1268,853,2026-06-07 10:46:52,125.34,returned,bank_transfer,dpd
1269,2270,2026-01-24 21:11:14,32.44,completed,card,pickup
1270,689,2025-12-30 13:07:33,10.8,completed,paypal,pickup
1271,460,2026-03-25 14:09:56,44.12,completed,bank_transfer,dpd
1272,1427,2026-03-28 21:09:06,688.34,completed,klix,lp_express
1273,2560,2025-12-07 15:05:47,21.6,completed,card,omniva
1274,1788,2026-05-03 10:53:41,74.85,completed,bank_transfer,lp_express
1275,2539,2026-04-26 14:18:56,109.37,completed,bank_transfer,pickup
1276,1671,2025-11-26 14:21:23,265.07,completed,card,pickup
1277,2024,2025-12-21 21:49:29,707.24,completed,paypal,lp_express
1278,1213,2025-10-12 22:17:58,138.17,completed,klix,pickup
1279,2026,2026-02-08 21:32:27,59.06,completed,paypal,dpd
1280,2755,2025-12-27 19:30:36,273.82,completed,klix,pickup
1281,2982,2026-04-09 10:08:04,397.07,completed,card,omniva
1282,357,2026-05-10 13:20:35,81.93,completed,card,lp_express
1283,1158,2026-04-10 21:59:18,65.76,completed,card,dpd
1284,2588,2025-12-04 12:59:42,806.2,completed,klix,dpd
1285,418,2026-06-22 20:15:51,751.58,completed,klix,dpd
1286,18,2026-04-06 13:26:23,525.95,completed,paypal,dpd
1287,1544,2026-01-26 10:00:30,47.54,completed,paypal,omniva
1288,1908,2025-11-07 13:36:52,1559.42,cancelled,klix,lp_express
1289,2569,2026-09-02 19:49:52,46.79,completed,card,lp_express
1290,2721,2026-02-02 22:54:15,154.72,completed,bank_transfer,lp_express
1291,1303,2025-12-07 09:28:24,19.0,completed,bank_transfer,lp_express
1292,776,2026-03-02 13:42:37,852.68,completed,bank_transfer,omniva
1293,420,2025-12-05 08:32:43,221.78,completed,klix,omniva
1294,1096,2026-03-21 20:33:13,271.91,completed,bank_transfer,pickup
1295,2974,2026-07-28 11:46:48,731.06,completed,bank_transfer,omniva
1296,984,2026-04-24 10:30:51,39.83,completed,paypal,pickup
1297,1766,2026-09-19 22:36:03,470.18,completed,paypal,omniva
1298,790,2026-04-05 20:24:24,1804.81,completed,card,omniva
1299,258,2026-03-08 13:21:38,48.24,completed,klix,dpd
1300,390,2026-08-17 11:51:12,103.08,completed,card,omniva
1301,524,2026-02-01 19:56:25,48.52,completed,klix,pickup
1302,981,2026-01-23 13:17:06,12.5,returned,bank_transfer,lp_express
1303,2454,2026-07-18 20:53:42,24.26,completed,paypal,lp_express
1304,2461,2026-02-07 11:09:51,43.08,completed,bank_transfer,omniva
1305,2829,2026-03-16 13:54:07,55.98,completed,paypal,pickup
1306,575,2025-12-23 10:41:02,472.48,completed,paypal,pickup
1307,1264,2026-02-12 20:58:09,78.27,cancelled,paypal,lp_express
1308,1354,2025-10-25 12:20:47,496.52,completed,bank_transfer,pickup
1309,598,2026-02-17 10:21:47,784.99,completed,card,dpd
1310,159,2026-06-12 14:59:57,59.91,completed,klix,dpd
1311,1445,2026-06-17 11:31:32,11.66,completed,bank_transfer,dpd
1312,2560,2025-12-01 19:38:56,840.19,completed,paypal,omniva
1313,2204,2026-04-30 10:30:04,39.45,completed,card,omniva
1314,1693,2026-08-12 22:41:24,119.67,completed,paypal,pickup
1315,465,2025-12-24 13:51:40,345.42,completed,card,lp_express
1316,2934,2025-11-05 13:36:53,35.09,completed,card,omniva
1317,2588,2026-02-24 10:28:49,840.29,completed,card,omniva
1318,2963,2026-05-01 14:19:19,209.79,completed,bank_transfer,omniva
1319,796,2026-03-10 13:06:32,19.09,completed,card,lp_express
1320,1602,2025-11-05 15:17:36,355.09,completed,card,lp_express
1321,2194,2026-07-31 14:43:41,59.8,completed,card,omniva
1322,303,2026-02-03 19:57:49,248.54,completed,bank_transfer,omniva
1323,748,2026-08-30 19:41:13,179.73,completed,card,pickup
1324,2661,2025-11-12 13:57:45,35.09,cancelled,klix,dpd
1325,2283,2026-07-31 11:59:58,110.69,completed,card,lp_express
1326,1542,2026-09-04 11:23:25,515.08,completed,paypal,dpd
1327,1053,2026-01-30 12:06:09,309.87,completed,paypal,lp_express
1328,1205,2026-05-31 12:37:46,110.69,completed,card,lp_express
1329,830,2026-04-29 13:53:32,359.89,completed,klix,pickup
1330,782,2025-10-12 11:55:24,278.81,completed,paypal,dpd
1331,2406,2025-12-22 10:18:54,311.24,completed,klix,pickup
1332,319,2025-11-19 21:50:08,158.92,completed,card,omniva
1333,954,2026-05-12 19:56:10,39.45,completed,klix,lp_express
1334,745,2026-03-26 10:52:21,65.06,completed,bank_transfer,dpd
1335,269,2025-12-23 22:03:40,320.81,completed,paypal,lp_express
1336,1520,2026-05-31 10:50:15,1052.24,completed,bank_transfer,lp_express
1337,682,2026-01-15 10:43:22,784.56,completed,klix,pickup
1338,1823,2026-01-20 11:22:57,72.61,completed,paypal,lp_express
1339,853,2026-09-23 09:32:56,74.3,completed,paypal,lp_express
1340,23,2025-11-14 19:53:41,190.67,cancelled,paypal,lp_express
1341,1042,2025-11-03 13:30:54,256.77,completed,bank_transfer,pickup
1342,1361,2026-09-21 14:49:03,227.52,cancelled,bank_transfer,pickup
1343,1976,2026-06-01 20:46:40,731.06,completed,bank_transfer,pickup
1344,2227,2026-05-29 21:55:00,36.67,completed,paypal,omniva
1345,114,2026-02-23 19:42:46,172.04,completed,card,dpd
1346,1346,2026-04-19 21:16:13,359.32,completed,card,lp_express
1347,1136,2026-08-12 21:52:01,311.93,completed,paypal,lp_express
1348,1791,2026-03-18 08:39:50,37.74,completed,bank_transfer,omniva
1349,989,2026-04-06 09:08:46,211.97,completed,klix,pickup
1350,2684,2026-06-01 12:45:22,158.51,completed,paypal,lp_express
1351,1339,2025-12-13 20:40:42,12.73,completed,paypal,pickup
1352,458,2025-12-09 11:01:13,124.83,completed,bank_transfer,lp_express
1353,1677,2026-06-24 08:12:53,10.8,returned,klix,omniva
1354,207,2026-07-26 10:53:03,236.24,completed,bank_transfer,lp_express
1355,1766,2026-02-01 22:34:55,32.44,completed,bank_transfer,pickup
1356,1360,2026-05-24 19:27:22,807.84,completed,klix,lp_express
1357,1808,2026-05-14 19:36:50,300.23,completed,klix,dpd
1358,2692,2025-11-26 11:59:43,878.81,completed,bank_transfer,omniva
1359,893,2026-01-13 10:13:25,286.71,completed,bank_transfer,pickup
1360,1225,2026-01-25 21:22:34,46.79,completed,bank_transfer,lp_express
1361,1443,2026-09-01 20:44:59,751.58,completed,card,dpd
1362,2167,2026-05-31 14:05:26,166.62,completed,card,omniva
1363,372,2025-12-14 19:22:21,39.45,completed,bank_transfer,pickup
1364,2966,2026-01-06 13:55:11,321.65,completed,klix,dpd
1365,2132,2026-01-24 11:02:24,696.49,completed,bank_transfer,omniva
1366,867,2026-02-26 09:05:49,418.36,completed,bank_transfer,pickup
1367,1739,2025-11-28 08:45:04,97.13,completed,paypal,omniva
1368,2314,2026-04-24 14:24:43,87.4,completed,bank_transfer,pickup
1369,1527,2026-01-11 13:04:52,23.53,completed,paypal,dpd
1370,2890,2025-11-25 08:20:09,105.48,completed,klix,omniva
1371,805,2025-11-24 09:05:28,110.39,completed,klix,omniva
1372,2173,2026-08-28 22:08:52,353.41,returned,paypal,lp_express
1373,165,2026-08-26 20:31:32,731.06,completed,bank_transfer,pickup
1374,666,2026-03-05 10:21:03,183.44,completed,klix,omniva
1375,2238,2025-12-13 22:16:38,388.95,completed,bank_transfer,dpd
1376,72,2026-07-11 14:16:42,104.08,completed,paypal,dpd
1377,2357,2026-06-03 09:10:16,39.97,completed,paypal,pickup
1378,2887,2026-01-21 20:59:51,174.8,completed,klix,pickup
1379,1052,2026-02-04 15:19:42,1167.74,completed,klix,pickup
1380,1674,2026-01-07 14:28:38,98.05,completed,card,lp_express
1381,1463,2026-04-11 09:59:12,326.02,completed,paypal,pickup
1382,1553,2025-12-15 13:29:54,103.08,completed,klix,pickup
1383,2390,2025-12-17 10:31:16,20.0,completed,card,dpd
1384,2667,2026-02-07 12:30:44,156.54,completed,card,omniva
1385,1610,2026-07-04 15:26:28,292.38,completed,bank_transfer,dpd
1386,2107,2026-02-11 14:50:33,2301.96,cancelled,klix,dpd
1387,513,2025-12-03 13:04:53,55.72,completed,card,pickup
1388,192,2025-12-25 20:52:59,51.53,completed,klix,lp_express
1389,602,2026-02-24 08:54:13,8.39,completed,klix,pickup
1390,135,2025-12-29 09:22:49,529.74,completed,bank_transfer,dpd
1391,1644,2026-09-09 10:33:16,175.4,completed,card,omniva
1392,1094,2025-11-14 20:09:03,84.34,completed,klix,pickup
1393,1750,2026-06-26 10:48:45,236.24,completed,paypal,lp_express
1394,2238,2025-12-13 21:19:51,221.78,completed,bank_transfer,lp_express
1395,2648,2026-08-31 09:57:16,85.66,completed,paypal,omniva
1396,755,2026-03-17 08:30:54,39.54,completed,klix,dpd
1397,1623,2025-12-10 20:26:25,221.38,completed,paypal,lp_express
1398,1825,2026-01-02 11:28:36,1219.08,completed,paypal,dpd
1399,2382,2026-05-26 09:39:16,133.86,completed,bank_transfer,dpd
1400,2598,2026-04-02 10:02:21,84.84,completed,card,omniva
1401,2510,2026-09-30 21:17:20,1091.03,completed,klix,omniva
1402,422,2026-07-07 21:58:15,329.59,completed,paypal,pickup
1403,2201,2026-02-27 14:46:35,47.54,completed,paypal,dpd
1404,827,2026-08-23 08:49:51,36.99,completed,paypal,lp_express
1405,236,2026-09-20 20:35:18,71.75,completed,card,lp_express
1406,2892,2025-12-05 11:10:10,397.07,completed,klix,pickup
1407,154,2026-03-07 13:43:58,670.73,completed,bank_transfer,pickup
1408,1158,2026-06-13 15:13:59,375.42,completed,paypal,dpd
1409,914,2025-12-21 21:12:52,72.1,completed,bank_transfer,dpd
1410,2181,2026-05-11 11:07:54,220.08,completed,bank_transfer,dpd
1411,2186,2026-03-01 09:03:59,63.15,completed,paypal,lp_express
1412,527,2026-06-03 10:05:42,351.12,completed,klix,dpd
1413,2761,2026-09-21 08:36:22,80.78,returned,paypal,lp_express
1414,2212,2026-01-15 19:18:52,28.28,completed,klix,pickup
1415,45,2026-06-02 13:32:41,283.82,completed,card,omniva
1416,2146,2025-12-02 20:06:50,50.71,completed,klix,pickup
1417,2139,2026-01-25 14:07:06,116.82,completed,bank_transfer,dpd
1418,2364,2026-04-15 09:20:06,481.31,completed,card,dpd
1419,2842,2026-01-02 14:31:42,670.73,completed,paypal,pickup
1420,1910,2026-06-02 21:27:27,565.63,completed,card,omniva
1421,2298,2026-04-16 11:21:49,137.34,completed,card,omniva
1422,981,2026-03-05 12:48:23,138.17,completed,bank_transfer,lp_express
1423,2725,2025-11-30 19:19:39,234.24,returned,klix,dpd
1424,535,2026-04-18 21:51:23,862.78,completed,klix,omniva
1425,71,2026-07-05 19:56:00,220.08,completed,card,pickup
1426,23,2025-12-07 12:18:05,463.2,cancelled,bank_transfer,omniva
1427,450,2026-07-25 10:21:12,167.32,completed,card,omniva
1428,504,2026-05-25 13:21:24,11.26,completed,card,omniva
1429,787,2026-01-15 11:52:48,161.84,completed,card,pickup
1430,1316,2026-05-27 12:22:32,205.47,completed,bank_transfer,pickup
1431,418,2026-04-20 19:50:35,319.02,completed,paypal,dpd
1432,383,2025-12-15 09:33:50,7.48,completed,card,dpd
1433,2989,2025-11-29 12:54:14,184.53,cancelled,bank_transfer,dpd
1434,70,2025-12-27 22:38:24,451.0,cancelled,klix,pickup
1435,2546,2026-06-03 10:41:01,586.3,completed,paypal,lp_express
1436,690,2025-11-09 20:37:08,74.3,completed,card,lp_express
1437,344,2025-12-16 09:07:14,1705.37,completed,bank_transfer,pickup
1438,1452,2026-05-27 22:19:17,99.92,completed,card,omniva
1439,1555,2026-05-31 08:21:03,12.16,completed,paypal,dpd
1440,2492,2026-03-09 22:27:22,941.53,completed,klix,lp_express
1441,1780,2026-08-20 10:56:15,178.51,completed,bank_transfer,pickup
1442,1279,2025-12-16 11:59:36,250.6,completed,klix,pickup
1443,2598,2026-04-30 13:36:07,1232.31,completed,bank_transfer,dpd
1444,1439,2025-10-18 19:35:31,236.24,completed,paypal,omniva
1445,880,2026-03-02 13:19:55,359.32,completed,klix,lp_express
1446,1977,2025-12-14 20:07:11,776.23,returned,klix,omniva
1447,983,2025-12-01 19:39:34,377.93,completed,bank_transfer,omniva
1448,1467,2026-02-08 20:39:36,247.46,completed,bank_transfer,omniva
1449,1212,2026-03-24 15:03:03,258.02,completed,paypal,omniva
1450,452,2026-09-28 11:30:42,133.86,completed,paypal,pickup
1451,1022,2026-06-13 10:53:32,78.9,cancelled,klix,pickup
1452,1363,2026-07-03 20:04:45,926.2,completed,bank_transfer,dpd
1453,947,2025-12-25 21:49:42,2340.3,completed,paypal,lp_express
1454,1883,2026-09-15 08:57:25,86.41,completed,bank_transfer,lp_express
1455,2588,2025-12-16 21:48:43,19.0,completed,bank_transfer,omniva
1456,2301,2026-02-13 20:07:30,94.51,completed,klix,dpd
1457,662,2026-03-15 08:58:49,285.19,completed,bank_transfer,omniva
1458,1880,2026-06-18 21:02:48,280.84,completed,card,dpd
1459,1181,2026-03-05 21:45:08,88.34,completed,bank_transfer,lp_express
1460,24,2026-03-06 14:17:06,734.2,completed,card,pickup
1461,310,2026-04-08 20:17:41,22.27,completed,bank_transfer,lp_express
1462,684,2026-02-22 11:52:33,731.09,completed,bank_transfer,dpd
1463,2721,2026-02-25 20:50:22,37.74,completed,bank_transfer,pickup
1464,793,2026-05-05 14:22:31,53.93,completed,paypal,lp_express
1465,149,2026-09-21 09:52:01,1111.67,completed,bank_transfer,lp_express
1466,1649,2025-11-20 21:17:25,19.77,completed,paypal,pickup
1467,1438,2026-04-22 14:54:17,513.51,completed,paypal,pickup
1468,1900,2025-11-17 19:47:21,84.99,completed,klix,omniva
1469,1676,2026-05-07 13:57:27,20.51,completed,bank_transfer,pickup
1470,1907,2026-06-20 12:02:26,1050.69,completed,bank_transfer,dpd
1471,1652,2025-11-14 15:00:18,176.22,completed,klix,omniva
1472,1869,2026-07-26 14:52:59,423.94,completed,klix,pickup
1473,1229,2026-05-08 14:45:01,240.2,completed,bank_transfer,pickup
1474,2153,2026-03-07 10:45:17,207.22,completed,card,lp_express
1475,1105,2026-08-24 15:04:50,133.2,completed,bank_transfer,pickup
1476,1076,2026-05-30 20:35:34,98.63,completed,card,pickup
1477,2939,2025-11-24 14:25:12,42.83,completed,paypal,lp_express
1478,3000,2026-01-29 14:17:07,135.14,completed,card,dpd
1479,780,2025-10-31 23:15:21,72.1,cancelled,klix,lp_express
1480,2085,2026-06-29 14:02:38,597.2,completed,klix,pickup
1481,11,2026-02-09 23:00:58,126.86,completed,card,omniva
1482,2017,2026-08-11 09:57:55,253.73,completed,bank_transfer,omniva
1483,1410,2025-12-04 13:18:32,905.4,completed,paypal,omniva
1484,2115,2025-11-28 11:02:42,97.58,completed,bank_transfer,dpd
1485,1687,2026-03-05 11:55:46,458.64,completed,paypal,dpd
1486,2983,2025-12-10 08:29:38,670.73,completed,bank_transfer,lp_express
1487,2082,2025-11-28 09:09:09,137.18,returned,paypal,omniva
1488,470,2026-04-23 11:01:51,118.17,completed,paypal,dpd
1489,227,2026-01-08 09:03:36,445.7,returned,paypal,dpd
1490,529,2026-01-01 08:16:51,579.3,completed,paypal,lp_express
1491,1684,2025-12-03 08:34:28,323.68,completed,card,dpd
1492,2977,2026-09-05 22:47:14,14.96,cancelled,paypal,omniva
1493,2719,2025-12-14 10:58:27,796.12,completed,paypal,pickup
1494,1765,2025-12-22 14:46:12,39.45,completed,bank_transfer,omniva
1495,1413,2026-04-22 14:26:06,25.46,completed,card,pickup
1496,493,2025-10-28 10:31:13,28.28,completed,card,lp_express
1497,688,2026-03-28 10:19:57,983.97,completed,bank_transfer,omniva
1498,2553,2026-06-07 13:53:37,169.98,completed,bank_transfer,pickup
1499,803,2026-05-01 08:22:23,119.73,completed,bank_transfer,pickup
1500,1033,2025-11-12 20:23:14,80.78,completed,paypal,pickup
1501,2570,2026-07-31 10:18:23,17.61,completed,bank_transfer,lp_express
1502,1272,2026-06-13 11:33:54,61.92,returned,paypal,omniva
1503,2989,2025-12-15 23:14:27,1790.91,completed,card,pickup
1504,2838,2025-12-28 22:45:07,95.66,completed,card,pickup
1505,1056,2026-06-06 12:19:10,166.62,completed,paypal,pickup
1506,2887,2025-12-08 15:06:43,84.99,completed,bank_transfer,omniva
1507,2037,2026-02-17 23:02:09,861.37,completed,paypal,dpd
1508,1625,2026-09-07 19:24:16,365.1,completed,card,pickup
1509,2838,2026-01-10 22:17:15,130.97,returned,paypal,omniva
1510,1090,2026-09-15 11:56:08,85.68,completed,card,dpd
1511,2264,2026-08-19 12:20:48,164.82,cancelled,paypal,lp_express
1512,49,2025-12-10 08:40:34,232.56,completed,klix,dpd
1513,1677,2026-07-18 10:40:53,918.83,completed,paypal,lp_express
1514,2001,2026-03-12 09:38:54,133.86,completed,card,pickup
1515,2934,2025-11-13 23:14:55,46.85,completed,klix,lp_express
1516,526,2026-02-27 09:37:50,100.56,completed,card,lp_express
1517,411,2026-07-30 10:44:55,194.43,completed,klix,dpd
1518,1541,2025-11-10 20:39:09,684.05,completed,bank_transfer,lp_express
1519,816,2025-11-10 13:29:18,7.48,completed,paypal,omniva
1520,2276,2026-02-18 13:15:20,142.78,completed,card,lp_express
1521,2225,2026-08-18 09:47:30,19.0,completed,klix,omniva
1522,14,2026-09-24 11:45:13,11.26,completed,klix,pickup
1523,2439,2025-12-07 10:59:40,259.23,completed,card,pickup
1524,1750,2026-02-28 13:17:22,811.19,completed,bank_transfer,pickup
1525,1518,2025-12-08 09:40:54,973.17,completed,paypal,dpd
1526,2734,2025-12-23 22:25:29,63.43,completed,card,dpd
1527,674,2026-06-11 12:41:26,63.43,completed,bank_transfer,omniva
1528,682,2025-11-14 12:19:57,271.76,completed,klix,omniva
1529,223,2025-11-18 13:03:42,13.74,completed,klix,dpd
1530,1649,2025-12-18 20:52:21,350.24,completed,paypal,omniva
1531,1002,2026-03-16 11:03:00,887.84,completed,card,dpd
1532,276,2026-06-15 12:18:31,87.37,completed,bank_transfer,pickup
1533,892,2026-07-04 22:35:29,30.52,completed,card,pickup
1534,2475,2026-01-26 22:09:51,396.96,cancelled,bank_transfer,pickup
1535,198,2025-10-11 20:30:20,170.88,completed,bank_transfer,pickup
1536,805,2025-10-07 08:31:27,595.4,completed,bank_transfer,omniva
1537,2917,2026-07-23 23:05:08,20.51,completed,card,dpd
1538,812,2026-04-25 19:25:59,187.77,completed,card,pickup
1539,1946,2026-08-20 11:50:33,441.76,completed,paypal,dpd
1540,522,2026-04-20 19:35:59,422.9,completed,klix,omniva
1541,828,2025-10-14 20:53:44,1598.83,completed,card,dpd
1542,2708,2026-01-15 12:00:58,78.9,completed,klix,dpd
1543,2689,2026-02-26 13:54:14,11.66,completed,card,omniva
1544,1375,2025-11-30 08:24:54,126.86,completed,paypal,dpd
1545,1668,2025-11-10 20:58:56,247.46,completed,bank_transfer,pickup
1546,641,2026-07-18 19:30:23,1508.1,completed,card,pickup
1547,2335,2026-05-11 20:05:34,49.42,completed,bank_transfer,dpd
1548,1984,2025-12-16 10:18:49,978.23,completed,card,lp_express
1549,2868,2026-07-25 09:08:00,12.5,completed,paypal,pickup
1550,1371,2026-01-15 21:24:38,86.41,completed,card,lp_express
1551,243,2026-07-11 13:05:19,117.12,completed,paypal,omniva
1552,2906,2026-01-10 20:58:40,81.93,completed,bank_transfer,omniva
1553,1169,2025-12-02 13:05:56,22.27,completed,bank_transfer,omniva
1554,996,2026-05-27 20:37:23,117.62,completed,klix,omniva
1555,2368,2025-12-08 09:27:56,12.16,completed,bank_transfer,lp_express
1556,495,2026-06-12 14:13:03,263.1,completed,bank_transfer,dpd
1557,693,2025-12-10 14:59:37,90.6,cancelled,paypal,dpd
1558,825,2026-06-30 11:02:45,31.93,completed,paypal,lp_express
1559,1994,2026-05-07 11:05:07,110.39,completed,bank_transfer,lp_express
1560,1103,2025-12-15 22:06:12,211.97,completed,paypal,pickup
1561,2756,2025-12-21 15:12:59,90.8,completed,card,pickup
1562,1837,2026-06-20 11:43:22,2339.07,completed,bank_transfer,omniva
1563,1256,2026-05-19 19:24:38,284.28,completed,klix,lp_express
1564,1690,2026-07-07 09:35:18,653.88,completed,bank_transfer,omniva
1565,2661,2026-02-16 19:41:20,306.25,cancelled,card,pickup
1566,954,2026-09-25 12:24:50,43.24,returned,klix,omniva
1567,221,2026-03-14 19:29:56,809.19,completed,card,lp_express
1568,1186,2025-11-18 09:03:30,298.08,completed,klix,pickup
1569,343,2026-03-19 12:20:36,133.86,completed,card,dpd
1570,2531,2025-10-22 21:19:17,577.1,completed,paypal,omniva
1571,80,2026-06-09 11:42:13,779.69,completed,paypal,omniva
1572,457,2025-11-14 21:48:32,1202.66,completed,paypal,omniva
1573,41,2026-03-22 08:34:07,39.97,returned,bank_transfer,lp_express
1574,2001,2026-03-23 19:33:17,1559.38,completed,paypal,dpd
1575,2346,2025-11-24 20:27:23,70.18,completed,card,omniva
1576,107,2026-03-25 13:40:51,853.37,completed,klix,lp_express
1577,2643,2026-04-15 08:40:21,684.23,cancelled,klix,lp_express
1578,1906,2026-09-29 20:27:28,32.44,completed,klix,lp_express
1579,2509,2026-01-17 08:27:26,98.39,completed,bank_transfer,dpd
1580,965,2025-11-28 23:17:31,1025.37,completed,paypal,omniva
1581,2650,2026-07-15 21:37:59,69.93,completed,bank_transfer,lp_express
1582,2594,2025-12-14 14:46:25,295.55,completed,paypal,pickup
1583,412,2026-03-09 08:34:37,44.22,completed,paypal,pickup
1584,637,2026-05-17 11:19:31,114.88,completed,card,omniva
1585,895,2026-06-19 20:17:52,16.99,completed,klix,lp_express
1586,2243,2026-02-21 11:10:55,141.21,completed,card,lp_express
1587,1466,2026-08-15 21:45:52,127.08,completed,klix,omniva
1588,2209,2026-07-02 12:10:02,529.74,cancelled,bank_transfer,omniva
1589,814,2025-11-23 11:39:45,52.83,completed,bank_transfer,dpd
1590,320,2025-11-02 10:01:18,74.74,completed,paypal,omniva
1591,2502,2025-12-13 10:53:49,166.63,completed,klix,lp_express
1592,152,2026-03-16 23:05:46,595.4,completed,klix,omniva
1593,304,2026-01-12 13:13:53,13.33,completed,klix,lp_express
1594,408,2025-11-05 21:12:04,344.73,completed,paypal,dpd
1595,2395,2025-12-10 21:29:54,2165.72,completed,klix,omniva
1596,2944,2025-12-13 22:29:09,236.24,completed,card,lp_express
1597,854,2026-06-10 11:11:07,428.34,completed,bank_transfer,lp_express
1598,76,2026-09-09 10:39:50,191.29,completed,klix,pickup
1599,870,2025-12-09 19:49:55,46.79,completed,paypal,lp_express
1600,17,2026-09-20 14:50:58,97.99,completed,bank_transfer,lp_express
1601,980,2025-11-24 09:36:18,178.88,completed,paypal,pickup
1602,2488,2026-07-30 22:42:46,1686.18,returned,klix,pickup
1603,2165,2025-12-26 12:14:19,236.24,completed,paypal,dpd
1604,764,2026-06-25 13:55:11,17.61,completed,paypal,dpd
1605,2306,2026-02-12 19:21:23,17.61,completed,bank_transfer,pickup
1606,2128,2026-04-30 13:18:50,36.67,completed,klix,pickup
1607,1826,2025-12-11 19:54:18,1022.83,completed,klix,lp_express
1608,1874,2026-03-07 15:21:41,178.51,returned,card,pickup
1609,603,2025-10-09 10:59:29,39.45,completed,bank_transfer,omniva
1610,2099,2026-09-08 22:43:54,352.45,completed,bank_transfer,lp_express
1611,1258,2025-11-07 13:50:45,178.51,completed,card,dpd
1612,1214,2026-06-01 13:32:55,197.71,completed,klix,pickup
1613,2977,2026-06-08 14:16:37,471.24,completed,paypal,omniva
1614,2629,2026-02-21 14:36:48,119.41,completed,card,dpd
1615,2431,2025-12-29 09:53:03,394.41,completed,paypal,omniva
1616,1478,2026-03-27 09:18:10,109.37,completed,bank_transfer,pickup
1617,1463,2026-04-02 19:39:22,477.25,completed,bank_transfer,omniva
1618,191,2025-10-15 21:54:57,95.29,completed,paypal,dpd
1619,1442,2026-03-08 20:25:36,1026.98,completed,paypal,omniva
1620,1195,2025-12-03 15:16:40,1308.11,completed,paypal,omniva
1621,2755,2025-12-21 21:47:36,803.1,completed,klix,dpd
1622,19,2025-12-04 21:18:31,142.62,completed,klix,omniva
1623,2917,2026-02-19 20:51:53,670.73,completed,bank_transfer,omniva
1624,2369,2025-11-19 22:56:09,220.22,completed,card,pickup
1625,1482,2026-02-18 22:14:09,142.78,returned,paypal,omniva
1626,847,2026-09-13 23:03:54,12.16,completed,card,omniva
1627,2666,2026-05-28 10:18:21,31.16,completed,klix,omniva
1628,2283,2026-02-28 09:41:50,20.0,completed,bank_transfer,dpd
1629,1027,2026-08-31 10:54:23,220.22,completed,bank_transfer,lp_express
1630,122,2026-05-11 22:02:14,298.6,completed,bank_transfer,pickup
1631,435,2025-12-27 10:22:37,174.25,returned,paypal,omniva
1632,1608,2026-05-09 23:03:44,98.14,completed,card,omniva
1633,1812,2026-01-16 09:36:23,194.8,completed,paypal,pickup
1634,713,2026-01-27 12:18:59,65.06,completed,paypal,pickup
1635,294,2026-03-26 19:40:47,13.01,completed,bank_transfer,lp_express
1636,213,2025-12-16 15:07:47,21.54,completed,bank_transfer,dpd
1637,1734,2025-11-23 09:09:50,69.93,completed,paypal,lp_express
1638,119,2026-02-27 09:00:56,32.44,completed,card,pickup
1639,2534,2026-06-23 22:29:47,465.12,completed,klix,omniva
1640,843,2026-04-10 22:12:01,187.38,completed,bank_transfer,dpd
1641,2855,2025-12-11 10:46:27,742.38,completed,bank_transfer,lp_express
1642,248,2026-05-04 23:23:17,293.39,completed,bank_transfer,dpd
1643,2098,2025-11-18 09:15:29,39.99,completed,card,dpd
1644,516,2026-09-29 08:14:48,225.36,completed,bank_transfer,dpd
1645,986,2026-07-03 08:41:33,59.91,completed,bank_transfer,dpd
1646,2935,2026-02-17 10:54:45,35.16,completed,bank_transfer,omniva
1647,2353,2026-06-30 08:47:50,353.31,completed,klix,dpd
1648,45,2026-08-10 12:29:13,911.49,completed,klix,pickup
1649,2859,2026-02-21 20:24:25,951.28,completed,klix,omniva
1650,1026,2026-02-10 21:28:45,776.58,completed,card,dpd
1651,1716,2025-12-02 22:58:28,72.1,completed,card,pickup
1652,2438,2026-09-02 09:36:11,731.06,completed,bank_transfer,lp_express
1653,2495,2026-02-24 09:27:25,118.12,completed,bank_transfer,dpd
1654,1636,2026-02-11 12:20:09,185.14,completed,card,dpd
1655,2937,2026-07-02 21:23:05,211.97,completed,klix,dpd
1656,2554,2026-01-13 23:22:02,19.22,completed,paypal,omniva
1657,1527,2025-12-10 20:41:32,304.62,completed,paypal,pickup
1658,845,2026-04-26 21:56:00,51.54,completed,klix,lp_express
1659,2104,2026-04-09 14:24:43,100.56,completed,klix,dpd
1660,864,2025-11-08 10:17:05,320.66,completed,card,pickup
1661,103,2026-01-26 13:27:21,1018.45,completed,card,lp_express
1662,2903,2026-04-21 09:22:17,315.73,completed,klix,lp_express
1663,146,2026-02-22 10:11:48,28.28,completed,card,lp_express
1664,2903,2026-03-10 10:10:40,20.51,completed,klix,dpd
1665,734,2026-05-29 21:27:46,265.07,completed,paypal,lp_express
1666,1055,2025-11-28 10:57:36,661.46,completed,bank_transfer,lp_express
1667,2140,2025-11-04 20:19:42,357.02,returned,bank_transfer,omniva
1668,254,2025-12-14 20:08:52,84.99,completed,paypal,omniva
1669,1702,2026-01-25 14:39:17,49.42,completed,klix,dpd
1670,2159,2026-05-17 22:39:41,637.82,completed,bank_transfer,omniva
1671,596,2026-04-22 20:11:33,2432.32,completed,klix,lp_express
1672,1766,2026-09-19 22:45:46,93.7,completed,klix,omniva
1673,2731,2026-05-09 10:39:53,689.38,completed,card,dpd
1674,1303,2025-11-15 10:48:28,397.07,completed,klix,omniva
1675,57,2026-07-30 11:11:59,97.13,completed,card,pickup
1676,1879,2025-11-19 10:57:41,22.27,completed,klix,lp_express
1677,2616,2025-12-17 08:34:20,56.56,returned,bank_transfer,dpd
1678,2682,2025-12-19 23:18:14,255.46,completed,bank_transfer,dpd
1679,725,2026-01-12 22:02:09,411.07,completed,bank_transfer,dpd
1680,1624,2026-04-03 22:17:23,7.48,cancelled,card,omniva
1681,2129,2026-04-05 19:40:21,796.68,completed,card,pickup
1682,1034,2025-12-06 19:23:31,47.54,completed,klix,lp_express
1683,1243,2026-06-17 08:35:13,330.77,completed,card,omniva
1684,43,2026-08-15 15:09:38,1613.97,completed,klix,omniva
1685,458,2025-12-11 22:32:15,11.66,completed,card,lp_express
1686,1949,2026-03-24 15:26:13,539.53,completed,bank_transfer,omniva
1687,1987,2026-04-14 13:26:22,65.06,completed,bank_transfer,pickup
1688,1135,2025-11-05 14:29:34,28.28,completed,klix,pickup
1689,18,2026-03-13 10:37:28,48.24,cancelled,paypal,dpd
1690,1809,2026-06-25 08:39:50,398.46,completed,paypal,lp_express
1691,281,2026-08-01 14:54:50,11.66,completed,paypal,dpd
1692,1216,2026-08-18 14:12:25,20.0,completed,bank_transfer,dpd
1693,769,2026-01-01 20:09:12,334.64,returned,klix,dpd
1694,1105,2025-12-31 23:18:13,74.3,completed,klix,dpd
1695,2408,2026-05-26 20:33:44,1005.56,completed,paypal,pickup
1696,183,2026-02-19 13:51:59,387.6,completed,card,omniva
1697,2487,2025-10-26 08:26:59,37.83,completed,klix,omniva
1698,1577,2026-01-05 22:10:18,39.35,completed,paypal,dpd
1699,1581,2026-07-04 13:40:53,77.29,completed,klix,dpd
1700,2708,2025-12-19 20:55:58,782.49,completed,paypal,lp_express
1701,508,2025-12-25 21:09:34,217.83,completed,bank_transfer,omniva
1702,139,2026-05-13 19:43:41,2581.12,completed,paypal,lp_express
1703,2996,2026-01-13 10:43:58,19.22,completed,card,lp_express
1704,751,2026-02-15 14:56:35,77.25,completed,card,lp_express
1705,2166,2026-02-08 10:52:31,63.43,completed,card,pickup
1706,851,2026-03-11 14:44:12,575.11,completed,klix,lp_express
1707,379,2026-05-25 14:16:15,147.35,completed,card,dpd
1708,2081,2026-01-19 15:09:14,197.26,completed,klix,lp_express
1709,491,2025-12-31 12:56:55,199.88,completed,bank_transfer,dpd
1710,1739,2026-03-10 08:27:35,571.56,completed,bank_transfer,dpd
1711,985,2026-08-03 21:16:39,397.07,completed,paypal,dpd
1712,1515,2026-05-28 10:43:25,231.6,completed,klix,dpd
1713,999,2025-11-26 13:57:28,955.16,cancelled,paypal,lp_express
1714,1942,2026-05-19 21:37:00,39.35,completed,bank_transfer,dpd
1715,1883,2026-09-26 20:29:06,51.54,cancelled,card,omniva
1716,321,2026-06-01 09:14:18,662.14,completed,card,omniva
1717,1643,2025-12-02 23:00:49,148.47,completed,paypal,pickup
1718,1627,2025-12-12 13:00:22,19.83,completed,bank_transfer,dpd
1719,641,2026-09-01 19:22:03,142.79,completed,paypal,omniva
1720,1689,2026-04-08 12:57:09,63.15,completed,paypal,dpd
1721,2877,2026-05-08 21:14:50,84.34,completed,klix,dpd
1722,1353,2026-07-07 09:33:58,198.23,completed,paypal,lp_express
1723,1378,2025-11-21 22:44:58,530.2,completed,bank_transfer,pickup
1724,1957,2025-12-03 14:13:37,51.52,completed,bank_transfer,pickup
1725,496,2026-03-31 21:45:02,77.17,completed,klix,omniva
1726,1334,2026-01-22 23:04:40,8.39,completed,card,lp_express
1727,81,2026-02-24 19:30:32,167.32,completed,bank_transfer,omniva
1728,1952,2026-01-25 13:06:09,494.92,cancelled,paypal,dpd
1729,483,2026-04-15 11:55:26,21.54,completed,card,dpd
1730,165,2026-09-28 19:49:52,265.07,completed,paypal,dpd
1731,2056,2026-07-21 21:10:20,501.96,cancelled,card,dpd
1732,541,2025-10-11 23:17:24,220.08,completed,paypal,dpd
1733,388,2025-12-11 21:22:55,63.43,completed,klix,lp_express
1734,2972,2026-06-24 10:41:03,85.11,completed,bank_transfer,dpd
1735,2437,2026-04-17 11:51:52,635.91,completed,paypal,dpd
1736,47,2026-05-29 12:28:53,202.45,returned,klix,dpd
1737,2194,2026-03-18 22:40:48,162.32,completed,card,dpd
1738,594,2026-04-08 13:43:16,25.0,completed,bank_transfer,lp_express
1739,1257,2026-01-24 10:24:05,356.43,completed,card,pickup
1740,1423,2026-05-24 22:13:12,347.04,completed,bank_transfer,omniva
1741,910,2025-11-23 14:48:50,150.83,completed,bank_transfer,dpd
1742,2634,2026-01-06 09:14:20,74.3,completed,bank_transfer,lp_express
1743,1502,2025-10-22 15:04:24,197.84,completed,paypal,lp_express
1744,1644,2025-12-13 13:08:04,397.07,completed,paypal,pickup
1745,1585,2026-01-03 12:23:56,22.27,completed,card,pickup
1746,2480,2025-12-01 13:12:08,865.46,completed,klix,dpd
1747,1139,2026-01-21 12:14:32,155.52,completed,paypal,dpd
1748,1584,2026-07-04 11:05:50,37.74,completed,bank_transfer,pickup
1749,2997,2026-05-20 12:10:44,293.5,completed,bank_transfer,omniva
1750,2592,2026-06-13 09:49:55,298.6,returned,card,pickup
1751,1644,2025-10-30 21:48:12,903.29,completed,bank_transfer,lp_express
1752,2213,2026-02-05 08:31:58,157.93,completed,klix,lp_express
1753,465,2025-11-14 15:20:31,397.07,completed,klix,dpd
1754,521,2026-05-18 22:13:07,872.6,returned,paypal,lp_express
1755,2472,2026-03-21 21:11:49,111.5,completed,paypal,dpd
1756,366,2025-11-17 21:09:40,131.39,returned,bank_transfer,dpd
1757,1773,2026-05-26 12:07:20,862.78,completed,paypal,lp_express
1758,1720,2025-11-26 11:46:07,49.42,completed,klix,omniva
1759,806,2026-03-20 21:29:46,42.83,completed,bank_transfer,pickup
1760,1017,2026-04-06 14:43:13,218.25,completed,klix,pickup
1761,2434,2026-07-11 12:06:07,222.9,completed,paypal,omniva
1762,595,2026-09-09 09:45:21,123.02,completed,card,pickup
1763,1516,2026-01-14 11:31:44,48.24,completed,klix,dpd
1764,795,2025-11-15 19:42:25,426.99,completed,paypal,dpd
1765,1916,2026-04-28 13:10:54,119.57,completed,card,dpd
1766,1548,2026-07-14 22:42:54,718.64,completed,paypal,dpd
1767,288,2026-06-09 21:04:11,35.16,completed,klix,omniva
1768,1119,2025-11-14 20:50:00,267.72,completed,klix,dpd
1769,817,2026-02-01 21:14:52,26.02,completed,bank_transfer,dpd
1770,1924,2026-01-18 10:40:16,188.2,completed,paypal,lp_express
1771,2943,2026-05-04 19:41:52,17.61,completed,klix,pickup
1772,431,2026-06-09 10:52:39,265.07,completed,bank_transfer,omniva
1773,1653,2026-08-21 19:28:11,148.88,completed,card,dpd
1774,968,2025-11-15 20:39:04,65.06,completed,klix,lp_express
1775,2292,2026-08-05 13:52:22,177.16,completed,klix,dpd
1776,2157,2026-07-19 20:28:52,86.24,completed,bank_transfer,omniva
1777,2644,2026-08-24 09:06:21,794.61,completed,bank_transfer,dpd
1778,2216,2026-08-17 14:52:58,97.58,completed,paypal,pickup
1779,634,2026-07-11 23:13:56,86.41,returned,card,dpd
1780,914,2025-11-08 15:05:49,53.03,completed,card,pickup
1781,917,2026-01-04 19:28:37,1863.91,completed,bank_transfer,dpd
1782,197,2026-03-26 22:20:58,69.93,returned,bank_transfer,pickup
1783,2658,2025-11-10 14:30:34,229.32,completed,card,lp_express
1784,665,2026-07-31 09:49:22,111.88,completed,klix,omniva
1785,2500,2026-03-30 23:03:25,326.02,completed,bank_transfer,lp_express
1786,1501,2026-05-30 22:30:01,1590.57,completed,paypal,lp_express
1787,2993,2026-03-18 08:41:00,77.29,completed,klix,dpd
1788,1051,2026-05-19 08:58:13,92.6,completed,card,lp_express
1789,1958,2026-03-11 15:06:33,48.24,completed,bank_transfer,lp_express
1790,2188,2025-12-13 10:35:05,52.68,completed,klix,pickup
1791,1094,2026-01-16 20:13:04,210.93,completed,klix,pickup
1792,610,2025-12-27 14:22:38,734.2,completed,klix,pickup
1793,2338,2026-02-01 13:27:09,705.3,completed,card,dpd
1794,1336,2026-05-18 11:29:38,1318.25,completed,bank_transfer,dpd
1795,2007,2026-08-06 19:46:45,116.82,completed,klix,omniva
1796,1359,2026-05-02 19:47:21,333.12,completed,klix,omniva
1797,1347,2026-03-05 12:27:37,85.66,completed,paypal,lp_express
1798,1503,2026-05-25 19:14:12,75.48,completed,paypal,pickup
1799,798,2026-04-11 22:30:45,25.76,completed,klix,dpd
1800,2893,2026-06-05 11:53:31,308.94,completed,paypal,lp_express
1801,490,2026-06-28 12:04:31,794.14,completed,bank_transfer,pickup
1802,2876,2026-07-25 08:41:17,80.78,returned,klix,dpd
1803,427,2026-02-26 22:39:26,105.48,completed,paypal,omniva
1804,1983,2026-09-09 12:34:38,229.32,completed,klix,pickup
1805,827,2026-06-30 14:15:20,12.73,cancelled,card,omniva
1806,2562,2025-12-27 22:14:06,243.44,completed,card,pickup
1807,1859,2026-05-20 21:52:59,538.56,completed,klix,lp_express
1808,210,2026-07-03 13:02:30,39.69,cancelled,card,pickup
1809,678,2026-08-06 12:14:49,430.39,cancelled,bank_transfer,dpd
1810,2403,2025-11-29 20:21:16,914.46,completed,paypal,dpd
1811,589,2026-09-12 13:04:23,87.37,completed,bank_transfer,lp_express
1812,2893,2026-09-28 12:42:46,37.83,completed,paypal,lp_express
1813,852,2026-01-27 20:25:34,234.81,completed,bank_transfer,omniva
1814,2589,2026-04-28 13:11:06,55.98,completed,klix,pickup
1815,1680,2025-11-09 10:50:20,24.26,completed,bank_transfer,omniva
1816,313,2026-03-15 21:36:40,496.52,completed,klix,pickup
1817,2742,2026-05-22 20:39:35,116.82,completed,card,lp_express
1818,942,2026-01-14 14:57:02,806.39,completed,klix,dpd
1819,1197,2026-08-21 09:39:14,310.4,completed,bank_transfer,pickup
1820,2060,2026-07-09 20:09:06,1002.11,completed,paypal,dpd
1821,303,2025-12-17 12:04:24,225.36,completed,card,pickup
1822,2183,2025-10-09 12:15:47,1084.76,completed,klix,omniva
1823,2665,2025-12-03 12:20:17,1260.7,completed,paypal,pickup
1824,2313,2025-10-07 10:42:15,61.27,completed,card,omniva
1825,1189,2026-06-10 11:39:47,352.06,completed,paypal,lp_express
1826,354,2026-05-19 21:03:53,174.8,completed,bank_transfer,lp_express
1827,1659,2026-09-13 12:48:18,97.58,returned,klix,lp_express
1828,2178,2026-09-18 12:22:48,1489.44,completed,card,lp_express
1829,1280,2026-01-18 12:28:59,208.06,completed,paypal,dpd
1830,2084,2025-11-09 13:50:27,862.78,completed,klix,omniva
1831,241,2026-04-07 10:16:36,55.98,returned,paypal,lp_express
1832,1597,2026-07-09 14:34:45,59.06,completed,paypal,omniva
1833,1436,2026-01-08 10:02:15,980.9,completed,klix,pickup
1834,870,2025-12-24 09:41:23,63.15,completed,paypal,dpd
1835,1369,2025-12-29 23:13:38,350.95,completed,paypal,omniva
1836,404,2026-02-23 19:52:42,937.12,cancelled,card,omniva
1837,2511,2025-12-13 11:55:36,167.94,completed,card,dpd
1838,2867,2026-06-18 13:28:07,38.44,completed,paypal,pickup
1839,1348,2025-12-03 20:19:20,417.63,completed,card,lp_express
1840,533,2026-05-15 20:55:19,12.16,completed,paypal,lp_express
1841,1843,2025-11-08 09:37:49,1760.72,completed,bank_transfer,omniva
1842,203,2026-01-04 13:31:18,110.39,completed,paypal,omniva
1843,457,2025-11-07 09:38:09,648.23,completed,klix,omniva
1844,2168,2025-12-15 14:14:00,307.75,completed,bank_transfer,omniva
1845,2774,2026-08-29 14:31:54,422.01,completed,paypal,omniva
1846,896,2025-10-27 20:04:28,351.96,completed,paypal,pickup
1847,2898,2026-09-09 21:00:52,1175.48,completed,paypal,lp_express
1848,36,2026-06-30 09:43:47,13.33,completed,paypal,lp_express
1849,2406,2025-11-16 21:00:45,86.41,completed,card,omniva
1850,2289,2026-06-02 13:50:33,16.99,completed,bank_transfer,lp_express
1851,319,2026-01-09 21:23:55,862.78,completed,bank_transfer,pickup
1852,2396,2026-04-13 19:46:32,63.15,completed,klix,omniva
