customer_id,email_hash,signup_date,country,city,gender,birth_year,acquisition_source,marketing_opt_in
1,b57bf7094ed8,2023-12-28,LT,Test,,,direct,0
2,8b7ec82f60c6,2024-01-01,LT,Šiauliai,Male,1999,organic_search,1
3,bbfae928f872,2024-01-02,LT,Klaipėda,Male,,direct,1
4,7548ae3fa95a,2024-01-02,LT,Kaunas,Female,1996,paid_social,1
5,528728837f93,2024-01-02,LT,Siauliai,Female,1991,paid_social,1
6,2ba1a69ceef4,2024-01-03,LT,Panevėžys,Female,1989,direct,0
7,7081b25e2e7e,2024-01-03,LT,Vilnius,Female,1979,email,0
8,d210317e87a9,2024-01-04,LT,Marijampolė,Male,1987,organic_search,1
9,c3c4cba41af4,2024-01-04,LT,Vilnius,Female,1993,direct,0
10,ffacef68e448,2024-01-05,EE,Narva,Male,1990,paid_search,1
11,148b7d6f295d,2024-01-06,LT,Vilnius,Male,1989,organic_search,1
12,397f3a7bab70,2024-01-07,LT,Vilnius,Female,1993,organic_search,1
13,5746c600b1d8,2024-01-07,LT,Klaipeda,Female,1978,paid_social,1
14,58740966a8d3,2024-01-07,LT,Kaunas,Female,1978,paid_search,1
15,d4f1bfa17ac1,2024-01-07,LT,Vilnius,Male,,paid_search,0
16,c760098121ed,2024-01-07,LT,Kaunas,Female,1980,referral,0
17,94da0e560df4,2024-01-08,LT, Vilnius,Male,1990,organic_search,0
18,811892aad0ea,2024-01-08,LT,Vilnius,Male,1996,organic_search,0
19,9773956e9ca4,2024-01-09,EE,Tartu,Female,1991,direct,0
20,5e6a877687d5,2024-01-09,LV,Riga,Male,1996,direct,0
21,8f77fd4966cc,2024-01-09,LT,Vilnius,Female,,direct,1
22,eaee0c21ad0b,2024-01-11,LT,Šiauliai,Male,,organic_search,0
23,0b7cc0ebe09c,2024-01-11,LV,Rīga,Female,1991,organic_search,0
24,01bce55a9563,2024-01-12,LT,Alytus,Female,1984,organic_search,0
25,803cee6255f4,2024-01-13,LV,Riga,Male,1981,paid_social,1
26,e389fb335089,2024-01-13,LT,Vilnius,Female,,affiliate,1
27,1b5eb2aee9ee,2024-01-13,EE,Tallinn,Male,1979,paid_search,0
28,8fa9edf588a1,2024-01-13,LT,Molėtai,Female,1980,email,1
29,0b756b4c3977,2024-01-14,LT,Utena,Male,1972,organic_search,1
30,88baa05a69cd,2024-01-14,LT,Vilnius,Female,1978,direct,0
31,0167e5c34a36,2024-01-15,LV,Liepāja,Male,1963,paid_search,1
32,bd9ec64a6306,2024-01-15,LT,Siauliai,Male,1993,direct,0
33,2bb718097ce9,2024-01-15,LT,Klaipėda,Female,,organic_search,1
34,e079cd603849,2024-01-16,EE,Tallinn,Male,1977,paid_search,1
35,ec9db2e1ff93,2024-01-16,LT,JONAVA,Male,1990,organic_search,1
36,7fe697671617,2024-01-16,LV,Rīga,Female,1976,organic_search,0
37,17e8f42f7422,2024-01-17,LT,Kaunas,Male,1970,affiliate,1
38,a1ec8c931afd,2024-01-19,LT,Lentvaris,Male,,organic_search,1
39,5e342ae2b25e,2024-01-20,LT,Klaipėda,Female,1987,referral,1
40,99c3c8a168e8,2024-01-21,LT,vilnius,Female,2004,organic_search,1
41,02c14dca08cc,2024-01-22,LT,Marijampole,Female,1989,organic_search,0
42,7ab97b0219fa,2024-01-22,LT,Klaipėda,Male,1960,referral,1
43,ba411ac7009a,2024-01-23,LT,Palanga,Male,1977,paid_search,0
44,2a4c72061414,2024-01-23,LT,Kaunas,,1977,referral,0
45,8508986c7b04,2024-01-24,EE,Tallinn,Female,,referral,0
46,0474aed7de93,2024-01-24,EE,Tallinn,Male,2005,referral,1
47,66770b108a43,2024-01-24,LT,Kaunas,Male,1986,paid_social,1
48,518b45b14a53,2024-01-25,LT,Telšiai,Other,1986,referral,1
49,7400f04e721f,2024-01-25,LT,Vilnius,Male,1984,paid_search,1
50,da36bb66e160,2024-01-25,LT,Kauno r.,Female,1984,paid_social,0
51,690bbe194a48,2024-01-25,LT,Klaipėda,,1969,direct,0
52,7e20d86c656d,2024-01-25,LT,Vilnius,Male,1986,paid_social,1
53,70c52d107ed5,2024-01-25,LT,Kaunas,Female,,organic_search,1
54,cb75e799f8d6,2024-01-27,LT,Vilnius,Male,,direct,1
55,ee9f6acd48cd,2024-01-27,LT,Vilnius,Female,1983,organic_search,0
56,9653ebb3570c,2024-01-27,LT,Klaipėda,Other,1971,organic_search,1
57,daa1f8d400b7,2024-01-28,EE,Tallinn,Male,2002,direct,0
58,69c3a7927ed5,2024-01-28,LT,Ukmergė,Female,1977,organic_search,1
59,544de637b4a9,2024-01-28,LT,,Male,1974,organic_search,1
60,29a37e66b163,2024-01-28,LT,Lentvaris,Female,1987,affiliate,0
61,736aa5e8f169,2024-01-28,LT,vilnius,Male,1982,direct,0
62,ecf056973df3,2024-01-29,LV,Daugavpils,Female,1986,organic_search,0
63,a29097fb2c1b,2024-01-29,LT,Vilnius,Female,1983,organic_search,0
64,0081bca8b521,2024-01-29,LV,Riga,Female,1971,direct,0
65,65c0040be2a1,2024-01-30,LT,Klaipėda,Male,1996,direct,0
66,da057a3ac89f,2024-01-30,LT,Klaipėda,Female,1996,direct,0
67,80214c4c2efc,2024-01-30,LT,Vilnius,Male,1966,referral,1
68,931ecfebeb97,2024-01-30,EE,Tartu,Female,1984,direct,1
69,6577bac16a0f,2024-01-30,LT,Vilnius,,1970,paid_search,0
70,4cb96c30ae23,2024-01-31,LT,Vilnius,Male,1999,paid_search,1
71,f29b465f3043,2024-01-31,LT,Kaunas,Female,1900,paid_search,0
72,20d902b7bc99,2024-02-01,LT,Vilnius,Female,1994,referral,0
73,21f25bc68b3c,2024-02-01,EE,Tallinn,Female,1991,paid_social,1
74,c6902ed4d1a1,2024-02-02,LT,,Male,1984,organic_search,1
75,06bb7c73df33,2024-02-02,LV,Riga,Male,1983,referral,1
76,a7591c75ad86,2024-02-02,LT,,Female,1976,referral,1
77,0e528e88c65a,2024-02-02,LV,Riga,,1994,affiliate,0
78,71ca285b2c47,2024-02-04,LT,Kaunas,Male,1997,direct,1
79,faed1d86bb0c,2024-02-04,LT,,Female,,email,1
80,da42dc684655,2024-02-04,LT,Kaunas,Female,,organic_search,1
81,e5ad51ec89ed,2024-02-05,LT,Kretinga,Female,,paid_social,1
82,ed0fb8474d74,2024-02-05,LT,Vilnius,Male,1981,paid_social,0
83,5489bb9b0fd3,2024-02-05,LT,Vilnius,Female,1985,organic_search,0
84,676141f51941,2024-02-06,LT,Vilnius ,Female,1992,organic_search,0
85,d98e28778ddd,2024-02-06,LT,Vilnius,,1981,paid_social,1
86,7b826c6e0443,2024-02-06,EE,Pärnu,Female,1976,direct,1
87,1d498852cc13,2024-02-06,LT,Vilnius,Male,,paid_search,1
88,9d0416c5c622,2024-02-06,LT,Vilnius,Female,1976,organic_search,1
89,887db50656fa,2024-02-07,LT,Vilnius,Male,1990,paid_social,1
90,a3260737f2c3,2024-02-07,LT,Klaipėda,Male,1988,organic_search,0
91,cc9e2219bafc,2024-02-07,LT,Mažeikiai,Male,1989,email,1
92,50f10a2085b0,2024-02-08,LT,Vilnius,Male,1986,paid_search,1
93,62955270779d,2024-02-08,LV,Rīga,Female,1984,direct,1
94,2671c792e972,2024-02-08,LT,Vilnius,Female,1994,paid_social,1
95,cb02fb98f048,2024-02-08,LV,Rīga ,Male,1990,referral,1
96,8d4117422cb4,2024-02-09,LT,Vilnius,Female,1986,referral,0
97,14018bbb5525,2024-02-09,LT,Šiauliai,Male,1977,affiliate,1
98,380a95fa8564,2024-02-09,LT,Vilnius,Female,,paid_search,0
99,67d085dbaf12,2024-02-09,LT,Palanga,Male,1979,email,1
100,d037daa5dcb1,2024-02-10,LT,Vilnius,Female,1984,organic_search,1
101,b5f3ca93f76c,2024-02-10,LT,,Female,,organic_search,0
102,52339064f11a,2024-02-10,LT,kaunas,,1989,organic_search,1
103,0cf642986b2b,2024-02-10,LV,Liepaja,Female,,paid_social,0
104,e7e8173f9a11,2024-02-10,EE,Tallinn,Male,1978,direct,1
105,398ccf756381,2024-02-10,LT,,,1974,paid_search,0
106,57a8199f48ca,2024-02-11,LT,Vilnius,Female,1986,organic_search,1
107,9a09493299d6,2024-02-11,LT,Vilnius,Male,,direct,0
108,d2a5d8e2867f,2024-02-11,LT,Vilnius,Female,1981,organic_search,1
109,019cf615664f,2024-02-11,LT,Vilnius,Female,1975,organic_search,0
110,f69d8aec7bd0,2024-02-11,LT,Vilnius,Male,1988,organic_search,0
111,71bbde34a398,2024-02-11,LT,Šiauliai,Female,1972,paid_search,0
112,c9f9651a9839,2024-02-12,LT,Ukmerė,Male,1994,paid_social,0
113,5f29f32671da,2024-02-13,LT,Klaipėda,Male,1992,organic_search,0
114,cb2e7bbcff00,2024-02-13,LT,Vilnius,Female,1973,paid_social,1
115,e352b337f06d,2024-02-13,LT,Vilnius,Female,1993,paid_search,0
116,b1b16fcf1e3e,2024-02-14,LT,Klaipėda,Female,1999,paid_social,1
117,b2b460f5245b,2024-02-14,LT,Alytus,Female,1993,organic_search,0
118,bed8518d92dc,2024-02-14,LT,Panevėžys,Male,1994,direct,0
119,ac8ecea61b32,2024-02-15,LT,Vilnius,Female,1969,referral,0
120,c8e8f38b31b3,2024-02-15,LT,Vilnius,Female,1982,organic_search,1
121,b33a4dc29bfd,2024-02-16,LT,Kauno r.,Female,2001,affiliate,0
122,f2237e721323,2024-02-16,LT,,Male,1982,email,1
123,c486af72421c,2024-02-17,EE,Tallinn,Female,,paid_social,1
124,fe1baa8d9aa0,2024-02-17,EE,Tartu,Male,1991,paid_social,0
125,e23f45941583,2024-02-18,LT,Alytus,Male,1975,organic_search,0
126,9af12e662476,2024-02-18,LT,Kaunas,Female,1982,organic_search,0
127,61fe24f07252,2024-02-18,LT,Lentvaris,Female,1979,affiliate,1
128,ecbfebef5e38,2024-02-19,LT,,Female,1972,organic_search,1
129,2719d98522ec,2024-02-19,LT,ROKISKIS,Female,1978,organic_search,1
130,21f2685515b2,2024-02-19,LT,Jonava,Female,1994,direct,1
131,916662d58e90,2024-02-19,LT,Telšiai,Female,1995,paid_search,1
132,cf5e0e4403f9,2024-02-19,LT,Vilnius,Male,1985,paid_search,1
133,70463fdb129e,2024-02-19,LT,Panevėžys,Male,,paid_search,0
134,a3d790664f37,2024-02-19,LT,Alytus,Male,1981,referral,0
135,0137320d5017,2024-02-19,LT,Marijampole,Male,1973,paid_social,0
136,4b2ccf5db19e,2024-02-20,LT,Visaginas,Male,1983,email,1
137,2c5780526446,2024-02-20,LT,Kaunas,Female,1991,paid_search,0
138,bfe365f9df0d,2024-02-20,LT,Kaunas,,1998,referral,0
139,e333cbb78f97,2024-02-20,LT,Vilnius,Female,1998,affiliate,0
140,26316900b201,2024-02-20,LT,KAUNAS,,1984,paid_search,0
141,e2400fc5e9b3,2024-02-20,LV,Rezekne,Female,1992,paid_search,1
142,a3e7042ef097,2024-02-21,LT,Kaunas,,1982,direct,0
143,beb1571cb7b1,2024-02-21,EE,Tallinn,Female,1973,paid_search,1
144,421fee111b77,2024-02-22,LT,Vilnius,Male,1989,referral,0
145,8c3d0864293f,2024-02-22,LT,Klaipėda,Male,1997,organic_search,1
146,5610b725c461,2024-02-23,LT,Klaipėda,Female,1978,email,1
147,9e3820658713,2024-02-24,LT,Vilnius,Female,,paid_search,1
148,dbae2ac84175,2024-02-24,LT,Palanga,Male,,direct,0
149,c973b1e33669,2024-02-24,LT,Vilnius ,Male,,email,1
150,47eeaf8daf9f,2024-02-24,LT,,Female,1981,organic_search,0
151,e26ad8c19615,2024-02-24,LT,Jonava,Female,2001,organic_search,1
152,b4d703b1d79a,2024-02-24,LT,Vilnius,Male,1997,organic_search,1
153,7f5b7a6c8347,2024-02-24,LT,Šiauliai,Female,1995,organic_search,0
154,c4f7d1756dbd,2024-02-25,LT,Kaunas,Female,1990,paid_social,1
155,405869e11dbd,2024-02-25,LT,Vilnius,,1984,paid_social,1
156,cd212ee4e7e0,2024-02-25,LT,Alytus,Female,,organic_search,1
157,03a96718fd6d,2024-02-25,LT,,Male,1989,affiliate,1
158,c3df29cf66ef,2024-02-25,LT,vilnius,Female,1995,organic_search,1
159,287be37cd808,2024-02-25,LT,Vilnius,Male,1984,direct,0
160,8f7062b49c02,2024-02-26,LT,Tauragė,Male,1974,paid_social,1
161,b7498767049c,2024-02-26,LT,Kaunas,Male,1997,referral,1
162,116a9155726d,2024-02-26,LT,Druskininkai,Male,1973,direct,1
163,5413eaddbc27,2024-02-27,LV,Daugavpils,Male,1983,referral,1
164,56a261661b38,2024-02-27,LT,Kaunas,Female,1989,organic_search,1
165,0d697affc5e4,2024-02-27,LT,Šiauliai,Male,1999,organic_search,0
166,26548e4229fb,2024-02-27,LV,Rīga,Female,1969,paid_search,0
167,d4f152a9fbc3,2024-02-27,EE,Tallinn,Male,1992,organic_search,1
168,03bc0b6b8843,2024-02-28,LT,Kaunas,Male,2002,direct,0
169,eb45ab75c0b7,2024-02-28,LT,Šiauliai,Female,1989,affiliate,1
170,61270ff8dd0d,2024-02-28,LT,Visaginas,Female,1986,direct,0
171,a4eb19fcf93f,2024-02-29,LT,,Female,1988,organic_search,0
172,986d6a2bdf59,2024-02-29,LT,Kaunas,Male,1971,direct,1
173,95652835e3e5,2024-03-01,LT,Kaunas,Female,1970,paid_search,0
174,8baf623a19d8,2024-03-01,LT,Vilnius,Female,1974,affiliate,0
175,16a0e3e3c627,2024-03-01,LV,Rīga,Female,1983,organic_search,1
176,fcd8f6334949,2024-03-01,LT,Klaipeda,Female,1978,organic_search,0
177,f4f555481d06,2024-03-01,EE,Tallinn,Male,,direct,0
178,df79ee59a1a1,2024-03-01,LT,,Female,1994,paid_social,0
179,1afa3f8202fc,2024-03-01,LT,Gargždai,Male,1993,organic_search,0
180,cb168c83ed0d,2024-03-01,EE,Tallinn,Male,,organic_search,0
181,c376a18da97a,2024-03-01,LT,Vilnius,Female,1982,referral,0
182,1b1095a7c43d,2024-03-02,LT,Kaunas,Male,1987,organic_search,1
183,e7cd25cf1cb6,2024-03-02,LT,Vilnius,Male,1991,organic_search,1
184,19c2b219cf0e,2024-03-02,LT,VILNIUS,Female,1982,paid_search,1
185,f08eac8b787d,2024-03-02,LT,Kaunas,Female,1995,organic_search,1
186,a1398b9bfa52,2024-03-02,LT,Mažeikiai,Female,1978,organic_search,1
187,07c4de47e577,2024-03-02,LT,Vilnius,Female,1989,paid_search,1
188,328d05f8affb,2024-03-02,LT,Kaunas,Female,1992,organic_search,0
189,1e0fe2e71b3b,2024-03-02,LT,Kaunas,Female,1991,organic_search,1
190,eee53f02bef3,2024-03-03,LT,Kretinga,Female,1957,organic_search,1
191,3ed3fc6f5026,2024-03-03,LT,Kaunas,Male,1993,organic_search,0
192,d54a82f60a74,2024-03-03,LV,Rīga,Male,1972,direct,1
193,628f2454a0c2,2024-03-03,LV,Jūrmala,Female,1996,paid_social,1
194,f52ba03dea9d,2024-03-04,LT,,Female,,referral,1
195,06731403142b,2024-03-04,LT,Marijampolė,Female,2000,paid_social,0
196,473bb01c7089,2024-03-04,LT,Kedainiai,Female,2003,paid_search,1
197,f2e0b26f46f5,2024-03-04,LT,Kaunas,Male,1988,organic_search,1
198,db1b7d8349d2,2024-03-05,EE,Tallinn,Male,1976,organic_search,0
199,563e1d25e92f,2024-03-05,LT,Vilnius,Female,,direct,0
200,f62935d065fa,2024-03-05,LT,Elektrėnai,Male,1995,direct,0
201,276242feb285,2024-03-06,LT,Kaunaas,,1986,paid_search,1
202,cf458b27be70,2024-03-06,LT,Kaunas,Male,,organic_search,1
203,de66fbc24d72,2024-03-06,LT,Vilnius,Female,1970,paid_search,0
204,4c456a022c14,2024-03-06,LT,Panevėžys,Female,1991,affiliate,0
205,7774d8825bde,2024-03-06,LT,Vilnius,Male,1999,email,1
206,f7ce85987bb9,2024-03-08,LT,Alytus,Female,1977,direct,1
207,f1c898468c3a,2024-03-09,LT,Vilnius ,Male,1997,paid_search,0
208,625dd53a7498,2024-03-09,LT,Alytus,Female,1969,paid_search,0
209,fb165acbde88,2024-03-10,LT,Klaipeda,Female,1982,referral,1
210,512e1e3df072,2024-03-10,LT,Marijampolė,Female,1985,organic_search,1
211,b65e3ca6be9c,2024-03-11,LT,Kėdainiai,Female,,paid_search,0
212,6db5a2b81f88,2024-03-11,EE,Tallinn,Male,1971,paid_search,0
213,e690c7790dc4,2024-03-12,LT,Vilnius,Male,1973,organic_search,1
214,139a141c3402,2024-03-12,LT,Vilnius,Female,1982,organic_search,1
215,9c3860397f9b,2024-03-12,LT,Klaipėda,Male,,email,1
216,a9c54ba73c54,2024-03-12,LT,Kauno r.,Male,1995,paid_search,0
217,d1e4322e052d,2024-03-12,LT,Kaunas,Male,1985,paid_search,1
218,645f7e751138,2024-03-13,LT,Vilnius,Female,1980,affiliate,0
219,70838f05c852,2024-03-13,LT,Visaginas,Female,,email,1
220,2109e12e6e7d,2024-03-13,LT,Vilnius,Female,1998,organic_search,1
221,a1e2d7767a50,2024-03-13,LT,Panevėžys,Female,1977,organic_search,0
222,d04c64f76338,2024-03-14,EE,Tallinn,Male,1972,organic_search,1
223,6ae43540d304,2024-03-14,LV,Рига,Male,1975,organic_search,1
224,463ea3c3a3c1,2024-03-14,LV,Rīga,Female,2001,direct,0
225,998a79c2f94a,2024-03-14,LT,Vilnius,Female,1982,organic_search,0
226,a72e793c2819,2024-03-14,LT,Vilnius,Male,1974,paid_search,1
227,6ccf0f60e6f9,2024-03-14,LT,Vilnius,Female,1985,referral,1
228,9bbcc307c4b8,2024-03-14,LT,Visaginas,Female,1979,paid_search,0
229,14dfd8930dca,2024-03-14,LT,,Male,1981,organic_search,1
230,c5f0a1229c1f,2024-03-15,LT,ALYTUS,Male,1990,organic_search,1
231,e3d57674f08a,2024-03-15,LT,Vilnius,Male,2000,affiliate,1
232,3e8bfc224b34,2024-03-15,LT,Vilnius,Female,1981,direct,0
233,4d634018b6ef,2024-03-15,LT,Šiauliai,Male,1989,organic_search,1
234,d22f6c8dc546,2024-03-15,LV,Daugavpils,,1976,organic_search,1
235,3f12b0c29a71,2024-03-15,LT,Vilnius,Female,1970,paid_search,0
236,dee1513f297e,2024-03-16,LT,Vilnius,Female,1990,affiliate,1
237,4f5a66422889,2024-03-16,LT,,Female,1973,organic_search,0
238,bc73b6b4c1f9,2024-03-17,LT,Vilnius,Female,1989,affiliate,1
239,3e2a65a847f5,2024-03-17,LT,Vilnius,Female,1955,organic_search,1
240,43f79951d5b7,2024-03-17,EE,TALLINN,Male,1998,direct,0
241,441b27d387fe,2024-03-17,EE,Viljandi,Male,1998,paid_social,1
242,66edf29cdf7d,2024-03-17,LT,Kaunas,Female,1968,organic_search,1
243,b08d9f8bbec1,2024-03-18,LT,Kaunas,Male,1993,referral,1
244,1215cef96cfe,2024-03-18,LT,Vilnius,Female,1993,organic_search,1
245,1e7f05e37ee7,2024-03-19,LT,Vilnius,Female,1968,organic_search,0
246,eb038218847d,2024-03-19,LT,Kaunas ,Male,,organic_search,1
247,83a5064fc086,2024-03-19,LT,,Female,1978,referral,1
248,e06f11e4ccbe,2024-03-19,EE,Tallinn,Female,1980,paid_search,1
249,4a31429ec774,2024-03-20,LT,Vilnius,Female,1967,organic_search,0
250,1ddbf7ea0fd2,2024-03-20,LT,Kaunas,Female,1955,paid_social,0
251,5f57e9e97b09,2024-03-21,LT,Ukmergė,Male,,direct,0
252,3d113a952025,2024-03-21,LT,Vilnius,Female,1999,direct,1
253,40e4bec182ba,2024-03-21,LT,Vilnius,Male,,direct,1
254,3146522ed5dd,2024-03-21,LT,Vilnius,Other,2003,referral,0
255,d41d6fe1a0ff,2024-03-22,EE,Tallinn,,1987,email,1
256,73e0123d92bc,2024-03-22,LT,Vilnius,Male,1992,direct,0
257,638236f6c4f4,2024-03-22,LT,Klaipėda,Female,1977,referral,1
258,e4de3254ee57,2024-03-23,LT,Klaipeda,Female,1961,direct,1
259,6ff62ac1b39b,2024-03-24,LT,Kaunas,Male,1969,paid_search,0
260,9766c3d898d1,2024-03-24,LT,Alytus,Female,1971,organic_search,0
261,3c8b15938b5d,2024-03-24,LT,vilnius,Female,1999,direct,0
262,5a6caff372b4,2024-03-25,LT,Vilnius,Male,1979,paid_search,0
263,a509f5a91132,2024-03-25,LT,Panevėžys,Female,,direct,0
264,8d593d582606,2024-03-25,LT,Šiauliai,Female,1971,referral,0
265,dda75382d0d5,2024-03-25,LT,Vilnius,Female,1976,paid_search,1
266,be29e90c2526,2024-03-25,EE,Tallinn,,1969,referral,1
267,3fd81d6f8a94,2024-03-25,EE,Tartu,Male,,paid_social,1
268,bbdc34bc801e,2024-03-25,LT,Jonava,Male,,organic_search,1
269,cef1dce7d3f1,2024-03-26,LT,Šiauliai,Female,,paid_search,0
270,8bfbaab96cb0,2024-03-26,LT,Vilnius,Female,1990,organic_search,1
271,5ebe513f0be2,2024-03-27,LT,Kaunas,Female,1992,affiliate,0
272,3cfebb0b4532,2024-03-27,LT,Jonava,Male,1979,organic_search,0
273,d083edb3ced3,2024-03-27,LT,Klaipėda,Female,1989,organic_search,0
274,56cc5b114eb7,2024-03-27,LT,Kaunas,Male,1980,referral,0
275,07aced3e7b45,2024-03-27,LT,,Female,1976,referral,0
276,084cfaa704c4,2024-03-27,LT,Vilnius,Female,1993,organic_search,0
277,7817c945cd9d,2024-03-28,LT,Kretinga,Female,1994,organic_search,0
278,245a8b72cc97,2024-03-28,LT,Kaunas,Male,1996,direct,0
279,af8026b134cf,2024-03-29,LT,Klaipėda,Female,1957,direct,0
280,7bd3b1f3cd95,2024-03-29,LT,Klaipėda,Female,1987,direct,1
281,088be77b0a82,2024-03-29,LT,Vilnius,Female,1966,referral,0
282,0897f7eac0b2,2024-03-29,LT,Šilutė,Female,2004,organic_search,1
283,7bf7d4db8843,2024-03-29,LT,Vilnius,Male,1984,paid_social,0
284,4ef606313264,2024-03-29,LT,Vilnius,Female,1983,referral,1
285,8d87aa1784bd,2024-03-29,LT,Klaipėda,Male,1993,organic_search,1
286,e48507f6245e,2024-03-29,LT,Vilnius,Female,1986,organic_search,1
287,ada6f41a2479,2024-03-29,LT,Klaipeda,Male,,organic_search,0
288,b7fe446ec427,2024-03-30,LT,Panevėžys,Male,1972,organic_search,0
289,8fcf667d16b5,2024-03-31,LT,,Female,1972,paid_search,1
290,c4f36973dcc1,2024-03-31,LT,Gargždai,Female,1986,direct,0
291,348ad0506390,2024-03-31,LT,Vilnius,Female,1976,paid_social,1
292,6e75f195f71d,2024-03-31,LT,Klaipėda,Female,1980,organic_search,1
293,e91d18612c16,2024-03-31,LT,Biržai,Female,1982,organic_search,0
294,800861e60762,2024-03-31,LT,Klaipėda,Female,1968,direct,1
295,1d17bb275e9e,2024-04-01,LT,Vilnius,,2024,organic_search,0
296,3b7adee2ec6b,2024-04-01,LT,Vilnius,Male,1999,organic_search,0
297,03ec8595e7e6,2024-04-01,LT,,Female,,paid_search,0
298,941c6dd0a3e8,2024-04-02,LV,Rīga,Female,1981,organic_search,1
299,c0810b59c543,2024-04-02,LT,Šiauliai,Female,1970,email,1
300,c183162410bb,2024-04-02,LT,Vilnius,Female,1993,direct,1
301,b1b812538fca,2024-04-03,LT,Panevėžys,Male,1977,direct,0
302,40a521da41e5,2024-04-03,EE,Narva,Male,,direct,0
303,8e317087f57f,2024-04-03,LT,Vilnius,Female,2000,referral,1
304,5b683c9fc63a,2024-04-03,LT,Vilnius,Female,1973,organic_search,1
305,f5e93d349034,2024-04-04,LT,Kaunas,Female,1990,paid_search,1
306,79e69fe6b4b0,2024-04-04,LT,vilnius,Male,1996,organic_search,0
307,dea4130bd32a,2024-04-04,LT,Kaunas,Female,,paid_search,1
308,d619907d3202,2024-04-04,LT,Vilnius,Female,,organic_search,0
309,fa58bc13e12e,2024-04-05,LT,Vilnius,Male,1992,organic_search,1
310,263934774d1f,2024-04-05,LT,Alytus,Male,,organic_search,1
311,77c35e0d370d,2024-04-05,LT,Šiauliai,Male,1994,paid_search,1
312,7da9c8625a74,2024-04-05,LT,Vilnius,Other,1959,organic_search,1
313,a2cf7afa3488,2024-04-05,LT,Klaipėda,Male,1980,paid_social,0
314,00982a978df2,2024-04-05,LT,Vilnius,Female,1959,affiliate,0
315,5e8e5e4558e9,2024-04-05,LT,Kaunas,Male,1984,paid_search,0
316,65083a63fab7,2024-04-06,LV,Valmiera,Female,1973,referral,0
317,0df32632c23b,2024-04-06,LT,Vilnius,Female,1975,organic_search,0
318,f6b02e9b06e5,2024-04-06,LT,Alytus,Female,1984,organic_search,0
319,384ad9ffe59d,2024-04-06,LV,Rīga,Female,1986,paid_search,1
320,c45205e339fe,2024-04-07,LT,Klaipėda,,1982,direct,1
321,4701099fcd69,2024-04-07,LT,Prienai,Female,2000,paid_social,1
322,39f386017165,2024-04-07,LT,Kaunas,Other,1968,organic_search,0
323,7438750fe8c7,2024-04-07,LT,Radviliskis,Female,1991,organic_search,0
324,172d82dec717,2024-04-07,LV,Rīga,Male,1961,direct,0
325,e97441f28a4d,2024-04-07,LT,Kaunas,Male,1959,direct,1
326,f7b7dfb3c68d,2024-04-07,EE,Tallinn,Male,1982,direct,1
327,53fa291bbb94,2024-04-08,LT,Klaipėda,Male,1978,paid_social,0
328,0808231e6a0d,2024-04-08,LT,Šilutė,Male,,paid_social,1
329,0c3c3ec853e4,2024-04-08,LT,Šiauliai,Female,,email,1
330,5b507c6dc53c,2024-04-08,LV,Rīga,Female,1989,paid_social,1
331,144e84760ad1,2024-04-08,LT,Vilnius,Female,1997,paid_search,1
332,c0b44d901cbe,2024-04-08,LT,Kaunas,Female,,referral,1
333,76a51ca54202,2024-04-08,LT,Plungė,Male,1986,paid_search,1
334,da89f76e6205,2024-04-08,EE,Tallinn,Male,1990,organic_search,1
335,34ddb0ab71cb,2024-04-08,LT,Vilnius,Male,1970,direct,0
336,59e8f31a6384,2024-04-09,LT,,Male,1991,paid_social,1
337,34df6c4af772,2024-04-09,LT,Vilnius,Male,1991,email,0
338,563c9ffc64c9,2024-04-09,LT,marijampolė,Female,1996,direct,1
339,a2ac5299e36b,2024-04-09,LT,Vilnius,Other,1986,paid_search,1
340,9699bec4f9bb,2024-04-09,LV,Riga,Male,1968,paid_search,1
341,461d33357ee8,2024-04-09,LT,Alytus,Male,1974,organic_search,1
342,44a66e2e7d24,2024-04-09,LT,Kaunas,Male,2006,email,1
343,2b04b3467568,2024-04-10,LT,,Female,,organic_search,1
344,64e6e033af4e,2024-04-10,LT,Vilnius,Male,1989,direct,1
345,4ce8c698b0d2,2024-04-10,LT,Kaunas,Female,1981,referral,1
346,dd226830d28c,2024-04-10,LT,Panevėžys,Male,1995,organic_search,1
347,699fda48cab5,2024-04-11,LT,Utena,Female,1984,paid_social,0
348,1b24530c3728,2024-04-11,LT,Vilnius,Female,1966,organic_search,0
349,9f7239984865,2024-04-11,LT,Vilnius,Female,1984,direct,1
350,0d378e847115,2024-04-11,LT,Kaunas,Female,,organic_search,1
351,e3181cc3b491,2024-04-11,LT,VILNIUS,Female,1986,direct,0
352,0e0e17c0e80f,2024-04-11,LT,Garliava ,Female,1974,paid_search,1
353,f756acf7a912,2024-04-11,LT,Kaišiadorys,Male,1980,paid_search,1
354,9360b008077a,2024-04-12,LT,,Male,,affiliate,1
355,d8865ad6d1e3,2024-04-12,LT,Siauliai,Female,1998,paid_search,1
356,27f7361186c3,2024-04-12,LT,Panevėžys,Male,,organic_search,1
357,cd43331590de,2024-04-12,LT,Kaunas,Female,1996,organic_search,1
358,02e237d3d318,2024-04-12,LT,Alytus,Female,1973,referral,1
359,3ed4d3d7078b,2024-04-12,LT,Vilniaus r.,Female,,organic_search,1
360,c18aabfc6742,2024-04-12,EE,Maardu,Female,1974,paid_search,0
361,9c68dd4113f7,2024-04-12,LT,Kaunas,Female,1988,affiliate,0
362,17e0edd64068,2024-04-12,LT,Vilnius,Male,1982,referral,0
363,86fc498f8f33,2024-04-13,LT,,Other,2005,organic_search,1
364,e369a2dd9148,2024-04-13,LT,Vilnius,Female,1975,organic_search,1
365,e5445d8938b6,2024-04-13,LT,Kaunas,Female,,referral,1
366,81c2cfc59b9e,2024-04-13,LT,Klaipėda,Male,1994,email,1
367,ee31f02f1f5c,2024-04-13,LT,Kaunas,Male,1987,organic_search,1
368,3379941ea512,2024-04-13,EE,Tallinn,Female,1986,affiliate,1
369,d17447771155,2024-04-14,LT,Vilnius,Male,1980,direct,0
370,3e7e7cad8be6,2024-04-14,LT,Alytus,Female,,paid_search,1
371,3e156c65db56,2024-04-14,LV,Ogre,Male,1984,organic_search,0
372,c92c21e6cdd6,2024-04-14,LT,Kaunas,Female,1991,organic_search,0
373,dd2fd7dba1a2,2024-04-14,LT,Šiauliai,Female,1978,referral,1
374,ccaf0c4609d3,2024-04-14,LT,Kaunas,Female,1990,organic_search,1
375,120df418ac83,2024-04-15,LT,Vilnius,Female,1968,paid_search,1
376,d4dd7c726a8e,2024-04-15,LT,Klaipeda,Male,1972,organic_search,1
377,1e15c4b6f1c5,2024-04-15,LT,Klaipėda,Female,,paid_search,1
378,a85575f98c24,2024-04-15,LT,Panevezys,Male,2000,organic_search,0
379,0563c3d1e84e,2024-04-15,LT,Kaunas,Male,1976,referral,0
380,fca542f2c91d,2024-04-16,LT,,Female,1976,organic_search,0
381,a400bb7341ed,2024-04-16,LT,,Male,1996,paid_search,0
382,e425abca618a,2024-04-17,LT,Kaunas,Female,1971,organic_search,1
383,e3bebfc48b95,2024-04-18,LT,Klaipeda,Female,1992,paid_search,1
384,fcc932983722,2024-04-18,LV,Rīga,Male,,organic_search,0
385,f04133256b53,2024-04-18,LT,Klaipėda,Female,1971,direct,0
386,036f620cae03,2024-04-19,LT,Kaunas,Female,1971,organic_search,1
387,34055ec18fb0,2024-04-19,LT,Panevėžys,Male,1996,paid_social,0
388,5f57ab7b84b4,2024-04-19,LT,,Male,1962,organic_search,1
389,b3e0b60004fa,2024-04-19,LT,Vilnius,Female,1995,email,1
390,d6554a8aba8c,2024-04-20,LT,Panevėžys,Female,1991,organic_search,0
391,a56a9b35dced,2024-04-20,LT,Vilnius,Male,1981,paid_social,1
392,c467a112dcb1,2024-04-20,LT,Vilnius,,1978,direct,1
393,9daf803fee36,2024-04-20,LT,Kaunas,Male,1975,paid_social,1
394,621416b6d79d,2024-04-20,LT,Vilnius,,1994,organic_search,1
395,a250c3e57f68,2024-04-20,LT,jonava,Female,2003,paid_search,1
396,f385654a87b3,2024-04-20,LV,Rīga,Male,1974,organic_search,1
397,e3bedc223a07,2024-04-20,LT,Kaunas,Male,1977,organic_search,1
398,269389dcda2d,2024-04-20,LT,Alytus,Male,1969,organic_search,1
399,23f3bdc3885d,2024-04-20,LT,,Male,1980,paid_search,1
400,2815a3203e0a,2024-04-20,LT,Telšiai,Female,1993,paid_search,0
401,74d8588dbddd,2024-04-21,LT,Vilnius,,1971,organic_search,0
402,4bca624af875,2024-04-21,LT,Marijampolė,Male,1990,referral,1
403,f9bed09fc3e6,2024-04-21,LT,,Male,1993,organic_search,1
404,2c943228ee7d,2024-04-21,LT,,Female,1960,direct,1
405,754ba840af5f,2024-04-21,LT,Kaunas,Male,,paid_search,0
406,6c63d1e25a6e,2024-04-21,LT,Kaunas,,1988,direct,0
407,a9c19f6554a5,2024-04-21,LT,Kaunas,Male,1989,email,1
408,6362141d0b15,2024-04-21,LT,Vilnius,Male,1972,organic_search,0
409,e95ff6fed52f,2024-04-22,LT,Kaunas,Male,,referral,1
410,48219c7b03bf,2024-04-22,LT,Kedainiai,,1965,referral,0
411,5fcf8d2bf9f6,2024-04-22,LT,Vilnius,Female,,paid_search,0
412,ab9c3418fbb4,2024-04-22,LT,Druskininkai,Male,,affiliate,1
413,f12686db9cf5,2024-04-22,LT,KAUNAS,Female,1991,email,1
414,e0d85eaa32b8,2024-04-22,LT,Vilnius,Female,1961,organic_search,1
415,eb97fc072136,2024-04-23,EE,Tallinn,Female,1988,referral,1
416,879c599e62cf,2024-04-23,LT,Panevezys,Female,1975,email,1
417,5efc6e446fc8,2024-04-23,LV,Rīga,Male,1995,organic_search,0
418,8c623c2d9d5d,2024-04-23,LT,Siauliai,Female,1986,paid_search,0
419,aea62f922cd8,2024-04-23,LT,Šiauliai,,1969,email,1
420,81eef1e51b2c,2024-04-23,LT,Klaipeda,Male,1984,paid_social,1
421,20fce0e91f47,2024-04-24,LT,Marijampolė,Male,1986,paid_search,1
422,f6a9d7d39f98,2024-04-24,LT,Vilnius,Female,1965,paid_search,1
423,c167cdbccd2b,2024-04-24,LT,Marijampolė,Female,2002,organic_search,0
424,b0809d0a91fa,2024-04-24,LT,Kaunas,Female,2004,paid_social,0
425,ec4532b96c2a,2024-04-24,EE,Sillamäe,Female,1968,direct,0
426,58632b5367bf,2024-04-25,LT,Klaipėda,Female,1984,referral,1
427,afc63ce50962,2024-04-25,LT,Vilnius,,1997,email,1
428,5097f937d0d1,2024-04-25,EE,Tallinn,Female,1970,paid_social,0
429,1768fa436896,2024-04-25,LT,Vilnius,Male,1996,organic_search,1
430,e36db90aeee4,2024-04-25,LV,Liepāja,Male,,organic_search,1
431,eb1794f7fad3,2024-04-25,LT,Vilnius,Female,1992,email,1
432,995a0e6eb113,2024-04-26,LT,Birzai,Male,1985,direct,0
433,dbb740b3bcd5,2024-04-26,LT,Vilnius,Female,1955,affiliate,1
434,aff6fde26417,2024-04-26,LT,Vilnius,Female,1988,paid_social,0
435,feed2771c0f3,2024-04-27,LT,Vilnius,Female,1978,email,1
436,3b5bbd1eb199,2024-04-27,LT,Plungė,Female,1986,affiliate,1
437,99895e1b454c,2024-04-27,EE,Narva,Female,1989,organic_search,1
438,83fe88b7d140,2024-04-27,LT,Vilnius,Male,1952,referral,1
439,9f766d2044fa,2024-04-27,LT,Taurage,,1996,affiliate,0
440,c5ed6d306d31,2024-04-28,LT,Kaunas,Female,1966,referral,0
441,0b1ab020d800,2024-04-28,LT,Klaipėda,Female,1984,organic_search,0
442,6ae5ebd653de,2024-04-28,LT,Klaipėda,Female,1985,organic_search,1
443,8f65abbbfddf,2024-04-28,LV,Riga,Male,2005,organic_search,0
444,8e47d612a936,2024-04-28,LT,Kaunas,Male,1987,organic_search,1
445,b67c2a8b6df8,2024-04-28,LT,Vilnius,Female,2004,paid_search,1
446,efbfbdf51381,2024-04-28,LT,Vilnius,Male,,paid_social,1
447,7786afd999e1,2024-04-29,EE,Tallinn,Female,1952,organic_search,0
448,5d3efab45a24,2024-04-29,EE,Tallinn,Female,1988,direct,1
449,ad5fe679a5c7,2024-04-29,EE,Tallinn,Male,1990,direct,1
450,d4cf10eaf53a,2024-04-29,LT,Vilnius,Female,2000,direct,0
451,9efb7c57dbad,2024-04-29,LT,Kaunas,Male,1991,affiliate,1
452,37b7734456c9,2024-04-30,LT,,Female,1973,referral,0
453,880cd5b246ae,2024-04-30,LT,Vilnius,,1975,paid_search,1
454,53f8bbcb6ee2,2024-04-30,LT,Klaipėda,Female,1985,affiliate,1
455,4d487f5984f3,2024-04-30,LT,Vilnius,Female,,organic_search,1
456,db6244f889d8,2024-05-01,LT,Vilnius,Male,,organic_search,1
457,6dcf8551dce0,2024-05-01,LT,Vilnius,Male,2000,direct,1
458,708fc09e5c6e,2024-05-01,LV,Rīga,Female,1978,paid_social,0
459,82fe054b4730,2024-05-01,LV,,Female,,paid_search,1
460,ec2d5b54032c,2024-05-02,LT,Kaunas,Male,1993,paid_search,1
461,b412a9549736,2024-05-02,LT,Vilnius,Female,1979,direct,0
462,fbfa9f0f40e4,2024-05-02,LT,Vilnius,Female,1988,affiliate,1
463,bd4c2e8532d5,2024-05-02,LT,Klaipėdos r.,Male,1976,direct,1
464,9e3f3c2c123d,2024-05-02,LT,Vilnius,Male,1997,paid_social,1
465,dfb9cf96dc8d,2024-05-02,LT,Kaunas,Male,,direct,1
466,38dbcd124d29,2024-05-03,LT,Kretinga,Male,1986,paid_search,0
467,d3aea5d9607b,2024-05-03,LT,Garliava,Male,1997,paid_social,0
468,19badeeccb98,2024-05-03,LT,Kaunas,Female,2004,paid_search,1
469,b08ea0d866c8,2024-05-04,LT,Telšiai,Female,1986,paid_search,1
470,5bba5e0fc46f,2024-05-04,LV,Daugavpils,Male,2001,paid_social,0
471,09125d36038d,2024-05-04,LT,Klaipėda,Male,1987,paid_search,0
472,c6dc5244281a,2024-05-05,LT,Plunge,Female,1997,referral,1
473,31f8463b97bc,2024-05-05,LT,Panevėžys,Male,,direct,0
474,ddeba550b707,2024-05-05,LT,vilnius,Female,1987,paid_search,1
475,2e1296f7a938,2024-05-05,LT,Utena,Female,1985,organic_search,1
476,d84f5c113895,2024-05-05,LT,Panevezys,Female,1967,organic_search,0
477,24ee6ea49112,2024-05-06,LT,Utena,Male,1977,organic_search,0
478,9abf7989093a,2024-05-06,LT,Vilnius,Female,1988,paid_social,1
479,167ccdc1a110,2024-05-06,LT,Palanga,Male,1990,direct,0
480,8c445cbef240,2024-05-06,LV,,Male,2001,organic_search,1
481,ce2429e9e2af,2024-05-06,LT,klaipėda,Female,2000,paid_social,1
482,06b90039d6d2,2024-05-07,LT,Vilnius,,1970,email,1
483,7a4af061961b,2024-05-07,LT,Kaunas,Female,1985,organic_search,1
484,bac3cf2efa84,2024-05-07,LT,Šiauliai,Female,1994,paid_social,1
485,40b45b713fe5,2024-05-08,LT,Vilnius,,1988,paid_search,1
486,482f865a0aee,2024-05-08,EE,Tallinn,Female,1960,organic_search,1
487,714987e1768d,2024-05-08,LT,Kaunas,Male,2004,organic_search,0
488,60db422411a1,2024-05-09,LT,Kaunas,,1990,organic_search,1
489,7011694bbc47,2024-05-09,LT,,Male,1994,organic_search,0
490,50ce46836096,2024-05-09,LT,Kaunas,Female,1988,paid_search,0
491,76661fa342b7,2024-05-09,EE,Tallinn,Female,1985,email,1
492,a95f839823e5,2024-05-10,LT,Vilniaus r.,Female,1991,organic_search,0
493,c9568b02794c,2024-05-10,LT,Vilnius,Male,1964,referral,0
494,214155c69a6c,2024-05-10,LT,Kaunas,Male,1993,referral,0
495,9a70638bd2c6,2024-05-10,LT,Klaipėda,Male,1987,paid_social,1
496,94e6ced930ae,2024-05-10,LT,Šiauliai,Male,1987,email,1
497,9b4114328a79,2024-05-10,LT,Mazeikiai,Male,1980,organic_search,1
498,b842cf68e86a,2024-05-10,LT,Vilnius,Male,1958,referral,1
499,f9ea10f310f1,2024-05-10,LT,Silute,Male,1990,email,1
500,a2aff0143b40,2024-05-10,LV,Rīga,Male,1992,organic_search,1
501,6c333af73076,2024-05-11,LT,Vilnius,Female,1993,paid_search,0
502,42a28aaf595d,2024-05-11,LT,Vilnius,Male,1978,paid_search,0
503,774df26d7bde,2024-05-11,LT,Kaunas,Female,1983,referral,1
504,690348a29d8b,2024-05-11,LT,Kaišiadorys,Female,1971,organic_search,1
505,82577b2c8bf8,2024-05-11,LT,Vilnius,Female,,paid_search,1
506,29f1ba898cda,2024-05-12,LT,Klaipėda,Female,1981,paid_social,1
507,da49241a8d34,2024-05-12,LT,Pnevėžys,Male,2005,direct,0
508,bb0ffc30827c,2024-05-12,LT,Vilnius ,Male,1996,direct,0
509,f99645c2b129,2024-05-12,LT,Vilnius,Male,1991,referral,1
510,246acc282b5b,2024-05-12,LT,Vilnius,Male,1977,organic_search,0
511,815a1680f295,2024-05-12,LV, Rīga,,1998,paid_search,0
512,7a882e2238bd,2024-05-12,LT,Vilnius,Female,1986,organic_search,1
513,9c0c20e5e155,2024-05-12,LT,Siauliai,Male,1989,referral,1
514,1d51b418010b,2024-05-12,LT,Gargždai,Female,1994,organic_search,0
515,b1ea5c1aff71,2024-05-13,LT,Kaunas,Male,1979,organic_search,1
516,c5089b5fd7b4,2024-05-13,LT,Šiauliai,Male,,paid_social,1
517,5c165bbb3e89,2024-05-13,LT,Vilnius,Male,,organic_search,1
518,cf0516d6d78c,2024-05-13,LT,,Male,1969,paid_search,1
519,0a2435cfc8a8,2024-05-13,LT,Vilnius,Female,1972,direct,0
520,9c6d193ef8b7,2024-05-13,LT,Vilnius,Female,1988,referral,0
521,b8f3d8ae02b6,2024-05-14,LT,Kaunas,Female,2000,organic_search,0
522,3c171c4c5713,2024-05-14,LT,Vilnius,Male,2000,paid_search,0
523,48f0bb6d1522,2024-05-15,LT,,Female,1963,referral,1
524,fe0cb99a1d72,2024-05-15,LT,Vilnius,Male,1979,organic_search,1
525,46237414f936,2024-05-15,LT,Kaunas,Male,1988,referral,1
526,96da31573668,2024-05-15,LT,klaipėda,Female,1986,affiliate,0
527,6222c8eb7344,2024-05-15,LT,Kaunas,Male,,organic_search,0
528,8cd020e19014,2024-05-15,LT,Kaunas,Female,,direct,1
529,b406f8bdf4f9,2024-05-16,LT,Šiauliai,Female,1995,paid_search,0
530,2d3f24a7ab06,2024-05-16,LT,Vilnius,,1986,direct,0
531,0596de6a1268,2024-05-16,EE,Tartu,Female,1989,organic_search,0
532,d197bf788914,2024-05-16,LT,Šiauliai,Female,2000,organic_search,1
533,bc35d47dd99f,2024-05-16,EE,Tallinn,Male,2000,paid_search,0
534,8f43859ecf49,2024-05-16,LT,Vilnius,Male,1977,organic_search,0
535,2897edb8b9de,2024-05-16,LT,Vilnus,Male,1981,email,1
536,7a7253f4dd71,2024-05-17,LT,Vilnius,Female,1954,paid_search,1
537,a11ab077748a,2024-05-17,LT,Kaunas,Male,1963,referral,1
538,dc987f37571c,2024-05-17,LT,Utena,Male,1978,organic_search,1
539,6d05ba9e66ad,2024-05-17,LT,Kaunas,Male,1971,referral,1
540,2413085bac13,2024-05-17,LT,Vilnius,Female,1956,direct,0
541,9e284c34c433,2024-05-17,LT,Šiauliai,Male,,paid_social,1
542,d72ea3ed9b31,2024-05-17,LT,Ukmergė,Male,1985,organic_search,1
543,c042b5d88f65,2024-05-17,LT,Klaipėda,Female,1985,organic_search,1
544,119a9ed5acbb,2024-05-18,LT,Kaunas,Female,1994,organic_search,1
545,f572957048b0,2024-05-18,LT,Vilnius ,Male,1995,affiliate,1
546,30f62d831830,2024-05-18,LV,Tukums,Female,,organic_search,0
547,df1fdd2d78da,2024-05-18,LT,Kaunas,,1997,direct,1
548,df8c8e13069d,2024-05-18,LT,Vilnius,Female,1998,organic_search,1
549,0a837f385b15,2024-05-19,LT,Kaunas,Male,1968,organic_search,1
550,55ad29915f4d,2024-05-19,LT,vilnius,Female,1953,paid_search,1
551,efcd05799f4f,2024-05-19,LT,Kaunas,Other,2005,paid_social,1
552,662ddec2e9ff,2024-05-19,LT,Kaunas,Male,1984,organic_search,0
553,5e2f933606e1,2024-05-19,LT,Vilnius,Female,1966,referral,0
554,7f2ac51d02df,2024-05-19,LT,Kaunas ,Female,1977,paid_social,1
555,58b6623b6f6e,2024-05-20,LT,Vilnius,Male,1985,organic_search,1
556,d548b4dcb1ab,2024-05-20,LT,Plungė,Female,1999,paid_search,1
557,62c1c2d326b7,2024-05-20,LT,Marijampolė,Male,1975,organic_search,0
558,33170abc04f1,2024-05-21,LT,Panevėžys,Female,1997,email,1
559,58d73109aa0c,2024-05-21,EE,Tallinn,Male,,direct,1
560,3157e98f4829,2024-05-21,LT,Klaipeda,Female,1972,email,1
561,6cd39a114694,2024-05-21,LT,Mažeikiai,Male,1994,paid_search,1
562,e1dd220e19bf,2024-05-21,LV,Riga,Female,1950,organic_search,1
563,69a308c2171a,2024-05-21,LT,Kaunas,Male,1973,referral,1
564,903a63e02487,2024-05-21,LT,Šilutė,Female,1977,organic_search,1
565,0f3627b678a5,2024-05-21,LT,Panevėžys,,1995,direct,1
566,9377849bcedb,2024-05-21,LT,Panevėžys,Male,2005,organic_search,0
567,b907400e180e,2024-05-22,LT,Panevėžys,Male,1966,direct,1
568,3bacec9f4b54,2024-05-22,LV,Rīga,Male,1988,paid_search,1
569,be8a1182f224,2024-05-22,LT,Vilnius,Female,2001,organic_search,1
570,e549fdd0967e,2024-05-22,LT,Vilnius,Female,1989,email,1
571,9372b913ffda,2024-05-23,LT,Kaunas,Male,1992,direct,1
572,99cb7cdecf0c,2024-05-23,LT, Šiauliai,Female,1981,paid_social,0
573,c2dc41714c64,2024-05-23,LT,Vilnius,Male,1995,email,1
574,2e4131618799,2024-05-23,LT,Jonava,Male,1975,paid_search,0
575,622c36424262,2024-05-24,LT,Panevėžys,Female,1975,direct,0
576,f89169fcd3b1,2024-05-24,LT,Palanga,Female,1974,paid_search,0
577,225b73677382,2024-05-24,LT,Vilnius,Female,1980,referral,0
578,0b8a119537d0,2024-05-24,LT,Kaunas,Male,1988,organic_search,1
579,d088ccb867b6,2024-05-24,EE,Talinn,,,paid_search,1
580,028e3fc62e4c,2024-05-24,LT,Kaunas,Female,1994,direct,0
581,37b244635bf2,2024-05-24,LT,Vilnius,Male,2000,organic_search,1
582,cea67853913b,2024-05-24,LT,Vilnius,Female,1980,direct,0
583,467a94798128,2024-05-24,LT,Gargždai,Male,,direct,1
584,cd515c57b0e4,2024-05-25,LT,Vilnius,Male,1986,direct,1
585,c09aabf981ba,2024-05-25,LT,Vilnius,Male,1963,email,1
586,30990c963e26,2024-05-25,LT,Vilnius,Male,1970,organic_search,1
587,0bfff44b22ee,2024-05-25,LT,Alytus,Male,2002,referral,1
588,fb784cc70f8a,2024-05-26,EE,,Male,1990,organic_search,1
589,ffc16eeb5010,2024-05-26,LT,Vilnius,Male,1989,organic_search,1
590,86c7b086faf8,2024-05-26,LT,Kaunas,Female,,direct,0
591,e7397976a72a,2024-05-26,LT,Vlinius,Female,1985,paid_search,1
592,8bb8c7157937,2024-05-26,LV,Rīga,Female,1965,organic_search,1
593,bf97354b2318,2024-05-27,LT,Kaunas,,1984,direct,0
594,43c7ad35c652,2024-05-27,LT,Vilnius,Female,1977,paid_search,0
595,37d64cefa5df,2024-05-27,LT,Vilnius,Female,1993,direct,1
596,4601fcaa8c46,2024-05-27,LT,Vilnius,Female,,direct,0
597,234ef48f6362,2024-05-27,LT,Plunge,Male,1961,paid_search,0
598,784e8c9372b2,2024-05-27,LT, Kaunas,Female,1995,paid_search,1
599,082ec1fd2599,2024-05-27,LT,Vilnius,Female,,organic_search,1
600,805ed1c13e05,2024-05-27,LT,Vilnius,Male,1999,direct,1
601,c62a8c077f8c,2024-05-28,LV,Daugavpils,Male,,paid_social,0
602,7741b1c8acf1,2024-05-28,LT,Kaunas,Male,,direct,1
603,4a475b641ba0,2024-05-28,LT,Vilnius,Female,,direct,0
604,75d76e149899,2024-05-28,LT,Vilnius,Female,1979,direct,1
605,99a8b52d6c5d,2024-05-28,EE,Tallinn,Female,1992,organic_search,0
606,907f6ee35c56,2024-05-28,LT,Vilnius,Female,1999,organic_search,1
607,e8e97a3638b8,2024-05-29,LV,riga,Male,1983,paid_search,1
608,424c95b154da,2024-05-29,LV,Rīga,Other,1974,paid_social,1
609,0acb9dc49067,2024-05-29,LT,Kaunas,Male,2002,paid_social,0
610,2cce940a46b0,2024-05-29,LT,Vilnius,Male,1977,paid_social,1
611,cda055bfdaaa,2024-05-29,EE,Tallinn,,1997,paid_social,1
612,feb1628377a1,2024-05-30,LT,Panevėžys,Male,1988,direct,1
613,39c47626a199,2024-05-30,LV,Jumrala,Male,1973,direct,0
614,df05e7c48083,2024-05-31,LT,Vilnius,Female,1960,paid_search,0
615,25cb0dd49daf,2024-05-31,LV,,Male,,affiliate,0
616,795f4dd917dc,2024-05-31,EE,Vljandi,Female,2001,organic_search,0
617,ddecb91b1407,2024-05-31,LT,Vilnius,Male,1994,paid_search,1
618,c62d5983f2a2,2024-05-31,LT,Marijampole,Male,1998,organic_search,1
619,2c9d52792052,2024-05-31,LT,Šiauliai,Male,1965,direct,1
620,e1a329dec7c2,2024-05-31,LT,Vilnius,Female,1992,organic_search,1
621,54575bbc49b6,2024-05-31,LT,Jonava,Male,1985,paid_search,0
622,8e677f63704a,2024-05-31,LT,Vilnius,Female,1979,organic_search,0
623,3b1e2e056220,2024-06-01,LT,Vilnius,Male,1959,referral,1
624,f1bc64afd19c,2024-06-01,LT,Klaipėda,Female,1971,organic_search,0
625,6deb2a0ee7be,2024-06-01,LT,Jurbarkas,Male,1987,paid_social,0
626,f753dedd0e43,2024-06-01,LT,Vilnius,Male,1978,affiliate,0
627,ff93305b6ea0,2024-06-01,LT,Šilutė,Female,1977,direct,1
628,55a530f53e61,2024-06-02,LT,Vilnius,Male,1989,organic_search,0
629,81e82089ca13,2024-06-02,LT,Vilnius,Female,1989,direct,1
630,b045e0a64674,2024-06-02,LT,Kaunas,Female,2001,direct,0
631,0fbaeb733f86,2024-06-03,LT,Kaunas,Male,,organic_search,0
632,c54dffc9b4a8,2024-06-03,LT,Vilnius,Female,,organic_search,1
633,0192c3d8a872,2024-06-03,LT,Vilnius,Male,2003,affiliate,1
634,338fc0f7bb8b,2024-06-03,LV, Rīga,Female,1983,organic_search,0
635,dc0772001b7e,2024-06-03,LT,Marijampolė,Male,2004,direct,1
636,a7c2fa327321,2024-06-03,LT,Klaipėda,Female,1985,paid_search,1
637,ddda4a9dafc2,2024-06-03,EE,Tartu,Male,1994,paid_social,1
638,bb453935e7a5,2024-06-03,LT,Vilnius,Female,1997,paid_search,1
639,a466c7c550ce,2024-06-04,LT,Klaipėda,Male,1980,direct,1
640,329e7e277604,2024-06-04,LV,Rīga,Female,1973,paid_social,0
641,7d19aea66ce7,2024-06-04,LT,Klaipeda,Male,1980,paid_search,0
642,0c0818cee08c,2024-06-04,LT,Alytus,Male,1986,paid_search,0
643,7e65bb4ce9c4,2024-06-05,LT,Šiauliai,Male,1995,organic_search,0
644,301eb5a25829,2024-06-05,LT,Vilnius,Female,1980,referral,0
645,878b209b4669,2024-06-05,EE,,Male,1986,direct,0
646,7266fd91a3c4,2024-06-06,LT,,Female,2001,referral,1
647,f35c461ef3fb,2024-06-06,LT,,Male,,direct,1
648,72252c831111,2024-06-06,LV,Rīga,Female,2002,direct,0
649,8c1f537d78be,2024-06-06,LV,Ventspils,Male,2003,paid_search,1
650,0f8fb3021ac0,2024-06-06,LT,Kaunas,Female,1973,paid_search,1
651,ff965ae7b0e3,2024-06-06,LT,Kaunas,Male,1980,direct,1
652,f4d32acc188c,2024-06-06,LT,Klaipeda,Female,1986,paid_search,1
653,87b9f2ca2ce6,2024-06-07,LT,kaunas,Female,1973,organic_search,0
654,505165d0cc3f,2024-06-07,LT,Siauliai,Male,,direct,0
655,d6ec33b14817,2024-06-07,LT,Kaunas,Female,1982,organic_search,0
656,59d4d5e65862,2024-06-07,LT,,,1976,affiliate,0
657,486cae1860e3,2024-06-08,LT,Vilnius,Male,1967,paid_social,0
658,e33e2205c55a,2024-06-09,LT,Kaunas,Male,1974,paid_social,1
659,5639369ab850,2024-06-09,LT,Ukmergė,Male,1977,affiliate,0
660,441514b7294c,2024-06-09,LT,Vilnius,Male,1988,direct,0
661,5108a6187fca,2024-06-09,LT,Kaunas,Female,1981,paid_social,1
662,ee7e87094144,2024-06-10,LT,Biržai,Male,1987,paid_search,0
663,12da9ebba965,2024-06-10,LT,Panevėžys,Male,,paid_search,1
664,c1c2ffdf9fe9,2024-06-10,LT,Kaunas ,Female,2005,paid_search,1
665,db173ffe7072,2024-06-10,LT,Vilnius,Male,1989,organic_search,1
666,d77003b8b22e,2024-06-10,LT,,Male,,paid_social,0
667,09e6b3e15175,2024-06-11,LT,VILNIUS,Male,1995,paid_social,1
668,76866ac72888,2024-06-11,LT,Telšiai,,1985,paid_social,1
669,997fe7ccc3fa,2024-06-11,LT,Klaipėda,Male,1971,organic_search,1
670,9305499ac020,2024-06-12,LT,Kaunas,Female,1985,organic_search,1
671,21c0ff309f71,2024-06-12,LT,Raseiniai,Female,1963,paid_search,1
672,492826e4801a,2024-06-13,LT,Panevėžys,Male,1986,paid_search,1
673,cae2942ff0d7,2024-06-14,LV,Rīga,Male,1986,referral,1
674,d2fdb0ee097f,2024-06-14,LV,Rīga,Other,,referral,0
675,46c395c2f19b,2024-06-14,LT,Klaipėda,Male,1974,paid_social,1
676,44a543de105f,2024-06-14,LT,Klaipėda,Female,1964,paid_social,1
677,b07b3e12ce54,2024-06-15,EE,Tallinn,Female,2001,organic_search,1
678,167f9fe96d0a,2024-06-15,LT,Kaunas,Female,1983,paid_search,0
679,a9206257dbfb,2024-06-16,LT,Vilnius,Male,,direct,1
680,d05cbbf988dd,2024-06-16,LT,Vilnis,Female,1985,direct,1
681,5ffbbc0d3008,2024-06-16,LV,Rīga,Female,1998,referral,0
682,eb74f4cd0a45,2024-06-16,LT,Telsiai,Female,1974,referral,1
683,515b61301c80,2024-06-16,LT,Vilnius,Female,1981,paid_social,0
684,2d67704e48a9,2024-06-16,LT,Jonava,Male,1987,referral,1
685,f349c2d35190,2024-06-16,LT,Klaipėda,Male,1979,direct,1
686,6f3b60ad469e,2024-06-16,EE,Tallinn,Male,2001,paid_search,0
687,b220c79358d6,2024-06-17,LT,Kaunas,Female,2000,paid_search,1
688,e7e7863d5a8e,2024-06-17,LT,Klaipėda,Other,1981,email,1
689,0746e89aca64,2024-06-17,LT,Vilnus,Male,1981,organic_search,0
690,480bdd88033b,2024-06-18,LT,Kaunas,Female,2004,organic_search,0
691,ae7d29800c0f,2024-06-18,LT,Vilnius,Female,1950,paid_social,1
692,f4f5514a59ba,2024-06-18,LT,Vilnius,Female,,organic_search,1
693,f46321342eb4,2024-06-18,EE,Keila,Male,1979,paid_search,1
694,a5d1cf44a5ad,2024-06-18,LT,Vilnius,Male,1985,paid_search,1
695,78569d1aacee,2024-06-18,LT,,Female,2000,paid_search,0
696,6a94ef493741,2024-06-18,LT,Vilnius,Female,1984,organic_search,1
697,2b1ee12a37db,2024-06-18,LT,Druskininkai,Female,1978,paid_social,0
698,5c1a0970daee,2024-06-18,LT,Šiauliai,Female,1976,organic_search,0
699,4995cb6e3507,2024-06-18,LV,Liepāja,Female,1983,paid_social,0
700,2d41ebde9060,2024-06-18,LT,Klaipėda,Male,1982,direct,1
701,2016a6e0c893,2024-06-19,LT,Vilnius,Female,1981,organic_search,0
702,03cc0431e7c2,2024-06-19,EE,Narva,Female,,direct,1
703,031061d17197,2024-06-19,LT,Panevėžys,Male,1973,paid_social,0
704,17cbac168dcf,2024-06-19,LT,Vilnius,Male,,organic_search,1
705,b25cfdf582c4,2024-06-19,LT,Kaunas,Male,1999,affiliate,1
706,18939c8e378c,2024-06-20,LT,Panevėžys,Female,1994,paid_search,1
707,078504397f1b,2024-06-20,LT,Vilnius,Male,2000,referral,0
708,7a6aebd80aa7,2024-06-20,LT,Visaginas,Male,1973,organic_search,0
709,667bbcac7812,2024-06-20,LT,Vilnius,Female,1981,organic_search,1
710,1f2a0d943b99,2024-06-20,EE,Kohtla-Jarve,Female,1987,direct,0
711,445934ebd19a,2024-06-20,LT,,Male,1983,direct,0
712,1015335811af,2024-06-21,LT,Vilnius,Male,1985,referral,0
713,3184d631a57c,2024-06-21,LT,Klaipeda,Male,,referral,0
714,7487a47324ef,2024-06-21,LV,Rēzekne,Male,1989,referral,0
715,504d8c424d28,2024-06-21,LT,Vilnius,Female,1987,paid_search,1
716,1707e0c74f4d,2024-06-21,LT,,Female,1992,organic_search,0
717,3ddfc84fe8b1,2024-06-22,LT,Jonava,Female,2004,direct,1
718,81d860878efb,2024-06-22,LT,Klaipėda,Female,1984,paid_search,1
719,deddec79ef9d,2024-06-22,LT,Vilnius,Male,1966,organic_search,1
720,27c2c0266035,2024-06-23,LT,Vilnius,Female,1986,paid_search,1
721,fd106c2cb691,2024-06-23,LV,Rīga,Male,1984,referral,0
722,99d3d4170936,2024-06-23,LT,Kaunas,Female,2004,organic_search,1
723,91e834c014b2,2024-06-23,LT,Vilnius,Female,1992,paid_search,0
724,d32a13adfc8f,2024-06-23,LT,Vilnius,Male,1965,direct,1
725,0b44551e6b47,2024-06-23,EE,sillamäe,Male,1988,paid_social,0
726,e3b73e23d0ba,2024-06-23,LT,Raseiniai,Female,1988,paid_social,1
727,0ddca9235a1b,2024-06-23,LT,Birzai,Female,1985,paid_social,1
728,1154dd0aeea7,2024-06-23,LT,,Female,1991,direct,0
729,7eeb5a58f56c,2024-06-23,LV,Rīga,Female,1988,organic_search,0
730,e57b698c87c8,2024-06-23,LV,Rēzekne,Female,1983,affiliate,1
731,074a938931ef,2024-06-23,LT,Vlnius,Female,,direct,1
732,01b2a167f6f0,2024-06-23,EE,Tallinn,Male,1968,organic_search,0
733,a224aa66d511,2024-06-23,LT,Kaunas,Female,1996,paid_social,0
734,6abf62301438,2024-06-24,LT,Jonava,Other,1993,paid_social,0
735,1ae00b442fba,2024-06-24,LT,Vilnius,Male,1967,affiliate,0
736,de4bd4e55ff0,2024-06-24,LT,Vilnius,Male,1999,direct,0
737,8ddeddf90e3b,2024-06-24,LT,Kelmė,Female,1975,paid_search,0
738,05ce8961179c,2024-06-24,LT,,Male,,organic_search,1
739,059baed51bfe,2024-06-24,LT,Kaunas,Female,2004,paid_search,1
740,0eee79eefbc5,2024-06-24,LT,Vilnius,Male,,paid_social,0
741,0f637a990589,2024-06-24,LT,Vilnius,Female,2004,paid_search,0
742,7d3c6d25b18f,2024-06-24,EE,Tartu,Female,1983,direct,1
743,3351eaa503de,2024-06-25,LV,Riga,,1983,organic_search,1
744,19819011e38e,2024-06-25,LT,Klaipėda,Male,1985,email,1
745,3ec2328da085,2024-06-25,LT,Vilnius,Female,1968,paid_social,1
746,129bdce1c0fe,2024-06-25,LT,Klaipėda,Male,1986,organic_search,0
747,27bc1b9307c6,2024-06-25,LT,,Female,1976,direct,1
748,bef8e9dc4e93,2024-06-26,LT,Kretinga,Female,1971,organic_search,1
749,25975abba8dc,2024-06-26,LT,Lentvaris,Male,1959,organic_search,0
750,2e42782085b4,2024-06-26,LT,Klaipėda,Female,1986,paid_search,1
751,b0a7b57474c5,2024-06-26,LT,Vilnius,Female,1961,paid_search,0
752,ee08e8bf79c9,2024-06-26,LT,Vilnius,Female,,organic_search,1
753,d7db91dbf5c7,2024-06-26,LT,Kaunas,Female,1991,organic_search,1
754,0d9cff3c7857,2024-06-26,LT,Šiauliai,Female,,referral,1
755,e86211a69737,2024-06-26,LT,Vilnius,Male,2001,direct,0
756,0a2f24ca6f3f,2024-06-27,LT,Panevezys,Male,1975,direct,1
757,0a98cc151a74,2024-06-27,LV,Rīga,,1981,direct,0
758,5f003a453a1b,2024-06-27,LT,Kaunas,Male,1980,referral,1
759,c5a8efccf4c7,2024-06-27,LT,Vilnius,Female,1981,paid_social,0
760,fa78085bf387,2024-06-27,LT,Klaipėda,Male,1979,direct,1
761,4c6a6a9d1af8,2024-06-27,LT,Vilnius ,Male,2000,organic_search,0
762,f8e76b07ecf5,2024-06-28,LT,Klaipėda,Male,1982,paid_search,0
763,63caa579e873,2024-06-28,LT,Panevėžys,Male,1988,paid_search,0
764,afb23fc1fda5,2024-06-28,LT,Vilnius,Male,1970,direct,1
765,afc914253045,2024-06-28,LT,Alytus,Female,,organic_search,0
766,451ca2581826,2024-06-28,LT,Vilnius,Female,1992,affiliate,1
767,ac309eb643d5,2024-06-28,LT,Klaipėda,Female,1995,organic_search,0
768,edda89c22ecb,2024-06-29,LT,kaunas,Female,,direct,1
769,681e4ee43612,2024-06-29,LT,Vilnius,Male,1972,direct,1
770,159c04c0b833,2024-06-29,LT,Panevezys,Female,1976,paid_search,1
771,f108942ecf86,2024-06-29,LT,Siauliai,,1970,referral,1
772,be7e791d8fdd,2024-06-30,EE,Tallinn,Female,2005,email,1
773,6b2e8f99bb07,2024-06-30,LV,Rīga,Male,1983,organic_search,0
774,3ac10d5f0eee,2024-06-30,LT,Vilnius,Female,1986,organic_search,1
775,d1dba8898ac9,2024-06-30,LT,Vilnius,Female,,organic_search,0
776,98e69fc9e65d,2024-06-30,EE,Narva,Female,1999,paid_search,0
777,d7e2f91cab38,2024-06-30,LT,Vilinus,Male,1981,organic_search,1
778,f3445c6fb730,2024-06-30,LT,Vilnius,Female,1984,organic_search,1
779,ff3df5c46555,2024-07-01,LV,Rīga,Female,1970,organic_search,1
780,2d63945e31c7,2024-07-01,LT,Siauliai,Female,1951,referral,1
781,ffcffbf1b8f2,2024-07-01,LT,Vilnius,Female,1984,email,1
782,1dc529113a21,2024-07-01,LT,Vilnius,Female,1998,organic_search,0
783,e80a5323fc12,2024-07-01,LT,telšiai,Female,1989,paid_social,0
784,311e28a375ae,2024-07-01,LT,Vilniaus r.,Female,1996,direct,1
785,366d270e5b9c,2024-07-02,LT,Vilnius,,1989,paid_search,0
786,7241c4396b58,2024-07-02,LT,Marijampolė,Male,1988,direct,1
787,b2ba68978dbd,2024-07-02,LT,Šiauliai,Female,1989,referral,0
788,e1fddcf5e9f0,2024-07-02,LT,Kaunas,Female,2006,organic_search,0
789,7a61b9f5024f,2024-07-02,LT,Šiauliai,Female,1989,organic_search,0
790,8a7b382ab5e3,2024-07-02,LT,Vilnius,Male,,paid_search,1
791,620dd15e0432,2024-07-03,EE,Tallinn,Female,1987,email,1
792,125340a34db8,2024-07-03,LT,,Male,1968,affiliate,0
793,a0a5a023dddc,2024-07-03,LT,panevėžys,Female,1996,email,1
794,5d0bc5456036,2024-07-03,LV,Riga,Female,1996,paid_social,1
795,2ecdb794d9b0,2024-07-03,LT,Vilnius,Female,1983,paid_search,1
796,61ba4d5d2025,2024-07-04,LV,Rīga,Male,1987,paid_search,1
797,ea2469817965,2024-07-04,LV,Rīga,Female,1980,organic_search,0
798,50789c0ab53b,2024-07-04,LT,Vilnius,Female,1976,paid_search,0
799,2a88de7b4651,2024-07-04,LT,Molėtai,Female,,referral,1
800,5ec3edab2e0c,2024-07-04,LT,Klaipėda,Male,1994,organic_search,0
801,e0bc57e485c5,2024-07-04,LT,Plunge,Female,1983,direct,1
802,449ec9767a54,2024-07-04,LT,Kaunas,Female,,organic_search,0
803,384023cbb760,2024-07-04,LT,Klaipėda,Female,1993,organic_search,1
804,f7f248985ef1,2024-07-04,LV,Rīga,Male,1975,affiliate,1
805,f57a1df40283,2024-07-05,LV,Rīga,Female,1962,direct,1
806,098ae0f0fd7a,2024-07-05,LT,Klaipėda,Male,2003,paid_social,0
807,c0bcb0f9166c,2024-07-06,LT,Vilnius,Male,1995,paid_search,1
808,3e84502bf08e,2024-07-06,LT,Kaunas,Male,1993,organic_search,0
809,5d9dbbcdda8b,2024-07-06,LT,Vilnius,Male,1966,direct,0
810,625c0a0bc657,2024-07-06,LT,Šiauliai,Male,1990,paid_social,0
811,3f2e4a258048,2024-07-06,LT,Utena,Male,,paid_search,1
812,3d58d3e9bb12,2024-07-07,LT,Kaunas,,1992,paid_social,0
813,12e459844cd5,2024-07-07,LT,Vilnius,Female,1982,referral,1
814,e2d09aec4445,2024-07-07,LV,Рига,Female,1991,organic_search,1
815,3519d93b5998,2024-07-07,LT,KAUNAS,Female,1979,paid_social,0
816,40c513c7197d,2024-07-08,LT,Vilnius,,1976,organic_search,0
817,faf55393afb6,2024-07-08,LT,Rokiskis,Female,2024,organic_search,1
818,395f9f2a3a1a,2024-07-08,LT,Vilnius,Female,1979,referral,1
819,3d2847bd02d0,2024-07-08,LT,Vilnius,Female,1962,paid_search,0
820,bdbc49390354,2024-07-08,LT,Klaipėda,Female,1966,paid_search,0
821,a5ee94d4138f,2024-07-08,LT,Jurbarkas,Female,1977,paid_social,1
822,5b4a2c1fd077,2024-07-08,LT,Klaipėda,Female,1985,organic_search,0
823,6ee0f8eb0596,2024-07-09,LT,Raseiniai,Female,1972,organic_search,0
824,74f0efb10f2b,2024-07-09,LT,Vilnius,Female,1974,paid_search,1
825,b8bde269d7d8,2024-07-09,LT,Kauns,Female,1990,organic_search,1
826,cd75356b64e2,2024-07-09,LT,Biržai,Female,1949,direct,0
827,99c779c3106c,2024-07-09,LT,Vilnius,Female,1954,organic_search,1
828,0ca96a93eecf,2024-07-09,LT,Kaunas,Female,1973,referral,0
829,05c22815c25f,2024-07-09,LT,Vilnius,Male,,organic_search,1
830,6ba57f931a76,2024-07-10,LT,Vilnius,Female,1976,paid_social,1
831,efeed1e9a35b,2024-07-10,LT,Klaipėda,Female,1971,direct,0
832,2f031a43abb2,2024-07-10,LT,Vilnius,Male,1984,referral,1
833,9613dd163cdb,2024-07-10,LT,Vilnius,Female,1981,paid_social,0
834,1532a9c49688,2024-07-10,LT,Vilnius,Female,1980,organic_search,1
835,41ef30784d92,2024-07-11,LV,Riga,Male,1996,organic_search,0
836,4c1e4952ee15,2024-07-11,LT,Marijampolė,Female,1968,organic_search,1
837,92a17d70e57c,2024-07-11,LT,Vilnius,Male,1977,paid_social,1
838,6b2714e99035,2024-07-11,LT,Kaunas,Female,1983,paid_search,1
839,0d54e417d432,2024-07-11,LT,Vilnius,Female,,paid_search,0
840,f5194d81b6ed,2024-07-11,LT,Vilnius,Male,1977,paid_search,0
841,11d6bc2d1346,2024-07-11,LT,Kaunas ,Female,1968,organic_search,0
842,cdea86ac1071,2024-07-11,LT,Vilnius,Male,1957,organic_search,1
843,77f6ef168751,2024-07-11,LT,,Male,1989,organic_search,1
844,57fce48b4ea7,2024-07-11,LT,Jurbarkas,Female,1977,paid_social,1
845,2a03d321bd71,2024-07-12,LT, Vilnius,Female,2000,affiliate,1
846,95d8e0a2c33f,2024-07-12,LT,Vilnius,Female,1979,affiliate,1
847,2bec5573b4e0,2024-07-12,LT,Utena,Male,1979,organic_search,1
848,0ab91aba9bf9,2024-07-12,LT,Vilniaus r.,Male,1980,organic_search,0
849,ebffb0edbda1,2024-07-12,LT,Marijampolė,Female,1976,paid_social,0
850,64ee676e8464,2024-07-13,LT,,Male,1997,referral,1
851,b21e82df3a70,2024-07-13,LT,Kaunas,Male,,referral,1
852,80e9f6f193cd,2024-07-13,LT,Šilutė,Male,,organic_search,1
853,8ca51154c261,2024-07-13,LT,Vilnius,Female,2006,paid_search,1
854,572ce2c31774,2024-07-13,LV,Rīga,Female,1970,organic_search,0
855,70837cf91d80,2024-07-13,LT,Kretinga,Male,1987,paid_search,0
856,bb1c38445e1c,2024-07-14,EE,Tallinn,Male,,organic_search,1
857,8fd52e751d12,2024-07-14,LT,Vilnius,Female,2000,organic_search,0
858,fd2990b0c81d,2024-07-14,LT,Panevezys,Male,1991,paid_social,1
859,0c1e0e15716c,2024-07-14,LT,Kaunas,Female,,affiliate,0
860,d628d7a3cb4d,2024-07-15,EE,Tallinn,Male,1981,organic_search,0
861,da9295a1121c,2024-07-15,LT,,Male,1961,organic_search,0
862,f168ef02032c,2024-07-15,LT,Kaunas,Female,2003,organic_search,1
863,bbd6b247b333,2024-07-15,LT,Vilnius,Male,1985,paid_social,1
864,0a7bc80614df,2024-07-15,LT,Klaipėda,Female,1985,referral,0
865,0e5664299a05,2024-07-15,LT,Šiauliai,Female,,referral,0
866,b7bf91d73e12,2024-07-16,LT,Kaunas,Male,1989,paid_search,1
867,122d9923d921,2024-07-16,LT,Vilnius,Female,1972,organic_search,1
868,f5502c190b28,2024-07-16,LT,Vilnius,Male,1996,paid_search,0
869,3bda8d25884a,2024-07-16,LT,Klaipėda,,1976,paid_search,1
870,5e1ab83248ed,2024-07-16,LT,Panevėžys,Female,1971,paid_social,1
871,125075ff130b,2024-07-16,EE,Tallinn,Male,1967,paid_social,1
872,a33dbdf2ceae,2024-07-16,LT,Klaipeda,Male,1980,paid_social,1
873,bedf97a8bb8e,2024-07-17,LT,Plunge,Female,1983,affiliate,0
874,030824e57137,2024-07-17,LT,Šiauliai,Female,1961,organic_search,0
875,f1f1990b603d,2024-07-17,LT,Plungė,Male,1989,affiliate,0
876,61e184b94c07,2024-07-17,LT,Vilnius,Female,1991,organic_search,0
877,787a65adeeb3,2024-07-17,LT,Kaunas,Male,1961,paid_search,0
878,36b9d0bc0388,2024-07-17,LT,Vilnius,Male,1966,affiliate,0
879,be39289099a6,2024-07-17,LT,Vilnius,Female,1988,paid_search,0
880,a2995bf081eb,2024-07-17,LT,Anyksciai,Female,1983,organic_search,1
881,c1cafb19512d,2024-07-17,LT,Vilnius,Female,1987,paid_social,0
882,6f48ff7012d9,2024-07-18,LT,Kaunas,Female,,organic_search,1
883,5cada25ad862,2024-07-18,LT,Marijampolė,Female,2004,organic_search,1
884,12a31490e79b,2024-07-18,LT,Vilnius,Male,,direct,0
885,6b708739a8af,2024-07-18,EE,Tallinn,Male,1986,paid_social,0
886,c6ab04e1ff94,2024-07-19,LV,Rīga,Male,1980,organic_search,1
887,ee1531375e58,2024-07-19,EE,Valga,Male,1996,email,0
888,5da7d1acc168,2024-07-19,LT,Vilnius,Female,1997,organic_search,0
889,6707f3ece966,2024-07-19,LT,Kaunas,Female,1980,referral,1
890,f7576e3bb6c5,2024-07-19,LT,Druskininkai,Male,1981,paid_search,1
891,7b54bdb6498b,2024-07-20,LT,Telsiai,Female,1986,organic_search,1
892,770048e96683,2024-07-20,LT,Kaunas ,Female,1966,organic_search,0
893,73a33a9a0b0b,2024-07-20,LV,Jēkabpils,Female,1982,organic_search,0
894,f644f49c7e58,2024-07-20,LT,VILNIUS,Female,1992,affiliate,0
895,bb0fa60d3021,2024-07-20,LT,Vilnius,Male,2003,organic_search,0
896,3fa5a80250b1,2024-07-21,LT,Vilnius,Female,1984,organic_search,0
897,8c91963ff4c7,2024-07-21,LT,Vilnius,Male,1987,referral,1
898,24b8629c60d1,2024-07-22,LT,Vilnius,Female,1981,organic_search,1
899,6600e1c3e716,2024-07-22,LT,Utena,Female,,referral,0
900,60e5051bb1d7,2024-07-22,LT,Vilnius,Male,1990,direct,0
901,984d7d9c1cb6,2024-07-22,LT,Siauliai,Female,1978,referral,1
902,6fc64e00ae42,2024-07-22,LT,Vilnius,Female,1990,direct,1
903,4f918e71c80b,2024-07-22,EE,Tallinn,Female,1997,organic_search,0
904,2e0f54eed6f1,2024-07-22,LT,Kaunas,Female,1971,organic_search,0
905,a6c33be90075,2024-07-22,LT,Vilnius,Female,1988,paid_social,0
906,a41b6146ff53,2024-07-22,LT,Vilniaus r.,Female,1981,organic_search,1
907,852e0b9e6218,2024-07-22,LT,Palanga,Female,1978,direct,1
908,ae23b5a5d714,2024-07-23,LT,Vilnius,Male,,paid_search,0
909,7c7f7f423f34,2024-07-23,LT,Vilnius,Male,1983,paid_social,0
910,ec1aa9737a11,2024-07-23,LT,Alytus,Male,2001,organic_search,1
911,3d9a3cb47b07,2024-07-23,LT,Vilnius,Female,1988,paid_search,0
912,36294dc7de99,2024-07-23,LT,Vilnis,Female,1998,organic_search,1
913,e035a2b64993,2024-07-23,LT,Alytus,Male,,paid_social,0
914,c1413b2f302c,2024-07-23,LT,Panevėžys,,1960,paid_search,1
915,2d0e53f1d06a,2024-07-24,LT,Radviliškis,Female,1999,referral,1
916,50fd3390d3cc,2024-07-24,LT,Palanga,Male,1980,organic_search,1
917,29623ad39b31,2024-07-24,LT,Šiauliai,,1963,organic_search,0
918,a27389a6f58c,2024-07-24,LT,Marijampolė,Female,,paid_search,0
919,fa84ccbee965,2024-07-25,LT,Marijampole,,1977,direct,0
920,e3a8e68e0a51,2024-07-25,LV,Rīga,Male,2003,referral,0
921,e6731f7d1c39,2024-07-25,LT,Kaunas,Female,1992,paid_social,1
922,d165f4963e65,2024-07-25,LT,Vilnius,Female,,organic_search,1
923,7777e0f6ebd0,2024-07-25,LT,,Male,2001,referral,1
924,92a0949246b2,2024-07-26,LT,Vilnius,Male,1980,organic_search,1
925,7fe7f495e642,2024-07-26,LT,,Female,2005,paid_search,0
926,a16f79071864,2024-07-26,LT,Jonava,Female,1989,direct,1
927,d8eace593ac8,2024-07-26,LT,Kaunas,Female,,organic_search,1
928,a4cf69d67a1d,2024-07-26,LT,Klaipėda,Female,2000,direct,1
929,5f5352028847,2024-07-27,LT,Vilnius,Female,1996,paid_search,1
930,817958e4d9a2,2024-07-27,LV,Rīga,Female,1981,paid_search,1
931,0f658595ba10,2024-07-27,LT,Vilnius,Female,1992,organic_search,0
932,ba4903abdc9a,2024-07-27,LT,Vilnius,Female,1989,paid_search,1
933,0a0b4c2ad499,2024-07-27,LT,Kedainiai,Male,1987,affiliate,1
934,00b423c289a8,2024-07-27,LT,Vilnius,Male,1994,direct,0
935,40e4035150a3,2024-07-27,EE,Tartu,Male,,referral,1
936,47fc2baf4230,2024-07-27,LV,Jūrmala,Male,1985,direct,1
937,e8743f7255b0,2024-07-27,LT,Klaipėda,Male,1980,referral,1
938,8ce0ba70c31b,2024-07-27,LV,Рига,Female,1973,paid_search,1
939,d68a64392460,2024-07-27,LT,Vilnius,Male,1974,organic_search,1
940,34da6bf3fc26,2024-07-27,LT,Alytus,Male,2005,paid_search,1
941,a19388a61499,2024-07-28,EE,Parnu,Female,1987,email,1
942,db5201302622,2024-07-28,LT,Alytus,Female,1988,organic_search,1
943,c245dd79500f,2024-07-28,LT,Panevėžys,Male,1981,organic_search,1
944,c0d966f54c49,2024-07-28,LT,Vilnius,Male,1985,affiliate,1
945,399fbf56d30d,2024-07-28,LT,Kaunas,Female,1983,paid_social,1
946,bae0076173fd,2024-07-28,LT,Šilutė,Male,1980,paid_social,1
947,4a28ce44a255,2024-07-29,LT,Kaunas,Female,1977,organic_search,1
948,5b82563fc57d,2024-07-29,LT,Vilnius,Female,1987,organic_search,0
949,7e555f62bba4,2024-07-29,LT,Vilnius,,1987,organic_search,0
950,1e83c4eafbf5,2024-07-29,LT,kedainiai,Female,1974,paid_search,1
951,e0c39ca8707b,2024-07-29,LT,Klaipėda,Male,1980,direct,0
952,e9ba81147247,2024-07-29,LT,Klaipėdos r.,Male,1986,referral,1
953,92069ae93a8d,2024-07-30,LV,Valmiera,Male,1990,organic_search,0
954,c6438eda8435,2024-07-30,LT,Vilnius,Male,2000,direct,1
955,af0ee9f291fc,2024-07-30,LT,,Male,,organic_search,1
956,0b0697f67eba,2024-07-30,LT,Vilnius,Male,1989,paid_social,0
957,df5c33c04c24,2024-07-30,LT,Jonava,Female,1987,direct,1
958,f45278a06283,2024-07-30,LT,Telšiai,Male,1984,direct,1
959,12b66be726bf,2024-07-30,LT,Vilnius,Female,1991,paid_search,0
960,f21d762c5be6,2024-07-30,LT,Klaipėda,Female,1978,direct,1
961,d313db8be399,2024-07-30,LT,Kaunas,Male,1981,affiliate,0
962,879edf28ef64,2024-07-30,LT,Vilnius,Female,,email,0
963,0f19bbc01264,2024-07-30,LT,Kaunas,Male,1990,organic_search,1
964,b5cd1fd35a0a,2024-07-30,LV,Rīga,Male,1950,organic_search,1
965,5427d61bd25c,2024-07-31,LT,Kaunas,Male,1989,organic_search,1
966,d165c9de4686,2024-07-31,LT,Klaipėda,Male,1989,paid_social,1
967,652fc0bee61e,2024-07-31,LT,Klaipėda,Female,,organic_search,0
968,07e37695e7a9,2024-07-31,LV,Riga,Male,1968,referral,1
969,cf20f44b6b6e,2024-07-31,LT,,Female,1997,paid_social,0
970,6fde44ad1965,2024-07-31,LT,Jonava,Male,1989,referral,0
971,e61842637b82,2024-07-31,LV,Liepāja,Male,1986,referral,1
972,4b0afd41ad8b,2024-07-31,EE,Sillamäe,Female,,organic_search,0
973,a1b6d02a2fd3,2024-08-01,LT,Klaipėda,Female,1965,organic_search,1
974,7b93971f66b7,2024-08-01,LT,Kaunas,Female,1969,direct,1
975,d002005b68d3,2024-08-01,LT,Šiauliai,Male,1984,organic_search,0
976,0cc311b94fdb,2024-08-01,LT,Vilnius,Female,,organic_search,1
977,7a4385a58ca4,2024-08-02,LT,Vilnius,Female,1996,paid_search,0
978,bd7f0f083bb8,2024-08-02,LT,Alytus,Female,,paid_search,0
979,0782d3b5ee58,2024-08-02,LT,Kaunas,Female,1982,paid_social,0
980,73478815f051,2024-08-02,LT,Gargždai,Female,1974,paid_social,1
981,d3d79b7dc833,2024-08-02,LV,Rīga,Male,1974,email,1
982,93fe883546d6,2024-08-02,LV,,Female,1976,direct,1
983,e84295af59da,2024-08-03,LT,Vilnius,Male,1979,paid_search,1
984,ce13ff5ea2bd,2024-08-03,LT,Vilnius ,Female,,direct,0
985,ec4f024e65a4,2024-08-03,LT,Vilnius,Male,1990,direct,0
986,97667c082799,2024-08-03,LT,Kaunas,Male,1989,paid_search,0
987,dc86a0e2f48a,2024-08-03,LT,Utena,Male,1977,referral,1
988,8d17371d80f0,2024-08-04,LT,Panevėžys,Female,1970,organic_search,0
989,9d061f7d8817,2024-08-04,LT,Kaunas,Female,1999,organic_search,1
990,17065afb36d7,2024-08-04,LT,Šiauliai,Male,2000,direct,1
991,6747706c9f1d,2024-08-05,LT,,Female,1980,paid_search,1
992,28727f1dab1e,2024-08-05,LT,Kaunas,Female,,paid_social,0
993,3aefa34d3a99,2024-08-05,LV,Riga,Male,1982,direct,0
994,9e7a95dcbebc,2024-08-05,LT,Marijampole,Male,1990,referral,0
995,4f1770e95bdb,2024-08-06,LT,Vilnius ,Other,2004,email,1
996,6f371b979e7b,2024-08-06,LT,,Male,1966,organic_search,1
997,7197091b8d92,2024-08-06,LT,Vilnius,Female,2000,paid_search,0
998,96a67f08eaef,2024-08-06,LT,Vilnius,Female,1985,direct,0
999,9592a5398462,2024-08-07,LT,,Male,1990,organic_search,1
1000,955e63ef8d9c,2024-08-07,LT,Kaunas,Female,,paid_social,1
1001,7bc1c2f12e1f,2024-08-07,LT,Kaunas,Male,2002,referral,1
1002,f0b7668b3748,2024-08-07,LT,panevėžys,Male,1973,organic_search,0
1003,f69d2b143542,2024-08-07,LT,Kaunas,Female,1981,paid_social,0
1004,a3b65c12f141,2024-08-08,LT,Kaunas,Female,1996,paid_search,1
1005,f5b2c994eee1,2024-08-08,LT,Visaginas,Male,,direct,1
1006,275a60d3ba40,2024-08-08,LT,Marijampole,Male,1988,organic_search,0
1007,b5177e094d8f,2024-08-08,LT,Vilnius,Female,1986,direct,1
1008,a94f55dfd4ca,2024-08-08,LT,Vilnius,Male,1979,paid_search,0
1009,9bda8fc0b9a2,2024-08-08,LT,Vilnius,Male,2004,affiliate,0
1010,e492b9bbc931,2024-08-08,LT,Kaunas,Female,1969,paid_social,0
1011,b9f576f365c0,2024-08-08,LT,Kaunas,Male,,organic_search,0
1012,6e4635368ce4,2024-08-08,LT,,Female,1994,paid_search,0
1013,59bd9514aa3a,2024-08-08,LT,Vilnius,Female,2002,paid_social,0
1014,e78db05f0001,2024-08-08,LT,Kaunas,Female,1982,direct,1
1015,adc6c9e9d744,2024-08-09,LT,Vilnius,Male,1983,organic_search,0
1016,48b3d7ed4d8d,2024-08-09,LT,Klaipėda,Female,1974,organic_search,1
1017,cd17126d81b2,2024-08-09,LT,Vilnius,Male,1979,paid_search,1
1018,1e992c8d1811,2024-08-09,LV,Rīga,Male,1976,direct,0
1019,b81a3897d1fb,2024-08-09,LT,Šiauliai,Female,1984,affiliate,0
1020,8f9d4bd8a1d8,2024-08-09,EE,Tallinn,Male,1986,organic_search,0
1021,6bbeb1111116,2024-08-09,LT,Mazeikiai,Male,1989,email,0
1022,da6117ac3267,2024-08-09,LT,Trakai,Female,1974,paid_social,0
1023,3bb2d4df38c8,2024-08-10,LT,Vilnius,,,organic_search,0
1024,f341f7be9b58,2024-08-10,LT,Vilnius,Female,1965,paid_social,0
1025,1ff0e6f028c4,2024-08-10,EE,Tallinn,Female,,paid_search,1
1026,d9a0dcf6e95c,2024-08-10,LT,Vilnius,Female,1971,paid_social,1
1027,2d2024e44d26,2024-08-10,LT,Druskininkai,Other,1995,paid_search,1
1028,6d3ea848ed0d,2024-08-11,LT,Kretinga,Female,1976,paid_social,0
1029,c4f82d331531,2024-08-11,LT,Naujoji Akmenė,Male,1996,email,1
1030,43fc9af4284e,2024-08-11,LT,vilnius,Female,1978,direct,1
1031,20476b3de7bc,2024-08-11,LT,Vilnius,Female,1984,direct,0
1032,c8d4d96f7d01,2024-08-11,LT,,Female,1954,organic_search,0
1033,4be88aa2d5bb,2024-08-11,LT,Kllaipeda,Female,1980,direct,0
1034,e50868ebcb47,2024-08-11,LT,Kaunas,Female,1965,organic_search,0
1035,1bf564170f53,2024-08-11,LT,Klaipėda,,1990,paid_search,0
1036,b5608f6d9c5d,2024-08-11,LT,Klaipėda,Female,1986,organic_search,1
1037,b867f568a77b,2024-08-11,LT,,Male,,organic_search,1
1038,56e07b9fcecb,2024-08-12,LT,Kėdainiai,Female,1989,affiliate,1
1039,5907821206f0,2024-08-12,LT,Panevezys,Female,1995,referral,0
1040,1e63340474f1,2024-08-12,LT,Vilnius,Male,1981,organic_search,1
1041,a6cb2649718f,2024-08-12,LT,Vilnius,Male,1991,paid_social,0
1042,e104aef3c4f8,2024-08-12,LT,Vilnius,Male,1977,organic_search,1
1043,248b34c868bd,2024-08-12,LT,Vilnius,Male,1969,paid_search,1
1044,0e8b9bdfc33c,2024-08-12,LT,Vilnius,Female,1982,referral,0
1045,7c1945b8ca0b,2024-08-12,LV,Jūrmala,Male,1960,organic_search,1
1046,565fdf4d2fe0,2024-08-12,LT,Vilnius,Female,1965,organic_search,1
1047,29aa07ac9b32,2024-08-13,LT,Klaipėda,Male,2001,referral,1
1048,418fd0a94681,2024-08-13,LT,Vilnius,Male,1991,paid_search,0
1049,f380aebcd319,2024-08-13,EE,Tartu,Male,1994,organic_search,0
1050,22047ae35462,2024-08-13,LT,Kaunas,Male,1985,paid_search,1
1051,58ac33a23c33,2024-08-13,LT,Vilnius,Male,1988,paid_social,0
1052,93fd0c2093b2,2024-08-13,LT,,Female,1994,paid_search,0
1053,2aec8b7f69d0,2024-08-13,LT,Vilnius,,1985,paid_search,1
1054,91fa24e688a0,2024-08-13,LT,Kaunas,Male,1982,paid_social,1
1055,e2c1e6b3f698,2024-08-14,EE,Tallinn,Male,1973,organic_search,0
1056,992401671172,2024-08-15,LT,Vilnius,Female,1996,affiliate,0
1057,a458ef87780e,2024-08-15,LT,Vilnius,Female,,organic_search,1
1058,c6c20355683e,2024-08-15,LT,Visaginas,Male,1991,organic_search,0
1059,7df6a38bdafa,2024-08-15,LT,Vilnius,Male,,paid_social,0
1060,5b0a0f7d34f7,2024-08-15,LT,Vilnius,Male,1999,organic_search,0
1061,73f0dd7cfb59,2024-08-15,LT,Vilnius,Female,1988,direct,1
1062,fee837acbae4,2024-08-16,LT,Druskininkai,Male,1965,email,1
1063,12fc4cb34382,2024-08-16,LT,,Male,1986,referral,1
1064,93345e0a8075,2024-08-16,LT,Vilnius,Male,1983,organic_search,1
1065,c4a0e0c225a1,2024-08-17,LT,Vilnius,Male,1995,paid_social,0
1066,a29f58d62be6,2024-08-17,LT,Klaipėda,Female,1974,paid_social,0
1067,6a5554eaa4f0,2024-08-17,LT,Alytus,Male,1985,direct,0
1068,51046a61d23f,2024-08-18,LT,Vilnius,Female,1987,organic_search,0
1069,b9a0bb5b9b5d,2024-08-18,LV,Rīga,,1950,paid_social,1
1070,bb50754117e0,2024-08-18,EE,Tallinn,Male,1976,referral,1
1071,32a43c30565a,2024-08-18,LV,Rīga,Male,1972,organic_search,0
1072,96c8e6d99dae,2024-08-18,LT,,Female,1994,paid_search,0
1073,11663a3a31a9,2024-08-18,LT,Vilnius,Female,1982,organic_search,0
1074,8a03f67eb6d0,2024-08-18,EE,Tallinn,,1994,direct,1
1075,0d788cbf190b,2024-08-18,LT,Radviliškis ,Male,1989,paid_search,0
1076,5f7a7f44ce30,2024-08-18,LT,Vilnius,Female,1982,referral,1
1077,b7f784013187,2024-08-19,LT,Kaunas,Male,1994,organic_search,1
1078,9db59677b1e5,2024-08-19,LT,vilnius,Female,1975,direct,0
1079,2f2d0e097df5,2024-08-19,LT,Kaunas,Female,1973,organic_search,0
1080,f7e07e8ca640,2024-08-19,LT,Garliava,Male,1983,referral,1
1081,8f12fdb8479f,2024-08-19,LT,Vilniaus r.,Female,,organic_search,1
1082,2eb162a371ec,2024-08-19,LT,Klaipėda,Female,1975,organic_search,1
1083,bf5f76e46d64,2024-08-19,LT,Alytus,,1982,organic_search,1
1084,f8f64503263f,2024-08-19,LT,Naujoji Akmene,Female,1971,direct,0
1085,68fae9ff8a5f,2024-08-19,LT,Klaipėda,Male,1989,direct,0
1086,97512e49f342,2024-08-20,LT,Kaunas,Female,2000,direct,1
1087,b4ca58ea79d1,2024-08-20,LT,Klaipėda,Male,2006,organic_search,0
1088,5443758b7d53,2024-08-20,EE,,Female,1983,paid_search,0
1089,5444d79a4b6f,2024-08-20,LT,Vilnius,Male,2001,affiliate,1
1090,08986822052b,2024-08-20,LT,,Male,1975,referral,1
1091,327b55fd418a,2024-08-21,LT,Vilnius,Male,1959,referral,1
1092,184672ae0c1e,2024-08-21,LT,Vilnius,Male,1989,email,1
1093,018c550cdf59,2024-08-21,LT,Marijampolė,Male,2004,referral,1
1094,51eab614bd3b,2024-08-21,LT,Vilnius,Female,,affiliate,0
1095,2ce9f75b3cf5,2024-08-21,LT,Kaunas,Female,1961,affiliate,0
1096,0c74d8916ec5,2024-08-22,LT,Kaunas,Male,1979,organic_search,0
1097,cc3e6e71bf3e,2024-08-22,LT,Palanga,Female,1973,paid_social,1
1098,eba4ea02076c,2024-08-22,LT,Vilnius,Female,,direct,0
1099,a2f271f714be,2024-08-22,EE,Narva,Male,1993,paid_social,1
1100,ec53507cd5ee,2024-08-22,LV,Jūrmala,Male,1980,organic_search,1
1101,7bc69add9eb3,2024-08-22,LT,Vilnius,Male,2003,paid_social,1
1102,8cb489183cf8,2024-08-22,LT,KAUNAS,Male,1995,paid_social,0
1103,d6d3e3938b16,2024-08-22,LT,Vilnius,Male,1993,paid_search,0
1104,fe66d2f5a74f,2024-08-22,LT,Kaunas,Male,1977,organic_search,1
1105,c52cb18161f1,2024-08-22,LV,Рига,Female,1991,paid_social,0
1106,70f4f5a40c67,2024-08-23,LT,Vilnius,Female,1972,paid_search,0
1107,5e870b047d54,2024-08-23,LT,Vilnius,,1976,paid_social,1
1108,9f29493903b2,2024-08-23,LT,Vilnius,Male,1987,affiliate,1
1109,c86664a5078d,2024-08-23,LT,kaunas,Female,,paid_social,0
1110,45d48319225f,2024-08-24,LT,Vilnius,Male,,organic_search,1
1111,8a182797d01a,2024-08-25,LT,Vilnius,Female,1994,paid_search,0
1112,587b719a7d44,2024-08-25,LT,Vilnius ,Female,1967,paid_social,0
1113,c09eef75eacf,2024-08-25,LT,,Male,2005,paid_search,1
1114,f94c4e705d0c,2024-08-25,LT,Plungė,Female,1984,paid_search,1
1115,902622fcd89e,2024-08-25,LT,Vilnius,Male,1980,paid_search,0
1116,a1a8697cde3d,2024-08-25,LT,Kaunas,Male,1982,organic_search,1
1117,870e45e9651f,2024-08-25,LT,Kaunas,Female,1996,organic_search,1
1118,c133e8797039,2024-08-25,LT,,Female,1982,paid_search,0
1119,43fed731ca24,2024-08-26,LT,vilnius,Female,,email,0
1120,e2e8a2ed6264,2024-08-26,LT,Panevėžys,,2002,direct,1
1121,30a5e78dc155,2024-08-26,LV,Rīga,Male,,email,1
1122,8f32e0dfb2ec,2024-08-26,LT,Vilnius,Female,1987,direct,1
1123,4edc6dd9c98d,2024-08-27,LT,Šiauliai,Male,1971,email,1
1124,fe7c37b8498a,2024-08-27,LT,Vilnius,Female,,referral,0
1125,a1266541b4db,2024-08-27,LT,Vilnius,Male,1983,affiliate,0
1126,df92a5283035,2024-08-27,LT,Vilnius,Female,1980,paid_social,1
1127,b7abf6601c21,2024-08-28,LT,Vilnius,,1981,organic_search,1
1128,37badb9dc13d,2024-08-28,LT,Kaunas,Female,1966,paid_social,1
1129,5132262902fd,2024-08-28,LT,Vilnius,Female,1984,direct,0
1130,45847c2b2872,2024-08-28,LV,Rīga,,1998,affiliate,1
1131,df8922c94fc7,2024-08-28,LT,Kaunas,Male,1986,organic_search,1
1132,90955d90bb65,2024-08-28,LT,Vilnius,Female,,organic_search,1
1133,f14e71d69276,2024-08-28,LT,Vilnius,Male,1993,organic_search,1
1134,f2d94b83cebe,2024-08-28,LT,Vilnius,Male,1988,organic_search,0
1135,7e65a2efdd80,2024-08-28,LT,Rokiškis,Female,1991,paid_search,0
1136,e233334a3f0b,2024-08-28,LT,Vilnius,,,paid_search,1
1137,a6b848465139,2024-08-29,EE,Tallinn,Male,1977,organic_search,0
1138,75fedd0f2c04,2024-08-29,LT,Kaunas,Male,1989,paid_search,0
1139,12fafbe2b9ff,2024-08-29,LT,Kaunas,Male,1981,paid_search,1
1140,2e541ed30e76,2024-08-29,LT,Mažeikiai,Female,1991,direct,0
1141,54962f29374f,2024-08-29,LT,VILNIUS,Female,1974,organic_search,0
1142,ba50a3e49022,2024-08-29,LT,,Male,1984,direct,1
1143,01bcdbfb26ec,2024-08-29,LT,Siauliai,Female,1997,affiliate,0
1144,d6da6c03b81d,2024-08-30,LT,Alytus,,1993,direct,1
1145,044eee5a73f7,2024-08-30,LT,Alytus,Female,1966,referral,1
1146,43848a2747f5,2024-08-30,LT,Vilnius,,1981,paid_search,1
1147,f3c503e83b22,2024-08-30,LT,Vilnius ,Male,1990,email,1
1148,954f506f44bc,2024-08-30,LT,Druskininkai,Female,2006,paid_social,0
1149,70a5fbc23c88,2024-08-30,LT,Klaipėda,Female,,paid_social,0
1150,eb792ab12674,2024-08-31,LT,Vilnius,Female,1976,referral,1
1151,db6620d30612,2024-08-31,LT,Taurage,Female,1956,organic_search,1
1152,5c9c5cc72376,2024-08-31,LT,Panevėžys,Female,1992,organic_search,1
1153,74880f040d1a,2024-08-31,LT,Radviliskis,Male,,direct,0
1154,cb45e595e163,2024-08-31,LT,Marijampolė,Female,,organic_search,1
1155,cbf940560723,2024-08-31,LT,Vilnius,Female,1990,paid_social,1
1156,9da2a768a7cb,2024-08-31,LT,,Female,,organic_search,0
1157,9e5a3bcbafbb,2024-08-31,EE,Tallinn,Male,1970,affiliate,1
1158,75b89769c9ae,2024-09-01,LT,Vilnius,Male,1992,organic_search,1
1159,545b33ec74f1,2024-09-01,LT,,,1986,organic_search,0
1160,49f89a095741,2024-09-01,LT,Vilnius,Female,1979,paid_social,0
1161,7329d6f8e266,2024-09-01,LV,Jelgava,Female,1984,affiliate,0
1162,e54a180a0c96,2024-09-01,LT,Vilnius,Female,1971,paid_social,1
1163,53dea623f13c,2024-09-01,LT,Biržai,Female,2024,paid_social,0
1164,0a1dd6120f2e,2024-09-01,LT,Klaipėda,Female,1976,organic_search,1
1165,c592fa21dfb6,2024-09-01,LT,Tauragė,Female,1962,paid_social,0
1166,57a0485012e1,2024-09-02,LT,Mažeikiai,Male,1978,affiliate,0
1167,960094bf2c44,2024-09-02,LT,Kaunas,Male,,paid_social,0
1168,c66f59f08e48,2024-09-02,LT,Vilnius,Male,,direct,1
1169,3b1128ec8021,2024-09-02,LT,vilnius,Male,1993,email,1
1170,2cb7ca96e0a6,2024-09-02,LT,Kaunas,Male,1990,direct,1
1171,b310378abfda,2024-09-02,LT,VILNIUS,Male,1992,organic_search,0
1172,f61f6a9ffe63,2024-09-02,LT,Marijampole,Male,,organic_search,1
1173,f512aeb0bfa8,2024-09-02,LT,Vilnius,Female,1974,paid_search,0
1174,fae6648ee75a,2024-09-02,LT,Alytus,Female,1968,organic_search,1
1175,683708a6226f,2024-09-03,LT,,,,direct,0
1176,8cbac0030751,2024-09-03,LT,Vilnius,Male,1995,paid_social,1
1177,6ad4cbe1926f,2024-09-03,EE,Tallinn,Female,1991,email,1
1178,4944d91d804f,2024-09-03,LV,Cesis,Male,1985,organic_search,0
1179,80ac8f117b34,2024-09-03,LT,Biržai,Other,2006,direct,1
1180,83b2a204a05a,2024-09-03,LT,Vilnius,Male,1992,paid_social,0
1181,b58c4a5cdd7c,2024-09-04,LT,Vilnius,Female,1996,paid_social,1
1182,1a17fa6d378f,2024-09-04,LT,VILNIUS,Male,1993,paid_social,1
1183,d253580fcbdf,2024-09-04,LT,Vilnius,Female,1983,paid_search,1
1184,b948d6dbf633,2024-09-04,LT,Klaipėda,Male,1976,organic_search,0
1185,30b0e63f2336,2024-09-04,LT,Panevėžys,Male,1997,email,1
1186,0c53cf95ab58,2024-09-04,LT,Plungė,Female,1980,direct,1
1187,15b3d92e3a73,2024-09-04,LT,Vilnius,Male,1979,organic_search,0
1188,ec4183f2e738,2024-09-04,LT,Vilnius ,Male,2002,organic_search,1
1189,634932bb8de9,2024-09-04,EE,Tartu,Female,1984,email,1
1190,fb94995fbffc,2024-09-04,LT,Kėdainaii,Male,1978,organic_search,0
1191,3cfafab969b1,2024-09-05,LV,Rīga,,1983,email,0
1192,5c3ac52b6442,2024-09-05,LT,Biržai,Female,2001,paid_search,0
1193,8f06b4f53171,2024-09-05,LT,Rokiškis,Female,1979,paid_search,0
1194,7ada8529e7ae,2024-09-05,LT,Radviliskis,Male,1977,organic_search,0
1195,88f3a0ede2a9,2024-09-05,LT,Šiauliai,Female,1979,referral,0
1196,ec7b8d460e1f,2024-09-05,LT,Kaunas,Female,1981,organic_search,1
1197,30e50f90b7f7,2024-09-05,LT,Kaunas,Male,1985,direct,1
1198,b3b88eaea002,2024-09-05,LT,Grigiškės,Female,,affiliate,0
1199,977a907361bc,2024-09-05,LT,,Female,1981,referral,1
1200,e5e750b31474,2024-09-05,LT,Šiauliai,Male,1973,paid_search,0
1201,549dc551d733,2024-09-05,LT,Vilnius,Female,1972,direct,0
1202,9ab5afe030aa,2024-09-05,LT,Palanga,Female,1993,organic_search,0
1203,1d8a71082150,2024-09-06,LT,Kaunas,Male,,organic_search,0
1204,88f68dfdc664,2024-09-06,LT,Visaginas,Male,1993,email,0
1205,954e3b534bb0,2024-09-06,LT,Ukmerge,Female,1985,organic_search,0
1206,5bf5ba8457d2,2024-09-07,LT,Šiauliai,Female,1972,paid_social,0
1207,54768b953d7e,2024-09-07,LT,Kaunas,Male,1996,paid_search,0
1208,be9eea7e95ee,2024-09-08,EE,Tallinn,Male,,email,0
1209,1c30837461af,2024-09-08,LT,Marijampole,Male,2003,paid_social,1
1210,dfba62669e55,2024-09-08,LT,Klaipėda,,1989,direct,0
1211,50fef343af27,2024-09-08,LT,Vilnius,Male,1989,direct,0
1212,b50682cf44ac,2024-09-08,LT,Kaunas,Male,1985,referral,1
1213,ab8236951dcb,2024-09-08,LT,Kaunas,Female,1999,paid_search,0
1214,7ad650a4b353,2024-09-08,LT,vilnius,Female,1983,paid_social,1
1215,cb26f6841adf,2024-09-08,LT,Klaipėda,Female,1994,direct,0
1216,e711a14be824,2024-09-08,LT,Mažeikiai,Female,1993,organic_search,1
1217,0ab6f60bf885,2024-09-08,LT,Klaipeda,Female,1992,paid_search,0
1218,828713f0cac4,2024-09-09,EE,Tallinn,Male,,referral,1
1219,29bb1a14dc63,2024-09-09,EE,Tallinn ,Female,,paid_search,0
1220,62c7e8072ce0,2024-09-09,LT,Vilnius,Male,1973,paid_search,0
1221,c791e6950bda,2024-09-09,LT,Druskininkai,Female,1997,organic_search,1
1222,4f0d3edc5d63,2024-09-09,LT,Panevėžys,Female,1973,paid_social,1
1223,a6da1e50978e,2024-09-10,LT,Šiauliai,,1987,direct,1
1224,ea1f9829216f,2024-09-10,LT,Kaunas,Female,1976,email,0
1225,9612b8261856,2024-09-10,LT,Kaunas,Female,1964,referral,1
1226,cefde15f6f42,2024-09-10,LT,,Female,1965,direct,1
1227,334551ff1d00,2024-09-10,LT,Kaunas,Male,1990,organic_search,1
1228,a150184ffbf6,2024-09-10,EE,Tallinn,Male,1990,email,1
1229,48fcd4b8b761,2024-09-11,LT,Kretinga,Female,,referral,0
1230,3bdbc3060d8d,2024-09-11,LT,Vilnius,Female,1986,affiliate,0
1231,7a6d4fc8e302,2024-09-11,LT,šiauliai,Male,1975,paid_social,1
1232,755819b6716a,2024-09-11,LT,Mažeikiai,Female,,referral,1
1233,288c8d509ef2,2024-09-11,LT,Kaaunas,,2004,organic_search,1
1234,fe9f59989c50,2024-09-11,LT,Vilnius,Male,1991,referral,1
1235,cfce55fb2d63,2024-09-11,LT,Panevezys,Male,1996,paid_search,1
1236,2d5ae6f71f35,2024-09-12,LT,Alytus,Female,1989,paid_social,0
1237,967da7c8b65e,2024-09-12,LT,,Male,1985,organic_search,0
1238,2d5236d20e3b,2024-09-12,EE,Tartu,Male,,referral,1
1239,52241c0b7f61,2024-09-12,LT,Kaunas,Female,1988,paid_social,0
1240,23ab4d26dedc,2024-09-12,LT,Ukmergė,Male,1988,paid_social,1
1241,9a76952245f5,2024-09-12,LT,Kaunas,Male,1981,direct,1
1242,492e73c76791,2024-09-13,LT,Panevėžys,Male,1980,direct,1
1243,1b743874be89,2024-09-13,LT,Šiauliai,Female,2003,paid_social,1
1244,83f8d69db92a,2024-09-13,LT,Vilnius,Female,1977,organic_search,0
1245,5652c85bb3b1,2024-09-13,LT,Kaunas,Male,1975,organic_search,1
1246,58aff66c48ce,2024-09-14,LT,Lentvaris,Male,1984,direct,0
1247,a18b40293c5f,2024-09-14,LT,Kaunas,Male,1956,email,1
1248,070f64a2e859,2024-09-14,LV,Rīga,Female,1966,direct,1
1249,9224e79b379b,2024-09-14,LT,Vilniius,Female,1991,paid_search,0
1250,1b30f18a08f6,2024-09-14,LT,Vilnius,Female,1989,organic_search,1
1251,b23201d9f27f,2024-09-15,LV,Riga,Male,1983,paid_social,0
1252,c78e7564698b,2024-09-15,LT,Vilnius,Female,,referral,0
1253,a2134775de68,2024-09-15,LT,Kaunas,Male,1984,paid_social,0
1254,9a2be4ac68e3,2024-09-15,LT,Vilnius,Male,1961,direct,1
1255,f4ec1a985d21,2024-09-15,LT,Panevėžys,Male,,email,1
1256,049ffd16f1c6,2024-09-15,LT,Mažeikiai,Female,1983,email,1
1257,7706520966af,2024-09-16,LT,Vilnius,Male,1969,affiliate,0
1258,66e0cd708f9a,2024-09-16,LT,Šiauliai,Male,1994,direct,0
1259,023fbeac16a8,2024-09-16,LT,Šiauliai,Female,2002,organic_search,1
1260,82d09d7b4317,2024-09-16,LV,Rīga,Female,1987,affiliate,0
1261,661f0e6acdec,2024-09-16,LT,,Male,1980,affiliate,0
1262,071db037a2c7,2024-09-16,EE,Tallinn,Male,1969,direct,0
1263,f7aeca93393d,2024-09-16,LT,Vilnius,Male,1972,organic_search,1
1264,dbc1c77daeb9,2024-09-17,LT,Kaunas,Female,1992,organic_search,0
1265,f3a449ce5ff8,2024-09-17,EE,Parnu,Female,,direct,1
1266,6d9f4a17463e,2024-09-17,LT,Vilnius,Female,1972,affiliate,1
1267,bdb660f138e0,2024-09-17,LV,Rīga,Male,1981,paid_search,1
1268,5242fd3a593c,2024-09-18,LT,Kretinga,Male,1995,paid_social,1
1269,e5ca6a2b67b5,2024-09-18,LT,Alytus,Male,1994,affiliate,1
1270,1c1ca18d4248,2024-09-18,LT,Kaunas,Male,1976,paid_search,0
1271,a524c6a3c426,2024-09-18,LT,Garliava,Male,1976,direct,0
1272,41c7051af75d,2024-09-18,LT,Panevėžys,Female,1966,direct,0
1273,2ce19c640ba1,2024-09-18,LT,Silute,,1998,organic_search,1
1274,493ef56ca7dc,2024-09-18,LT,Kaunas,Male,1970,paid_search,1
1275,ee4495a34a78,2024-09-19,LT,,Female,1972,organic_search,0
1276,c7be5372a395,2024-09-19,LT,Kaunas,Male,1990,paid_social,1
1277,b3aac5d89622,2024-09-19,LT,Utena,Female,,email,1
1278,6feca1d3e937,2024-09-19,LT,Kaunas,Male,1983,paid_search,0
1279,ea82f63aa8fa,2024-09-19,LT,šiauliai,Female,1999,referral,1
1280,a6d5daff9b6b,2024-09-19,LT,KAUNAS,Male,1984,paid_social,0
1281,5a8ce664c0c7,2024-09-20,LT,Kaunas,Female,1978,organic_search,1
1282,a6f10ae92f34,2024-09-20,LT,Vilnius,Male,,organic_search,1
1283,d7e84deba8e3,2024-09-20,LT,Šiauliai ,Male,2003,paid_search,0
1284,49b5b71623ac,2024-09-20,LT,Gargždai ,Female,1984,referral,1
1285,e8f84dbefbb9,2024-09-21,LT,Kaunas,Male,1965,direct,0
1286,5e2bb32fba8d,2024-09-21,LT,Panevėžys,Male,2005,direct,1
1287,038ae3083708,2024-09-21,LT,Telsiai,Male,,organic_search,0
1288,d61a9a887700,2024-09-21,LT,Klaipėda,Male,,organic_search,0
1289,83868ae87e74,2024-09-21,LT,Alytus,Female,1981,affiliate,1
1290,4d8b3e86ce1d,2024-09-21,LT,Vilnius,Female,,affiliate,1
1291,e54d43dd4938,2024-09-21,LT,Visaginas,Male,1995,paid_social,0
1292,58ba4ae9ad80,2024-09-21,LT,Kaunas,Female,1986,direct,1
1293,72cd41513647,2024-09-21,LT,Vilnius,Male,1966,affiliate,0
1294,8366f6e8ef4d,2024-09-22,LT,kaunas,Female,2006,organic_search,1
1295,89b99b8d1e95,2024-09-22,LT,Kaunas,Female,1983,organic_search,1
1296,9a7abee547e6,2024-09-22,LT,Vilnius,Female,,paid_social,1
1297,2502aacade53,2024-09-22,LT,,Female,1980,paid_social,0
1298,9c572429fd44,2024-09-22,LT,Kaunas,Male,1991,organic_search,0
1299,ecd76269d312,2024-09-22,LV,Riga,Male,1974,organic_search,1
1300,e2d6030457f0,2024-09-23,LT,Šiauliai,Female,,affiliate,1
1301,ebadff18f5c0,2024-09-23,LT,Vilnius,Female,1999,organic_search,0
1302,74a91cb0959d,2024-09-23,LT,Panevėžys,Male,1975,direct,1
1303,b08308d23c89,2024-09-23,LV,Riga,,1983,paid_social,1
1304,31c0511ae226,2024-09-23,LT,Vilnius,Male,1995,paid_search,1
1305,a1aaaf6eee76,2024-09-24,LT,Vilnius,Male,,organic_search,1
1306,b67055201a60,2024-09-24,LT,Klaipėda,Female,1989,referral,1
1307,1cbfc04d08d1,2024-09-24,LT,Jurbarkas,Female,,paid_search,0
1308,4a64b095bb82,2024-09-24,LT,Vilnius,,1998,organic_search,0
1309,3422525fc229,2024-09-24,EE,Narva ,Male,1982,email,1
1310,72632e7fb714,2024-09-24,LT,vilnius,Female,1996,referral,0
1311,5412ae0fb332,2024-09-24,LT,Vilnius,Female,1989,organic_search,1
1312,7c8ccea7b9a5,2024-09-24,LT,Kelme,,1989,paid_search,0
1313,1a0c117fd5b4,2024-09-24,LT,Radviliškis,Male,1985,organic_search,0
1314,291486ad2275,2024-09-24,LT,Tauragė,Male,1984,paid_social,0
1315,f019274f33f2,2024-09-25,LT,Klaipėda,Female,1973,direct,1
1316,2ae0cd2d4df5,2024-09-25,LT,Vilnius,Female,1991,direct,1
1317,d90eb9d1027e,2024-09-25,LT,jonava,Male,1997,referral,0
1318,24e40cfba4b2,2024-09-25,LV,Rīga,Male,1986,paid_search,1
1319,3cac673d3dea,2024-09-25,EE,Võru,Female,1995,email,0
1320,6cd9497aa036,2024-09-25,LT,,Male,1994,paid_search,1
1321,b6f9f44a0846,2024-09-25,LT,Panevėžys,Male,1994,organic_search,0
1322,26688e05b492,2024-09-25,LT,Vilnius,Female,1981,organic_search,0
1323,fcb34f04c537,2024-09-25,LT,Vilnius,Other,1967,paid_social,0
1324,c4b01d7e15e1,2024-09-25,LT,Vilnius,Female,1984,paid_search,1
1325,49c6d178a0bc,2024-09-25,LT,Panevėžys,Male,1986,email,0
1326,145936b88262,2024-09-25,LT,Vilnius,Female,1986,paid_search,1
1327,364fea648938,2024-09-25,LT,Plungė,Female,1989,paid_social,1
1328,eb6b6e7c67d9,2024-09-25,LT,Vilnius,Female,1995,organic_search,1
1329,e708be651dcc,2024-09-25,LT,Vilnius,Male,,direct,0
1330,36326865fd54,2024-09-26,LT,Vilnius,,1964,organic_search,0
1331,8c320f380b7d,2024-09-26,LT,Kaunas,Female,1990,referral,0
1332,3f875cac2f3b,2024-09-26,LT,Marijampolė,Female,1987,organic_search,0
1333,f6dabeb919ae,2024-09-26,LV,rīga,Female,1975,paid_search,0
1334,dba1b47d341e,2024-09-26,LT,,Male,1974,paid_search,0
1335,222f780e0da9,2024-09-26,LT,Klaipėda,Male,1991,direct,0
1336,c4e8691777dd,2024-09-26,LT,Vilnius,,2001,paid_social,1
1337,064769a02511,2024-09-26,LT,Vilnius,,1993,affiliate,0
1338,ef4bc31c35fc,2024-09-26,LT,Vilnius,Female,1982,organic_search,1
1339,0e325deb794b,2024-09-27,LT,Kaunas,Male,1994,organic_search,0
1340,79511e8e438d,2024-09-27,LT,Panevėžys,,,paid_social,1
1341,f7d95496f229,2024-09-27,EE,Tallinn,Male,1981,paid_search,1
1342,96910d9db623,2024-09-27,LV,Rīga,Male,1967,organic_search,0
1343,9d3ee9fb33c5,2024-09-27,LT,Vilnius,Female,1973,referral,1
1344,28e650a79ae8,2024-09-27,LV,Рига,Other,1987,organic_search,0
1345,2cc84f214696,2024-09-27,LT,Vilnius,Female,1992,organic_search,1
1346,2e9840fe6117,2024-09-28,LT,Plunge,Male,1989,direct,0
1347,59a69c12d068,2024-09-28,LT,Vilnius,Male,1975,paid_search,0
1348,f91bd56aad76,2024-09-28,LT,Alytus,Female,,referral,0
1349,8856a790395d,2024-09-28,LT,Gargždai,,1977,referral,1
1350,3a18c763b98e,2024-09-28,LT,Marijampolė,Male,1995,organic_search,0
1351,61f7f956e4ba,2024-09-28,LT,Kaunas,Other,1987,paid_search,1
1352,03f82ba3d5bd,2024-09-28,LT,Mazeikiai,Female,1996,organic_search,1
1353,7e50ca2b0593,2024-09-28,LV,Rīga,Female,,referral,0
1354,cbbef13d1bb6,2024-09-28,LT,Šiauliai,Male,1990,paid_social,1
1355,cc5edafee300,2024-09-29,LT,Vilnius,Female,1993,direct,1
1356,b8d0bc57e8d5,2024-09-29,LT,Vilnius ,Female,1963,organic_search,0
1357,191d0c20b531,2024-09-29,LT,vilnius,Other,1983,direct,0
1358,e884e018c317,2024-09-29,LT,Vilnius,,1961,paid_social,1
1359,886c11bcb457,2024-09-29,LT,Kaunas,Female,1984,organic_search,1
1360,ab648267874f,2024-09-29,LT,Vilnius,Male,,direct,1
1361,807446250797,2024-09-29,LT,Ukmergė,Female,2004,referral,0
1362,8ec16e882815,2024-09-29,LT,ukmerge,Male,,direct,1
1363,384ad1c9f2de,2024-09-29,LT,Vilnius,Male,1987,organic_search,0
1364,c4e08d22bcc2,2024-09-29,LT,,Male,1996,organic_search,0
1365,b4b089773f61,2024-09-29,LT,Klaipėda,Male,1989,paid_search,1
1366,378cc4c6e22c,2024-09-29,EE,Tallinn,Male,1993,paid_search,0
1367,fd30ee527685,2024-09-30,LT,Alytus,Female,1997,affiliate,1
1368,a3b764a92342,2024-09-30,LT,Druskininkai ,Female,1986,paid_social,1
1369,13614a87bac7,2024-09-30,LT,Alytus ,Male,2000,paid_search,1
1370,3907e3a33a94,2024-09-30,LV,Riga,Female,1977,organic_search,1
1371,c0b623ed3749,2024-09-30,LT,Vilnius,Female,1977,referral,0
1372,3dd153df204d,2024-09-30,LV,,Female,1974,organic_search,0
1373,08cf3de15961,2024-09-30,LV,Rīga,Male,1979,organic_search,1
1374,e58658a9a552,2024-09-30,LT,Siauliai,Female,1994,paid_search,1
1375,5144455de502,2024-09-30,LT,Vilnius,Female,1989,direct,1
1376,0bd41d4822c1,2024-09-30,EE,Sillamäe,Male,,affiliate,0
1377,e8d312e8f552,2024-10-01,LT,Vilnius,M,1962,organic_search,1
1378,5b476534f7cc,2024-10-01,LT,Vilnius,F,1998,email,1
1379,419f3bd17ecf,2024-10-01,LT,Vilnisu,M,1985,paid_search,1
1380,9073a2040491,2024-10-01,LT,Silute,M,1984,paid_search,0
1381,20881d489f62,2024-10-01,LT,Vilnius,F,1997,affiliate,1
1382,27851b508d7e,2024-10-01,LT,Ukmergė,F,1986,paid_social,1
1383,564fcba11b88,2024-10-02,LT,Vilnius,F,1964,direct,1
1384,dcf7688bf78a,2024-10-02,LT,Kaunas,F,1980,paid_social,1
1385,e96aed7e3631,2024-10-02,LT,Kaunas,F,,organic_search,0
1386,9902280b8379,2024-10-02,LT,Vilnius,M,1964,paid_social,0
1387,1dbd2c8ed813,2024-10-02,LT,Klaipėda,M,1994,paid_social,0
1388,1d26d3d86782,2024-10-02,LT,Kaunas,M,1989,direct,0
1389,d05d0c47736f,2024-10-02,LV,Salaspils,F,1996,affiliate,1
1390,4c9360fe5fb8,2024-10-02,LT,Vilnius,M,,paid_search,1
1391,ed83f97557e2,2024-10-03,LT,Vilnius,M,,email,1
1392,08674714a3d9,2024-10-03,LT,Vilnius,F,,paid_social,0
1393,983d5c67c6fa,2024-10-03,LT,Vilnius,M,1995,organic_search,0
1394,bd5af5250852,2024-10-03,LV,Rīga,M,1993,direct,1
1395,383ad1833a77,2024-10-03,LT,Panevėžys,F,1991,referral,0
1396,6bdbec16bcd7,2024-10-03,LT,Vilnius,M,1986,paid_search,1
1397,4181e65d7587,2024-10-04,LT,Mažeikiai,M,1987,affiliate,0
1398,b9c129e15850,2024-10-04,LT,klaipėda,M,1994,paid_search,0
1399,cbf5c94fa0fd,2024-10-04,LT,Radviliskis,F,,paid_social,0
1400,8aa4c603a09b,2024-10-04,LT,Vilnius,F,1992,affiliate,1
1401,9e2deb70bfc9,2024-10-04,LT,Vilnius,X,1981,organic_search,1
1402,80e0f72c4122,2024-10-04,LT,Klaipėda,F,1980,organic_search,1
1403,047fe47efbb7,2024-10-04,LT,,F,1985,direct,0
1404,3876145842f9,2024-10-05,LT,Klaipėda,F,1987,paid_search,1
1405,f26786d70ad5,2024-10-05,LT,Kedainiai,F,1978,direct,0
1406,3ba07c57a038,2024-10-05,LT,Klaipėda,F,1995,email,1
1407,3f6922291870,2024-10-05,LT,Vilnius,M,1965,organic_search,1
1408,a89eedcb8dc9,2024-10-05,LT,Vilnius,F,1986,paid_social,1
1409,9e055edb3c04,2024-10-05,EE,Tallinn,M,1987,direct,1
1410,1d885551589c,2024-10-05,LT,Vilniaus r.,F,1979,affiliate,1
1411,1d1a30e18e31,2024-10-06,LT,Garliava,,,paid_social,1
1412,84c591e18bf1,2024-10-06,LT,Telšiai,F,1976,paid_search,0
1413,0951de6fa175,2024-10-06,LV,Rīga,F,,organic_search,0
1414,36896e791368,2024-10-06,LV,Rēzekne,F,1993,referral,0
1415,ba8ad612e5c9,2024-10-06,LT,Utena,F,,referral,1
1416,7936d09958b9,2024-10-06,LT,Šiauliai,M,1991,organic_search,0
1417,b4db03cc4b73,2024-10-06,LT,Raseiniai,M,1978,referral,1
1418,d27abbc064fb,2024-10-06,LT,Plungė,F,1971,organic_search,1
1419,0de875d583ba,2024-10-06,LT,Kaunas,F,1995,affiliate,1
1420,f71164513765,2024-10-06,LT,Vilnius,F,1992,paid_search,0
1421,afd3cc54c206,2024-10-07,LT,VILNIUS,F,1976,paid_search,1
1422,6cfdb7ebb68d,2024-10-07,LT,Šiauliai,F,1980,referral,0
1423,18c6b0ed26b3,2024-10-07,LT,Kaunas ,F,,paid_social,1
1424,0375421f681f,2024-10-07,LT,Plunge,M,1976,direct,1
1425,9154eeb30885,2024-10-08,LT,Kuanas,M,1967,paid_search,0
1426,5553ac1776c7,2024-10-08,EE,Tallinn,M,1980,paid_search,0
1427,d61108fb9cfe,2024-10-08,LT,Jonava,F,1976,organic_search,1
1428,b73cada5e8b5,2024-10-08,LT,Kaunas,M,1992,organic_search,0
1429,00442f5d10e3,2024-10-08,LV,Jūrmala,F,1984,referral,1
1430,a1aa87939b12,2024-10-08,LT,Klaipėda,F,1994,paid_social,0
1431,c32298ca24b2,2024-10-09,LT,Vilnius,F,1975,referral,0
1432,5965b0f4de5c,2024-10-09,EE,,F,1984,paid_social,0
1433,58c2080b4192,2024-10-09,LV,Ventspils,M,1986,direct,1
1434,8fc29f400463,2024-10-09,LT,Kauno r.,M,,referral,0
1435,1b391f794336,2024-10-10,LT,Vilnius,M,1973,paid_search,0
1436,9d70e0195db7,2024-10-10,LT,Jonava,M,1980,organic_search,0
1437,d48b79b53c99,2024-10-10,EE,Tartu ,M,1984,paid_search,1
1438,7968e6ff5765,2024-10-10,LT,Vilnius,F,1986,paid_social,1
1439,a093484d81ba,2024-10-10,LT,Vilnius,M,1984,organic_search,1
1440,c163173fe86d,2024-10-10,LT,Klaipėda,M,1976,direct,0
1441,d86950658f6f,2024-10-10,LT,Kaunas,F,1991,direct,0
1442,09d013d604fe,2024-10-10,LT,Vilnius,M,,direct,1
1443,713c49b27a7c,2024-10-10,LT,Vilnius,F,2000,paid_search,0
1444,46547b61abd9,2024-10-11,LV,Sigulda,M,1986,paid_social,1
1445,4013c2c60e36,2024-10-11,LT,Kaunas,F,1976,direct,1
1446,2dac4787a985,2024-10-11,LV,Daugavpils,M,1999,email,1
1447,826cae4cd3b9,2024-10-11,LT,Šiauliai,M,1998,paid_search,1
1448,42ae1ba366dd,2024-10-11,LT,Kaunas,M,1996,paid_social,1
1449,6cadc0c5d268,2024-10-11,LT,Vilnius,F,,referral,0
1450,b68bf0cf8b63,2024-10-12,LT,Vilnius,F,,referral,0
1451,a843f382449f,2024-10-12,LT,Kaunas,M,1982,email,0
1452,208c95e09123,2024-10-12,LT,Plunge,M,1969,paid_search,1
1453,d9dbde75f7cf,2024-10-12,LT,,M,1987,paid_search,1
1454,4b026d433b1f,2024-10-12,LV,Rīga,M,1978,paid_search,0
1455,3a05d97d5239,2024-10-12,LT,Kaunas,F,1988,paid_search,0
1456,7e647853db88,2024-10-13,LT,Ukmerge,M,1972,organic_search,0
1457,8baf62895044,2024-10-13,LT,Prienai,F,1998,organic_search,1
1458,bc8a85bc66b5,2024-10-13,LT,Telšiai,,1960,paid_social,1
1459,893bb8293307,2024-10-13,LT,Jonava,F,1998,organic_search,0
1460,d5a9594a157b,2024-10-13,LT,Vilnius,F,,email,1
1461,106bdee59e70,2024-10-13,LT,Vilnius,F,1971,paid_search,1
1462,4addfde62b02,2024-10-13,LT,Anykščiai,M,1975,direct,1
1463,d90d0f39fbbe,2024-10-14,LT,Klaipeda,F,1979,affiliate,1
1464,e12f6beec6d8,2024-10-14,LV,Rīga,F,1987,organic_search,0
1465,c1d924ac7021,2024-10-14,LT,Vilnius,M,1995,organic_search,1
1466,7128a19bd268,2024-10-14,LV,Rīga,F,1997,paid_social,1
1467,a27eb818943c,2024-10-14,LT,Panevėžys,F,1996,paid_search,0
1468,260ecb70efc8,2024-10-14,LT,Taurage,F,1980,paid_social,1
1469,b2457f162225,2024-10-14,LT,Vilnius,M,,paid_social,0
1470,d66c0c4cb0da,2024-10-14,LT,Kaunas,M,1983,paid_search,1
1471,f5615321ff99,2024-10-14,LT,Vilnius,M,2000,paid_search,1
1472,522c06ddcec5,2024-10-14,LV,Rīga,M,1979,organic_search,0
1473,3ea0e6f7f683,2024-10-14,LT,Radviliškis,F,1986,affiliate,0
1474,931f0508f545,2024-10-14,LT,Kėdainiai,F,1986,paid_social,1
1475,f72a05199ff4,2024-10-14,LT,Utena,F,1974,organic_search,0
1476,f9994b63717e,2024-10-15,LT,Vilnius,M,1976,paid_social,1
1477,da4259f86ccf,2024-10-15,LT,Vilnius,F,1992,paid_social,1
1478,c4ea28b73600,2024-10-15,LT,Utena,M,2005,organic_search,1
1479,b18c8fecb371,2024-10-15,LT,Biržai,M,,organic_search,1
1480,28586db335f8,2024-10-15,LT,Šiauliai,M,1975,paid_search,1
1481,c7f1d38dfc75,2024-10-15,LT,Vilnius,F,1992,organic_search,1
1482,a6af08cfa054,2024-10-15,LT,Klaipėda,M,1995,organic_search,1
1483,34eda519428f,2024-10-15,LT,Vilnius,F,1980,organic_search,1
1484,751881fbb094,2024-10-16,LT,,F,,paid_social,1
1485,c2f1d4bfc63a,2024-10-16,LT,Klaipėda,F,1990,paid_search,1
1486,ee791d115411,2024-10-16,LT,Palanga,M,,affiliate,0
1487,1ed55206b34a,2024-10-16,LT,Alytus,,1995,direct,1
1488,525711be3702,2024-10-16,LT,,F,1982,referral,0
1489,70e948cc4f84,2024-10-16,LV,Jūrmala,M,1987,paid_search,0
1490,03b522b7d469,2024-10-16,LT,Vilnius,F,1976,organic_search,1
1491,a333cf253208,2024-10-16,LT,Kauno r.,F,1991,organic_search,1
1492,27fbda767cc1,2024-10-17,LT,Visaginas,M,1961,direct,0
1493,caa110a7319d,2024-10-17,LV,Valmiera,M,1983,direct,0
1494,7852c0e751f3,2024-10-17,LT,Vilnius,M,1996,paid_search,1
1495,76396a3f9bbc,2024-10-17,LT,Vilniaus r.,F,1994,organic_search,1
1496,9c15b4b37da7,2024-10-17,LT,Visaginas,M,1983,paid_search,0
1497,4bd6a41327ff,2024-10-17,LT,Tauragė,M,1977,paid_social,0
1498,ac1496cb9283,2024-10-17,LT,,F,1985,paid_social,0
1499,ea0feae40bd2,2024-10-17,LT,Klaipėda,M,1990,referral,0
1500,68603d2d61ef,2024-10-18,LT,Vilnius,F,1974,organic_search,1
1501,eb2ab8b31756,2024-10-18,LT,,F,1985,organic_search,1
1502,6058733d787d,2024-10-18,LV,Rīga,M,1983,paid_search,0
1503,684b6623b7e1,2024-10-18,LT,Kaunas,,1988,referral,0
1504,929b7c977cb9,2024-10-18,EE,tallinn,F,1987,direct,1
1505,5508ab0bad5b,2024-10-18,LT,Vilnius,,1970,organic_search,0
1506,d83865c6e66d,2024-10-18,LT,Klaipėda,F,1981,paid_social,0
1507,8a0cf7018fa8,2024-10-18,LT,Kaunas,F,,referral,1
1508,2c9126196c7c,2024-10-19,LT,Vilnius,F,1975,organic_search,1
1509,2b39a7db1fa3,2024-10-19,LT,Kretinga,M,1995,referral,1
1510,ebe17a7c3345,2024-10-19,LT,,F,1987,organic_search,1
1511,c396e7b7d14c,2024-10-20,LT,Šiauliai,F,1965,paid_search,1
1512,7753aad2af3f,2024-10-20,EE,Pärnu,F,1970,referral,1
1513,e81639a157a3,2024-10-20,LT,Vilnius,F,1979,paid_social,1
1514,797bfa0bfd97,2024-10-20,EE,Tartu,M,1997,paid_social,1
1515,b0e058e50fff,2024-10-20,LT,Garliava,M,1982,paid_social,1
1516,cb5378e71f61,2024-10-20,LT,Vilnius,F,1988,organic_search,1
1517,ece93550d6ea,2024-10-20,LT,Vilnius,F,1986,paid_social,1
1518,9525ebd8738c,2024-10-20,LT,Vilnius,M,1976,paid_social,0
1519,be766f9d9f00,2024-10-20,LT,Klaipėda,F,1988,paid_search,1
1520,2eeb06e02865,2024-10-20,EE,Tallinn,F,1976,organic_search,0
1521,f34d09771928,2024-10-20,EE,Tallinn,F,1970,paid_social,1
1522,2ac6bfede2ac,2024-10-20,LT,Panevėžys,F,2005,paid_social,1
1523,26b99feb8bea,2024-10-21,LT, Alytus,M,1983,organic_search,1
1524,7ae804016d1c,2024-10-21,LT,Alytus,,1995,referral,1
1525,ece32564ea39,2024-10-21,LT,Vilnius,,1979,affiliate,0
1526,dbc67cf3a379,2024-10-21,LT,Vilnius,F,1999,organic_search,0
1527,3215d375a42c,2024-10-22,LT,Naujoji Akmene,F,1977,organic_search,0
1528,308c943a06cb,2024-10-22,EE,Tartu,F,1999,paid_social,0
1529,fd91c31c1c84,2024-10-22,LT,Kaunas,M,1996,email,1
1530,2e848701738b,2024-10-22,EE,Tallinn,M,,email,1
1531,e32110d6dd54,2024-10-23,LT,Vilnius,F,1997,organic_search,1
1532,5f0f8f4e8c82,2024-10-23,EE,Kohtla-Järve,F,1986,paid_social,0
1533,5a6c035cbbdd,2024-10-23,LT,Vilnius,F,1995,paid_search,0
1534,6efb2aa181ef,2024-10-23,LT,Vilnius,M,1985,organic_search,0
1535,cbe09101b1b4,2024-10-23,LT,Kaunas,F,1965,email,1
1536,2ffbfb17e8e4,2024-10-23,LT,Vilnius,M,,paid_search,0
1537,a01c09839981,2024-10-24,LT,Alytus,M,,organic_search,0
1538,b243a1a2ed24,2024-10-24,LV,Riga,F,1984,organic_search,0
1539,3c6e2d1e526b,2024-10-24,LT,Vilnius,M,1968,affiliate,1
1540,0f76639f8c27,2024-10-24,LT,Klaipėda,M,2000,paid_search,0
1541,145518851f55,2024-10-24,LT,Rokiškis,M,1996,organic_search,0
1542,6f16479c04fa,2024-10-24,LT,Vilnius,F,1967,paid_social,0
1543,19248d745f4a,2024-10-24,LT,Kaunas,M,1986,organic_search,1
1544,ab75322f009a,2024-10-24,LT,Vilnius,M,1988,referral,0
1545,d10229c7efea,2024-10-24,LT,Klaipeda,F,1983,organic_search,0
1546,43609e41121e,2024-10-24,LT,Palanga,M,1990,paid_search,0
1547,9c9acee4f354,2024-10-25,LT,Rokiškis,F,1982,organic_search,0
1548,6302cfc0e636,2024-10-25,LT,Zarasai,F,1994,paid_social,0
1549,ea03dcf452ff,2024-10-25,LT,Vilnius,F,,organic_search,1
1550,a4f0b5157a6f,2024-10-25,LT,Vilnius,M,1979,organic_search,0
1551,2a33755408ff,2024-10-25,EE,Нарва,,1993,organic_search,1
1552,d5221bb2d6a9,2024-10-26,LT,Vilnius,F,1982,paid_search,0
1553,a602aa9e8d0b,2024-10-26,LT,Vilnius,F,1990,paid_social,1
1554,9156c4c1af5d,2024-10-26,LT,Gargždai,F,1976,paid_social,1
1555,35a5b532fb11,2024-10-26,LT,Vilnius,,1987,referral,0
1556,b36aa837bad2,2024-10-26,LT,Šiauliai,F,1986,organic_search,0
1557,5f1c7fa26862,2024-10-26,LT,Siauliai,M,2000,paid_social,1
1558,aa344b8387b2,2024-10-26,LT,Klaipėda,M,1975,organic_search,0
1559,b3704730775a,2024-10-26,LT,kaunas,M,1975,direct,1
1560,51c5d557dcce,2024-10-26,LT,Mazeikiai,F,1965,affiliate,0
1561,9a7e3cdf6692,2024-10-27,LV,Rīga,M,1971,direct,1
1562,ba83dc024788,2024-10-27,LT,Vilnius,M,1984,direct,1
1563,e1d81050c0a4,2024-10-27,EE,Tallinn,M,1900,paid_social,1
1564,a9e51b0594bf,2024-10-27,LT,Vilnius,M,2001,paid_social,1
1565,3ba46f854404,2024-10-27,LT,Vilnius,F,1995,affiliate,0
1566,c2afb01d8efc,2024-10-27,LT,Vilnius,,,direct,0
1567,9fddc79dc6cf,2024-10-27,LT,kaunas,M,1988,organic_search,1
1568,06262f58fed3,2024-10-27,LV,Rīga,F,1982,paid_search,0
1569,1569a59fac8d,2024-10-27,LT,Vilnius,M,1999,paid_search,1
1570,109658ab37ee,2024-10-27,LT,Plunge,F,1981,email,1
1571,bf34650b86f8,2024-10-27,LT,Vilnius,,1998,paid_social,1
1572,65386c7b902b,2024-10-28,LT,Kaunas,M,1987,direct,0
1573,05bb39439b63,2024-10-28,LT,Vilnius,F,1963,direct,0
1574,e8c8188a04a7,2024-10-28,LT,Druskininkai,M,1997,organic_search,1
1575,693529a757c9,2024-10-28,LV,Liepāja,F,,paid_search,0
1576,903615c6ef10,2024-10-28,LT,Vilnius,F,1987,paid_social,1
1577,9c7af5826a7a,2024-10-28,LT,Kretinga,M,1992,direct,1
1578,093b0d7147ca,2024-10-28,LT,Rokiškis,F,1978,organic_search,0
1579,1d85cbd2955e,2024-10-28,LV,Rīga,F,1990,paid_search,0
1580,f4caac4f54d6,2024-10-28,LT,vilnius,,1987,paid_social,1
1581,c8f16f373813,2024-10-28,LT,Vilnius,M,1984,affiliate,1
1582,42d107a77ff8,2024-10-29,LV,Рига,F,,email,1
1583,2d6c04969bb0,2024-10-29,LV,Jekabpils,F,1980,organic_search,0
1584,75ab6c948c06,2024-10-29,LT,Vilnius,F,1989,referral,0
1585,99939e4985ae,2024-10-29,EE,Tallinn,X,1975,paid_search,1
1586,f45639c4eb48,2024-10-29,LT,Jurbarkas,F,1980,organic_search,0
1587,8555064cb13d,2024-10-29,LT,Kaunas,M,2000,paid_search,0
1588,4e54961a889f,2024-10-29,LT,Vilnius,M,1980,paid_search,1
1589,0d7781c477f7,2024-10-29,EE,Jõhvi,M,1988,organic_search,0
1590,b2f4cc8a0708,2024-10-29,LT,Kaunas,F,,organic_search,0
1591,4c96c8f91a16,2024-10-29,LT,Kaunas,F,1984,paid_search,0
1592,09733d72dd96,2024-10-29,LT,Alytus,M,1966,organic_search,1
1593,598f21394b09,2024-10-30,LT,Vilnius,F,1981,organic_search,0
1594,4af0d3432f96,2024-10-30,LT,kaunas,F,1996,organic_search,0
1595,0d07fff3d210,2024-10-30,LT,Šiauliai,F,1982,paid_search,0
1596,55b55dc5165c,2024-10-30,LT,Šiauliai,M,1965,paid_social,0
1597,c39989ebf0a3,2024-10-30,LT,Vilnius,M,1975,referral,1
1598,6ec8af1f6fe0,2024-10-31,LT,Šiauliai,F,1991,direct,1
1599,749f0c04deb5,2024-10-31,LV,Rīga,F,1980,organic_search,1
1600,9b6573f82d56,2024-10-31,LT,Klaipeda,F,1978,organic_search,1
1601,a4ef737c3132,2024-10-31,LV,Riga,F,1989,paid_search,1
1602,7e52864de029,2024-10-31,LT,Vilnius,M,1985,direct,1
1603,ad5220d888f1,2024-10-31,LV,Rīga,,1982,paid_social,1
1604,722d6de7464b,2024-10-31,LT,Vilnius,M,1989,referral,1
1605,3cd87acd354c,2024-10-31,LV,Rīga,F,1976,paid_social,1
1606,5669a36c2013,2024-10-31,LT,Kaunas,M,1989,email,1
1607,a5cf1942a1ba,2024-10-31,LT,Elektrėnai,F,2001,organic_search,1
1608,ac17cece1d2e,2024-11-01,LT,Kaunas,F,1977,referral,0
1609,bd616b502340,2024-11-01,LT,Alytus,M,1965,paid_social,1
1610,62dd6c65230a,2024-11-01,LT,Vilnius,F,1990,direct,0
1611,be67dd75bbce,2024-11-01,LT,Vilnius,M,1988,organic_search,1
1612,3da614146fac,2024-11-01,LT,Vilnius,F,1998,organic_search,0
1613,50a67b65dc80,2024-11-01,LT,Vilnius,F,,paid_social,1
1614,406fdfe15130,2024-11-01,LT,Vilnius,F,2003,paid_social,0
1615,701471fd02e1,2024-11-01,LT,Vilnius,F,1984,direct,0
1616,4fc13fe8204f,2024-11-02,LT,Klaipėda,F,2003,direct,0
1617,e1640db315b1,2024-11-02,LT,Vilniaus r.,M,1975,paid_social,1
1618,68b8592c8c19,2024-11-02,LT,Kaunas,M,1996,organic_search,1
1619,4511d5a9106f,2024-11-02,LT,Klaipėda,M,1980,direct,1
1620,1b6ac3847b5c,2024-11-02,EE,Tallinn,F,1973,organic_search,1
1621,ee893717a919,2024-11-02,LT,Vilnius,F,1996,referral,1
1622,7766f3a7d3c0,2024-11-02,LT,Anyksciai,F,1984,paid_social,1
1623,963dd2389598,2024-11-03,LT,Kėdainiai,,,affiliate,0
1624,fe88bf1c3b66,2024-11-03,LT,Šiauliai,M,,organic_search,1
1625,16bb4a838103,2024-11-03,LT,Klaipėda,F,1983,affiliate,0
1626,e8e78dde6033,2024-11-03,LT,Vilnius,F,1970,affiliate,0
1627,7db6c5a751ef,2024-11-03,EE,Tallinn,M,1984,organic_search,1
1628,1ae73cc35d43,2024-11-03,LT,Panevėžys,M,,affiliate,0
1629,8402f329076a,2024-11-03,LT,Šiauliai,X,1968,organic_search,0
1630,df0ba0851ce7,2024-11-03,LV,Rīga,F,1979,direct,1
1631,9fa95732fefa,2024-11-03,LT,Vilnius,F,,organic_search,0
1632,952d544b400d,2024-11-03,LT,Kaunas,M,1979,direct,0
1633,4c6aa2cc0007,2024-11-03,LT,Panevėžys,M,1988,paid_search,0
1634,7c52fe856611,2024-11-03,LT,Klaipėda,M,1971,paid_search,1
1635,d35f5962bc4d,2024-11-04,LT,Panevėžys,F,1976,paid_search,0
1636,9ac885ebaa03,2024-11-04,LT,Klaipėda,,1990,organic_search,1
1637,758ec5b1b5d6,2024-11-04,LT,Vilnius,F,1988,direct,1
1638,60fe17fc765f,2024-11-04,LT,Kaunas,F,1985,paid_social,0
1639,1bb3663487c0,2024-11-04,LT,,F,1996,direct,1
1640,0a0ce70d67cf,2024-11-04,EE,Tallinn,M,1982,paid_search,1
1641,46c30476ede2,2024-11-04,LV,Rīga,M,1997,organic_search,1
1642,e27732b12334,2024-11-04,LT,Panevezys,F,1997,referral,1
1643,792000257781,2024-11-04,LT,,M,1989,paid_social,1
1644,05f21984ace5,2024-11-05,LT,Kaunas,F,1972,direct,1
1645,e9ead2b467fb,2024-11-05,LT,Klaipėda,,1989,direct,1
1646,f956400f9220,2024-11-05,LT,Klaipeda,M,1978,direct,1
1647,ca2545253923,2024-11-05,LT,,F,1995,paid_social,0
1648,e6457c9913ca,2024-11-05,LT,Vilnius,M,1971,organic_search,1
1649,15ff67b7b3e1,2024-11-05,LT,Siauliai,M,1987,paid_search,1
1650,6cefb774944a,2024-11-05,EE,,M,1970,paid_social,1
1651,52268802e80f,2024-11-05,LT,Vilnius,F,1981,referral,1
1652,c6e564d52c5d,2024-11-05,LT,Ukmergė,M,,organic_search,0
1653,bcc1286f4474,2024-11-05,LT,Vilnius,F,1985,direct,1
1654,afc3d18023f3,2024-11-06,LT,Vilnius,M,1979,paid_search,1
1655,32bad421350f,2024-11-06,LT,Panevėžys,M,1994,affiliate,0
1656,8b8586a056c3,2024-11-06,LT,Kaunas,F,2001,referral,1
1657,171fac05cec0,2024-11-06,LT,,F,,paid_social,1
1658,57a128728f08,2024-11-06,LT,Kaunas,M,2000,referral,0
1659,c170d826dbd8,2024-11-06,LT,Vilnius,F,1992,direct,1
1660,625dc6c27cbb,2024-11-06,LT,Vilnius,F,1979,referral,0
1661,32ea901d957a,2024-11-06,LV,Rīga,M,1967,paid_search,1
1662,74cb4f54d6a3,2024-11-07,LT,,F,1970,direct,0
1663,37b2e3316a3b,2024-11-07,LT,Vilnius,,1985,paid_social,1
1664,1587c8fe654e,2024-11-08,LT,Klaipėda,M,,paid_social,0
1665,9b2bbaa7ccee,2024-11-08,LV,Riga,F,1990,affiliate,0
1666,61d2c4692f6f,2024-11-08,EE,Tallinn,F,1994,organic_search,0
1667,c99d395bba38,2024-11-08,EE,Tartu,F,1986,paid_social,1
1668,c310fd8c9c78,2024-11-08,LT,Vilnius,F,1988,direct,1
1669,7299d63f58ed,2024-11-08,EE,Tallinn,F,1973,paid_search,1
1670,f6401e6b140a,2024-11-08,LT,Panevėžys,F,1993,email,1
1671,7ebde5a604ec,2024-11-08,LT,Alytus,M,1981,paid_search,0
1672,939817f58a5d,2024-11-08,EE,Tallinn,M,1968,direct,1
1673,461c4d7598f5,2024-11-09,LT,Šiauliai,M,1984,paid_social,1
1674,453b8af871d8,2024-11-09,LT,Klaipėda,M,1983,organic_search,1
1675,cbf80645ad32,2024-11-09,LT,Vilnius,F,1974,organic_search,1
1676,87845f929bb3,2024-11-09,LT,Vilnius,F,2005,organic_search,0
1677,2a1edb054540,2024-11-10,LT,Vilnius ,F,1992,paid_social,0
1678,4c87810f5064,2024-11-10,LT,Klaipėda,F,1951,organic_search,0
1679,f9ff1cd8b7e9,2024-11-10,EE,Narva,F,1985,paid_social,0
1680,2c3b41e435db,2024-11-10,LT,Klaipėda,F,,paid_search,0
1681,15868ca30d17,2024-11-10,LT,marijampole,F,1973,paid_search,0
1682,1d1b32c4615b,2024-11-11,LT,Vilnius,F,,email,1
1683,9c12c9cf85f0,2024-11-11,LT,Kaunas,M,1986,direct,1
1684,d9a617602066,2024-11-11,LT,Vilnius,M,1986,affiliate,1
1685,99d0c055dd8a,2024-11-11,LT,,F,2001,organic_search,0
1686,4959fb9c1d96,2024-11-11,LT,Ayksciai,F,1970,organic_search,1
1687,7b5fa005ac85,2024-11-11,LT,Klaipėda,,1995,paid_social,1
1688,dbd46223d4b2,2024-11-12,LT,Vilnius,F,1968,direct,0
1689,13551c241d93,2024-11-12,EE,Pärnu,F,1982,organic_search,1
1690,af52c691cd70,2024-11-12,LT,Kaunas,F,1956,organic_search,1
1691,93d4aa322ca2,2024-11-12,LT,Panevėžys,M,1983,organic_search,1
1692,66975ebb7ba2,2024-11-12,LT, Alytus,M,1986,affiliate,1
1693,370840a811b4,2024-11-13,LT,Vilnius,M,1990,paid_search,0
1694,d31806fe9103,2024-11-13,LT,,M,1966,organic_search,1
1695,3d452c37e5ab,2024-11-13,LT,Kaunas,F,2005,paid_search,1
1696,b19402485db8,2024-11-13,LT,kaunas,M,1991,paid_search,1
1697,2fdfc4c28a81,2024-11-13,LT,,M,,organic_search,1
1698,ad8050e8a583,2024-11-13,LT,Klaipėda,M,1972,referral,0
1699,93d895956715,2024-11-13,LT,Klaipėda,M,1991,paid_search,0
1700,9ec8350730e5,2024-11-13,LT,Kaunas,F,1976,organic_search,0
1701,486d97288313,2024-11-13,LT,Šiauliai,M,1971,organic_search,0
1702,41443bdafd03,2024-11-13,LT,Klaipėda,M,2006,paid_social,1
1703,6cca4e192e14,2024-11-13,LT,Vilnius,F,1958,paid_social,1
1704,a0165a5e0405,2024-11-13,LT,Alytus,,1987,paid_social,1
1705,381d7d6222c0,2024-11-13,EE,Tartu,F,1985,paid_social,1
1706,2c1750b0d997,2024-11-13,LT,Panevėžys,M,1995,paid_search,1
1707,c59737a6a379,2024-11-13,LV,Rīga,M,2000,paid_search,1
1708,618a45a5d939,2024-11-13,LV,Daugavpils,M,2006,direct,0
1709,519f2a932811,2024-11-13,LT,Vilnius,F,1981,organic_search,0
1710,d58dcb276021,2024-11-13,LT,Pulngė,F,1976,organic_search,0
1711,0c900d84fac3,2024-11-13,LT,Kaunas,M,1983,referral,0
1712,18d35f93267d,2024-11-13,LT,Vilnius,M,,organic_search,0
1713,b0a1c9dfd4c4,2024-11-14,LT,Vilniaus r.,F,1994,email,1
1714,f76aefff3072,2024-11-14,LT,Vilnius,M,1985,organic_search,0
1715,77023e209190,2024-11-14,LT,Vilnius,M,1989,organic_search,1
1716,abdeb7ee52bc,2024-11-14,LT,Vilnius,F,,paid_social,1
1717,80e912dd575b,2024-11-14,LT,Tauragė,M,,paid_search,1
1718,3761b6e11865,2024-11-14,LT,Telšiai,F,,affiliate,0
1719,6141e2449f32,2024-11-14,LT,Vilnius,F,1994,organic_search,1
1720,525aaddb5d89,2024-11-14,LT,Kaunas,M,1990,organic_search,0
1721,9418b50d9d23,2024-11-14,LT,Šiauliai,F,2003,paid_search,0
1722,51e2be168521,2024-11-14,LT,Vilnius,F,1953,organic_search,1
1723,ea43254e4368,2024-11-14,LT,Grigiskes,F,1981,paid_social,0
1724,c792ef3729f2,2024-11-15,LT,Kaunas,M,1993,paid_social,1
1725,afd9eb8a16cf,2024-11-15,LT,,F,1978,paid_search,0
1726,955f5311ee39,2024-11-15,LT,Vilnius,X,2003,direct,1
1727,055e53d94210,2024-11-15,LT,Vilnius,F,1966,organic_search,0
1728,66a4995f33cd,2024-11-15,LT,,M,2003,organic_search,1
1729,0fbbf7658674,2024-11-15,LT,Šilutė,F,1994,direct,0
1730,8e3658037af0,2024-11-15,LT,Marijampolė,F,1983,paid_social,0
1731,e0e0dcc10783,2024-11-15,LT,,F,1969,paid_search,1
1732,f381cc856836,2024-11-15,LT,Klaipeda,X,1997,affiliate,1
1733,fe8f998fa94a,2024-11-15,LT,vilnius,F,1961,paid_search,0
1734,32c6057fb70d,2024-11-15,LT,Vilnius,F,1983,direct,1
1735,e51da87e85af,2024-11-15,LV,Rīga,M,1961,paid_search,0
1736,e5dbfd518bb6,2024-11-16,LT,,F,1974,affiliate,1
1737,219261bf8fc6,2024-11-16,LV,riga,M,1997,paid_social,1
1738,420c9e74214d,2024-11-16,LT,Radviliškis,F,2002,organic_search,0
1739,881b1f2e1587,2024-11-16,LT,Vilnius,M,1979,organic_search,1
1740,873d1d455f8e,2024-11-16,EE,Viljandi,M,1993,direct,1
1741,4bc1bcbd57f2,2024-11-16,LT,Vilnius,F,1977,organic_search,1
1742,97697392bf76,2024-11-16,LT,Vilnius,M,1972,paid_social,1
1743,3c3d4689ea12,2024-11-16,LT,Vilnius,F,1989,paid_search,0
1744,0f1b51089a5f,2024-11-16,LV,Riga,F,2000,affiliate,1
1745,3344c16ede01,2024-11-16,LT,Kaunas,F,2000,paid_search,0
1746,55e7428f76b0,2024-11-16,LT,Vilnius,F,1982,paid_search,0
1747,a1f947b19569,2024-11-16,LT,Kaunas,F,1987,paid_social,0
1748,7f43539df783,2024-11-16,LT,Vilnius,F,1989,paid_social,1
1749,d826c528f5aa,2024-11-16,LT,Jonava,F,1995,email,1
1750,ca9e773c84fb,2024-11-17,LT,Šiauliai,F,1980,paid_search,1
1751,672c68368416,2024-11-17,LT,Vilnius,F,1977,paid_search,0
1752,8b3cb2501c14,2024-11-17,LT,Anykščiai,F,1996,paid_search,0
1753,0f585a347fbf,2024-11-17,LT,Kaunas,F,1974,organic_search,0
1754,82e89deb17b7,2024-11-17,LT,,F,1981,direct,0
1755,b67c2a8b6df8,2024-11-17,LT,Vilnius,F,2004,organic_search,1
1756,6a14fa210275,2024-11-17,LT,,F,1996,paid_social,0
1757,6cf8799cdaeb,2024-11-17,LT,Biržai ,M,1998,organic_search,1
1758,d4d7d68eed41,2024-11-17,LV,Riga,F,1976,organic_search,1
1759,24e94ac800d0,2024-11-18,LT,Vilnius,F,1978,affiliate,1
1760,aa9198c226ad,2024-11-18,LT,Klaipėda,F,1973,organic_search,0
1761,f49de7b0ae45,2024-11-18,LT,Utena,F,1980,direct,1
1762,5fb0c3ba1b7a,2024-11-18,LT,Klaipėda,F,,direct,0
1763,5b3ac4f4e0fb,2024-11-18,LT,Kaunas,M,1982,referral,1
1764,c8661e268dfb,2024-11-18,LT,Vilnius,F,1987,paid_search,1
1765,502c28eaa68c,2024-11-18,LT,Vilnius,,,organic_search,1
1766,3a7568748e77,2024-11-19,LT,Kaunas,F,1976,direct,0
1767,103484941f9e,2024-11-19,LV,Valmiera,,1967,organic_search,0
1768,162e4d681e63,2024-11-19,LT,Rokiškis,M,1999,paid_search,0
1769,a9da53d2ec42,2024-11-19,LT,Vilnius,M,1984,organic_search,1
1770,dddf00360a37,2024-11-19,LT,Panevėžys,M,,paid_social,1
1771,a89f7ae1bced,2024-11-19,LT,Vilnius,F,1989,affiliate,0
1772,2cfacb433be9,2024-11-19,LT,Kaunas,M,1995,paid_search,0
1773,59229c67cc4c,2024-11-19,LV,Rīga,F,1998,paid_social,1
1774,5d558255826d,2024-11-19,LT,ELEKTRENAI,M,1979,referral,1
1775,6112459ca5eb,2024-11-19,LT,Panevėžys,F,,referral,0
1776,a0f7dc1c8f1e,2024-11-19,LT,Klaipėda,F,1962,paid_social,1
1777,89e95ec04ab8,2024-11-19,EE,Tallinn,F,1976,affiliate,1
1778,abdf9201400c,2024-11-19,LT,Kaunas,F,,organic_search,0
1779,d4b72cd185d2,2024-11-19,LT,KAUNAS,F,1959,organic_search,1
1780,11a38f396d90,2024-11-19,LT,Vilnius,F,1979,email,1
1781,2b2bf8209a1e,2024-11-19,LT,Šiauliai,M,,organic_search,1
1782,64d6e329b52c,2024-11-19,LT,,F,1978,direct,1
1783,31b0a738abe3,2024-11-19,LT,Panevėžys,F,1999,organic_search,0
1784,14c220c0fe2f,2024-11-20,LT,Kretinga,F,1993,direct,1
1785,a4f1009f9179,2024-11-20,LV,Jēkabpils,F,1981,paid_social,0
1786,ad8ab23d6189,2024-11-20,LT,Visaginas,F,2005,email,1
1787,6268de5d71f9,2024-11-20,LT,Klaipėda,M,1990,email,1
1788,f34fcd05d282,2024-11-20,EE,Narva,M,1993,paid_search,1
1789,3d087e806969,2024-11-20,LT,Klaipeda,F,1985,organic_search,1
1790,bedb00089f82,2024-11-20,LV,Rīga,M,1956,paid_social,1
1791,e2d0519cfe82,2024-11-21,LT,Kaunas,M,1988,direct,1
1792,5e7fbc4c7f84,2024-11-21,LT,,F,1996,organic_search,0
1793,de0e6338abf7,2024-11-21,LT,Vilnius,F,1984,direct,1
1794,766a6aa7f533,2024-11-21,LT,Kaunas,M,1999,paid_search,0
1795,efe1413edb15,2024-11-21,LT,Vilnius,M,1963,paid_social,0
1796,a32780699148,2024-11-22,LT,Kauno r.,F,,referral,0
1797,124737f59a35,2024-11-22,LT,Vilnis,F,1999,organic_search,0
1798,fc5f1cd2f814,2024-11-22,LT,Vilnius,F,1983,paid_search,1
1799,3e24becd3bc1,2024-11-22,EE,Kohtla-Järve,F,2003,organic_search,1
1800,7c0d503b7f51,2024-11-22,LT,Panevėžys,F,1985,organic_search,0
1801,2dea2921892c,2024-11-22,LV,Jēkabpils,M,1986,paid_social,0
1802,b7d8c2e33b62,2024-11-22,LT,Kaunas,M,1987,organic_search,0
1803,cd974e734c87,2024-11-23,LT,Klaipeda,M,1987,paid_search,1
1804,7593a2d0c744,2024-11-23,LT,Vilniaus r.,M,1998,affiliate,1
1805,d056a875c497,2024-11-23,LT,Kaunas,M,1976,paid_social,1
1806,61582c55b11a,2024-11-23,LV,Rīga,F,1984,paid_search,0
1807,611fcf65a4ea,2024-11-23,LT,Visaginas,F,1985,paid_search,1
1808,81662cc4bd2c,2024-11-23,LT,Vilnius,M,2000,paid_social,0
1809,a3717c5896ff,2024-11-24,LT,Elektrėnai,F,1985,affiliate,0
1810,2b846640df76,2024-11-24,LT,Vilnius,M,1998,direct,1
1811,2dc1d344f0bb,2024-11-24,LT,Utena,F,1974,affiliate,0
1812,f0b7e5473121,2024-11-24,LT,Vilnius,F,1993,paid_social,0
1813,b423d2a83790,2024-11-24,LT,Šiauliai,M,2001,organic_search,1
1814,dd5f0a8f521a,2024-11-25,LT,Klaipėda ,M,1998,paid_social,1
1815,efc495e088dc,2024-11-25,LV,Jūrmala,F,1968,paid_search,1
1816,c660ad5b45f9,2024-11-25,LT,Kauno r.,F,1971,referral,1
1817,d9d1cb485390,2024-11-25,LT,Kaunas,M,1997,paid_social,1
1818,e04a363c7492,2024-11-25,EE,Tartu,M,2001,direct,1
1819,b58227025368,2024-11-25,LT,Šiauliai,M,1988,organic_search,0
1820,f8a79e4a7f21,2024-11-25,LT,Vilnius,M,1981,organic_search,0
1821,f524922f0923,2024-11-25,LT,Panevėžys,F,1984,paid_social,0
1822,9fb787ab0d96,2024-11-25,LT,Vilniaus r.,F,1972,direct,1
1823,24702e64d75d,2024-11-25,LV,Rīga,M,1990,organic_search,1
1824,0b03fd905124,2024-11-25,LT,VILNIUS,F,,paid_search,1
1825,494fb7a86cba,2024-11-25,EE,Tallinn,F,1959,direct,0
1826,26b6ae1296f6,2024-11-25,LT,MARIJAMPOLE,M,1989,organic_search,0
1827,b40a0e657ddd,2024-11-25,EE,Tallinn,M,1989,paid_search,1
1828,d696ddb2e166,2024-11-25,LT,Vilnius,F,,email,1
1829,d6f6cb31b3ae,2024-11-25,LV,Rīga,F,1993,email,1
1830,bd29329a8b4f,2024-11-25,LT,Vilnius,M,1986,paid_search,1
1831,a48ced9e56ce,2024-11-25,LT,Prienai,M,,organic_search,0
1832,b146023a7ad5,2024-11-25,LT,Vilnius,F,1980,organic_search,1
1833,8f8563bce7e7,2024-11-25,LT,Vilnius,F,1979,affiliate,0
1834,73d253fbb330,2024-11-25,EE,Tallinn,M,1969,organic_search,1
1835,dda4a9143a4e,2024-11-25,LT,Vilnius,F,1971,referral,0
1836,eed4a7a28b68,2024-11-25,LT,Kaunas,F,1975,paid_search,1
1837,7f1ed9de42a3,2024-11-25,LT,Kaunas,F,1981,email,1
1838,249bf53ede12,2024-11-25,LT,,M,1976,email,1
1839,49c7ee6258b3,2024-11-25,LV,Valmiera,M,1979,paid_social,0
1840,193de182d746,2024-11-25,LT,Kaunas,F,1999,email,1
1841,b43f376da09c,2024-11-25,LV,Rīga,M,2000,paid_search,1
1842,2f5111182255,2024-11-25,LT,,F,1983,paid_search,0
1843,18ba3e6115e0,2024-11-25,LT,Zarasai,F,1980,organic_search,1
1844,defe5eedf1c8,2024-11-26,LT,Vilnius,,1975,paid_social,1
1845,cba7df6e5d57,2024-11-26,LT,Vilnius,F,2004,email,0
1846,7d76e427c403,2024-11-26,LT,Siauliai,M,1992,email,0
1847,564378971b66,2024-11-26,LT,Vilnius,M,1975,email,1
1848,c119d5902cfb,2024-11-26,LT,Jonava,F,1993,paid_social,0
1849,db249ba7d34a,2024-11-26,LT,Šiauliai,M,2002,paid_social,1
1850,ffe485f28900,2024-11-26,LV,Valmiera,F,1989,organic_search,0
1851,5d4b0892663a,2024-11-26,LT,Telšiai,,,referral,1
1852,9952fcae8d78,2024-11-26,LT,Kaunas,F,1987,paid_social,1
1853,f0fe823c2d55,2024-11-26,LT,Vilnius,M,2024,paid_social,1
1854,f5a9fdebf7c7,2024-11-26,LT,Biržai,F,,paid_search,1
1855,80cd65f5e327,2024-11-26,LT,Kaunas,M,1986,referral,0
1856,d5bc0bb69681,2024-11-26,LT,Vilnius,F,1964,organic_search,1
1857,c6c9239b3109,2024-11-26,LT,Vilnius,F,,paid_search,1
1858,8d0a191baeee,2024-11-26,LT,Vilnius,F,1983,paid_search,0
1859,354a857efec7,2024-11-26,LT,Alytus,F,,paid_search,1
1860,2290cb5e9c38,2024-11-27,LT,Vilnius,F,1980,organic_search,0
1861,89091ad32156,2024-11-27,LT,Šiauliai,F,1969,paid_search,1
1862,3f895bc6800d,2024-11-27,LT,Kaunas,M,2000,organic_search,0
1863,ea36e1a06878,2024-11-27,LT,Vilnius,F,1978,paid_search,1
1864,ec39c0362ddd,2024-11-27,LT,kaunas,F,1992,organic_search,1
1865,648c1bf1ae8d,2024-11-27,EE,Tallinn,F,,organic_search,0
1866,9a2f0624aeb9,2024-11-27,LT,Vilnius,,1992,paid_search,1
1867,ec5f44435586,2024-11-27,LT,Vilnius,,1968,paid_social,1
1868,cc93d2b24a93,2024-11-27,LT,Alytus,,1973,paid_search,0
1869,76101a4fc945,2024-11-27,LT,Kaunas,,1992,paid_search,1
1870,82bc173f5ed9,2024-11-28,LT,Kaunas,F,,affiliate,1
1871,32f4e170926b,2024-11-28,LT,Šilutė,F,1970,organic_search,1
1872,4d7fa20c2b7a,2024-11-28,LT,Mazeikiai,M,1974,paid_search,1
1873,d9b76469d078,2024-11-28,LT,Šiauliai,F,1979,paid_social,0
1874,37c7880495c0,2024-11-28,LT,Kaunas,F,1976,email,1
1875,8ce8b496bce3,2024-11-28,LT,Alytus,X,1972,paid_search,1
1876,0517f311314e,2024-11-28,LT,Vilnius,F,1972,organic_search,0
1877,a7811397d423,2024-11-28,LT,Vilnius,F,,email,1
1878,0d4a9516de51,2024-11-28,LT,Klaipeda,F,1965,organic_search,1
1879,ede7ef3beb93,2024-11-28,LT,Vilnius,F,1991,email,1
1880,3511fd9d6d02,2024-11-28,LT,Klaipėdos r.,M,1986,paid_social,1
1881,5ecca7f791b7,2024-11-28,LT,Vilnius,M,1981,paid_search,0
1882,2e852718e12e,2024-11-28,LT,Vilnius,F,1980,referral,0
1883,b0ddf1a16e1d,2024-11-28,LT,Vilnius,M,1990,paid_search,1
1884,7b79f5ec8ff8,2024-11-28,LT,Vilnius,F,1996,paid_social,1
1885,fd18201eab87,2024-11-28,EE,Tallinn,M,1998,paid_social,0
1886,1b139175e876,2024-11-28,LT,Kaunas,M,1988,paid_social,1
1887,09be369713d0,2024-11-28,LT,Vilnius,F,1992,organic_search,1
1888,80ff710e166a,2024-11-28,LT,Naujoji Akmenė,M,1986,paid_social,0
1889,257c15a5484a,2024-11-28,LT,Vilnius,M,1982,direct,0
1890,4c0c03317c4a,2024-11-28,LT,Lentvaris,M,1978,organic_search,1
1891,8b08fd640368,2024-11-29,LT,Vilnius,M,1976,direct,1
1892,76b541d01e95,2024-11-29,LV,Cēsis,,1986,direct,1
1893,2f0d4aa426bd,2024-11-29,LT,Kaunas,,1993,paid_social,0
1894,6f6579489586,2024-11-29,LT,Marijampolė,F,1968,email,0
1895,fa5107d0a9a5,2024-11-29,LT,Vilnius,M,1973,paid_search,1
1896,e08089f92f51,2024-11-29,LT,Siauliai,F,1987,organic_search,0
1897,528c45fb457b,2024-11-29,LT,kaunas,F,1991,direct,1
1898,f59306cdea82,2024-11-29,LT,Kaunas,F,1999,direct,0
1899,80388b07c92d,2024-11-29,LT,Vilnius,F,,organic_search,1
1900,378db821b6b4,2024-11-29,LT,Mažeikiai,F,1954,referral,0
1901,324774c06313,2024-11-29,LT,Panevėžys,M,1969,paid_social,1
1902,23110e3bd72c,2024-11-29,LT,Vilnius,M,1986,email,1
1903,f7f5b0388a55,2024-11-29,EE,Tartu,F,2001,organic_search,1
1904,84a261b770a2,2024-11-29,LT,kaunas,F,1981,direct,1
1905,fc7641394925,2024-11-29,LT,Vilnius,F,1989,paid_social,1
1906,c0f481a674b9,2024-11-29,LT,Panevėžys,M,1985,direct,0
1907,b8e2c632ff6b,2024-11-29,LT,Panevezys,F,,direct,0
1908,95476466844e,2024-11-29,LT,Jonava,,1973,referral,1
1909,6925652c0bce,2024-11-29,LT,Tauragė,M,1970,referral,1
1910,148f6fa61747,2024-11-29,LT,Klaipėda,M,1992,organic_search,0
1911,0602186d5ce9,2024-11-29,LT,Kaunas,M,1967,organic_search,1
1912,6423cbef6c49,2024-11-30,LT,,F,1981,paid_search,0
1913,436aed061369,2024-11-30,LT,Kaunas,F,1979,email,1
1914,946e773a9d1f,2024-11-30,LT,Siauliai,M,,organic_search,1
1915,14c90b314fad,2024-11-30,LV,Jūrmala,M,1985,paid_search,1
1916,25d16a58040b,2024-11-30,LT,Klaipėda,,1967,paid_social,1
1917,982b0c90d9c4,2024-11-30,LT,Šiauliai,M,1983,organic_search,1
1918,147940a18e17,2024-12-01,LT,Biržai,F,,paid_search,1
1919,6e60447ff452,2024-12-01,LT,Vilnius,M,1980,organic_search,1
1920,7aa7a6c00f75,2024-12-01,LV,Rīga,M,,paid_search,1
1921,07b48c0db73e,2024-12-01,LT,Vilnius,,1964,organic_search,1
1922,9ebc6eadfca7,2024-12-01,LT,Kaunas,,1993,organic_search,0
1923,e12f1757094d,2024-12-01,EE,Tallinn,F,2001,paid_search,1
1924,4220c73ab998,2024-12-01,LT,Vilnius,M,1983,organic_search,1
1925,7fe7724c0986,2024-12-01,EE,Pärnu,F,1967,paid_social,1
1926,ad6c1c8a502f,2024-12-01,LT,Šilutė,M,1997,paid_search,1
1927,3f505cd2770c,2024-12-01,LT,Visaginas,M,1969,direct,0
1928,9adb3ade6177,2024-12-01,LV,,M,1964,referral,1
1929,a5d47251780d,2024-12-01,LV,Rīga,M,,paid_social,1
1930,8e42f65787ee,2024-12-01,LT,Šiauliai,M,2003,paid_search,1
1931,e34cc9987b52,2024-12-01,LT,Vilnius,F,2000,organic_search,1
1932,22362e2dd7ef,2024-12-01,LT,Vilnius,,1963,organic_search,1
1933,0d403c194cf7,2024-12-01,LV,Liepāja,,1999,paid_social,1
1934,5f308652c0fe,2024-12-01,LV,Rīga,M,,organic_search,0
1935,72c1ce73893f,2024-12-01,LT,Vilnius,F,1990,paid_social,0
1936,fc2614e1a6ea,2024-12-01,LT,Vilnius,M,1997,paid_search,0
1937,7396e4d39299,2024-12-02,LT,Vilnius,F,1990,affiliate,1
1938,89e34e0ee5fe,2024-12-02,LT,,M,1976,paid_search,1
1939,eac4d4613a3a,2024-12-02,LT,Kretinga,M,1987,affiliate,0
1940,7d8932a721e9,2024-12-02,LT,Kaunas,F,1983,paid_search,1
1941,66acf507bea0,2024-12-02,LT,Panevėžys,M,1958,organic_search,0
1942,5b58f23a7217,2024-12-02,LT,Alytus,F,,paid_social,0
1943,4b089006b775,2024-12-02,LT,Vilnius,M,1982,paid_search,1
1944,70ca37f351af,2024-12-02,LV,Рига,M,1995,paid_social,1
1945,6e3ba138b40d,2024-12-02,LT,Anykščiai,F,,paid_search,0
1946,bbf642b19cf0,2024-12-02,LT,Kaunas,F,1966,organic_search,0
1947,bf81235b72c0,2024-12-02,LT,Klaipėda,,1980,paid_search,0
1948,d384f750f99a,2024-12-02,LT,Vilnius,F,,paid_search,1
1949,3274d38ad828,2024-12-02,LV,Rīga,F,2004,paid_social,0
1950,9591f1d47ce0,2024-12-02,LV,Rīga,M,1967,paid_social,1
1951,09353f7d86e7,2024-12-02,LT,Vilnius,F,1997,paid_search,1
1952,fb635e49b2ce,2024-12-02,LT,Šiauliai,X,2000,email,1
1953,72910bdf0a91,2024-12-02,LT,Vilnius,F,1973,referral,1
1954,2381a5b32dc9,2024-12-02,LT,Vilnius,M,1992,paid_social,1
1955,6de3ab62ea21,2024-12-03,LT,Šilutė,F,1979,paid_social,1
1956,954ce43dd7f3,2024-12-03,LT,Šiauliai,F,1982,paid_social,1
1957,2451497ac1c0,2024-12-03,LT,Molėtai,F,1974,affiliate,1
1958,11e488380f79,2024-12-03,LT,Vilnius,F,1965,organic_search,0
1959,6336d2447e04,2024-12-03,LT,Panevėžys,M,1981,paid_search,1
1960,d2d00f798a64,2024-12-03,LV,Rīga,M,1979,organic_search,0
1961,c10a9aaf0733,2024-12-03,LT,Vilnius,,1984,direct,0
1962,6890432b5970,2024-12-03,LT,Vilnius,F,,paid_search,0
1963,ec6fe91ac4cc,2024-12-03,EE,,F,1989,organic_search,0
1964,f861607e1bb7,2024-12-03,LT,Kaunas,M,1998,paid_social,1
1965,f1bd19880077,2024-12-03,LT,Kaunas,F,1987,paid_social,0
1966,8df6636f18cb,2024-12-03,LT,Vilnius,M,1996,paid_social,1
1967,11098f24588b,2024-12-03,LT,Vilnius,F,1987,paid_social,1
1968,bcc61eb2b290,2024-12-03,LV,Rīga,,1965,organic_search,0
1969,b9721e0487f4,2024-12-04,EE,Tallinn,F,1963,affiliate,0
1970,69ac16b0212d,2024-12-04,LV,Rīga,F,1987,paid_search,1
1971,26c1496dd454,2024-12-04,LT,Alytus,M,1983,direct,1
1972,f70a7799f287,2024-12-04,LT,,M,2002,organic_search,0
1973,9a81f0556dd4,2024-12-05,LT,Vilnius,F,1994,paid_search,0
1974,e6b597e5016b,2024-12-05,LT,Vilnius,F,1996,paid_search,1
1975,f7a962c118a3,2024-12-05,LT,vilnius,M,1979,organic_search,1
1976,1ce206a92c2b,2024-12-05,LT,Vilnius,M,,paid_social,1
1977,98ea53ada493,2024-12-05,LT,Šiauliai,F,1975,paid_social,0
1978,e6ada3d13a1d,2024-12-06,LT,Panevėžys,F,1969,paid_search,1
1979,5acbf4fad3a0,2024-12-06,LT,Panevėžys,F,,organic_search,1
1980,7e990189dc04,2024-12-06,LT,Mažeikiai,F,1995,paid_social,1
1981,a0a66221b761,2024-12-06,LT,Kėdainiai,F,1984,organic_search,0
1982,4d117a655712,2024-12-06,LT,Panevėžys,M,1982,organic_search,0
1983,99a3354a7e11,2024-12-06,LT,Vilnius,M,2001,affiliate,1
1984,1fb4ddd1d1cb,2024-12-06,LT,Vilnius,M,1966,affiliate,0
1985,4a2512766e80,2024-12-06,LT,Vilnius,M,2003,email,1
1986,e5987358285a,2024-12-06,LT,Vilnius,F,1984,referral,1
1987,46a6bf8d3d6e,2024-12-06,EE,Jõhvi,X,1987,paid_social,0
1988,f7275d44c893,2024-12-06,LT,Panevėžys,F,1990,direct,1
1989,879b4ccb82d3,2024-12-06,LT,Šiauliai,F,2005,referral,1
1990,d75a5cc9e890,2024-12-06,LT,,M,1975,paid_social,1
1991,b7ab89cbe49f,2024-12-06,LT,Klaipėda,F,,paid_search,0
1992,9c8c60dddb33,2024-12-07,LT,Kaunas,M,1988,organic_search,1
1993,cbdb7e65677d,2024-12-07,LT,Kaunas,F,,organic_search,1
1994,b7b8b90e9adc,2024-12-07,LT,Kaunas,M,,referral,1
1995,3b77d3613f97,2024-12-07,LT,Vilnius,M,1989,paid_search,0
1996,4be9698ccee1,2024-12-07,LT,,F,1987,organic_search,1
1997,9054dffa6dd2,2024-12-07,LT,Panevėžys,M,,paid_social,1
1998,6ff4625953a7,2024-12-08,LT,Telšiai,F,1977,email,1
1999,47c8b43c07e1,2024-12-08,LT,Druskininkai,M,1983,organic_search,0
2000,915f565e4950,2024-12-08,LT,Vilnius,F,1975,paid_social,0
2001,dd0dd0e549d1,2024-12-08,LT,Kaunas,F,1982,organic_search,1
2002,0bc45d40ff98,2024-12-08,LV,Rīga,M,1974,paid_search,0
2003,0cdcecc80c2f,2024-12-08,LT,panevezys,M,1997,referral,1
2004,a3c3db68207a,2024-12-08,LT,Kuanas,M,1980,direct,1
2005,0bc9ff6ee15d,2024-12-08,LT,,F,1989,email,1
2006,c27f5fba8316,2024-12-08,LT,Klaipėda,M,,referral,0
2007,9641d53158bd,2024-12-08,LT,Prienai,M,1970,affiliate,0
2008,86ed5feb41c6,2024-12-08,LT,Vilnius,M,1994,paid_search,1
2009,c31a7926e2e3,2024-12-08,LT,Vilnius,M,1976,paid_social,1
2010,9f9be8dc74b4,2024-12-09,LT,Vilnius,M,1999,affiliate,0
2011,575c40b3e203,2024-12-09,LT,Kaunas,F,1985,organic_search,1
2012,94867c6b0463,2024-12-09,LT,Vilnius,F,1980,organic_search,0
2013,e9b0808ed5f5,2024-12-09,LT,Panevėžys ,F,1993,email,1
2014,e18e2c12261f,2024-12-09,LT,Vilnius,F,1971,email,1
2015,4c2255566c0f,2024-12-09,LT,Vilnius,M,2003,organic_search,1
2016,583788794a5f,2024-12-09,LT,Šilutė,F,1980,paid_search,1
2017,0271a21c628a,2024-12-09,LT,Marijampolė,F,1974,direct,0
2018,2c54395a85ab,2024-12-09,LV,Rīga,M,1988,affiliate,1
2019,a4109ca636dd,2024-12-09,LT,Vilnius,M,1998,email,1
2020,7997a271654d,2024-12-09,LT,Vilnius,X,1987,paid_social,0
2021,df375e0bcdc2,2024-12-10,LT,Telšiai,F,1974,paid_search,1
2022,4e71f630eca3,2024-12-10,LT,Vilnius,F,1988,organic_search,1
2023,08269e48f599,2024-12-10,LT,Vilnius,F,1984,paid_social,1
2024,c1b806c4bd02,2024-12-10,LV,RIGA,F,1989,email,1
2025,a25a63550527,2024-12-10,LT,Vilnius,F,1973,referral,1
2026,1f63b35fd661,2024-12-10,LT,Vilnius,F,1988,organic_search,0
2027,d411c199cb0c,2024-12-10,LT,,F,1982,paid_search,1
2028,d0bc6266e8b1,2024-12-10,LV,Rīga,M,1987,paid_social,0
2029,ffba66cf57a5,2024-12-10,LT,Ukmergė,F,1979,organic_search,0
2030,f9cbcb3906e7,2024-12-10,LT,Vilnius,F,1974,paid_search,1
2031,85337f79d442,2024-12-10,LT,Vilnius,,1980,email,1
2032,ebb3f6836ffc,2024-12-10,EE,Narva,F,1988,organic_search,1
2033,a2ee8ae0ca5c,2024-12-10,LT,Kaunas,F,1983,direct,0
2034,e104f346a6c9,2024-12-10,LT,Kaunas,F,,paid_social,1
2035,d9cbab5fff17,2024-12-10,LT,Kaunas,M,1985,direct,1
2036,56aacc8b3e75,2024-12-11,LT,Kaunas,M,2002,organic_search,0
2037,027727c5fc17,2024-12-11,LT,Vilnius,X,2005,organic_search,0
2038,2641a8b3b249,2024-12-11,LT,Vilnius,M,1962,paid_social,1
2039,c802eb50f4fa,2024-12-11,LT,Silute,F,1976,referral,1
2040,a92fd229ccda,2024-12-11,LT,Kaunas,M,1990,paid_search,0
2041,3ce2c7b10d5e,2024-12-11,LT,Lentvaris,M,1978,affiliate,1
2042,3024c14a04c7,2024-12-11,EE,tallinn,F,1980,organic_search,1
2043,9485e43cadc3,2024-12-11,LT,Visaginas,M,2003,organic_search,1
2044,41f1bf1f6fa6,2024-12-11,LT,Vilnius,F,1984,paid_search,1
2045,8a6139c4e9ee,2024-12-11,LT,Kaunas ,M,2000,paid_search,1
2046,4bb8b57324c7,2024-12-12,LT,Vilnius,F,1978,paid_social,0
2047,aaa5e76e9ab7,2024-12-12,LT, Vilnius,F,1969,organic_search,1
2048,5ca295b1d3c2,2024-12-12,LT,Šiauliai,F,2002,paid_social,1
2049,c49ca6291665,2024-12-12,LT,Vilnius,M,,paid_search,1
2050,ed45b02cb9d8,2024-12-12,LT,Kauno r.,F,1991,organic_search,1
2051,9d9d63fd9ce5,2024-12-12,LT,Panevėžys,F,1980,paid_social,0
2052,8b9d72d22a2a,2024-12-12,LT,Mažeikiai,,,email,1
2053,ce3ebd6cc25b,2024-12-13,LT,Vilnius,M,1977,direct,1
2054,6c707cf25083,2024-12-13,LT,Ukmergė,M,1984,direct,1
2055,76250aeb21ea,2024-12-13,LT,Šiauliai,M,1986,organic_search,0
2056,a783660f38d2,2024-12-13,LT,Vilnius,M,,organic_search,0
2057,8071141146a5,2024-12-13,LT,Kėdainiai,F,1966,organic_search,1
2058,4595519fecac,2024-12-13,LT,Vilnius,X,1994,organic_search,1
2059,5e252c7f83ec,2024-12-13,LT,Vilnius,F,1977,email,1
2060,2020ababd4a1,2024-12-13,EE,Kuressaare,F,1995,paid_social,0
2061,a88945a68632,2024-12-14,LT,Alytus,,2000,organic_search,1
2062,dacbef6ece08,2024-12-14,LV,Rīga,M,1957,organic_search,1
2063,b21ea6d10192,2024-12-14,LT,Grigiškės,F,,direct,1
2064,c412a74f3b8e,2024-12-14,LT,Panevėžys,F,2002,direct,1
2065,69bf36c8dcc1,2024-12-14,LT,Vilnius,F,1967,organic_search,1
2066,1e832bec4167,2024-12-15,LT,Zarasai,M,1988,paid_social,1
2067,eeba202a2203,2024-12-15,LT,kaunas,F,1977,email,1
2068,8f8855eaef8f,2024-12-15,LT,Panevezys,F,1982,organic_search,0
2069,efc58754300a,2024-12-15,LT,Vilnius,M,1980,organic_search,1
2070,6df27bfa7a59,2024-12-15,LT,Vilnius,F,1976,paid_social,1
2071,8ff010173a8a,2024-12-15,LT,vilnius,M,1988,organic_search,1
2072,f5f45cc4315e,2024-12-16,LT,Vilnius,F,,paid_social,0
2073,66cdca40410c,2024-12-16,LT,,F,1982,paid_search,0
2074,2fd5ad19d69c,2024-12-16,LT,Klaipėda,F,1971,email,1
2075,98656ffe1755,2024-12-16,LT,Kaunas,F,1983,paid_search,0
2076,5f591cd24699,2024-12-16,LT,Vilnius,,1998,paid_search,1
2077,7520595c6a14,2024-12-16,EE,Parnu,M,1984,paid_social,1
2078,3187cf18ea0b,2024-12-16,LT,,F,1972,referral,1
2079,c7e713015734,2024-12-16,LT,Vilnius,M,1966,affiliate,0
2080,4ead6f858cb7,2024-12-16,LT,Kaunas,F,1980,direct,1
2081,61b5835bc0c4,2024-12-16,LT,Vilnius,F,1960,direct,0
2082,5ce309d05333,2024-12-16,LT,PALANGA,F,1968,organic_search,1
2083,a0af256d4108,2024-12-17,LT,Klaipėda,,1997,organic_search,1
2084,69319dd1cd8f,2024-12-17,EE,Tallinn,,1979,email,1
2085,cdd3caa5baf9,2024-12-17,LT,Klaipeda,F,1981,paid_search,0
2086,b8070f91c564,2024-12-17,LV,Riga,M,1986,paid_social,1
2087,ca9a5bc2f40d,2024-12-17,LT,Kaunas,F,1985,paid_search,0
2088,41878ac4a04c,2024-12-17,LV,Jelgava,F,1980,organic_search,1
2089,bd3d11069942,2024-12-17,LV,Jūrmala,F,1983,direct,0
2090,98233480073c,2024-12-17,LT,Vilnius,F,1987,affiliate,0
2091,85111aaccd39,2024-12-17,LT,Vilnius,M,1995,paid_social,1
2092,e47546f20c9b,2024-12-17,EE,Narva,F,1999,organic_search,1
2093,47058616aa2b,2024-12-17,LT,Panevėžys,F,,organic_search,1
2094,83a4ba282c15,2024-12-17,LT,Gargzdai,F,1972,organic_search,1
2095,6d01b05e9049,2024-12-18,LT,Kaunas,F,1987,organic_search,1
2096,ff1e78f7aa25,2024-12-18,LT,Vilnius,,1987,direct,0
2097,d56c2d079fe6,2024-12-18,LT,,M,1987,direct,1
2098,f4c18c0eadfc,2024-12-18,LT,Vilnius,F,,organic_search,0
2099,4acdf576dc73,2024-12-18,LT,Kaunas,F,1994,direct,0
2100,eee6cee9841e,2024-12-18,LT,Vilnius,M,1977,paid_social,1
2101,85e2345a5d8b,2024-12-18,LT,Vilnius,F,2001,paid_search,0
2102,164ec4af3367,2024-12-18,LT,Gargždai,F,1983,paid_social,1
2103,e16b9a9a900f,2024-12-18,LT,Kaunas,F,2004,paid_social,1
2104,4fab6b9198b5,2024-12-18,LT,Garliava,F,,organic_search,0
2105,de34663f7942,2024-12-19,LT,Vilnius,M,1973,organic_search,0
2106,acd036a7f5ec,2024-12-19,LT,Vilnius,F,1998,paid_social,1
2107,315bd1d98a87,2024-12-19,LV, Rīga,F,2006,paid_social,1
2108,d9a6dbda9a54,2024-12-19,LT,Kaunas,M,1977,paid_search,0
2109,a0349af0e853,2024-12-19,LT,Panevėžys,M,1979,paid_search,1
2110,f006740674b9,2024-12-19,LT,Klaipėda,M,,organic_search,0
2111,cd7c467212e3,2024-12-19,LT,Vilnius,F,2002,referral,0
2112,34ab558710fe,2024-12-19,LT,Vilnius,F,1986,direct,1
2113,3116185f9242,2024-12-19,LT,Kaunas,M,1968,direct,1
2114,05d40aead025,2024-12-19,LT,,F,1988,organic_search,1
2115,91d94e90ba77,2024-12-19,LT,Vilnius,F,1959,paid_search,0
2116,51627abe02bf,2024-12-19,LV,Rīga,M,1997,organic_search,0
2117,5ed8655e46c8,2024-12-19,LT,,M,1962,paid_search,1
2118,dbb129ac1e7f,2024-12-20,LT,Kaunas,F,1983,direct,1
2119,5a482261d7cc,2024-12-20,LT,Klaipėda,M,1985,paid_search,0
2120,1ace4d032826,2024-12-20,LT,Rokiškis,M,,paid_social,1
2121,1640b6809d8b,2024-12-20,LT,Šiauliai,F,2004,email,1
2122,ef409cb1445f,2024-12-20,LT,,F,1985,paid_social,1
2123,24f6ded180eb,2024-12-20,LT,Kaunas,F,1992,paid_social,1
2124,b1aaea133e73,2024-12-20,LT,Vilnius,F,1980,organic_search,0
2125,e46e06d9f4ba,2024-12-21,LT,Kaunas,F,,direct,0
2126,d2af836a004b,2024-12-21,EE,Tartu,F,1975,direct,1
2127,b6ae3930eb13,2024-12-21,LT,Vilnius,F,1985,organic_search,0
2128,ca3f01ef612d,2024-12-21,LT,Vilnius,F,1999,paid_social,0
2129,ded582fd0046,2024-12-21,LT,Vilnius,M,1979,organic_search,1
2130,500d3c1f38b8,2024-12-21,LT,Vilnius,F,1977,organic_search,0
2131,2b23c2006c5c,2024-12-21,LT,Vilnius,,1983,paid_social,0
2132,ab4370c992cd,2024-12-21,LT,Vilnius,F,1984,referral,1
2133,d6dabb83b685,2024-12-21,LV,Ventspils,F,,paid_search,1
2134,343446842337,2024-12-21,LT,Klaipėda,M,,organic_search,0
2135,63418ece5ba0,2024-12-21,LT,Vilnius,F,1977,paid_search,0
2136,435e5d193839,2024-12-21,LT,Panevėžys,F,,affiliate,0
2137,c2bc12c6d45c,2024-12-22,LT,Vilnius,F,1972,organic_search,0
2138,a7bd4ce92d86,2024-12-22,LT,Vilnius,F,,organic_search,0
2139,9a17618a873f,2024-12-22,LT,prienai,F,,referral,1
2140,4855a4255698,2024-12-22,LV,Daugavpils,M,,direct,0
2141,eb74639cc05a,2024-12-22,LT,Vilnius,X,1990,direct,1
2142,42e7c5e156fc,2024-12-22,EE,,F,1986,paid_search,1
2143,02a2991662ba,2024-12-22,LT,Kaunas,M,,organic_search,1
2144,6f8f6eed59b5,2024-12-22,LT,Elektrėnai,F,1973,affiliate,1
2145,9fe1dbddaac0,2024-12-22,LT,Vilnius,M,1986,paid_social,0
2146,ca8b893b8235,2024-12-22,LT,Vilnius,F,1986,paid_search,0
2147,cc3e7bc920c1,2024-12-22,LV,Liepāja,F,1970,organic_search,0
2148,f6715141fa58,2024-12-23,LT,Vilnius,M,1987,organic_search,1
2149,1fa8a4d6e18d,2024-12-23,LT,,F,1984,email,0
2150,321c6f257b2d,2024-12-23,LT,Vilnius,F,1993,referral,1
2151,2c7e66d16868,2024-12-23,LT,Vilnius,M,1977,email,1
2152,4bf8bba5c1d7,2024-12-23,LV,Riga,M,1982,direct,1
2153,1631a98712b9,2024-12-23,LT,Raseiniai,F,1965,referral,1
2154,3dcd29436dd6,2024-12-23,LT,Vilnius,F,2001,referral,0
2155,e9c78c1eade8,2024-12-24,LT,Kaunas,F,1987,direct,0
2156,8276e5fb7d2f,2024-12-24,LT,Vilnius,M,1974,paid_search,0
2157,14cf72b08509,2024-12-24,LT,Alytus,M,1975,paid_social,0
2158,9ec75c39a528,2024-12-24,LT,Klaipėda,M,1974,referral,1
2159,ce4c394474a5,2024-12-24,LT,,,1988,referral,1
2160,90516dd0d524,2024-12-24,LT,Kaunas,F,1983,email,1
2161,6ad9cacc0968,2024-12-24,LT,Kaunas,M,1993,paid_social,0
2162,3ff73fbfedc3,2024-12-24,LT,,F,1982,email,1
2163,fa8df97e6ca0,2024-12-24,LT,Kaunas,F,1991,direct,1
2164,4e520c152cf0,2024-12-24,LT,Vilnius,M,2001,direct,0
2165,69b0dbbfe1f4,2024-12-25,LV,Ventspils,M,1989,referral,1
2166,35dc88176e0c,2024-12-25,LT,Kaunas,,1998,organic_search,1
2167,f2a0b780dabe,2024-12-25,LT,Kaunas,F,1978,direct,1
2168,96cadecf0276,2024-12-26,LT,Kaunas,M,1990,paid_social,1
2169,c23ed91a57f6,2024-12-26,LT,Kaunas,F,,organic_search,0
2170,a7553102af36,2024-12-27,LV,Rīga,,1981,organic_search,0
2171,f9ba2d5b85da,2024-12-27,LV,Rīga,M,1995,paid_search,1
2172,809081521daa,2024-12-27,LT,Klaipeda,F,1974,paid_social,1
2173,4d2090387d9d,2024-12-27,LT,Kaunas,F,1997,paid_search,0
2174,e0b59eb5f566,2024-12-27,LV,Rīga,M,1999,email,1
2175,7731a0d8b634,2024-12-28,LT,Klaipėda,M,1981,referral,1
2176,56dcb6da5b8e,2024-12-28,LT,Vilnius,F,1965,referral,0
2177,5ae0a7d40f03,2024-12-28,LT,Kaunas,F,1998,organic_search,1
2178,e8209dab5ace,2024-12-28,LT,Siauliai,M,1986,paid_social,0
2179,81324dc29c5b,2024-12-28,LT,Vilnius ,F,,referral,1
2180,48f0bb6d1522,2024-12-29,LT,Utena,F,1963,organic_search,1
2181,9dd3207fd525,2024-12-29,LT,Kaunas,F,1996,organic_search,1
2182,755299073168,2024-12-29,LT,Klaipėda,M,1999,direct,1
2183,8cda4335fa27,2024-12-29,LT,Kaunas,M,2003,organic_search,0
2184,c792dd3326fa,2024-12-29,LT,Vilnius,M,1986,paid_search,1
2185,1a26198870e5,2024-12-29,EE,Tallinn,F,2000,organic_search,1
2186,136ab3a4166c,2024-12-29,LT,Vilnius,M,1968,affiliate,0
2187,7e73d61f6a8c,2024-12-29,LT,Trakai,F,1984,direct,0
2188,9b91a83ebd76,2024-12-29,LT,,F,1993,referral,0
2189,0f16df21998c,2024-12-29,LT,Vilnius,F,1964,paid_social,1
2190,e052d826f4d8,2024-12-30,LT,Siauliai,M,1984,paid_search,1
2191,f8a1f5190d73,2024-12-30,LT,Jonava,M,1994,organic_search,1
2192,42ad45e91df8,2024-12-30,LT,vilnius,M,1987,paid_social,0
2193,f555f1032d0b,2024-12-31,LT,Grigiškės,F,1977,organic_search,0
2194,8d62703d22e4,2024-12-31,LT,Kaunas,F,1982,affiliate,1
2195,750f75747671,2024-12-31,LT,Šiauliai,M,1994,paid_social,1
2196,75f097a24f97,2024-12-31,LV,Riga,F,,paid_search,0
2197,00effa8784e5,2024-12-31,LT,Radviliskis,M,1981,paid_social,0
2198,6a35e00dbe70,2024-12-31,LT,Alytus,F,1997,organic_search,1
2199,de88204fa8c4,2024-12-31,LT,Kėdainiai,M,1984,paid_search,1
2200,e935e19f0efb,2024-12-31,LT,Klaipėda,F,1980,affiliate,1
2201,af2e63eae350,2024-12-31,LT,Kaunas,M,,email,1
2202,010b808d04e0,2024-12-31,LT,Vilnius,M,1981,organic_search,1
2203,cfc742095d6d,2025-01-01,LT,klaipeda,M,1999,paid_social,1
2204,21b3554a4693,2025-01-01,LT,Vilnius,M,2003,organic_search,1
2205,83d4d4752a97,2025-01-02,LT,,F,1998,organic_search,0
2206,c3fed74752ef,2025-01-02,LT,Panevėžys,F,,paid_social,1
2207,97ea6cb5ea88,2025-01-02,LT,Alytus,F,1970,affiliate,1
2208,4d64c87bd09b,2025-01-02,EE,Tallinn,M,1998,direct,1
2209,674a8f3bd455,2025-01-02,LT,,F,1991,paid_search,1
2210,5170e0a63ecf,2025-01-02,LT,Klaipėda,M,1995,paid_search,1
2211,ab50b57ba848,2025-01-02,LT,Šiauliai,M,1968,organic_search,1
2212,441581655b82,2025-01-02,EE,,F,1975,organic_search,0
2213,191db0988cff,2025-01-03,LT,Kaunas,F,1998,paid_search,1
2214,523d8b7afa37,2025-01-03,LV,Rīga,F,1989,direct,1
2215,71b95a5e2fca,2025-01-03,LT,Kaunas,F,1998,organic_search,0
2216,da21c6e37669,2025-01-04,LT,,F,1975,affiliate,0
2217,1c7060de9ab0,2025-01-04,LT,Vilnius,M,1983,referral,1
2218,da96e2abfdf5,2025-01-05,LT,Vilnius,M,1997,paid_social,0
2219,7d761ad3129e,2025-01-05,LT,Vilnius,F,1997,paid_social,0
2220,feafa64c8938,2025-01-05,LT,Vilnius,F,1991,paid_search,0
2221,770069e278f1,2025-01-05,LT,Vilnius,X,1982,paid_social,1
2222,34e4f94b7922,2025-01-05,LT,Vilnius,,1987,organic_search,1
2223,8b69a56251a0,2025-01-05,EE,Parnu,M,1976,direct,0
2224,dc99f39f9407,2025-01-05,LT,Klaipeda,M,1996,affiliate,1
2225,474d4ff4afb0,2025-01-05,LT,KAUNAS,F,1988,organic_search,0
2226,46d76578aeb5,2025-01-06,LT,Kaunas,M,1985,paid_social,1
2227,1ac0457ce9a0,2025-01-06,LT,Vilnius,F,2002,organic_search,1
2228,68d4e09d8fd6,2025-01-06,LV,Рига,F,1992,email,1
2229,f1c10245d38c,2025-01-06,LT,Panevėžys,F,1981,direct,1
2230,2fc786490895,2025-01-06,LV,Ventspils,F,1971,affiliate,1
2231,b7eb7d92f6c1,2025-01-06,EE,Tallinn,M,1993,paid_social,1
2232,8d2fa8a1d7b1,2025-01-06,LT,,M,1991,paid_social,0
2233,e58b9f7013fb,2025-01-06,LT,Kaunas,F,,referral,0
2234,46b4216b8212,2025-01-07,LT,Klaipėda,M,1987,affiliate,0
2235,6c4b4d3bc5b8,2025-01-07,LT,Vilnius,F,1973,organic_search,0
2236,b462c340d27b,2025-01-07,LT,klaipėda,M,1981,paid_search,0
2237,3066df6c453c,2025-01-07,LT,Vilnius,F,1977,referral,0
2238,4d238a9dcfa6,2025-01-07,LT, Šiauliai,F,1977,affiliate,0
2239,665c2a0fd81a,2025-01-07,EE,Tallinn,F,1985,paid_social,1
2240,34d0385fc890,2025-01-07,LT,Panevėžys,F,1988,paid_social,0
2241,d95775c01b11,2025-01-07,LT,Trakai,M,,affiliate,0
2242,7b4db8d46667,2025-01-07,LT, Vilnius,F,1974,organic_search,1
2243,30ca63b6adf0,2025-01-07,LT,Kaunas,F,1988,organic_search,1
2244,d2ddb5f27a56,2025-01-07,LT,Kaunas,M,2007,direct,0
2245,7b5100f2f8a2,2025-01-07,LT,Vilnius,F,1991,paid_social,1
2246,5de7d821fcb3,2025-01-08,LV,Rīga,F,1985,paid_social,0
2247,1fc12ac600e7,2025-01-08,LT,Kaunas,M,1995,organic_search,1
2248,5e06595f3c7f,2025-01-08,LT,Plungė,F,,organic_search,0
2249,f8736ccbdcb8,2025-01-08,LV,Daugavpils,M,1993,organic_search,1
2250,8e42acc87e8e,2025-01-09,LT,Klaipėda,M,,paid_social,1
2251,1798e840153f,2025-01-09,LT,Vilnius,F,1958,affiliate,1
2252,afacde2bb740,2025-01-09,LT,Vilnius,F,1900,direct,1
2253,9ea4f1d0c94e,2025-01-09,LT,Vilnius,F,1983,paid_social,0
2254,cccbb60ce7e2,2025-01-09,LT,Vilnius,M,1995,organic_search,1
2255,54fcdbb9c93a,2025-01-09,LT,Kaunas,M,1981,paid_search,0
2256,ee1055098c5d,2025-01-10,LT,Alytus,M,1995,direct,0
2257,101c679d3b3e,2025-01-10,LV,Rīga,M,1981,organic_search,1
2258,14d352299571,2025-01-10,LT,Vilnius,M,,organic_search,1
2259,e39a11953337,2025-01-10,LV,Daugapvils,M,1999,organic_search,1
2260,83b435f86282,2025-01-10,LT,Vilnius,F,1996,paid_social,1
2261,9385cd424f47,2025-01-10,LV,Valmiera,F,2002,email,1
2262,f4e38d8a6400,2025-01-10,LT,Marijampole,,2003,paid_search,0
2263,b768d9a67349,2025-01-11,LT,Naujoji Akmenė,,,paid_social,0
2264,e4df3ab8efde,2025-01-11,LT,Vilnius,F,1979,organic_search,0
2265,1c85e8149397,2025-01-11,LT,Kaunas,M,1998,organic_search,1
2266,b07005ef3e58,2025-01-11,LT,Vilnius,F,1979,organic_search,1
2267,baf1fc6feade,2025-01-11,LT,Vilnius,F,1982,paid_social,1
2268,80863f0e067b,2025-01-11,EE,,M,1986,paid_social,0
2269,63aca4907f87,2025-01-11,LV,Rīga,F,1987,email,1
2270,070a4304988c,2025-01-11,LT,Ukmergė,M,1980,paid_search,1
2271,814ace37183e,2025-01-12,LT,Klaipėda,F,1995,referral,1
2272,3d06b929b2e0,2025-01-12,EE,Kohtla-Jarve,F,,referral,0
2273,c47cac0ce9ad,2025-01-12,LT,Vilnius,M,1985,paid_search,0
2274,1fcbbce71e7e,2025-01-12,LT,Vilnius,M,1993,paid_search,0
2275,448a53942d70,2025-01-12,LV,Rīga,,1965,paid_social,0
2276,2138beb5d4bd,2025-01-12,LT,Vilnius,F,,paid_social,1
2277,05d7d90df9a6,2025-01-12,EE,Tallinn,M,2003,paid_social,1
2278,09cde6946759,2025-01-12,LT,Panevėžys,F,1984,referral,1
2279,a09d4276d48f,2025-01-12,LT,Panevėžys,M,1974,paid_search,1
2280,415e4034c03b,2025-01-12,EE,Narva,F,1988,email,1
2281,400e97a49e23,2025-01-12,EE,Tallinn,M,1991,paid_social,0
2282,fa60bc0a5dd2,2025-01-12,LT,Vilnius,F,1961,direct,1
2283,44f2c515ee92,2025-01-13,LT,Kėdainiai,M,1978,direct,1
2284,8e9d2f0abc33,2025-01-13,LT,Vilnius,M,1988,paid_social,1
2285,bbe477a2df26,2025-01-13,LT,Šiauliai,M,1979,paid_social,1
2286,92b7ec6d339f,2025-01-13,LT,Jonava,F,1973,organic_search,0
2287,11b545cdd3c2,2025-01-13,LT,Vilnius,F,1988,referral,1
2288,f0207e84548d,2025-01-13,LT,Kaunas,M,1990,affiliate,0
2289,6ed5df2d9cdd,2025-01-13,LT,,M,1987,affiliate,0
2290,beaacff74485,2025-01-13,LT,Gargždai,M,,affiliate,0
2291,ea5c290a3e73,2025-01-14,LT,Klaipėda,F,1983,paid_social,0
2292,22b2ba36dae3,2025-01-14,LT,Marijampole,M,1993,organic_search,1
2293,090fc2c88e2e,2025-01-14,LV,Daugavpils,F,1988,organic_search,1
2294,bf4efa9fb891,2025-01-14,LT,Vilnius,,1967,paid_social,1
2295,5dfe3d5f6f98,2025-01-14,LT,Raseiniai,M,1998,paid_search,1
2296,270ec494af4b,2025-01-14,EE,Tallinn,F,1977,organic_search,1
2297,4fdf46c7ed26,2025-01-14,LT,Vilnius,M,1993,paid_search,1
2298,5b2d7fed9f19,2025-01-14,LT,Telšiai,F,1979,direct,1
2299,b3e4e1672618,2025-01-14,LV,Rīga,F,,organic_search,1
2300,e67eb8c6459f,2025-01-14,LT,Vilnius,M,1977,organic_search,0
2301,3501bbb05f02,2025-01-14,LT,Vilnius,M,1983,paid_social,0
2302,0cb7761d850a,2025-01-14,LV,Rīga,M,2002,paid_social,0
2303,cf1be42b5d13,2025-01-14,LT,Šiauliai,F,1995,organic_search,0
2304,f75cb91dc845,2025-01-15,LT,Klaipėda,M,1960,paid_search,1
2305,8d4abf533137,2025-01-15,LT,Kedainiai,F,1981,affiliate,0
2306,40b8adfd94d7,2025-01-15,LT,Plungė,M,1998,direct,1
2307,06761ce837d7,2025-01-15,LT,Marijampolė,F,1992,organic_search,0
2308,1357214dcea2,2025-01-15,LT,Klaipėda,F,1994,paid_social,0
2309,9c7d7e024ab8,2025-01-15,LT,Vilnius,F,1976,paid_social,0
2310,115db4fccaed,2025-01-16,LV,Rīga,M,1977,organic_search,1
2311,7fb71cc79c33,2025-01-16,LT,,M,1967,affiliate,0
2312,4f2a772d8f91,2025-01-16,LT,Vilnius,F,1993,paid_social,0
2313,08b9ef832db5,2025-01-16,LT,Kretinga,F,1993,affiliate,1
2314,89967fbf973d,2025-01-16,LT,Vilnius,M,1991,direct,0
2315,3f310e061861,2025-01-16,LV,Рига,F,1975,paid_social,1
2316,8582ed31e724,2025-01-16,LT,Klaipeda,M,1989,paid_search,1
2317,d9dc1e48d5aa,2025-01-17,LT,Kaunas,F,2000,paid_search,0
2318,132d708c4ff1,2025-01-17,LT,gargždai,F,1982,organic_search,1
2319,59881c538928,2025-01-17,LV,Jūrmala,F,,direct,1
2320,c8c24932029d,2025-01-17,EE,Tallinn,F,1992,direct,1
2321,44f0f582a9d9,2025-01-17,LT,Kaunas,F,,direct,0
2322,26e02403c4db,2025-01-18,LV,Rīga,F,,referral,0
2323,baf0273f6abc,2025-01-18,LT,Vilnius,F,2004,affiliate,1
2324,c5694ed765dc,2025-01-18,LT,Vilnius,F,1983,referral,1
2325,6137e09b5e12,2025-01-18,LT,Plungė,F,1980,affiliate,1
2326,6618c73cd29c,2025-01-18,LT,Vilnius,F,,organic_search,1
2327,d224d13569dc,2025-01-18,LT,Jonava,F,2002,referral,1
2328,9c6965699823,2025-01-18,LV,Jūrmala,M,1955,referral,1
2329,959a7a39e234,2025-01-18,LT,,M,1975,organic_search,0
2330,72c0a1f502c8,2025-01-18,LT,Vilnius,M,2001,organic_search,1
2331,bfe7f32ad439,2025-01-18,LT,Jonava,F,1981,organic_search,0
2332,1ca57db3a232,2025-01-18,EE,Tallinn,F,1993,organic_search,1
2333,4df1683f5d4f,2025-01-18,EE,Tartu,M,1998,paid_social,1
2334,eff6542b5780,2025-01-19,LT,Klaipeda,F,2004,referral,0
2335,ece54d196245,2025-01-19,LT,Vilnius,M,,direct,0
2336,af8357ba44ae,2025-01-19,LT,Vilnius,M,1979,referral,0
2337,364c4ff92af5,2025-01-19,LT,Tauragė,M,,paid_search,1
2338,42aaf4be5276,2025-01-19,LT,Kauno r.,,1966,organic_search,1
2339,ea08c2f77ab6,2025-01-19,LT,Kaunas,F,2003,paid_search,1
2340,6e7782dbb3d7,2025-01-19,LT,Vilniaus r.,F,1991,paid_search,1
2341,1882e9a48d48,2025-01-19,LT,,F,1988,direct,1
2342,bf284af6960b,2025-01-20,LT,Vilnius,F,1993,referral,0
2343,36a545527da4,2025-01-20,LT,Ukmerge,F,1965,paid_social,1
2344,89d92c05b573,2025-01-20,LT,Jonava,F,1986,direct,1
2345,e636b19c8c31,2025-01-20,LT,,F,1996,referral,0
2346,dd589cbadbe3,2025-01-20,LT,Vilnius,M,1980,paid_search,1
2347,2a0f1c60ddc1,2025-01-20,LT,,M,1990,direct,1
2348,e5b7a67d6c07,2025-01-20,LT,Kaunas,F,1990,direct,1
2349,6a8f953b3d48,2025-01-20,EE,Valga,M,1984,organic_search,1
2350,bce48e733e0a,2025-01-21,LT,Klaipėda,F,1961,organic_search,0
2351,ea12d1e94027,2025-01-21,LV,Rīga,M,1975,paid_social,0
2352,4c294258ecae,2025-01-21,LT,Kaunas,M,1994,organic_search,0
2353,1a8825c8fbb1,2025-01-21,LV,Salaspils,F,1993,paid_social,0
2354,28a035faa186,2025-01-21,LT,Panevėžys,F,1996,organic_search,1
2355,2b7008d920d4,2025-01-21,LT,Vilnius,F,1900,paid_social,1
2356,5996a540fd6c,2025-01-22,LT,Vilnius,M,1994,affiliate,0
2357,74a235ddae27,2025-01-22,LT,Palanga,M,1972,paid_search,0
2358,d39283958819,2025-01-22,LT,Vilnius,M,2001,paid_social,1
2359,1ef9280ba8b9,2025-01-22,LT,Vilnius,M,1961,paid_search,0
2360,00e379a440ac,2025-01-22,LT,Vilnius,M,1990,organic_search,0
2361,2aa6c6e56c2d,2025-01-23,LT,Vilnius,F,1985,affiliate,0
2362,38aea2908f69,2025-01-23,LT,Kaunas,F,,direct,1
2363,e8a4d7be6046,2025-01-23,LT,Vilnius,F,1986,paid_social,1
2364,8a92de13a41e,2025-01-23,LT,Vilnius,M,,email,1
2365,2edb3f7bdcb0,2025-01-23,LT,Jonava,M,1973,paid_social,1
2366,a17bbab61660,2025-01-23,LT,,M,1967,organic_search,1
2367,4c3422482670,2025-01-24,LV,,F,1985,paid_social,1
2368,24a47cf9bea7,2025-01-24,LT,Kaunas,,1970,direct,1
2369,cf03ea0de060,2025-01-24,LT,Kaunas,F,1988,organic_search,1
2370,5aff349aca28,2025-01-24,EE,Narva,M,1993,organic_search,0
2371,d52ccc0c6668,2025-01-24,LT,Alytus,M,1985,paid_social,0
2372,a6d9f4dd69fd,2025-01-25,LT,Vilnius,M,,organic_search,1
2373,21141463bf16,2025-01-25,LT,Kaunas,F,1988,affiliate,1
2374,5268535c6eff,2025-01-25,LV,Riga,,1985,referral,0
2375,8f07f06da626,2025-01-25,LT,Vilnius,M,1999,paid_search,1
2376,1829d3603690,2025-01-25,LT,Vilnius,F,1969,paid_social,1
2377,499028d20189,2025-01-25,LT,,F,,paid_search,0
2378,68879e6f1d89,2025-01-25,LT,Marijampolė,F,1977,organic_search,1
2379,4ad7daea736b,2025-01-25,LT,Vilnius,F,1990,paid_social,1
2380,b78ea6aa9b06,2025-01-26,LV,Riga,M,1977,paid_search,1
2381,627722580cf6,2025-01-26,LT,Alytus,M,1962,affiliate,1
2382,6e678608a060,2025-01-26,LT,Vilnius,F,,organic_search,1
2383,2dc4c9ee1fb8,2025-01-26,LT,Vilnius,F,1986,email,1
2384,158be06b3f29,2025-01-26,LT,Šilutė,,1997,paid_search,1
2385,2f37d71b32b4,2025-01-26,EE,Tallinn,F,1992,organic_search,0
2386,af2e60ab5f95,2025-01-26,LT,Vilnius,F,1978,organic_search,1
2387,4594bf81f807,2025-01-27,LT,Vilnius,M,1983,referral,0
2388,0690e536c674,2025-01-27,LT,Vilnius,F,1984,organic_search,0
2389,05bafee195b6,2025-01-27,LT,Kaunas,M,1980,paid_social,0
2390,236d49f85bff,2025-01-27,EE,Pärnu,F,1973,direct,1
2391,02ddd7407bce,2025-01-27,LV,Riga,F,,organic_search,1
2392,7457a5d84048,2025-01-27,LT,Utena,F,1986,affiliate,1
2393,9d4c441961de,2025-01-27,LT,Jonava,M,1968,direct,1
2394,e4d876f984bb,2025-01-27,LT,Vilnius,M,1994,paid_search,0
2395,3a64cd0eb44a,2025-01-27,LV,Rīga,F,,referral,1
2396,3fc0ccca3a4e,2025-01-27,LT,Kaunas,X,2003,referral,1
2397,3d1deb31ef81,2025-01-27,LT,Vilniaus r.,F,1999,referral,1
2398,fef034357983,2025-01-27,LT,VILNIUS,M,1985,organic_search,1
2399,66c85ab227bf,2025-01-27,EE,Tallinn,M,1972,organic_search,1
2400,3894e4cc2997,2025-01-28,EE,Tallinn,F,1996,organic_search,1
2401,54e968912274,2025-01-28,LT,Vilnius,M,,direct,0
2402,3098a3f04148,2025-01-28,LT,Kaunas,M,1974,affiliate,1
2403,1f0e88794898,2025-01-28,LV,Rīga,F,1993,paid_search,1
2404,c1a57b83f40a,2025-01-28,LT,Vilnius,M,2003,paid_social,1
2405,d6830384d6a5,2025-01-28,LT,Marijampole,M,1988,referral,1
2406,5bef5d3a3993,2025-01-28,LT,Kaunas,F,1983,paid_social,1
2407,7a67a0a5c7b6,2025-01-29,LT,Vilnius,F,1996,paid_search,1
2408,9fb6521b0727,2025-01-29,LT,Šiauliai,F,1989,affiliate,1
2409,272f54a8584e,2025-01-29,LT,Šiauliai,F,1993,paid_social,0
2410,7adc88204799,2025-01-29,LT,Garliava ,M,,organic_search,0
2411,6c9041798ccd,2025-01-29,LT,Vilnius,M,1991,referral,1
2412,9d13df69ef46,2025-01-29,LT,Vlinius,,1988,affiliate,1
2413,29fffbf73901,2025-01-30,LT,Vilnius,M,1966,direct,1
2414,7507b7d9b36b,2025-01-30,LT,Vilnius,F,1983,organic_search,1
2415,bb3bc296c491,2025-01-30,LV,Rīga,F,1962,paid_social,0
2416,d7b46a891aa1,2025-01-30,LT,Kelme,M,1996,paid_search,0
2417,c24dde0d0bd8,2025-01-31,LT,Vilnius,F,1989,organic_search,0
2418,23ca21978ea1,2025-01-31,LT,Vilnius,F,2005,paid_social,1
2419,60541e332e78,2025-01-31,LT,Vilnius,M,1982,direct,1
2420,6eb7aaaff49e,2025-01-31,LT,,M,1994,affiliate,0
2421,f65bd8dbd622,2025-02-01,LT,Šiauliai,F,1959,organic_search,1
2422,0cbb7591e6c7,2025-02-01,LT,Vilnius,M,1980,paid_social,1
2423,892824e1dd81,2025-02-01,LT,Kaunas,F,1966,affiliate,1
2424,a00e43a5ecf2,2025-02-02,LT,,F,1989,direct,0
2425,57f943b96c5f,2025-02-02,LT,Panevėžys,F,1978,referral,1
2426,221a5f134b92,2025-02-02,LT,Grigiskes,M,1970,paid_search,0
2427,7a57d6d74f27,2025-02-02,LT,Klaipėda,X,1985,paid_search,1
2428,3d4790ccdb55,2025-02-02,EE,,F,1997,referral,0
2429,b15f6a2741f4,2025-02-03,LT,KAUNAS,M,1970,paid_search,0
2430,78003c6f1fd4,2025-02-03,EE,Tallinn,F,1974,organic_search,1
2431,b62182b31ce5,2025-02-03,LT,Vilnius,F,1991,organic_search,1
2432,b24edc592b87,2025-02-03,LV,Riga,X,1993,direct,0
2433,12336268aa64,2025-02-03,LT,Kelmė,M,1962,organic_search,0
2434,5a0346579df9,2025-02-03,LT,Klaipėda,M,,organic_search,1
2435,6db2e5e32c02,2025-02-03,LV,Rīga,M,2005,paid_social,0
2436,8f87898c83b5,2025-02-04,LT,Kaunas,F,1992,paid_search,1
2437,f2d2c4dc49c8,2025-02-04,LT,Vilnius,,1995,organic_search,1
2438,638544a2ac3e,2025-02-04,LT,,,1998,paid_social,1
2439,d6214a2d212d,2025-02-05,LV,Jūrmala,F,,paid_social,0
2440,3d57783d2e76,2025-02-05,LT,Vilnius,F,1982,direct,1
2441,deb06f89b1d6,2025-02-05,LT,Kaunas,M,2000,referral,1
2442,1e5a29179246,2025-02-05,LT,Vilnius,M,1993,paid_social,0
2443,d4ff2971ab95,2025-02-05,LT,Vinius,F,1979,direct,1
2444,2665c9f4bcd3,2025-02-05,EE,Tallinn,F,2000,organic_search,1
2445,c1cec8ef4b32,2025-02-05,LT,,F,1970,affiliate,1
2446,50b501e8e9d6,2025-02-06,LT,Šiauliai,M,1966,paid_search,0
2447,8f5ecc9c0654,2025-02-06,LT,Vilnius,F,1975,affiliate,1
2448,d3b1cfb137a4,2025-02-06,LT,Klaipėda,M,1996,paid_social,1
2449,9ae9bbf316fd,2025-02-06,LT,Vilnius,,1986,referral,0
2450,97c7598c14a2,2025-02-06,LV,Rīga,F,,affiliate,1
2451,4159b418091e,2025-02-06,LT,Vilnius,M,1988,affiliate,1
2452,fb7019d61774,2025-02-06,LT,,F,1978,paid_social,0
2453,797eb3f490c4,2025-02-06,LT,Vilnius,M,1986,paid_social,1
2454,5d2eae0a8a7e,2025-02-06,LT,Vilnius,,1973,paid_social,0
2455,acdb4382c1b5,2025-02-07,LT,Vilnius,F,1994,paid_social,0
2456,cac591f37499,2025-02-07,LT,Jonava,M,1978,organic_search,1
2457,33af11d6a477,2025-02-07,LV,Rīga,M,1980,organic_search,1
2458,d32e498677a8,2025-02-07,LT,Kaunas,M,,organic_search,1
2459,77399160d3ed,2025-02-07,EE,Tallinn,F,1980,paid_search,0
2460,b0ec39645128,2025-02-07,LV,Riga,F,1964,email,1
2461,3cb43a158cd1,2025-02-07,LT,Kaunas,,1962,direct,1
2462,f50f4a4ea84c,2025-02-07,LT,Klaipėda,F,,paid_social,0
2463,6d0fcf45c86e,2025-02-07,EE,PARNU,F,2002,affiliate,1
2464,a57965f52e3c,2025-02-07,LT,Vilnius,M,1973,organic_search,0
2465,27bb374c5555,2025-02-08,LT,Klaipėda,F,,organic_search,0
2466,69fe81a3c8ab,2025-02-08,LT,Vilnius,M,1971,paid_social,1
2467,702b60f641ce,2025-02-09,LT,Klaipėda,M,,referral,0
2468,fcbd7fef4f08,2025-02-09,LT,Kaunas,F,1968,direct,1
2469,cdbbafd77f92,2025-02-09,LT,Grigiškės,F,1977,paid_social,0
2470,51d8a2b62abc,2025-02-09,LT,Vilnius,F,1993,direct,0
2471,81a9656a2088,2025-02-09,LT,Klaipeda,M,,referral,1
2472,0b47e58f3b82,2025-02-09,LT,Alytus,F,1976,paid_social,1
2473,580461ab5398,2025-02-10,LT,,M,2006,direct,1
2474,e04746c4baca,2025-02-10,LT,Marijampolė,F,1972,organic_search,0
2475,9ec188eb9662,2025-02-10,EE,Haapsalu,F,1981,organic_search,0
2476,11662af6dbf4,2025-02-10,LT,Jurbarkas,M,2006,paid_social,1
2477,652f737b9e35,2025-02-10,LT,Kaunas,F,1960,affiliate,1
2478,7ddb5171e267,2025-02-10,EE,Narva,M,1984,paid_social,1
2479,6f2a89a3c1d8,2025-02-10,LT,Garliava,M,1998,paid_social,0
2480,964f957e392c,2025-02-11,LT,Šiauliai,F,1986,affiliate,0
2481,d9800a5dae0d,2025-02-11,LT,Radviliškis,M,1982,affiliate,0
2482,62ddfa4bbb1e,2025-02-11,LT,Klaipėda,F,,paid_social,1
2483,3a7ff414734d,2025-02-11,LT,Klaipėda,F,1979,affiliate,1
2484,44925f5d39f4,2025-02-11,LT,Kaunas,M,1998,paid_social,0
2485,991a31934790,2025-02-11,LT,Vilnius,M,1996,organic_search,1
2486,3902ca2a6abc,2025-02-11,LV,Rīga,M,,paid_social,0
2487,badca1dc78db,2025-02-11,LT,Visaginas ,M,1996,email,1
2488,f40c65f5c4c0,2025-02-12,LV,Rīga,F,1985,paid_search,1
2489,1fa088ce6e4b,2025-02-12,LT,Siauliai,M,,paid_search,1
2490,7e90acd8d2d7,2025-02-12,LT,Vilnius,F,1975,referral,1
2491,cea9dbba6b7e,2025-02-12,LT,Klaipėda,M,1989,organic_search,1
2492,ea14e4b205a5,2025-02-12,LT,Vilnius,F,1978,referral,0
2493,59ee35a8ef65,2025-02-12,LT,Vilnuis,,1983,referral,1
2494,1a20e1389b97,2025-02-12,LT,Biržai,F,1975,organic_search,1
2495,a557d7423218,2025-02-12,LT,Vilnius,F,1970,affiliate,1
2496,3b12d773dc07,2025-02-12,LV,Liepāja,F,1985,paid_social,1
2497,af56725232d7,2025-02-12,LT,Vilnius,M,1992,direct,1
2498,887b64bfc522,2025-02-13,LT,Vilnius,F,,paid_search,0
2499,8cbcfa5bad90,2025-02-13,LT,Kaunas,F,,organic_search,1
2500,c03212470f2a,2025-02-13,LT,Vilnius,M,1989,paid_search,1
2501,628f2454a0c2,2025-02-13,LV,Jūrmala,F,1996,email,1
2502,e57f10fbe349,2025-02-13,LV,Riga,F,1987,organic_search,0
2503,eeefb4802092,2025-02-13,LT,Kaunas,F,1991,organic_search,0
2504,e8347b4c2019,2025-02-14,LT,Vilnius,M,,direct,1
2505,312cd7c264ce,2025-02-14,LT,Vilnius,,,paid_social,0
2506,9781dc33f79f,2025-02-14,LT,Šilutė,F,1994,direct,1
2507,483835bd9fa8,2025-02-14,LT,Klaipėda,M,1980,paid_social,0
2508,5780bdf73bd6,2025-02-14,EE,Tallinn,,1974,organic_search,0
2509,620364758911,2025-02-14,LV, Jūrmala,F,1987,organic_search,0
2510,32172fbae678,2025-02-15,LT,Vilnius,M,1991,affiliate,1
2511,50396e185626,2025-02-15,LT,Palanga,M,1968,paid_social,0
2512,c42ec00dc461,2025-02-15,LT,Mazeikiai,M,1994,organic_search,1
2513,a016f1f88e78,2025-02-15,LV,Riga,F,1993,affiliate,1
2514,192e5c176877,2025-02-15,EE,,M,1998,affiliate,1
2515,eb8622e872e7,2025-02-15,LT,Vilnius,M,1985,organic_search,1
2516,012c8add79c4,2025-02-15,LT,Vilnius,F,2000,organic_search,0
2517,8423e1771055,2025-02-16,LT,Vilnius,F,1993,organic_search,1
2518,b40c8df86c71,2025-02-16,LT,Marijampolė,,2006,paid_search,1
2519,cfe3c12ec565,2025-02-16,LT,Šiauliai,F,1999,paid_social,0
2520,a0b0fd1506e9,2025-02-16,EE,Tallinn,F,1986,direct,1
2521,4f0940392faf,2025-02-16,LV,Riga,F,1994,organic_search,0
2522,fa5931b3f99c,2025-02-16,LT,Vilnius,M,1972,organic_search,0
2523,2bdc0552b9de,2025-02-16,LT,Šilutė,M,,referral,1
2524,381b13d16702,2025-02-16,LT,Vilnius,M,1974,referral,1
2525,f86dcf311f83,2025-02-16,LT,Prienai,F,1968,paid_search,0
2526,ee33838deb9a,2025-02-16,LT,VILNIUS,M,2004,direct,1
2527,9d90b6301577,2025-02-17,LT,Klaipeda,M,1971,paid_search,1
2528,08abb27bcea1,2025-02-17,LT,Vlinius,M,2004,paid_social,1
2529,2b65b475591d,2025-02-17,LT,Kaunas,M,1992,paid_social,1
2530,30daf16f84ba,2025-02-17,LT,Kaunas,F,,organic_search,1
2531,21b41ad952b6,2025-02-17,LV,Rīga,F,1963,paid_social,1
2532,329a652cc577,2025-02-18,LT,,M,1988,organic_search,1
2533,78497601ef1a,2025-02-18,LT,Vilnius,M,1985,direct,0
2534,74f5c462f781,2025-02-18,LT,Klaipėda,F,1955,paid_social,1
2535,33a4f8a50fc1,2025-02-18,LT,Vilnius,M,,paid_social,1
2536,53dc311bdf27,2025-02-18,LT,Šiauliai,F,1986,affiliate,0
2537,97d50a3e57d6,2025-02-18,EE,Tartu,M,1963,direct,0
2538,6e57d580e30c,2025-02-19,LT,Kaunas ,M,1995,organic_search,1
2539,c17d7a52120e,2025-02-19,LT,Vilnius,M,1997,paid_social,1
2540,72d6c5997c72,2025-02-19,LT,Vilnius,M,1989,referral,0
2541,cd3a0180f2fa,2025-02-19,LT,Kelmė,F,1974,paid_search,0
2542,9ac83fb2c923,2025-02-19,LT,Vilnius,F,1988,paid_search,0
2543,c2c26001f310,2025-02-19,LV,Rīga,F,1981,organic_search,1
2544,815b2e9d23aa,2025-02-19,LT,Klaipėda,F,,organic_search,1
2545,2a9c1b88645b,2025-02-19,LT,Vilnius,F,1973,paid_search,0
2546,a872862887c9,2025-02-19,LT,,F,,organic_search,1
2547,e8a47caf2791,2025-02-19,LT,Vilnius,F,1978,organic_search,1
2548,e2a2bf589e9b,2025-02-20,LT,Alytus,M,1988,referral,0
2549,38ec496ddf29,2025-02-20,LT,Vilnius,M,1991,paid_social,0
2550,f22cf4150f01,2025-02-20,LV,Rīga,M,1990,affiliate,1
2551,04d82849b7f2,2025-02-20,LT,Klaipėda,F,1984,paid_search,0
2552,8da0e5572e04,2025-02-20,LT,Vilnius,F,1986,affiliate,1
2553,5c06ba9bbd3d,2025-02-20,EE,Tallinn,F,1990,paid_social,0
2554,00b014275958,2025-02-21,LT,Panevėžys,F,1993,email,1
2555,45c1e030d947,2025-02-21,LT,Panevėžys,,1972,email,1
2556,1f8accc82c7b,2025-02-21,LT,Kaunas ,F,1978,affiliate,1
2557,2e44719198de,2025-02-21,LT,Vilnius,M,,affiliate,0
2558,63da7c074acd,2025-02-21,EE,Tallinn,M,1999,paid_social,1
2559,0a28ff238c64,2025-02-21,LT,Panevezys,M,1998,direct,1
2560,04300015825e,2025-02-21,LT,Tauragė,M,1979,organic_search,1
2561,d0e4f5cc95d2,2025-02-21,LT,,F,1992,referral,1
2562,37e4374c5d1d,2025-02-21,LT,Vilnius,M,1969,direct,0
2563,ed685aa0efe4,2025-02-22,EE,Tallinn,,1979,direct,1
2564,c07f1bc57978,2025-02-22,LT,Kaunas,M,1990,direct,1
2565,3edf1cf25841,2025-02-22,LT,Šiauliai,M,1995,paid_social,1
2566,4ef1550bc98e,2025-02-22,LT,Vilnius,M,1970,paid_search,0
2567,d73a7e126c28,2025-02-22,LT,Vilnius,F,1980,paid_social,0
2568,a2e24dff3fc6,2025-02-23,EE,Valga,M,1992,paid_social,1
2569,df2acdad97f8,2025-02-23,LT,Kaunas,M,1973,paid_search,1
2570,cb135ab9302c,2025-02-23,LV,Rīga,F,,paid_social,0
2571,d17aeee159fa,2025-02-23,LT,Kaunas,M,2005,organic_search,1
2572,f57aa17bb4ce,2025-02-24,LT,Vilnius,F,2001,organic_search,1
2573,5b94e3e1cad1,2025-02-24,LV,,M,1951,paid_social,1
2574,e042ef02a917,2025-02-24,LT,,F,1999,affiliate,1
2575,514984fb5ddf,2025-02-24,LT,Kunas,F,1974,organic_search,1
2576,8eb693e06590,2025-02-24,EE,Tallinn,F,1999,direct,0
2577,2b6de2d8f953,2025-02-25,LV,Rīga,M,2000,paid_social,1
2578,73af3416368f,2025-02-25,LT,Alytus,F,1992,paid_social,1
2579,a9921879e95a,2025-02-25,LT,Rokiškis,F,1990,paid_social,0
2580,9bc1adf9376a,2025-02-25,EE,Tallinn,F,1970,referral,0
2581,b81615f73032,2025-02-25,LT,Vilnius,F,1985,direct,1
2582,6bffe8c22cc2,2025-02-25,LV,Jelgava,M,1975,email,1
2583,3107c6e0678b,2025-02-25,LT,Jurbarkas,X,1985,organic_search,0
2584,93d0e52256b7,2025-02-25,LT,Panevėžys,F,1960,affiliate,1
2585,58b34e7b8769,2025-02-26,LT,Kaunas,M,,paid_search,0
2586,5cd74c2e5c07,2025-02-26,LT,Visaginas,F,1989,paid_social,0
2587,c5b9cf63bde0,2025-02-26,LT,Klaipeda,M,1988,paid_search,1
2588,081a0e3a9e9c,2025-02-27,LT,Rokiškis,M,1993,organic_search,1
2589,e9696d1eb6d6,2025-02-27,EE,Tallinn,F,1986,paid_social,0
2590,595ed5e801e0,2025-02-27,EE,Kohtla-Järve,F,1982,affiliate,1
2591,05a7837f17c3,2025-02-27,LT,Garliava,F,1973,paid_social,1
2592,421d50a308e2,2025-02-27,LT,Vilnius,F,1989,organic_search,1
2593,60f62a4c9e6e,2025-02-27,LT,Vilnius,M,1981,affiliate,1
2594,0d70ccdff667,2025-02-27,LV,Даугавпилс,M,1985,affiliate,1
2595,9fe34dc360e0,2025-02-27,LT,Vilnius,M,1984,paid_search,1
2596,3dcbeea3f961,2025-02-27,LT,Kaunas,M,1995,organic_search,1
2597,fb0fee5d7d46,2025-02-27,LT,Vilnius,M,,affiliate,1
2598,a15b7157bd9e,2025-02-28,LT,Vilnius,M,1979,email,1
2599,630f1c6bfa2f,2025-02-28,LV,Rīga,F,1978,paid_social,1
2600,9e88ba21dbc8,2025-02-28,EE,Tallinn,F,1990,organic_search,1
2601,7c0e99662d80,2025-03-01,LT,Vilnius,M,,paid_social,0
2602,1b805c15c83c,2025-03-01,LT,Vilnius,X,1982,affiliate,1
2603,ad005af3b159,2025-03-01,LV,Rezekne,F,1995,paid_social,1
2604,6d2bea9393f6,2025-03-01,LT,Klaipėda,M,,paid_social,0
2605,d9840c481bae,2025-03-01,LT,Kaunas,M,1976,organic_search,1
2606,3cd6becb97c6,2025-03-01,LT,Garliava ,F,1982,paid_search,1
2607,eda35dbe3d76,2025-03-01,LV,Rīga,F,1984,paid_search,1
2608,dce7f34854e3,2025-03-01,LT,Klaipėda,F,,referral,0
2609,d632c1644f9b,2025-03-01,LT,Panevėžys,F,1992,referral,1
2610,7292ecd67899,2025-03-02,LT,Šiauliai,F,,direct,0
2611,26ee98cab7f4,2025-03-02,LV,Riga,F,,organic_search,1
2612,72a5148e2b35,2025-03-02,LT,Siauliai,,1968,paid_social,0
2613,4f6463b2d9d9,2025-03-02,LT,,F,1981,affiliate,0
2614,2eef4ff3e1fa,2025-03-02,LV,Riga,F,1981,direct,1
2615,f83bc95da657,2025-03-02,LT,Anykščiai,M,1997,organic_search,1
2616,ca39ef9b5fd0,2025-03-02,LV,Liepāja,M,1981,organic_search,0
2617,9fc8c788dfcb,2025-03-02,LT,Šiauliai,F,1995,organic_search,0
2618,6228bd45fe73,2025-03-03,LT,,F,1993,paid_search,1
2619,b7de7c1f1d7a,2025-03-03,LT,Vilnius,F,1988,paid_social,0
2620,35f121c2cccc,2025-03-03,LT,Kaunas,F,1991,organic_search,0
2621,8004344fe03e,2025-03-03,LT,Kaunas,F,,direct,1
2622,45974369ba2c,2025-03-04,LT,Vilnius,M,1992,paid_search,0
2623,731dd579e56b,2025-03-04,LT,Kaunas,M,1983,paid_search,1
2624,b6fceb8eba45,2025-03-04,LT,Kaunas,,1982,organic_search,1
2625,ebb1192e6a8a,2025-03-04,LT,,F,1970,referral,0
2626,da65f0ecb2e6,2025-03-04,LT,Vilnius,M,,organic_search,1
2627,92b1f3ac8d50,2025-03-04,LT,Vilnius,M,2003,affiliate,0
2628,22d7ffc2036f,2025-03-04,LT,Vilnius,M,1960,direct,0
2629,7454be5da64c,2025-03-04,LT,Kaunas,F,1972,organic_search,0
2630,a3b83a88f1f7,2025-03-05,LT,Vilnius,F,1993,organic_search,1
2631,f04abe5bbcc1,2025-03-05,LT,Vilnius,F,1969,referral,1
2632,5bd9ce352504,2025-03-05,LT,Vilnius,F,,paid_social,0
2633,8839ee5a46db,2025-03-05,LT,Kaunas,M,1999,direct,1
2634,1850114f61e7,2025-03-05,LV,Rīga,,1983,referral,0
2635,4862d1c1a80a,2025-03-05,LT,Kaunas,M,,paid_search,1
2636,7e8a04c24db8,2025-03-05,LT,,,1991,paid_social,0
2637,ab9aa38f8aec,2025-03-05,LV,Riga,M,,organic_search,0
2638,1a6b0b572bb3,2025-03-05,LT,Kaunas,F,,paid_social,1
2639,18c69f276886,2025-03-05,LT,Vilnius,F,1979,organic_search,1
2640,56ff724cd540,2025-03-06,LT,Kaunas,M,1973,paid_social,0
2641,802bba55085f,2025-03-06,LT,,X,2003,direct,1
2642,5d8f26aa6b12,2025-03-06,LT,Vilnius,M,1997,referral,0
2643,7583bf324dde,2025-03-06,LT,Vilnius,M,2001,organic_search,0
2644,8226b42ce248,2025-03-06,LT,Kaunas,M,,paid_social,0
2645,c5101085bdf7,2025-03-06,LT,,F,1998,organic_search,1
2646,c0f57dc8e4af,2025-03-06,LV,Rīga,M,1984,paid_search,0
2647,abcffd5066c5,2025-03-06,LT,Sialiai,F,1990,paid_social,1
2648,0a1db223946e,2025-03-07,LT,Vilnius,,1995,referral,1
2649,61a084326885,2025-03-07,LT,šiauliai,M,1983,referral,0
2650,8e4656c509a1,2025-03-07,LT,Vilnius,F,1979,paid_social,0
2651,5596eb65b5a9,2025-03-07,LT,Vilnius,F,1978,paid_search,1
2652,e4c3a9c595b9,2025-03-08,EE,Tallinn,M,1983,paid_search,1
2653,b929a6eff05b,2025-03-08,LT,,F,1990,direct,0
2654,40d7942f1656,2025-03-08,LT,Vilnius,F,,affiliate,1
2655,4c9378df8eb1,2025-03-08,LT,Vilnius,M,1971,paid_social,1
2656,ca470bc92041,2025-03-08,LT,Vilnius,M,1994,organic_search,0
2657,86bfaefe827f,2025-03-08,LV,Rīga,,,organic_search,1
2658,2bf66a4ae899,2025-03-09,LT,Klaipėda,M,1986,affiliate,1
2659,7aa796ae0590,2025-03-09,LT,Vilnius,M,1981,email,1
2660,86e90f3f7724,2025-03-09,LT,Šiauliai,F,1990,paid_search,0
2661,28094ae5ab69,2025-03-09,LT,Gargždai,F,1988,direct,1
2662,c6d3c731fbad,2025-03-09,LT,Vilnius,F,,paid_search,0
2663,a4b33da5c7b7,2025-03-09,LT,Šiauliai,F,2007,direct,0
2664,12c2eaee36c1,2025-03-09,LT,Kaunas,F,1989,paid_social,0
2665,4374f472edbe,2025-03-09,LT,Vilnius,M,1976,paid_social,1
2666,c2d71eb608fe,2025-03-09,LT,Vilinus,F,1989,email,1
2667,aab1992c0285,2025-03-09,EE,Tallinn,F,1964,email,1
2668,3a2478fcd51f,2025-03-09,LT,Kaunas,F,1971,paid_search,1
2669,b0c85bb1856c,2025-03-10,LT,,M,,paid_social,0
2670,45b5b4be7a10,2025-03-10,LT,Vilnius,M,1966,paid_social,0
2671,f63e126ecab9,2025-03-10,LT,Vilnius,M,1987,direct,0
2672,18a06c8d2e81,2025-03-10,LT,,M,1992,organic_search,0
2673,4bedb24e8681,2025-03-10,LT,Kaunas,F,2002,organic_search,1
2674,4a72c14f8626,2025-03-10,LT,Vilnius,F,1999,organic_search,0
2675,2bc350648ae8,2025-03-11,LT,Vilnius,F,1976,organic_search,0
2676,c46bfa1d1cfd,2025-03-11,LT,Plungė,X,1981,paid_search,0
2677,83d8f960d90e,2025-03-11,LT,Vilniaus r.,F,1987,organic_search,0
2678,27903fdefffb,2025-03-11,LT,Raseiniai,,1969,organic_search,0
2679,4bbcb18e0977,2025-03-12,LT,Siauliai,F,1992,paid_search,0
2680,e3ee356e9d55,2025-03-12,LV,Jūrmala,F,2001,paid_social,0
2681,e06344e616e6,2025-03-12,LT,Mažeikiai,,1995,organic_search,1
2682,487d67bf30ee,2025-03-12,LT,Vilnius,M,,direct,1
2683,18101ff01422,2025-03-13,LT,Vilnius,F,,paid_search,0
2684,3c7c78ce13ef,2025-03-13,LT,Vilnius,F,,paid_search,0
2685,9a2b3e7e1aa0,2025-03-13,LT,Kaunas,F,1990,paid_social,1
2686,8575514ae388,2025-03-13,LT,Šiauliai,F,2025,paid_social,1
2687,8d6634ea4cf8,2025-03-14,LT,Vilnius,F,,direct,1
2688,a39801b7ecda,2025-03-14,LV,Rēzekne,F,1998,direct,0
2689,dc833e4b2c20,2025-03-14,LV,Daugavpils,X,1991,organic_search,1
2690,cac229771df4,2025-03-14,LT,,F,2001,paid_social,1
2691,bec02e98eb11,2025-03-14,LT,Panevezys,,1965,paid_search,0
2692,06b7cdc6c8b1,2025-03-14,LT,Prienai,M,2005,referral,0
2693,c1db95e9907c,2025-03-14,LT,Vilnius,M,1965,paid_social,1
2694,3b7c29a2991c,2025-03-15,LV,Rīga,F,,direct,0
2695,cb534605ab38,2025-03-15,LT,Telšiai,F,1989,referral,0
2696,b03d292b19f3,2025-03-15,LT,Šiauliai,M,1990,email,1
2697,84463cba2609,2025-03-15,LT,Tauragė,F,1960,direct,0
2698,fdfb70d73713,2025-03-15,LT,Vilnius,M,1996,direct,1
2699,abf2c9c96333,2025-03-15,LT,Klaipėda,F,1998,direct,0
2700,5de473a4dfb7,2025-03-15,LT,vilnius,F,,affiliate,0
2701,26209ef2e8fc,2025-03-16,LT,Vilnius,F,1999,paid_social,0
2702,1eae244ea2cd,2025-03-16,LT,Vilnius,F,1976,paid_search,0
2703,c4f034f009a4,2025-03-16,LT,Vilnius ,F,1988,affiliate,0
2704,171be62cb1b7,2025-03-16,LT,Klaipėda,F,1995,organic_search,1
2705,da0d4025d0ee,2025-03-16,LT,Klaipėda,,,paid_search,0
2706,46f4c14c2069,2025-03-16,LT,Klaipeda,F,1964,organic_search,0
2707,db507731f05d,2025-03-16,LT,KAUNAS,F,1992,paid_search,0
2708,69520f24ed75,2025-03-16,LT,Šiauliai,F,2000,direct,0
2709,a1e875fac4de,2025-03-16,LT,Šiauliai,M,1967,paid_social,0
2710,ad672411195d,2025-03-17,EE,,F,1991,paid_search,1
2711,b3c483ce82d8,2025-03-17,LT,Telšiai,F,1973,organic_search,0
2712,d3f141c37d3e,2025-03-17,LT,Vilnius,F,,affiliate,1
2713,471e0f61811c,2025-03-17,LT,Vilnius,F,1980,paid_search,0
2714,f59ddb7a2bde,2025-03-17,EE,Tallinn,F,1990,organic_search,1
2715,d326f2b87077,2025-03-17,LT,Jonava,F,1996,email,1
2716,41542f280739,2025-03-17,LV,Rīga,F,,referral,1
2717,76fb92b288c1,2025-03-17,LT,Panevėžys,F,2001,paid_search,1
2718,c7c568632a60,2025-03-17,LT,Kaunas,M,1987,affiliate,0
2719,bda2f851ea6c,2025-03-17,LT,Vilnius,M,1965,paid_social,1
2720,5c09444ae9a7,2025-03-18,LT,Vilnius,F,1976,organic_search,1
2721,a503c0d93de9,2025-03-18,LT,Kaunas,,,direct,1
2722,960f61df4ecb,2025-03-18,EE,Tallinn,M,,organic_search,1
2723,1c77d42e5098,2025-03-18,LV,Rīga ,F,1984,paid_search,1
2724,2ffbb4e1659a,2025-03-18,LT,Kaunas,F,1970,direct,0
2725,20ab06ac86bf,2025-03-18,LT,Vilnius,F,1985,affiliate,1
2726,e30a936590f6,2025-03-18,LT,Elektrėnai,M,1967,paid_social,1
2727,735b42866670,2025-03-18,LT,Vilnius,F,1976,paid_search,1
2728,b9633fe1735a,2025-03-18,LT,Plungė ,M,,organic_search,1
2729,156a94afa86f,2025-03-19,LV,Rīga,M,1993,paid_search,1
2730,1a55d7715805,2025-03-19,EE,Tartu,F,1980,organic_search,1
2731,edec0671aa72,2025-03-19,LT,Plungė,,,paid_social,0
2732,2f3faad82aad,2025-03-19,LV,Rīga,F,1985,paid_social,1
2733,1ff39d8200df,2025-03-19,LT,Vilnius,F,1953,paid_social,0
2734,dda7cc5ee1a1,2025-03-19,LT,Alytus,M,1988,organic_search,0
2735,106787cef4ce,2025-03-19,LT,Vilnius,F,1988,paid_search,1
2736,bfca4d231a43,2025-03-20,EE,Tallinn,M,1977,email,0
2737,b30ecccd5534,2025-03-20,LT,Vilnius,,1999,direct,0
2738,2b679a54b74e,2025-03-20,EE,Tallinn,F,1983,email,1
2739,ee40ecde5b5f,2025-03-20,LT,Vilnius,F,1970,organic_search,0
2740,2a47e0a6dd96,2025-03-20,LT,Kaunas,F,1969,organic_search,1
2741,c9e5d1e403df,2025-03-20,LT,,F,1982,organic_search,0
2742,fe8783ad2e71,2025-03-20,LV,Даугавпилс,F,1988,organic_search,1
2743,1bf30538fba8,2025-03-20,LT,Kaunas,M,1996,paid_social,1
2744,60d4337b8644,2025-03-21,LT,kaunas,M,1997,paid_search,1
2745,6d68fe6c8995,2025-03-21,LV,Rīga,F,1993,direct,1
2746,83b7fd25333a,2025-03-21,LV,Rīga,M,1981,referral,1
2747,e288f15b4a1e,2025-03-21,LT,Šiauliai,M,1980,paid_social,1
2748,a826b6860296,2025-03-22,LT,Kaunas,F,1984,affiliate,1
2749,dcb8a5c88b18,2025-03-22,LT,Utena,F,1989,paid_social,0
2750,1e7c8aee3b98,2025-03-22,LT,Kaunas,M,1974,paid_social,0
2751,4ba6a3145bed,2025-03-22,LT,Panevėžys,F,1989,paid_social,1
2752,351ba8975f82,2025-03-22,LT,Panevėžys,M,1999,paid_social,1
2753,8c5528e8db3b,2025-03-22,LT,Vilnius,F,1994,direct,0
2754,f2f785844f4d,2025-03-22,LT,raseiniai,M,,direct,0
2755,4dc841416f81,2025-03-22,LT,Kaunas,M,1984,organic_search,1
2756,7f45a4b3e73b,2025-03-22,LT,KAUNAS,F,1969,paid_search,0
2757,dc7a95372cb4,2025-03-22,LT,Vilnius,F,1999,paid_search,1
2758,b26b1247fc0f,2025-03-23,EE,Kohtla-Järve,F,1980,paid_search,1
2759,5c48e851f76f,2025-03-23,LT,Klaipėda,F,,organic_search,1
2760,9fc761457d12,2025-03-23,LT,Vilnius,M,1991,referral,0
2761,7b90b5e5ba97,2025-03-23,EE,Tallinn,M,1987,referral,0
2762,e237abd4dc3b,2025-03-23,LT,Kaunas,M,,organic_search,0
2763,3d25ffba25d9,2025-03-24,LT,Telšiai,F,1978,referral,1
2764,ac5a9e7249b6,2025-03-24,LT,,F,2006,referral,1
2765,9e9e0956ef7d,2025-03-24,LT,Vilnius,F,1989,paid_search,0
2766,e2df49f1cf5f,2025-03-24,LT,Vilnius,F,1976,paid_social,1
2767,b89ad0c3644b,2025-03-24,LT,Telšiai,M,1996,paid_social,0
2768,c0f5c332145f,2025-03-24,LT,Panevėžys,F,1979,direct,0
2769,8c6f6fab6d92,2025-03-24,LT,Marijampolė,M,2007,organic_search,0
2770,30fa5fa24d22,2025-03-24,LT,Kaunas,M,2004,paid_search,0
2771,88e4e9187182,2025-03-24,LT,Kauans,F,,organic_search,1
2772,9c28c9a2738a,2025-03-24,LT,Vilnius,F,1990,direct,0
2773,5c10e44f695f,2025-03-24,LT,Kaunas,F,1978,direct,1
2774,d05fe83b220b,2025-03-25,LT,Vilnius ,M,2003,direct,0
2775,0023900280ec,2025-03-25,LT,Vilnius,,1993,paid_social,1
2776,4c06a03976eb,2025-03-25,LT,Vilnius ,M,,direct,0
2777,1514bb3f8b08,2025-03-25,LT,Vilnius,F,1986,organic_search,1
2778,1526421357ab,2025-03-25,LV,Rīga,M,1972,paid_social,0
2779,d81e50e26af5,2025-03-25,LT,Klaipėda,M,2000,paid_social,0
2780,5effabcfe961,2025-03-25,LV,Rīga,,1983,paid_search,1
2781,0678b906f778,2025-03-25,LT,Alytus,F,,email,1
2782,4fef8f06c96a,2025-03-25,LT,Tauragė,F,1984,organic_search,0
2783,6e6609eff5c4,2025-03-26,LT,Vilnius,F,1992,referral,0
2784,4bd1429f55eb,2025-03-26,LT,,M,,paid_search,1
2785,48ece68c926f,2025-03-26,LT,Kaunas,F,1988,affiliate,0
2786,e47d2f0c5068,2025-03-26,LT,Lentvaris,F,1981,paid_social,1
2787,a905153f443d,2025-03-26,LT, Vilnius,F,2003,direct,1
2788,808a6e27ea3b,2025-03-26,EE,Кохтла-Ярве,M,1989,paid_social,0
2789,43b69c383047,2025-03-26,LT,vilnius,F,1987,direct,0
2790,a1e92acc21fb,2025-03-26,LT,Vilnius,F,1997,organic_search,1
2791,455b27bf4696,2025-03-26,LT,Vilnius,F,1999,paid_social,1
2792,bdb51f4f4cce,2025-03-27,LT,Panevėžys,M,1955,referral,0
2793,0313d82d35f7,2025-03-27,EE,Tallinn,F,1955,organic_search,1
2794,e23ffa2afb07,2025-03-27,LT,Vilnius,M,,affiliate,0
2795,1b4e74329abb,2025-03-27,LV,Rīga,M,1984,organic_search,0
2796,dad557a3e9b7,2025-03-27,LT,Vilnius,F,1978,organic_search,1
2797,fa42636f71da,2025-03-27,LT,Molėtai,M,1995,paid_search,0
2798,e26cdc3f55d0,2025-03-27,LT,Klaipėda,F,1996,organic_search,0
2799,ee91c2f438fa,2025-03-27,LT,KLAIPEDA,F,,organic_search,0
2800,98ef625f88e1,2025-03-27,LV,,F,1990,paid_search,1
2801,061c61f87ecd,2025-03-27,LV,Tukums,M,1991,paid_search,0
2802,31c3c0104411,2025-03-28,LV,Rīga,F,1996,paid_social,0
2803,d49e6595e401,2025-03-28,LV,Rīga,F,1984,organic_search,1
2804,b6f2b8ffc390,2025-03-28,LT,Vilnius,F,1982,paid_social,1
2805,b34fe728faa7,2025-03-28,EE,Tallinn,M,1997,paid_search,0
2806,7b6ee10a6fc0,2025-03-28,LT,Druskininkai,F,1990,paid_social,1
2807,433b7c1e663b,2025-03-28,LT,Vilnius,F,1967,paid_social,0
2808,75a5b78fecd9,2025-03-28,LT,Mažeikiai,M,1987,paid_search,0
2809,45856659f1ef,2025-03-28,LT,Šilutė,M,1978,direct,1
2810,b433fd4e41dc,2025-03-29,LT,Vilnius,F,1999,paid_social,0
2811,184faca0e9fa,2025-03-29,LT,Visaginas,M,1997,organic_search,0
2812,1f02a252adcb,2025-03-29,LT,Vilnius,,1993,direct,1
2813,68c93ce3d2ba,2025-03-29,LT,Panevezys,F,,organic_search,1
2814,fe7f881e1aa4,2025-03-29,EE,Tallinn,F,1967,direct,1
2815,2fe6798f8775,2025-03-29,EE,Narva,M,1988,direct,1
2816,163ba0bab3d3,2025-03-29,LT,Panevėžys,M,1990,organic_search,0
2817,829280e13778,2025-03-29,LT,Alytus,F,2003,direct,1
2818,3419d4198fd1,2025-03-29,LT,Jonava,M,1981,organic_search,1
2819,2ab9f6b1d08a,2025-03-29,LT,Kaunas,F,1984,referral,1
2820,6ff5d8297520,2025-03-29,LT,Kaunas,F,1979,organic_search,1
2821,80f0fd58f5da,2025-03-30,LT,Vilnius,,,paid_search,1
2822,6f48ff7012d9,2025-03-30,LT,Kaunas,F,1973,email,1
2823,30f6d6084445,2025-03-30,LT,Klaipėda,F,1987,direct,0
2824,0e029ce957fd,2025-03-30,LV,Jēkabpils,M,,organic_search,1
2825,aa2990e91f93,2025-03-30,LT,Kaunas,M,1985,paid_search,1
2826,224f61625f04,2025-03-30,LT,Kedainiai,M,1988,paid_social,1
2827,7bc24edb5663,2025-03-31,LT,,F,1997,paid_social,0
2828,6f47ff34b33c,2025-03-31,LT,Vilnius,F,1997,paid_social,0
2829,4c5727269949,2025-03-31,LT,Kaunas,F,1993,direct,0
2830,1855f02e9b12,2025-03-31,EE,,F,1976,paid_search,0
2831,8cb0476649c4,2025-03-31,LV,Rīga,,1993,organic_search,1
2832,832817d32b94,2025-03-31,LT,Šiauliai,F,1995,direct,1
2833,2b3891c1f87d,2025-03-31,LT,Kauno r.,M,,referral,0
2834,6b751b6c12de,2025-03-31,EE,Maardu,M,1990,referral,0
2835,cb162ffa971a,2025-03-31,LT,Vilnius,,1995,paid_search,1
2836,827a673c41b2,2025-03-31,LT,Kaunas,M,1979,paid_search,0
2837,c8b90b23f02c,2025-04-01,LT,Alytus,M,1998,referral,1
2838,09be6d8cf54d,2025-04-01,LV,Рига,,1966,paid_social,0
2839,6b187d7aef90,2025-04-01,LT,Vilnnius,F,2006,referral,0
2840,5778a3c91dc5,2025-04-01,LT,Vilnius,F,1977,paid_search,0
2841,048b61497b6d,2025-04-01,LT,Mažeikiai,M,1993,paid_social,1
2842,267aaa61e00a,2025-04-01,LT,Šiauliai,F,1995,paid_search,0
2843,25035f2585a2,2025-04-01,LT,Alytus,M,,paid_social,1
2844,67fd84389056,2025-04-01,LV,Salaspils,M,1991,organic_search,1
2845,9f338a803781,2025-04-01,LT,Vilnius,M,1987,paid_social,1
2846,7e2eecd94b91,2025-04-01,EE,Tallinn,M,1974,organic_search,1
2847,894470de6fa0,2025-04-01,EE,Tallinn,M,,affiliate,0
2848,3865fa505368,2025-04-01,LT,Kaunas,M,1991,organic_search,1
2849,0729b4d3b71f,2025-04-01,LT,Vilnius,M,1989,referral,0
2850,c2ddba9954da,2025-04-01,LT,Klaipėda,M,,paid_search,0
2851,abf8f41b4b10,2025-04-01,LV,Liepāja,M,1980,organic_search,0
2852,2fe4158d6e60,2025-04-01,EE,Tartu,F,1986,affiliate,1
2853,392978c07ed6,2025-04-02,LV,Rīga,F,,paid_social,0
2854,901ac509537f,2025-04-02,LT,Vilnius,,1985,organic_search,0
2855,1e83c4eafbf5,2025-04-02,LT,Kėdainiai,F,1974,affiliate,1
2856,e86580df4192,2025-04-02,LT,Vilnius,M,,organic_search,1
2857,6c4659739949,2025-04-02,LT,Vilnius,M,1972,paid_social,1
2858,70f11e78987b,2025-04-02,LT,Vilnius,F,1970,referral,1
2859,5a60269f47a1,2025-04-03,LT,Jonava,M,1984,direct,1
2860,1316b0999b51,2025-04-03,LV,Rīga,F,1993,referral,1
2861,507442c09e1c,2025-04-03,LT,Panevėžys,M,1983,referral,0
2862,f057b5becdd8,2025-04-03,LT,Visaginas,F,1998,paid_social,1
2863,1985a4714850,2025-04-03,EE,Tartu,M,1970,paid_search,1
2864,6e5666dade5c,2025-04-04,LT,Klaipėda,,1989,direct,0
2865,cfa917a27768,2025-04-04,LT,siauliai,M,,referral,1
2866,988db1dbf593,2025-04-04,LT,Kaunas,F,1994,referral,0
2867,9a4a1acc1333,2025-04-05,LV,Rīga,F,1974,paid_search,1
2868,31da036032b7,2025-04-05,LT,Klaipėda,F,2002,paid_search,0
2869,db815b1f7ab0,2025-04-05,LV,Riga,F,,paid_social,1
2870,460feeec04cb,2025-04-05,LT,Klaipeda,F,1975,paid_social,0
2871,efca0b63bfc1,2025-04-05,LV,Riga,M,2001,organic_search,1
2872,9c1e92b3a566,2025-04-05,LV,Riga,F,1983,paid_social,1
2873,011a4afcaf52,2025-04-06,LT,Vilnius,M,1990,paid_search,0
2874,4a7bc082b463,2025-04-06,LT,Kaunas,M,1978,referral,0
2875,9fa302be5c31,2025-04-06,LT,Vilnius,F,,affiliate,0
2876,dbdc6eb0c3af,2025-04-06,LT,Vilnius,M,,organic_search,1
2877,6ddef1368456,2025-04-06,LT,,F,1975,direct,1
2878,986b215b592e,2025-04-06,LT,Vilnius,F,1997,affiliate,1
2879,f899ccce82a9,2025-04-06,LT,Alytus,F,1981,organic_search,0
2880,2ae53811539c,2025-04-07,LT,Vilnius,M,1974,paid_search,1
2881,c6d4a0356dc0,2025-04-07,LT,Vilnius,F,1993,organic_search,1
2882,5efaef028d9c,2025-04-07,LT,Vilnius,M,1984,organic_search,0
2883,0b0a1983a978,2025-04-07,LT,Mažeikiai,F,,paid_social,0
2884,037f8e35eca4,2025-04-07,EE,Kohtla-Järve,M,1982,paid_search,0
2885,b97a163a3c0a,2025-04-07,LV,Rīga,M,1979,organic_search,1
2886,7d1847db847a,2025-04-07,EE,Tallinn,M,,organic_search,1
2887,c388434275e9,2025-04-07,LT,Plungė,M,1984,paid_social,0
2888,b44cfde33ce1,2025-04-07,LT,Tauragė,F,1971,organic_search,0
2889,0f8fb3021ac0,2025-04-07,LT,Kaunas,F,1973,paid_social,1
2890,bd515065ebb7,2025-04-07,LT,Vilnius,M,1995,affiliate,0
2891,6e2ab076e84b,2025-04-07,LT,Ukmergė,M,1994,organic_search,1
2892,6b1f7ccda018,2025-04-07,LT,Vilnius,F,1984,paid_social,1
2893,10c8f554a3c2,2025-04-07,LT,Klaipėda,,1984,paid_search,1
2894,7aac604459f3,2025-04-08,LT,Kaunas,M,,organic_search,1
2895,41e23c72c085,2025-04-08,LT,Kelmė,M,1967,direct,0
2896,5acc40001f28,2025-04-08,LV,Jelgava,M,1959,paid_social,1
2897,9af6ef5543b0,2025-04-08,LT,Mažeikiai,M,1965,paid_search,0
2898,81166c56267e,2025-04-08,LT,Birzai,,1996,referral,0
2899,14454ce15d3d,2025-04-08,LT,Klaipeda,M,1991,paid_social,0
2900,3846c12cd569,2025-04-08,LT,Kaunas,M,,direct,0
2901,d3a646c1f40a,2025-04-09,LT,Vilnius,M,2006,paid_social,1
2902,4b4a9c76ab0a,2025-04-09,LT,Vilnius,F,1983,paid_search,1
2903,019e246a43af,2025-04-09,LT,Vilnius,F,1982,direct,1
2904,74b586795c63,2025-04-09,LT,Vilnius,M,1994,paid_search,0
2905,1b9114ad7cc3,2025-04-09,LT,Klaipėda,F,1973,paid_search,0
2906,221efe10918a,2025-04-09,LT,Plungė,M,1988,organic_search,0
2907,651dbea51170,2025-04-09,LT,Vilnius,,1976,organic_search,1
2908,f612fc0b325f,2025-04-09,LT,Vilnius,F,1977,referral,1
2909,1a1187d10871,2025-04-10,EE,võru,F,1961,referral,1
2910,8e382de11d63,2025-04-10,LT, Vilnius,F,1982,affiliate,1
2911,d4d1b7c9e6cd,2025-04-10,LT,Kaunas,F,1996,organic_search,0
2912,61c98e25e643,2025-04-10,LT,Kaunas,F,2000,organic_search,1
2913,ff39eb93333a,2025-04-10,LT,Vilnius,,1983,organic_search,1
2914,904bba90a901,2025-04-10,LT,,M,1992,referral,1
2915,bc288e74c30d,2025-04-10,LT,Vilnius,F,1974,organic_search,0
2916,bb6118086c36,2025-04-10,LV,Rēzekne,F,1956,paid_social,1
2917,df3daf9269a0,2025-04-11,LT,vilnius,M,1981,paid_social,0
2918,c35fb359d262,2025-04-11,LT,Vilnius,F,1978,organic_search,0
2919,252919c3d3e2,2025-04-11,LT,Klaipeda,F,2001,email,1
2920,434a8fce2e3e,2025-04-11,EE, Tallinn,F,,paid_search,1
2921,97cc7c1e157f,2025-04-11,LT,Vilnius,M,1991,paid_search,1
2922,db3c6a50f9cf,2025-04-11,LT,Kaunas,,,paid_social,1
2923,e3c781a373c5,2025-04-11,LT,Vilnius ,M,1995,organic_search,1
2924,510d60a96848,2025-04-12,LT,,M,1989,paid_search,1
2925,8625366bfcd8,2025-04-12,LT,Alytus,F,1993,organic_search,1
2926,ac5caa8c49ed,2025-04-12,LT,Vilnius,M,1986,direct,0
2927,9f04ffae9064,2025-04-12,LT,,F,2007,paid_social,0
2928,7adbe2a07bbd,2025-04-12,LT,Kaunas,F,1987,organic_search,0
2929,1e3b68ce500d,2025-04-12,LT,Vilnius,F,1987,affiliate,1
2930,46062aee4ad8,2025-04-12,LT,Kaunas,F,,organic_search,1
2931,4b59caf34a34,2025-04-12,LT,Ukmergė,,1997,organic_search,0
2932,7fcd943831bb,2025-04-12,LT,Klaipėda,F,1998,organic_search,1
2933,161f1f165e23,2025-04-13,LV,Liepāja,F,2001,organic_search,0
2934,09ea65562fa3,2025-04-13,LT,Kaunas,,1990,paid_social,1
2935,e1383725c3cf,2025-04-13,LV,Rīga,F,1982,organic_search,1
2936,5c884cc62ce0,2025-04-13,LV,Rīga,M,1974,organic_search,1
2937,649d6b5e1a30,2025-04-13,LT,Kaunas,M,1997,paid_search,0
2938,d15ad5ff1b66,2025-04-13,LT,Kretinga,M,2004,paid_search,1
2939,5daebda3ec12,2025-04-13,LT,Vilnius,F,1988,paid_search,0
2940,b2ce6736214d,2025-04-13,LT,Vilnius,M,,organic_search,1
2941,3ff0c1ee15a8,2025-04-13,LT,Raseiniai,M,1987,organic_search,0
2942,df59e138a49c,2025-04-13,LT,Vilnius,F,1975,organic_search,0
2943,40392580de13,2025-04-13,LT,Jonava,F,1986,organic_search,1
2944,7dc612c94242,2025-04-13,LV,Liepaja,F,1987,paid_social,0
2945,4ae5c80ef34e,2025-04-13,LT,marijampole,M,1997,paid_social,1
2946,9c0742a847c3,2025-04-13,LT,,F,1988,paid_search,1
2947,fd6261fdea09,2025-04-14,LT,Kaunas,M,1988,paid_search,0
2948,8f2765d74f83,2025-04-14,LT,Mazeikiai,F,1993,organic_search,1
2949,60533c1a07a2,2025-04-14,LT,Klaipeda,M,1988,affiliate,1
2950,ec0e13740e12,2025-04-14,LT,Alytus,F,1959,organic_search,0
2951,2f21a2203ae7,2025-04-14,LT,Vilnius,M,1978,paid_search,0
2952,32b179347377,2025-04-14,LT,Kaunas,F,1970,paid_search,1
2953,f46ca845fc3e,2025-04-14,LT,Vilnius,F,1981,organic_search,1
2954,fe68568116ca,2025-04-14,LT,Utena,M,1984,organic_search,0
2955,0faaddd4abd7,2025-04-14,LT,Vilnius,F,2002,organic_search,1
2956,2ff8b6be279c,2025-04-14,LT,Grigiškės,M,1989,paid_social,1
2957,a45fab7502bf,2025-04-15,LT,Vilnius,F,1978,affiliate,0
2958,948c1b21737f,2025-04-15,LT,Vilnius,M,2001,affiliate,0
2959,dad9a16291a6,2025-04-15,LT,Šiauliai,M,,paid_search,1
2960,0ad9ef0e73fe,2025-04-15,LT,Vilnius ,F,1985,organic_search,0
2961,42534a284f16,2025-04-15,LT,Vilnius,F,1978,referral,0
2962,d9afffe428a8,2025-04-15,LT,Visaginas,F,1969,referral,1
2963,e2534910245c,2025-04-15,LT,Jonava,M,1991,paid_search,1
2964,099233718d37,2025-04-15,LT,Vilnius,M,1979,paid_search,1
2965,2584dcee0e1c,2025-04-15,LT,Telšiai,M,2025,organic_search,1
2966,4b3823799399,2025-04-16,LT,Alytus,M,1990,paid_social,1
2967,f1ffffc905fb,2025-04-16,EE,Tallinn,F,2003,paid_social,0
2968,345bdf844a84,2025-04-16,LT,vilnius,M,,referral,1
2969,5af2c1f1a286,2025-04-16,LT,Vilnius,M,1973,direct,0
2970,5399b51209d5,2025-04-16,LT,Kaunas,F,1976,paid_search,1
2971,d9942e11e2cd,2025-04-16,LV,Riga,M,1957,paid_social,1
2972,50472cbae7d7,2025-04-17,LT,Kaunas,M,1966,organic_search,0
2973,f2cd8e21b328,2025-04-17,LT,Vilnius,F,,organic_search,0
2974,6823232d3282,2025-04-17,LV,Jelgava,M,1984,email,0
2975,061344f9ea9c,2025-04-17,EE,Narva,F,,paid_search,1
2976,65644deda9e7,2025-04-17,LT,Kaunas,F,,paid_social,1
2977,6b4cec0cec72,2025-04-17,EE,Tallinn,F,1991,paid_social,1
2978,9f7f2faa3935,2025-04-17,LT,Kaunas,M,,affiliate,0
2979,976d0477b361,2025-04-17,LT,Kaunas,M,1974,paid_search,0
2980,1dc363b1e359,2025-04-17,LT,Klaipėda,,1993,paid_social,1
2981,b77d59ee351e,2025-04-17,LT,Kaunas,F,2000,direct,1
2982,ad57c0326917,2025-04-17,LT,Vilnius,F,1976,organic_search,1
2983,ae0380d55d5a,2025-04-17,LT,Vilnius,M,2001,email,1
2984,8b1be4bc50d1,2025-04-17,LT,Klaipėda,F,1981,paid_search,0
2985,e1ae5dd54635,2025-04-18,LT,Vilnius,M,1984,direct,1
2986,b8d1bfed62d9,2025-04-18,EE,Tallinn,M,1977,email,1
2987,eeebaa44a3ec,2025-04-18,LT,Vilnius,,1995,referral,1
2988,a304a47834a0,2025-04-18,LT,Vilnius,F,1997,organic_search,1
2989,247b9af5fcba,2025-04-18,LV,Ogre,F,,direct,0
2990,c9673a75736b,2025-04-18,LT,Kretinga,,2001,organic_search,1
2991,9e8f9d6f6e35,2025-04-18,LT,vilnius,F,,organic_search,0
2992,5dbade451b95,2025-04-18,LT,Panevėžys,F,,organic_search,1
2993,c066b375fe4c,2025-04-19,LT,,F,,organic_search,1
2994,9ba1d73a9628,2025-04-19,LT,Vilnius ,F,2025,paid_search,0
2995,e9f94261c5d3,2025-04-19,LT,Vilnius,F,1978,paid_social,1
2996,66de6308e0d7,2025-04-19,LT,Vilnius,F,2000,affiliate,1
2997,ea451a029860,2025-04-19,LT,Vilniaus r.,F,1963,organic_search,1
2998,e2c813b8bfa2,2025-04-19,LT,Vilnius,M,1985,organic_search,1
2999,6e615d6ab45e,2025-04-19,LT,Vilnius,M,1973,paid_social,1
3000,151351b2b392,2025-04-19,LT,Alytus,F,1959,direct,1
3001,3b035a095a01,2025-04-19,LT,Vilnius,M,1993,direct,1
3002,df2440782647,2025-04-19,LT,kaunas,M,,paid_social,1
3003,0efcc3515c4d,2025-04-19,LT,Kaunas,F,1992,paid_social,1
3004,21b64b77ee80,2025-04-20,LT,Panevėžys,M,1961,organic_search,1
3005,0a93d2d29242,2025-04-20,LT,Klaipėda,M,1989,paid_search,0
3006,04f7b00b5f53,2025-04-20,LT,Kaunas,F,,organic_search,1
3007,210a3f1a94e3,2025-04-20,EE,Tallinn,F,,organic_search,0
3008,9b32440dfae1,2025-04-20,LT,Panevėžys,M,1991,organic_search,1
3009,f396003107dd,2025-04-20,LT,Lentvaris,M,1974,email,1
3010,62f9c3170dd7,2025-04-20,LT,Kaunas,F,1982,paid_social,0
3011,8a8a9acf8eac,2025-04-20,LT,Kaunas,M,1982,referral,0
3012,a8935fa44e3a,2025-04-20,LV,rīga,F,1971,direct,0
3013,bb338c5c09e0,2025-04-20,EE,Võru,M,1987,affiliate,1
3014,9a424c644991,2025-04-21,LT,Kauas,F,,organic_search,1
3015,16c0c6bfed1d,2025-04-21,LV,Rīga,M,1967,organic_search,1
3016,10add84b797c,2025-04-21,LT,Kaunas,M,,paid_social,0
3017,9a7fcd028813,2025-04-21,LT,Vilnius,F,2005,paid_social,1
3018,26959b668ed0,2025-04-21,LT,Vilnius,F,1961,paid_search,1
3019,1ad4ed1ba4b5,2025-04-21,LT,Klaipėda,M,1981,organic_search,1
3020,dff32f545920,2025-04-21,LT,Panevėžys,F,1993,paid_social,1
3021,9a5eb1ede419,2025-04-22,LT,Vilnius,M,1986,organic_search,0
3022,ac5911823863,2025-04-22,LT,Vilnius ,F,1994,direct,1
3023,bbc12c86d835,2025-04-22,LT,Klaipeda,F,,organic_search,0
3024,68249b120462,2025-04-22,LT,Vilnius,F,1978,organic_search,0
3025,7d966298bf80,2025-04-22,LT,Vilnius,,1975,referral,0
3026,821cfa359ad5,2025-04-22,LT,,F,1989,paid_search,1
3027,a52ae92533e5,2025-04-22,LT,Palanga,F,1983,affiliate,0
3028,c3e7f6a6951e,2025-04-22,LT,Tauragė,M,1981,direct,1
3029,0737b74ad304,2025-04-23,LT,Šiauliai,M,1960,paid_social,0
3030,b29c5c9da763,2025-04-23,LT,Panevėžys,F,1998,referral,0
3031,aebd6a1f9644,2025-04-23,LT,Klaipėda,F,1977,direct,1
3032,c43f2fe7dc33,2025-04-23,LT,Ukmergė,F,,paid_social,1
3033,39b37986268a,2025-04-23,LT,Šiauliai ,F,1972,direct,1
3034,c491c28a1463,2025-04-23,LT,Vilnius,F,1997,paid_social,1
3035,b3785a5a6b2d,2025-04-23,LT,Raseiniai,F,1991,organic_search,1
3036,a905b9ad7561,2025-04-23,LT,Panevezys,M,1900,affiliate,0
3037,3b094700dcf4,2025-04-23,LT,kaunas,M,1982,affiliate,0
3038,ae6051d704ba,2025-04-23,LV,Rīga,F,1969,email,1
3039,ed1ca4caaa14,2025-04-23,LT,Vilnius,M,1967,direct,0
3040,4781c587d463,2025-04-23,LT,klaipeda,M,1987,organic_search,1
3041,b865267a84b9,2025-04-23,LT,Vilnius,M,,email,1
3042,4869e0de3f1c,2025-04-24,LT,Kaunas,F,1990,paid_social,0
3043,9ee945f05f74,2025-04-24,LT,Vilnius,F,1982,paid_search,0
3044,8d1253bfa5e1,2025-04-24,LV,Rīga,M,1992,referral,0
3045,6f346b2bc750,2025-04-24,LT,Šiauliai,F,1959,paid_social,1
3046,88df05e09fc7,2025-04-24,LT,Šiauliai,F,1989,paid_social,0
3047,e72b303be05a,2025-04-24,LT,Kaunas,F,1967,organic_search,1
3048,4e3629230a2a,2025-04-24,LT,Klaipėda,F,,affiliate,1
3049,3969b96d549f,2025-04-24,LT,Tauragė,F,1992,organic_search,0
3050,b6bdfa491437,2025-04-24,LT,Klaipėda,M,,paid_social,1
3051,69c16103b743,2025-04-25,LT,Vilnius,M,1983,direct,1
3052,057952710b4a,2025-04-25,LT,Anykščiai,M,1988,organic_search,0
3053,824ac7880ec4,2025-04-25,LV,Rīga,M,1990,referral,0
3054,fa0ba26f2e0d,2025-04-26,EE,Tallinn,M,1971,paid_search,1
3055,bb69ff1abb36,2025-04-26,LV,Rīga,M,1966,organic_search,0
3056,b73ad1c138fa,2025-04-26,LT,,M,1989,paid_search,0
3057,e687ab672b85,2025-04-26,LT,Panevėžys,M,1989,email,1
3058,de8c96116400,2025-04-27,LT,Kėdainiai,M,1996,organic_search,0
3059,bedba928cb95,2025-04-27,LT,Klaipėda,M,2002,paid_social,1
3060,0ffdb8f2ff54,2025-04-27,LT,Vilnius,F,1966,email,1
3061,79ccd49c7374,2025-04-27,LT,Vilnius,F,1991,organic_search,1
3062,cd04a4b1b838,2025-04-27,LT,Kaunas,F,1988,paid_social,0
3063,bc14ddd1d60b,2025-04-27,LT,Jonava,M,1975,referral,1
3064,6a576de65437,2025-04-28,LT,Alytus,M,1963,direct,1
3065,33f92688f233,2025-04-28,LT,Vilnius,M,1975,organic_search,0
3066,66ede8a0c8ab,2025-04-28,LT,Vilnius,M,1980,organic_search,0
3067,57259641a1fe,2025-04-28,LT,Vilnius,F,1969,paid_social,1
3068,73c4632ada8b,2025-04-28,LT,Vilnius,F,,direct,0
3069,752af0c5c854,2025-04-29,LT,KAUNAS,M,2000,direct,1
3070,ce72ceac7394,2025-04-29,LT,Raseiniai,F,1982,paid_social,0
3071,59da3f03283a,2025-04-29,EE,Tallinn,F,1969,referral,0
3072,c973dd1517f5,2025-04-29,LT,Kretinga,,1973,paid_search,1
3073,68b60ebde4ed,2025-04-29,LT,Vilnius,F,1978,direct,0
3074,c50c7f0901fa,2025-04-30,LT,Garliava,F,1975,paid_search,1
3075,23e8e20d931b,2025-04-30,EE,Tallinn,M,1980,paid_search,0
3076,411f392d09cb,2025-04-30,EE,,M,1973,paid_search,0
3077,bbced56e4ce2,2025-04-30,LT,Kauno r.,F,1976,affiliate,0
3078,53bb8ca40d39,2025-05-01,LV,Rīga,F,1979,organic_search,1
3079,120f77e5a2c0,2025-05-01,LT,Kaunas,M,1972,paid_social,1
3080,020ecf9cc77e,2025-05-01,LT,Visaginas,F,,organic_search,1
3081,8d5cc5268d23,2025-05-01,EE,Tallinn,M,1966,direct,1
3082,051dfa84f679,2025-05-02,LT,kretinga,M,1997,organic_search,0
3083,5430f0686c40,2025-05-02,LT,Kaunas,F,1992,organic_search,0
3084,ca3bbe6c90fc,2025-05-02,LT,Vilnius,F,2003,affiliate,0
3085,9f1a2976b831,2025-05-02,LT,,,1964,affiliate,1
3086,35567dd6bbce,2025-05-03,LT,Kaunas,M,1991,organic_search,0
3087,5fccb360e55a,2025-05-03,LT,Vilnius,F,1975,paid_search,1
3088,5c5e3643ee36,2025-05-03,LT,Garliava,M,2000,paid_search,1
3089,b8b40001e57b,2025-05-03,LT,Vilnius,M,1992,organic_search,1
3090,2aacef64e711,2025-05-03,LV,Rīga,M,1985,organic_search,1
3091,7850ee64f4f2,2025-05-03,LT,Kaunas,M,1973,direct,1
3092,faac8303a86c,2025-05-03,LT,Vilnius,M,1991,organic_search,1
3093,797d3b6844a7,2025-05-04,LT,Mažeikiai,M,1960,affiliate,0
3094,8dc019db1edc,2025-05-04,LT,Kaunas,,1975,organic_search,0
3095,8e78b8fd1709,2025-05-04,LT,Klaipėda,M,1965,direct,1
3096,5ddbb8a3f55a,2025-05-05,LT,Vilnius,F,1964,paid_search,0
3097,d493c6d92a1f,2025-05-05,LT,Klaipėda,F,1973,organic_search,0
3098,83121637b599,2025-05-05,EE,Talinn,M,1990,direct,0
3099,07d0f97573c4,2025-05-05,LT,Viilnius,F,1997,organic_search,0
3100,de98e1a2c3bb,2025-05-06,LT,Kaunas,F,1977,paid_search,1
3101,c39180516e78,2025-05-06,LT,Druskininkai,M,1981,paid_search,1
3102,cc0daaff0d6b,2025-05-06,LT,Kaunas,F,1997,organic_search,0
3103,1ac14c77e7fc,2025-05-06,LT,Vilnius ,F,1979,affiliate,1
3104,2b060127adb8,2025-05-06,LT,Kretinga,F,,organic_search,0
3105,d7b64652c3be,2025-05-06,LT,Šiauliai,F,2000,organic_search,0
3106,77be69bb73d2,2025-05-06,LT,Vilnius,F,,email,1
3107,9fd3e25174ea,2025-05-06,LT,Kaunas,F,1969,email,1
3108,929b3d2a1196,2025-05-06,EE,Maardu,M,2007,affiliate,0
3109,031efe13c5d6,2025-05-06,LT,Trakai,M,1973,direct,1
3110,08a3394f30d1,2025-05-06,LT,Vilnius,,1974,affiliate,1
3111,83a195a100e3,2025-05-06,LT,Vilnius,M,1999,direct,0
3112,79c31465441e,2025-05-06,LV,Ogre,F,1996,referral,0
3113,a9381db6b9d2,2025-05-06,LT,Kaunas,F,2003,organic_search,1
3114,adcd73fb301a,2025-05-07,LT,Vilnius,M,1954,affiliate,1
3115,cb8c4402d0c0,2025-05-07,LT,Kaunas,M,2006,paid_social,1
3116,861c295cf612,2025-05-07,LV,Daugavpils,F,1997,affiliate,1
3117,8f6b22184b90,2025-05-07,LT,Kaunas,F,1999,paid_social,1
3118,605d46db9e47,2025-05-07,LT,Kaunas,M,1987,organic_search,0
3119,4dd02b258c45,2025-05-08,LT,Panevėžys,F,1981,organic_search,1
3120,4ea9e0939115,2025-05-08,LT,Jonava,,1985,organic_search,1
3121,23236978d20f,2025-05-08,LT,Vilnius,F,1990,organic_search,1
3122,39d71b7610cb,2025-05-08,LT,Kaunas,M,1989,direct,0
3123,f62fdf2ef022,2025-05-08,LT,Panevėžys,M,2002,paid_search,0
3124,fb19bd67f57e,2025-05-08,EE,Tallinn,M,1981,paid_search,1
3125,e26fd08f5627,2025-05-08,LT,Vilnius,F,,organic_search,1
3126,7ba94d89a2af,2025-05-08,LT,Vilnius,F,1990,referral,0
3127,52a50b20d814,2025-05-08,LV,Rīga,,1995,paid_search,0
3128,8100afaa960d,2025-05-08,LT,Vilnius,M,1996,paid_social,0
3129,be269ccac83d,2025-05-08,LT,Mažeikiai,,1990,email,1
3130,2727939ded37,2025-05-09,LT,Vilnius,F,1979,paid_search,0
3131,1fc6e7570fe0,2025-05-09,LT,Kaunas,M,,organic_search,0
3132,b2341d3fc0f6,2025-05-09,LT,,M,2000,paid_social,1
3133,19cf62fb7c61,2025-05-09,LV,,F,1974,affiliate,0
3134,f7a474c79821,2025-05-10,LT,Kaunas ,M,1995,direct,0
3135,455b8680be74,2025-05-10,LT,Grigiskes,F,,paid_search,1
3136,8cdf61965148,2025-05-10,LT,Kaunas,F,1982,paid_social,1
3137,63dc1a096e5e,2025-05-10,LT,Panevezys,F,1968,organic_search,0
3138,6c5373f4460d,2025-05-10,LT,Vilnius,F,1972,direct,1
3139,86276e362676,2025-05-10,LT,Vilnius,F,,paid_social,0
3140,3e33209d3579,2025-05-10,LT,Vilnius,F,,organic_search,0
3141,78cbf29a25db,2025-05-10,LT,Vilnius,F,1998,affiliate,0
3142,f0920b6ce966,2025-05-10,EE,Tallinn,M,,organic_search,1
3143,799f9ed76aa2,2025-05-11,LT,Vilnius,F,1978,direct,0
3144,e0739677c682,2025-05-11,LV,Rīga,M,1966,referral,1
3145,986142dbb826,2025-05-11,LT,Klaipėda,F,1980,referral,1
3146,6b636265ea33,2025-05-11,LT,Vilnius,M,2001,paid_search,0
3147,b891e06b208b,2025-05-11,LT,Panevėžys,M,,organic_search,1
3148,ae448775bfff,2025-05-11,LT,Palanga,F,1978,paid_search,1
3149,f53299e6f83c,2025-05-11,LT,Vilnius,M,1995,affiliate,1
3150,f2953dae1ebd,2025-05-11,LT,Kaunas,,1998,organic_search,1
3151,c849efc71df2,2025-05-11,LV,Rīga,M,1997,referral,1
3152,94f25b7dc3b9,2025-05-11,LT,Kaunas,M,2003,email,1
3153,c2ff64cc689b,2025-05-11,LT,Vilnius,M,,paid_search,1
3154,d384305b93c8,2025-05-11,LV,Riga,M,1996,paid_social,0
3155,50b2dab13e36,2025-05-12,EE,Tallinn,F,1975,direct,1
3156,6ca9861f53d0,2025-05-12,LT,Kaunas,F,,organic_search,1
3157,7abece743b32,2025-05-12,LT,Panevėžys,F,1983,paid_search,1
3158,b4c61fc4dbcd,2025-05-12,LT,Kaunas,M,1972,affiliate,0
3159,9b00172783d3,2025-05-12,LT,Vilnius,M,1979,affiliate,1
3160,cf83e855e9d4,2025-05-12,LT,Kaunas,M,,paid_social,0
3161,35f55755ada9,2025-05-12,LT,Siauliai,M,1977,organic_search,0
3162,e93605dae4fc,2025-05-12,LT,Mažeikiai,F,,paid_search,1
3163,09b107ce3e68,2025-05-12,LT,Šiauliai,F,2001,organic_search,0
3164,401f41a1722d,2025-05-12,LT,Jonava,M,1985,direct,1
3165,5daa735e6c92,2025-05-13,LT,,M,1995,email,1
3166,e0ef2b612f5f,2025-05-13,LT,Vilnius,F,1957,organic_search,0
3167,80b871c50b4e,2025-05-13,LT,Vilnius,M,1988,affiliate,1
3168,f49aa0730204,2025-05-13,LT,Kaunas ,M,1964,organic_search,1
3169,216fd18504dd,2025-05-13,LT,Klaipėda,M,1984,paid_social,0
3170,a2f4abb6a3cc,2025-05-13,LT,Vilnius,,1993,paid_social,0
3171,96661b38f576,2025-05-13,LT,Klaipėda,M,1973,paid_social,0
3172,04208287add5,2025-05-13,LT,Lentvris,F,1986,paid_social,0
3173,2e695a0731f4,2025-05-13,LT,Biržai,F,1965,affiliate,1
3174,256418a7dfdf,2025-05-13,LT,Vilnius,F,2001,direct,0
3175,7a62915ab851,2025-05-14,LT,,F,1979,paid_social,1
3176,d16d53838678,2025-05-14,LT,vilnius,M,2002,paid_social,1
3177,9cf2c0912572,2025-05-14,LT,Klaipėda,M,,paid_social,1
3178,4c52a8cbb23f,2025-05-14,LT,Kaunas,F,1993,direct,0
3179,8c62ec668176,2025-05-14,LT,Vilnius,M,1997,organic_search,1
3180,f7e818c6aee0,2025-05-14,LT,Vilnius,F,,organic_search,1
3181,e603247b52dd,2025-05-15,LT,Vilnius,M,1988,organic_search,1
3182,99b165062b12,2025-05-15,LT,,F,1974,referral,1
3183,fe6dca28ee3f,2025-05-15,LT,Šiauliai,F,2004,paid_social,0
3184,c609996d296c,2025-05-15,LT,Kaunas,M,,referral,0
3185,56bdd3d355ac,2025-05-15,LT,Vilnius,M,1969,referral,1
3186,2df1004eba27,2025-05-15,LT,Kaunas,F,1964,organic_search,1
3187,e0727805a474,2025-05-16,LT,Kaunas,M,1968,organic_search,1
3188,56bad5c008a9,2025-05-16,EE,Tartu,F,2001,referral,1
3189,4d27ce01c2c5,2025-05-16,LT,Kaunas,F,2003,organic_search,0
3190,ffcffbf1b8f2,2025-05-16,LT,Vilnius,F,1984,email,1
3191,b3f61f4c56c2,2025-05-16,LT,Vilnius,F,2000,affiliate,0
3192,cedc234714ab,2025-05-16,EE,Tallinn,F,1995,paid_search,1
3193,f9c9512089cd,2025-05-16,LT,Vilnius,F,1976,paid_search,1
3194,930dea29197c,2025-05-16,EE,Tallinn,,,referral,0
3195,86e170095fa1,2025-05-16,LT,Kaunas,M,1973,direct,0
3196,8f4a537993a4,2025-05-17,LT,Ukmerge,F,1988,affiliate,0
3197,ee46e732c41d,2025-05-17,LT,Palanga,,1988,affiliate,1
3198,0d1c978b8bea,2025-05-17,LT,Marijampole,F,1992,organic_search,1
3199,794cb8d8324c,2025-05-17,EE,Tallinn,,1983,paid_social,1
3200,d9d249034faa,2025-05-18,LT,Vilnius ,M,2000,paid_search,1
3201,3a653b9b17de,2025-05-18,LT,Mažeikiai,M,1969,paid_search,0
3202,5e373b128816,2025-05-18,LV,Salaspils,F,1963,affiliate,1
3203,7584007c2376,2025-05-18,LT,Šiauliai,M,1966,organic_search,1
3204,49abbbadd13c,2025-05-18,LT,Rokiškis,M,1992,paid_search,1
3205,886957f5cad0,2025-05-18,EE,Tartu,F,1978,email,1
3206,812886fc17fb,2025-05-18,LV,Rīga,M,1979,organic_search,0
3207,82de67952361,2025-05-18,LT,,M,1979,organic_search,0
3208,626400c7143c,2025-05-18,LT,Marjampolė,M,1995,affiliate,1
3209,00ecd7a725e8,2025-05-18,LT,,M,1991,organic_search,1
3210,3ea617542078,2025-05-19,LT,Kaunas,F,1991,organic_search,1
3211,c90f0ca364a5,2025-05-19,LT,Vilnius,F,1999,affiliate,1
3212,529c1704f141,2025-05-19,LT,Klaipėda,F,2003,paid_search,0
3213,4ef3b634be09,2025-05-19,LV,Sigulda,M,1997,organic_search,1
3214,21e7c69775df,2025-05-19,LT,Klaipėda,F,1996,direct,1
3215,aeda0b7532f0,2025-05-19,LT,Utena,F,,affiliate,1
3216,720f29b6f321,2025-05-19,LT,vilnius,F,1980,paid_social,1
3217,bedb95b9c631,2025-05-19,LT,Telšiai,F,1991,direct,1
3218,ca9c0e4386bd,2025-05-19,LT,Kaunas,F,1987,direct,0
3219,ff6e7475161d,2025-05-19,LV,Daugavpils,M,2002,direct,1
3220,95a2b92de1b2,2025-05-19,LT,Klaipėda,,1989,paid_search,0
3221,096b85148e0c,2025-05-19,LT,Vilnius,F,1996,paid_social,1
3222,ac846685e36e,2025-05-19,LT,Marijampolė,F,,affiliate,1
3223,e8834c822da3,2025-05-19,LT,Klaipėda,F,1997,email,1
3224,27da04f95a6c,2025-05-19,LT,Kaunas,F,1982,affiliate,0
3225,090c56d8af1b,2025-05-19,LT,Mažeikiai,,1989,referral,1
3226,590cce989b52,2025-05-19,EE,Viljandi,M,1998,referral,0
3227,0745361e3995,2025-05-20,LT,Vilnius,M,1979,direct,1
3228,909bf27c703a,2025-05-20,LV,Rīga,M,1993,paid_social,1
3229,d6a850e80aeb,2025-05-20,LT,Vilnius,F,2001,direct,0
3230,fbed8c876308,2025-05-20,LT,Kaunas,,1992,paid_social,1
3231,3cf6dbbeed35,2025-05-20,EE,Tallinn,M,1984,referral,0
3232,2614631ffce2,2025-05-20,LT,Vilnius,M,1980,paid_search,1
3233,e9f8aa167cb8,2025-05-20,LT,Panevėžys,M,2005,email,1
3234,44f0bdc7e4c4,2025-05-20,LT,Grigiskes,M,,paid_social,1
3235,6f88fffb5de5,2025-05-20,LV,Rīga,M,1964,email,1
3236,6f0073dc21c9,2025-05-20,LT,Kaunas,M,1990,direct,1
3237,497f7d9a8d65,2025-05-21,LT,,M,,affiliate,1
3238,e50ffe01fc78,2025-05-21,LT,Kedainiai,M,1999,organic_search,0
3239,c4eb038bf823,2025-05-21,LT,Vilnius,F,1984,organic_search,0
3240,a55384908fd7,2025-05-21,LT,Vilnius,F,2000,paid_search,1
3241,a20276998cfe,2025-05-21,LT,Kauno r.,,1995,direct,1
3242,5d59cc071271,2025-05-21,LT,Vilnius,M,1982,paid_social,0
3243,d9729508d8fa,2025-05-21,LT,Klaipėda,F,1979,organic_search,0
3244,80161633b79e,2025-05-22,LT,Šiauliai ,X,1987,paid_social,0
3245,2e549466ea8e,2025-05-22,LT,vilnius,M,,direct,0
3246,dea20f49ad6f,2025-05-22,LT,Panevėžys,M,1973,paid_search,1
3247,0470b0d8243b,2025-05-22,LT,Vilnius,M,,paid_search,1
3248,f1a26e3fad81,2025-05-22,LT,Vilnius,F,2004,organic_search,1
3249,87c334c3c664,2025-05-22,LT,Klaipėda,,,organic_search,0
3250,118d5f3ed5f9,2025-05-22,LT,Kretinga,M,1973,organic_search,0
3251,37def4ff5361,2025-05-22,LV,Sigulda,M,1996,organic_search,0
3252,f926c02951c0,2025-05-23,LT,Šiauliai,F,1990,paid_social,0
3253,ef83e03a097c,2025-05-23,LT,Vilnius,F,1974,affiliate,1
3254,6caf2bfdaefb,2025-05-23,LT,Klaipėda,M,1993,paid_search,1
3255,89a9ea228cdd,2025-05-23,LT,Šiauliai,F,1962,paid_search,0
3256,9f1ba0faae9e,2025-05-23,LT,Kaunas,F,,organic_search,1
3257,4edf3d03f286,2025-05-23,LT,Vilnius,M,2006,direct,0
3258,be1192dfa00c,2025-05-23,LT,Kaunas,M,1976,email,1
3259,8e432bd09197,2025-05-24,LT,Vilnius,F,2005,referral,0
3260,4512c8e08889,2025-05-24,EE,Tallinn,F,1988,referral,1
3261,22818c55d6af,2025-05-24,LT,Vilnius,M,1996,organic_search,1
3262,c6ae4504d393,2025-05-24,LT,Vilnius,M,1969,direct,0
3263,15cf21a57e87,2025-05-24,LT,Vilnius,F,1964,direct,1
3264,d961f5da5e2a,2025-05-24,LT,Vilnius,M,2004,direct,0
3265,39754bea968e,2025-05-25,LT,Kaunas,M,1989,organic_search,1
3266,ff87b185e0fa,2025-05-25,LT,Siauliai,M,1968,organic_search,1
3267,9daee7c846d3,2025-05-25,LT,Kaunas,F,,organic_search,1
3268,53a1ddb688ec,2025-05-25,EE,,F,1991,paid_search,0
3269,c46d853afa54,2025-05-25,LT,Utena,M,,organic_search,1
3270,e4c78ebbf222,2025-05-25,LT,Vilnius,F,1994,organic_search,1
3271,12632b43f154,2025-05-25,EE,,,1976,organic_search,0
3272,f97407a56dd0,2025-05-25,LT,Marijampole,F,1970,paid_social,1
3273,d6877569ebd2,2025-05-26,LT,Vilnius,F,1992,referral,1
3274,8b3a1ae484cf,2025-05-26,LV,Liepāja,M,1986,paid_social,1
3275,ddf4aa5d7449,2025-05-26,LV,Jelgava,F,1993,organic_search,1
3276,18e198148708,2025-05-26,LT,Klaipėda,F,1985,direct,0
3277,30bd777456d1,2025-05-26,LV,Rīga,M,1986,affiliate,1
3278,f033cd50ff2d,2025-05-26,LT,Kaunas,,1966,organic_search,0
3279,589a60900a35,2025-05-26,LT,Vilnius,F,1987,organic_search,1
3280,c2343e67145d,2025-05-26,LT,Vilnius,F,1984,paid_search,1
3281,105ca2018f77,2025-05-26,EE,Tallinn,M,1996,affiliate,1
3282,7798d02ea63d,2025-05-26,LV,Jēkabpils,F,1959,paid_search,0
3283,2b622b87d800,2025-05-26,LT,Vilnius,M,1972,paid_social,1
3284,c91ba56b8468,2025-05-26,EE,Narva,F,1997,direct,0
3285,56bc3c3652fc,2025-05-26,LT,Vilnius,M,2001,affiliate,1
3286,aea335b3d6fc,2025-05-26,LT,Kaunas,F,1996,paid_search,1
3287,8c3e17256e44,2025-05-26,LT,Tauragė,F,1994,paid_search,0
3288,4ea4bbb922a2,2025-05-26,LV,Tukums,F,1976,organic_search,1
3289,1fc6d0ee542d,2025-05-26,LT,Vilnius,M,1993,paid_social,1
3290,8e2a34077db1,2025-05-27,LT,Vilnius,F,1987,direct,1
3291,297bc8ea1597,2025-05-27,LT,Panevvezys,F,1970,paid_social,1
3292,8d189fcdf1da,2025-05-27,LT,Vilnius,F,1987,organic_search,0
3293,7c78c41b445a,2025-05-27,LT,Kaunas,F,1978,organic_search,0
3294,963b78756dc7,2025-05-27,EE,Tallinn,F,1999,referral,1
3295,b2f9f2e738a5,2025-05-27,LT,,F,2002,organic_search,0
3296,9b61af0ec94d,2025-05-28,LT,Kaunas,F,1976,organic_search,0
3297,187dbc17f540,2025-05-28,LT,Grigiškės,M,1993,paid_search,1
3298,f3535ce19c6b,2025-05-28,LT,Vilnius,M,1969,paid_search,1
3299,4872c598defc,2025-05-28,LT,Tauragė,M,1987,paid_search,1
3300,b3bf76c72cf1,2025-05-28,LV,Rīga,F,1978,email,1
3301,95887c52dec7,2025-05-28,LT,Kaunas,M,1978,referral,0
3302,f9e76e7b6c2e,2025-05-28,LT,Kaunas,F,1961,paid_search,1
3303,e3d56e52a243,2025-05-28,LT,Grigiškės,F,1987,paid_search,1
3304,36bda980a4b6,2025-05-29,EE,Tallinn,M,,email,1
3305,70e3b0bd6745,2025-05-29,LV, Rīga,F,1985,email,1
3306,63d991d07ec9,2025-05-29,LT,Vilnius,,1982,paid_social,1
3307,9dcd9a3f5f5a,2025-05-29,LT,Panevėžys,M,1985,email,1
3308,9dee9fa769f8,2025-05-29,LT,Kanuas,M,1977,referral,1
3309,dbc0fb4dbeda,2025-05-29,LT,Vilnius,M,2000,paid_search,0
3310,fff53d0889d2,2025-05-29,LT,Vilnius,M,1992,affiliate,1
3311,149130823cdd,2025-05-29,LV,RIGA,F,1992,paid_search,1
3312,1ae55e8f3c79,2025-05-29,LT,Vilnius,F,,email,1
3313,6ba5e398808a,2025-05-29,LT,Vilnius,,2002,referral,0
3314,a6621cf5f8bd,2025-05-30,LT,Tauragė,M,1993,paid_social,1
3315,2461781a1926,2025-05-30,LT,Vilnius,M,1975,email,1
3316,a17c4ac80651,2025-05-30,LT,Vilnius,F,1995,direct,1
3317,4ec84be67ab5,2025-05-30,LV,Rīga,F,1996,organic_search,1
3318,321af8890286,2025-05-30,EE,Tallinn,M,1981,direct,1
3319,284b0a26d50e,2025-05-31,LT,Vilnius,,1981,paid_social,1
3320,fa9bae2dd6c1,2025-05-31,LT,Vilnius,,,referral,0
3321,090bb534d69c,2025-05-31,LT,Panevėžys,F,2002,organic_search,1
3322,bd5f4504aa31,2025-05-31,LT,VILNIUS,F,1977,email,1
3323,ccecf23c3a13,2025-05-31,LV,Riga,F,1974,paid_social,0
3324,e09723f79d56,2025-05-31,LT,Kaunas,F,1971,paid_social,0
3325,7250727662dd,2025-06-01,LV,Rīga,M,1985,paid_search,1
3326,ec100121081f,2025-06-01,LT,Vilnius,,1998,paid_search,0
3327,74eb03984d10,2025-06-01,LT,Vilnius,M,1948,affiliate,1
3328,41f462b8d1e2,2025-06-01,LT,vilnius,F,1975,referral,1
3329,db65a24decd6,2025-06-01,LT,Vilnius,M,1981,referral,0
3330,a8c8bb0e33e8,2025-06-01,LT,Klaipėda,F,1988,organic_search,1
3331,97fdcaa361c0,2025-06-01,LT,Vilnius,F,,paid_social,1
3332,2fafcece9f81,2025-06-01,LT,Vilnius,F,1992,direct,0
3333,9e029b0ead53,2025-06-01,LV,Riga,F,1992,email,1
3334,a437a6744009,2025-06-02,LT,Šiauliai,F,1981,paid_search,1
3335,ee6c788fe3c7,2025-06-02,LV,Liepāja,F,2006,direct,1
3336,44a0f7333cef,2025-06-03,LT,Ukmergė,M,1989,paid_social,1
3337,8639a3319912,2025-06-03,LT,,M,1993,referral,0
3338,b95e8678a3eb,2025-06-03,LT,Marijampole,M,1985,affiliate,1
3339,8c88237411b6,2025-06-03,LT,Vilnius,F,1984,paid_social,0
3340,7c4c9c55abf5,2025-06-03,LV,Rīga,F,1995,email,1
3341,d8e6ca736fd0,2025-06-03,LV,Rīga,M,1969,email,1
3342,a6d2f45efe47,2025-06-03,LT,Panevezys,M,1973,referral,1
3343,c7e9f7f40f5d,2025-06-03,LV,Rīga,M,2000,paid_search,1
3344,37c5f2961683,2025-06-03,LT,,M,1984,paid_search,0
3345,e3d8468853a5,2025-06-03,LT,Vilnius,M,2003,direct,0
3346,b403a500ccda,2025-06-03,LV,Riga,M,,organic_search,1
3347,295421ffca19,2025-06-03,LT,Vilnius,F,1995,organic_search,1
3348,461a9bc33730,2025-06-03,LT,Kretinga,F,1986,organic_search,1
3349,2e4b828c364a,2025-06-04,LT,Kaunas,M,1987,paid_social,1
3350,1b3e294ff1d1,2025-06-04,EE,Tallinn,M,,paid_search,1
3351,ce3e7992e86e,2025-06-04,LT,Klaipėda,F,,direct,1
3352,a4472b4cbc85,2025-06-04,LT,Biržai,M,1977,organic_search,0
3353,cebd75575fa6,2025-06-04,EE,Pärnu,F,1982,direct,0
3354,ce6f17bed455,2025-06-04,LT,Vilnius,M,1979,organic_search,0
3355,5c3ee34fc795,2025-06-04,LT,Trakai,M,1983,direct,0
3356,8c4aab1df608,2025-06-05,LT,kaunas,F,1979,direct,1
3357,d65ef36e37cb,2025-06-05,LT,Mažeikiai,F,1981,email,1
3358,2466f9522c68,2025-06-05,LT,Kaunas,F,1970,affiliate,1
3359,13358e52d0df,2025-06-05,LT,Marijampolė,M,1981,paid_search,0
3360,bbe73256c8c3,2025-06-05,LT,Gargždai,F,2000,paid_search,1
3361,8d24207e67cd,2025-06-05,LV,Rīga,F,1997,organic_search,0
3362,22b001ce1e86,2025-06-06,LT,Klaipėda,M,1991,paid_social,0
3363,4e09f8de22db,2025-06-06,LT,Vilnius,M,,paid_social,1
3364,41ed6519ba2f,2025-06-06,LT,Kėdainiai,,1966,paid_social,0
3365,2eac0e9711ac,2025-06-06,LT,Vilnius,F,1990,paid_social,1
3366,9716b7f8419a,2025-06-06,LT,Gargždai,M,1979,organic_search,1
3367,bb4d5d9c590a,2025-06-06,LT,,F,2007,organic_search,1
3368,b91803f00da7,2025-06-07,LT,Kaunas,F,1959,paid_search,1
3369,ffd6ea9384aa,2025-06-07,LT,Panevėžys,F,,organic_search,1
3370,b3a137392780,2025-06-07,LT,Marijampolė,F,1986,paid_search,1
3371,32ed3175a201,2025-06-07,LT,Vilnius,M,1991,direct,0
3372,7b7e373439df,2025-06-07,LT,Jurbarkas,F,1998,organic_search,1
3373,95ffe8dcaf6a,2025-06-08,LT,Vilnius,M,1987,paid_search,1
3374,3e3c7b85d95a,2025-06-08,LT,Klaipėda,F,,paid_social,1
3375,7a4acbf439cb,2025-06-08,LT,Panevėžys,M,1977,organic_search,0
3376,7bba762b2932,2025-06-08,EE,Tallinn,F,1976,affiliate,0
3377,9d47cbc3e3d7,2025-06-08,LV,Rīga,F,,organic_search,1
3378,79d956955568,2025-06-08,LT,Kaunas,,1996,paid_search,0
3379,563c9ffc64c9,2025-06-08,LT,Marijampole,F,,organic_search,1
3380,084c24c8f9ee,2025-06-08,LT,Kaunas,F,1986,paid_social,1
3381,dbb7438ff8fd,2025-06-08,LT,Vilnius,F,1994,organic_search,1
3382,6804b9993030,2025-06-08,LT,Vilnius,M,1982,paid_social,0
3383,ce0548b8a4f2,2025-06-09,LT,Kaunas,F,,organic_search,1
3384,ed05891822d3,2025-06-09,EE,Narva,M,1996,paid_search,1
3385,f3da4c78ea10,2025-06-09,LT,Jonava,F,1984,paid_social,1
3386,47aec1ff80a3,2025-06-09,EE,valga,F,2002,paid_social,1
3387,7192960c862d,2025-06-09,LT,Vilnius,F,1989,organic_search,0
3388,6443827e1eea,2025-06-09,LV,Riga,F,2004,direct,0
3389,ca70a9435cfe,2025-06-09,LT,,M,,paid_search,1
3390,d7eddaa895d0,2025-06-09,LT,Vilnius,F,,paid_social,0
3391,8cb3897156aa,2025-06-09,LV,Rīga,F,1981,affiliate,0
3392,8533ecacdfeb,2025-06-09,LT,Šiauliai,M,1995,paid_search,1
3393,f64d0cfa6e36,2025-06-10,EE,Tallinn,,1979,paid_social,0
3394,c8f9209418b7,2025-06-10,LV,Daugavpils,F,1994,paid_social,1
3395,01f4c86abbbd,2025-06-10,LT,Vilnius,F,2000,paid_search,0
3396,2ee227711f46,2025-06-10,LV,Daugavpils,,1984,paid_social,0
3397,b665a4cb5fdc,2025-06-10,LT,Kaunas,M,1994,paid_social,0
3398,b23a8a9699ab,2025-06-10,LV,Rīga,M,1987,organic_search,1
3399,2cd5661090f9,2025-06-10,LV,,F,1974,email,1
3400,4c9b84958327,2025-06-10,LT,Vilnius,M,2003,paid_search,1
3401,bb950e958ed0,2025-06-10,LT,Vilnius,M,,direct,1
3402,bb7f08f50f46,2025-06-10,LT,Šiauliai,,1973,referral,1
3403,2db346c31491,2025-06-10,LT,,F,1983,direct,0
3404,49322f21588a,2025-06-10,LV,Daugavpils,M,1983,affiliate,1
3405,6d38c77a123a,2025-06-10,LT,Telšiai,F,1984,paid_search,1
3406,8ed306cf2b39,2025-06-10,LT,Vilnius,F,1983,organic_search,1
3407,7d6627a40568,2025-06-11,LV,Daugavpils,F,,organic_search,0
3408,d0030838e3f1,2025-06-11,LT,kaunas,F,1971,paid_social,0
3409,dc73b8ab2e83,2025-06-11,LT,Klaipėda,F,1967,organic_search,0
3410,c08a7c470c67,2025-06-11,LT,Kaunas,M,1980,referral,1
3411,8fd4ad7a2f87,2025-06-11,LT,Vilnius,M,1996,affiliate,1
3412,84909fc16e64,2025-06-11,LT,Vilnius,F,,organic_search,1
3413,866830521ece,2025-06-11,LV,Рига,M,1980,direct,0
3414,f32f7e4d5754,2025-06-12,LT,Vilnius,F,1982,email,1
3415,199b8e2ecb57,2025-06-12,LT,Vilnius,,,email,1
3416,94bc5c67ed1d,2025-06-12,LT,,M,1986,email,0
3417,3b7e35175e14,2025-06-12,EE,Maardu,X,1967,paid_social,1
3418,ced8ddaf304e,2025-06-12,LT,Vilnius,F,1989,organic_search,0
3419,938e3079cbcc,2025-06-12,LT,Kaunas,F,1984,paid_social,0
3420,5c7ad622159d,2025-06-12,EE,Narva,M,1984,affiliate,1
3421,fef1d5628754,2025-06-12,LT,Kaunas,,1996,organic_search,1
3422,17db2b7e003c,2025-06-12,LT,Kaunas,M,1983,paid_social,1
3423,57b66a604e69,2025-06-13,LT,Vilnius,M,1989,organic_search,0
3424,d68eb5edaf2a,2025-06-13,EE,Tallinn,M,1998,organic_search,0
3425,fd839c2bd3e2,2025-06-13,LT,Vilnius,F,1991,affiliate,0
3426,138e816b5f69,2025-06-13,LT,Vilnius,F,1964,paid_social,0
3427,4fbbd363a162,2025-06-13,LT,Vilnius,F,1991,direct,0
3428,fea6e8fc8374,2025-06-13,LT,Vilnius,M,1983,paid_search,1
3429,597cc05a3d94,2025-06-14,LT,Kaunas,M,1998,direct,0
3430,ee244d6baab4,2025-06-14,LT,Vilnius,M,1964,organic_search,0
3431,ead456fa0cc6,2025-06-14,LT,Vilnius,F,1992,organic_search,1
3432,9c5c1674681f,2025-06-15,LT,Panevėžys,F,,paid_search,0
3433,3d1590180618,2025-06-15,LT,,F,1975,organic_search,1
3434,ca7562a16f56,2025-06-15,LT,Klaipeda,F,1975,paid_search,1
3435,a96eb83453c4,2025-06-15,LT,Naujoji Akmenė,F,1964,paid_social,1
3436,56833d3c58b8,2025-06-15,LT,Jonava,M,2006,organic_search,1
3437,77579a028560,2025-06-15,LT,Klaipėda,M,1992,direct,0
3438,c2995cb12c08,2025-06-15,LT,Siauliai,X,1999,affiliate,1
3439,12fcb47257bf,2025-06-16,LT,Vilnius,F,1995,email,1
3440,fb62ee3dea5a,2025-06-16,LT,Kaunas,M,1948,paid_social,1
3441,7a37162e7a3d,2025-06-16,LT,Garliava,M,1977,paid_search,1
3442,d424900b4b15,2025-06-16,LT,Klaipeda,F,1988,paid_social,0
3443,7118200556be,2025-06-16,LT,Vilnius,M,1994,direct,0
3444,45f433859762,2025-06-16,LT,,M,1991,direct,0
3445,175f21b10f8d,2025-06-16,LT,Vilnius,F,1981,organic_search,0
3446,1714902783e7,2025-06-16,LT,Siauliai,F,,paid_search,1
3447,9176bd0e9de5,2025-06-16,LV,Rīga,F,2002,organic_search,1
3448,da55be831c8e,2025-06-16,EE,TALLINN,F,2000,direct,0
3449,566c7bbeeded,2025-06-16,LT,Vilnius,F,,affiliate,1
3450,998ebc6430a3,2025-06-16,LV,Jūrmala,F,,organic_search,1
3451,7c81f4cb21e7,2025-06-17,LT,Vilnius,M,1975,organic_search,0
3452,eba7aab05b34,2025-06-17,LT,Vilnius,M,1993,paid_social,0
3453,a9b264f1077a,2025-06-18,LT,Vilnius,M,,paid_social,0
3454,d19ebfcf5474,2025-06-18,EE,Viljandi,F,1983,organic_search,1
3455,87fa27c55f72,2025-06-18,LT,Kaunas,F,1997,referral,0
3456,0adda7f1a7f6,2025-06-18,LT,RASEINIAI,M,1982,organic_search,0
3457,1039c15dc9a9,2025-06-18,LT,vilnius,F,,direct,0
3458,00cc7624675b,2025-06-18,LT,Panevezys,F,1980,paid_social,1
3459,b75f157a5c12,2025-06-19,LT,VILNIUS,F,1976,referral,0
3460,fa24694ddfb5,2025-06-19,LV,Daugavpils,M,1996,organic_search,1
3461,33332fe31ce1,2025-06-19,LV,Jūrmala,F,1993,affiliate,0
3462,cef987c48fef,2025-06-19,LT,Klaipėda,,1998,affiliate,0
3463,4d6d124b47f2,2025-06-19,LT,Vilnius,M,1982,paid_social,1
3464,1a01d62e7ae8,2025-06-19,LT,Vilnius,M,1972,organic_search,1
3465,8980660d1bc5,2025-06-19,LT,Vilnius,M,1997,email,1
3466,58a8209b58af,2025-06-19,LT,Vilnius,M,1967,affiliate,0
3467,f2fcd542603e,2025-06-19,LT,Vilnius,M,1968,direct,1
3468,d6dd6137c869,2025-06-19,LT,Kaunas,M,,paid_social,0
3469,c2f1b0fff32c,2025-06-19,LV,Salaspils,M,1984,organic_search,0
3470,e50eed362ff9,2025-06-20,LT,Vilnius,F,,paid_search,0
3471,2233440c4504,2025-06-20,LV,Jurmala,M,1998,organic_search,0
3472,95556c749cc3,2025-06-20,LT, Klaipėda,M,1971,direct,1
3473,c8ed91905e4a,2025-06-20,LT,Vilnius,M,1988,direct,0
3474,5f347bc8b5bd,2025-06-21,LT,Vilnius,F,1981,paid_social,0
3475,5aeb7d409004,2025-06-21,LT,Kaunas,,1956,organic_search,0
3476,5f74f2f2db22,2025-06-21,LT,Vilnius,M,1980,paid_search,1
3477,511c922ef6d0,2025-06-21,LT,Gargždai,F,1975,organic_search,1
3478,2de01237ead0,2025-06-21,LV,Rīga,F,1991,organic_search,0
3479,cfbb3764d675,2025-06-21,LT,Vilnius,,1964,paid_social,0
3480,c53297bca259,2025-06-21,LT,Telšiai,M,1970,paid_social,1
3481,235303c4d942,2025-06-22,LT,Alytus,,1982,paid_social,1
3482,951cbdb23fbd,2025-06-22,LT,Kaunas,F,1997,direct,0
3483,69fdbcd9872b,2025-06-22,EE,Tallinn,F,1985,email,1
3484,06ba9500332d,2025-06-22,LT,Vilnius,F,1960,direct,1
3485,0e4bdbd3a073,2025-06-22,LT,Vilnius,F,1994,direct,1
3486,6814b6afd0af,2025-06-22,LV,Cesis,M,1998,paid_search,1
3487,99afaed21790,2025-06-22,LT,Vilnius,M,1986,paid_social,1
3488,86ad920d8994,2025-06-23,LV,Riga,M,1980,referral,0
3489,966c68d75c35,2025-06-23,LV,Ventspils,F,1997,paid_social,0
3490,7b1bdd6a7e12,2025-06-23,LT,Kaunas,F,1980,paid_social,0
3491,714dd655ff61,2025-06-23,LT,Vilnius,X,,organic_search,1
3492,780c217ce27d,2025-06-23,LT,Kaunas,F,2000,paid_social,1
3493,b70b1adca611,2025-06-23,LV,Rīga,F,1991,organic_search,1
3494,4e9378027284,2025-06-23,LT,Panevėžys,M,1990,organic_search,0
3495,364621f7cca7,2025-06-23,LT,Kėdainiai,M,1977,direct,0
3496,e1426cf56256,2025-06-24,LT,VILNIUS,,1958,direct,1
3497,fed27b849b2a,2025-06-24,LT,Vilnius,F,1993,organic_search,0
3498,5c455182af01,2025-06-24,LT,Klaipėda,M,1958,affiliate,1
3499,42f1a2bdf562,2025-06-24,LT,Jonava,F,,email,1
3500,ee7a56439844,2025-06-24,LT,Vilnius,M,1984,paid_search,1
3501,fec592348bf2,2025-06-24,EE,Tallinn,,2000,organic_search,1
3502,ad5f30bdb99e,2025-06-24,LT,Šiauliai,X,1998,paid_social,1
3503,6aee91acd31e,2025-06-25,LT,Kaunas,M,2007,referral,0
3504,56b0ee16151e,2025-06-25,LT,Pnaevezys,M,1991,organic_search,1
3505,a41cad65c24c,2025-06-25,LV,Rīga,F,1978,paid_search,0
3506,257b958a35b3,2025-06-25,LV,riga,M,,referral,1
3507,b1c93891d025,2025-06-25,EE,Tallinn,M,1977,paid_search,0
3508,fb369c391c32,2025-06-25,LT,Kaunas,F,1988,organic_search,0
3509,64c958aaaf36,2025-06-25,LT,Kaunas,M,1986,paid_social,0
3510,9b506ae3f576,2025-06-26,LT,Klaipėda,F,2005,organic_search,0
3511,f63de849479f,2025-06-26,LT,Jonava,M,1988,referral,1
3512,0f5069f51217,2025-06-26,LT,Kelmė,F,,organic_search,0
3513,e52378e28a43,2025-06-26,LT,Kaišiadorys,F,,direct,0
3514,702279d35182,2025-06-26,LV,Rīga ,M,1988,paid_social,1
3515,84b99f0b35e0,2025-06-27,LT,Klaipėda,F,1994,paid_social,1
3516,1c2a684ba9a5,2025-06-27,LV,Tukums,F,1989,email,1
3517,d6ff3b7cc832,2025-06-27,LT,Vilnius,F,1980,paid_search,1
3518,61f0de1412e5,2025-06-27,LV,Riga,M,1976,paid_social,0
3519,abe4d009165b,2025-06-27,LT,Vilnius,M,1970,referral,1
3520,09de1d9e76e8,2025-06-27,LT,Utena,F,2003,paid_social,0
3521,5483194d78e5,2025-06-27,EE,Tartu,F,1970,direct,1
3522,7ec77faf8a40,2025-06-28,LT,Klaipėda,M,1999,paid_social,0
3523,f7a4ff4b9c03,2025-06-28,LT,Vilnius,F,1983,paid_social,0
3524,2f259677786e,2025-06-28,LT,Kaunas,M,1979,paid_social,1
3525,404a7f15092a,2025-06-28,LT,Klaipėda,F,1986,paid_search,1
3526,309b614fc707,2025-06-28,LT,Vilnius,M,1983,paid_search,1
3527,b61f793dc9e1,2025-06-28,LT,Plunge,F,,affiliate,0
3528,f77bcd511615,2025-06-28,LT,Šiauliai,F,1970,organic_search,0
3529,2e5feb561279,2025-06-28,LT,,,1993,direct,0
3530,6872f3fea346,2025-06-29,LT,Kaunas,M,1996,paid_social,0
3531,a3bf73e4259c,2025-06-29,LT,Klaipėda,F,1978,email,1
3532,0bb118261f42,2025-06-30,LT,Kaunas,F,1998,organic_search,0
3533,8cea24ea227f,2025-06-30,LT,Panevėžys,F,1988,paid_search,1
3534,67244bc44f21,2025-06-30,LT,Alytus,F,1976,paid_social,1
3535,91a6376a8b63,2025-06-30,LT,Vilnius,M,,direct,1
3536,0becfd2dd87c,2025-06-30,LV,Rīga,M,1988,paid_search,0
3537,385bfd6e037b,2025-07-01,LT,Panevėžys,,1977,direct,1
3538,6a04abfbe683,2025-07-01,LT,Kaunas,,1993,email,1
3539,2a9665ea1457,2025-07-01,LT,Vilnis,M,1997,organic_search,0
3540,613f7fb3d1b4,2025-07-01,EE,,M,1976,referral,1
3541,a3ed9ae1dba5,2025-07-01,LT,Vilnius,F,1979,organic_search,1
3542,1e51ec585bbb,2025-07-01,LT,Šiauliai,M,1977,email,1
3543,27f68cfcef9b,2025-07-01,LV,Liepāja,F,1991,organic_search,1
3544,3157e98f4829,2025-07-01,LT,Klaipėda,F,1972,direct,1
3545,1ccc4d208e57,2025-07-01,LT,Vilnius,M,,paid_search,1
3546,668942f6f758,2025-07-01,LT,Mažeikiai,M,1983,paid_social,1
3547,0e26c9f37243,2025-07-01,LT,Vilnius,,1979,organic_search,0
3548,7c816cee8279,2025-07-01,LT,Panevezys,M,1970,email,1
3549,c66d9e0a0737,2025-07-01,LT,,F,1997,organic_search,0
3550,01149f7f0931,2025-07-01,LT,Vilnius,,1992,paid_search,0
3551,eee2e8731441,2025-07-01,LT,Vilnius,M,,direct,0
3552,e9cc400c89a7,2025-07-01,LT,Šiauliai,M,1965,organic_search,1
3553,f3f135d62040,2025-07-02,LT,Vilnius,M,1978,organic_search,1
3554,c5f96f715e49,2025-07-02,LT,Vilnius,M,1975,direct,1
3555,d9b4d7b7aa7d,2025-07-02,LV,Daugavpils,F,1973,paid_social,0
3556,9e4d0515dbe7,2025-07-02,EE,TALLINN,F,1971,paid_social,1
3557,ff5fe902f2cf,2025-07-02,LT,Kaunas ,M,1991,paid_social,0
3558,eb41aa390f10,2025-07-02,LT,Prienai,F,1989,organic_search,1
3559,e1977e6ead1c,2025-07-02,LT,,F,1985,organic_search,1
3560,c4b784231209,2025-07-03,LT,Kaunas,M,1992,affiliate,0
3561,2f5849942ea2,2025-07-03,LT,Kaunas,,1970,paid_social,0
3562,b599ec3bd37b,2025-07-03,LT,Kaunas,F,1997,paid_social,1
3563,df572b2b5b50,2025-07-03,LT,Tauragė,F,1998,email,1
3564,12a9b1bc739c,2025-07-03,LT,Vilnius,F,1991,paid_social,1
3565,a4f9a3a272f9,2025-07-03,LT,Vilnius,F,1980,direct,1
3566,67a11e1f60a5,2025-07-03,LT,Kedainiai,M,1981,paid_social,1
3567,5a8100d0e0dd,2025-07-03,LT,Gargzdai,M,1969,referral,1
3568,125f90544e28,2025-07-03,LT,KLAIPEDA,M,1984,paid_search,0
3569,4524d3b55af9,2025-07-03,LT,Mažeikiai,F,2025,referral,1
3570,445edef74886,2025-07-03,LT,Mažeikiai,F,1980,affiliate,1
3571,34d8154892bd,2025-07-03,EE,Tallinn,M,1986,paid_search,1
3572,0aa5c82b9b45,2025-07-03,LT,Kaunas,F,2003,email,1
3573,3112f57ae987,2025-07-03,LT,Kaunas,F,1996,paid_search,1
3574,3b59cd68a0bc,2025-07-03,LT,Panevėžys,F,2003,referral,0
3575,67e9b49af58c,2025-07-04,EE,Kohtla-Järve,,1997,direct,0
3576,0842180b42b8,2025-07-04,LT,Vilnius,M,1966,paid_social,0
3577,685f27b7a83e,2025-07-04,LT,Klaipėda,F,,organic_search,0
3578,21c827be5198,2025-07-04,LT,Vilnius,F,1994,email,1
3579,dba9feb176f4,2025-07-04,LT,Vilnius,,1975,paid_social,0
3580,5aea3fc3f989,2025-07-04,LT,Panevėžys,F,1988,direct,1
3581,59b9abe9f603,2025-07-04,LT,Kretinga,F,1974,email,1
3582,968fff439f90,2025-07-04,LT,Vilnius,F,1987,affiliate,1
3583,12ddacb9130b,2025-07-05,LT,Klaipeda,M,1987,paid_social,0
3584,b8e74c68ac7f,2025-07-05,LT,Vilnius,M,1983,organic_search,0
3585,402b005ecad5,2025-07-05,LT,Klaipėda,M,1987,referral,0
3586,0391cf104d7f,2025-07-05,LT,Vilnius,F,2000,affiliate,0
3587,96e85cf01c2b,2025-07-05,LV,Riga,,1994,organic_search,1
3588,4b0ac11b9c95,2025-07-05,LT,Elektrenai,F,1984,direct,1
3589,b884c55e5dd5,2025-07-05,LT,Šiauliai,F,1981,paid_social,1
3590,e47cd40b0140,2025-07-05,LV,Rīga,M,1967,referral,0
3591,89a34cfcdd10,2025-07-05,LT,Šiauliai,F,1994,organic_search,1
3592,695a91d24b6b,2025-07-05,LT,Vilnius,F,1974,paid_social,0
3593,dcbe0de33547,2025-07-05,LT,Vilnius,F,1980,organic_search,1
3594,0f55e5dd6919,2025-07-05,LT,,M,1994,direct,0
3595,2fabcd2c4a9f,2025-07-06,LT,Kaunas,F,1993,organic_search,1
3596,c8f94e7a1225,2025-07-06,LV,Rīga,F,1998,organic_search,0
3597,538f9f4f73ff,2025-07-06,LT,Vilnius,F,2001,paid_search,1
3598,635c5ed15ea0,2025-07-06,LV,Rīga,M,1984,paid_search,0
3599,7be6a006ecaf,2025-07-06,LT,Panevėžys,F,1997,direct,0
3600,b3ea53ef3fcd,2025-07-06,LT,Telšiai,F,1979,paid_social,1
3601,981d4397486c,2025-07-06,LT,Vilnius,F,1996,direct,1
3602,e7e9c6360dc2,2025-07-06,LT,Kaunas,M,1959,paid_search,0
3603,8857d99763d4,2025-07-07,LT,Vilnius,F,1988,organic_search,0
3604,65f487308096,2025-07-07,LT,,F,1988,paid_search,1
3605,a522805d8c91,2025-07-07,LV,Rīga,F,1998,paid_social,1
3606,485ce60514b8,2025-07-07,LT,Alytus,F,1965,paid_search,0
3607,18cba72b0546,2025-07-07,LV,,M,1973,direct,1
3608,3ce975b619ee,2025-07-07,LT,Vilnius,F,,paid_search,1
3609,3200172aca24,2025-07-07,LT,Vilnius,F,1975,paid_social,1
3610,fda5bc3a6b3e,2025-07-08,LT,,F,1981,paid_social,1
3611,8d279f1b1fa5,2025-07-08,LT,Vilnius,F,1985,referral,1
3612,b04cf00548a0,2025-07-08,LT,Vilnius,M,1997,email,1
3613,a3ac44a1aa69,2025-07-08,LT,Kaunas,F,1986,paid_social,0
3614,2c5110054983,2025-07-08,LV,Rīga,F,1996,paid_social,1
3615,2b4e5fbf22af,2025-07-09,LT,Panevezys,F,1999,direct,0
3616,e2a286a01b29,2025-07-09,LT,Kaunas,M,1989,organic_search,1
3617,f3ff51c029a8,2025-07-09,LT,Klaipėda,F,,referral,1
3618,7109eb9c523f,2025-07-09,LT,Panevezys,,1984,paid_search,0
3619,a853d7d26b4d,2025-07-10,EE, Maardu,M,,paid_search,0
3620,8bd526693ac8,2025-07-10,LT,Kaunas,F,1983,organic_search,1
3621,f39b0c508318,2025-07-10,LT,Kaunas,F,,paid_search,1
3622,5d24ac2bac2e,2025-07-10,LT,Vilnius,M,1989,paid_search,1
3623,54da705348b7,2025-07-10,LT,Vilnius,F,,paid_search,1
3624,cf46d3469081,2025-07-10,LT,Kaunas,M,1994,referral,1
3625,1adf9b72fc19,2025-07-10,LV,Rīga,,1971,paid_search,0
3626,89b6fb3172fb,2025-07-10,EE,Tallinn,,,paid_social,1
3627,158f81c239ae,2025-07-11,LT,Panevėžys,,,paid_social,0
3628,2143e2b307b9,2025-07-11,LT,Ukmergė,F,,organic_search,0
3629,71e54b0647df,2025-07-11,EE,Narva,M,1989,direct,0
3630,c6762f383d81,2025-07-11,EE,Tallinn,F,1999,direct,1
3631,d721675e03d7,2025-07-11,LT,Alytus ,F,1999,paid_social,0
3632,f79c51b1c4a3,2025-07-12,LT,Panevėžys,F,1979,organic_search,1
3633,ee373f276168,2025-07-12,EE,Tallinn,,2004,organic_search,1
3634,2adc12779b06,2025-07-12,LT,Vilnius,F,1984,organic_search,1
3635,f51e05ca04ef,2025-07-12,LT,Vilnius,,1991,email,1
3636,5adfa8d48964,2025-07-12,LT,Vilnius,F,1983,affiliate,1
3637,daed0e4f905f,2025-07-12,LV,Jūrmala,M,1989,organic_search,0
3638,e0f85df12276,2025-07-12,LT,Vilnius,F,1979,organic_search,0
3639,a84b474082e4,2025-07-12,EE,Tallinn,M,1979,paid_social,1
3640,22a17534a8f5,2025-07-12,LT,Raseiniai,,1986,paid_search,0
3641,292723de00d3,2025-07-12,LT,Kaunas,F,2006,organic_search,0
3642,40c7577b8c86,2025-07-12,LT,,M,1967,direct,1
3643,85eb5c77c124,2025-07-13,LT,Kaunas,M,1965,affiliate,0
3644,50dbc2af4e60,2025-07-13,LT,Visaginas,M,1997,affiliate,1
3645,203565ab7cb4,2025-07-13,LT,Kėdainiai,M,1974,affiliate,1
3646,4dadc831b42e,2025-07-13,LT,Vilniaus r.,M,1991,affiliate,1
3647,ed49ae081081,2025-07-13,LT,Mažeikiai,F,,organic_search,0
3648,3be6959fe7e6,2025-07-13,LT,Vilnius,M,,paid_social,0
3649,406be79a5fc5,2025-07-13,LT,Jonava,M,1990,paid_search,0
3650,2dbf841e2fb7,2025-07-13,LT,Kaunas,M,1995,direct,1
3651,a8f40cf0d4d0,2025-07-13,LT,Vilnius,M,1989,direct,1
3652,6a5e53b8b585,2025-07-13,LT,Šiauliai,F,1989,direct,0
3653,f00c7a48f769,2025-07-13,LT,vilnius,M,1993,direct,1
3654,a70453c5f132,2025-07-13,EE,Tallinn,F,2002,paid_search,0
3655,573a283f2cd7,2025-07-13,EE,Tartu,F,1992,affiliate,0
3656,967dfc8409b6,2025-07-14,LV,Rīga,M,1986,organic_search,1
3657,aa34994f4ba3,2025-07-14,LT,Klaipėda,F,1984,paid_search,0
3658,8e0ccfcb7a7f,2025-07-14,LT,Kaunas,M,1979,direct,0
3659,942c53d8cc3c,2025-07-14,LT,Klaipėda,M,1985,organic_search,0
3660,23965da141f6,2025-07-15,EE,Tallinn,F,1997,paid_social,0
3661,0c4f23049c44,2025-07-15,LT,Šiauliai,M,1950,paid_social,0
3662,25ac08b3d7b3,2025-07-15,LT,Šiauliai,M,1983,paid_search,1
3663,3013e79f4038,2025-07-15,LT,Siauliai,M,2007,affiliate,0
3664,a38e59f91fa6,2025-07-15,LT,Vilnius,F,1993,direct,0
3665,c31f6feaf859,2025-07-15,LT,Vilnius,M,,organic_search,0
3666,4a4bb1e3fc6b,2025-07-15,LT,Klaipėda,F,2005,paid_social,0
3667,83bfc03717dd,2025-07-16,LV,Rīga,F,1973,paid_search,1
3668,6806000486d7,2025-07-16,EE,Tallinn,F,1969,organic_search,1
3669,4c1fe48aafd4,2025-07-16,LT,,M,1954,paid_search,1
3670,0f03f30e07e8,2025-07-16,LT,Marijampolė,F,2002,direct,1
3671,b2eea426c9bc,2025-07-16,LT,Vilnius,F,1963,paid_social,1
3672,48d2abfe8412,2025-07-16,LT,Klaipeda,M,1987,direct,1
3673,87f73ac6ee2b,2025-07-16,LT,Vilnius,F,1984,paid_social,1
3674,0144b11b3b9e,2025-07-17,LT,,F,1970,referral,1
3675,d7762e6b512e,2025-07-17,LT,,M,,referral,0
3676,325168f31505,2025-07-17,LT,Klaipėda,F,,paid_search,0
3677,8e0d69f518ef,2025-07-17,LT,Šiauliai,M,1982,paid_social,0
3678,ba1b681531a7,2025-07-17,EE,Tallinn,F,1992,paid_social,1
3679,bfc166f2f26f,2025-07-17,EE,Narva,F,1979,email,1
3680,e33df5c5d1a8,2025-07-17,LT,Vilnius,F,1962,organic_search,1
3681,9bdb0f5d7afb,2025-07-17,LV,RIGA,M,1979,paid_search,0
3682,e806f33cf1a7,2025-07-17,LT,Radviliškis,F,1982,paid_social,1
3683,4b7f0365af8b,2025-07-18,LT,Vilnius,F,1980,affiliate,1
3684,05b98eec3958,2025-07-18,LT,Vilnius,F,1983,direct,1
3685,a40ec6366054,2025-07-18,EE,Tratu,M,1994,referral,0
3686,bc0f3345c17f,2025-07-18,EE,Tartu,M,1992,affiliate,1
3687,6ae5e16ee70f,2025-07-19,LT,,,,organic_search,0
3688,dcd3d22f3b1e,2025-07-19,LT,Vilnius,F,1974,paid_social,1
3689,bf024d004df8,2025-07-19,LT,Vilnius,F,1973,paid_social,1
3690,e870f0cf10ec,2025-07-19,LT,Kaunas,F,1979,paid_social,0
3691,702ad5a83fab,2025-07-19,LT,Kaunas,F,1987,paid_social,0
3692,15eb3409b28d,2025-07-20,LT,Vilnius,M,1999,organic_search,0
3693,1637888056f6,2025-07-20,LT,Vilnius ,F,1976,paid_social,0
3694,9461bb3f210d,2025-07-20,LT,Vilnius,F,1987,paid_search,0
3695,ddcbc7a691a0,2025-07-20,LT,Panevėžys,F,1966,paid_social,1
3696,5381cc70ff08,2025-07-20,LT,Tauragė ,F,1998,affiliate,0
3697,2e5c9a3fd639,2025-07-20,LT,Telšiai,,2007,paid_social,1
3698,ad36709ae3d1,2025-07-20,EE,Tallinn,F,1974,organic_search,0
3699,bc9643f5760c,2025-07-20,LT,Vilnius,F,,paid_search,0
3700,3c8ac00cb9a7,2025-07-20,LT,Visaginas,F,1951,paid_search,1
3701,ff4e9e45cbf4,2025-07-20,LT,Kaunas,M,1998,paid_social,1
3702,76fd6b850f04,2025-07-20,LT,Vilnius,F,1983,organic_search,1
3703,df4e8edc575f,2025-07-20,LT,Vilnius,F,1992,organic_search,1
3704,5966661f7794,2025-07-21,LT,Visaginas,F,1982,organic_search,0
3705,f20267f76457,2025-07-21,LT,,M,1994,direct,1
3706,e26204f9696d,2025-07-21,EE,Sillamäe,F,1985,direct,1
3707,4a1f9b17293e,2025-07-21,LT,Kaunas,F,1984,affiliate,1
3708,557180a97615,2025-07-21,LV,Rīga,F,1990,paid_social,1
3709,8c80efbbf9ce,2025-07-21,LT,Vilnius,F,1984,paid_search,0
3710,9bb50bfa2edc,2025-07-21,LT,Vilnius,F,1990,direct,0
3711,5329ec0e1651,2025-07-21,LT,Kaunas,F,,affiliate,1
3712,b30c60504d68,2025-07-21,LT,Vilnius,F,,organic_search,0
3713,679f9ff8533d,2025-07-21,LT,Vilnius,M,1977,affiliate,0
3714,972ec2f5e15a,2025-07-21,LT,Vilnius,F,1969,paid_search,1
3715,c4e08d22bcc2,2025-07-21,LT,Druskininkai,M,,organic_search,0
3716,f55b09cf0f79,2025-07-22,LT,Telšiai,M,,direct,0
3717,83e460b3be38,2025-07-22,LT,palanga,M,,referral,0
3718,a85c31c60819,2025-07-22,LT,Vilnius,F,1992,referral,0
3719,5f0ad268b0ec,2025-07-22,LT,Kaunas,F,1987,paid_search,0
3720,0beee078fbbd,2025-07-22,LT,Vilnius,X,1990,organic_search,0
3721,dabccb35e400,2025-07-22,LT,Kaunas,F,,organic_search,0
3722,050eff0a2853,2025-07-22,LT,Kaunas,M,1992,referral,0
3723,813ee1f5d9de,2025-07-22,LT,Panevėžys,M,,paid_search,0
3724,95f99f77cdea,2025-07-22,LT,Vilnius,F,1984,referral,1
3725,d9f1399b67eb,2025-07-22,LT,Lentvaris,M,1994,direct,1
3726,984892d7aed7,2025-07-23,LT,Vilnius,M,,paid_social,1
3727,19bc3eacb33d,2025-07-23,LT,Vilnius,,1965,email,1
3728,8e3176d22a40,2025-07-23,LT,,F,1992,organic_search,0
3729,2e059426bad3,2025-07-23,LT,Vilniaus r.,M,,organic_search,1
3730,2faaba195bc2,2025-07-23,LT,Vlnius,F,1984,referral,1
3731,f241c4dbbd22,2025-07-23,LV,Jelgava,F,1972,affiliate,1
3732,28c5f967d26b,2025-07-23,LV,Rīga,F,1986,paid_search,1
3733,bda0c6c1fdc2,2025-07-23,LT,Šiauliai,F,1996,organic_search,1
3734,8fcada016851,2025-07-23,LT,Plunge,F,1997,organic_search,1
3735,bce685d9b016,2025-07-23,LT,Kaunas,M,1989,paid_search,0
3736,c74cf01d6260,2025-07-23,LT,Klaipeda,F,,paid_search,1
3737,554489bf98ad,2025-07-24,LT,Rokiškis,M,1993,organic_search,1
3738,5429f43311f2,2025-07-24,LT,Kaunas,M,,paid_search,0
3739,6d4bf2d7b6a4,2025-07-24,LT,Šiauliai,F,1952,referral,0
3740,3e3ca5daa269,2025-07-24,LT,Vilnius,F,1983,referral,1
3741,1397d7551ecb,2025-07-24,LT,Kauno r.,F,1970,direct,1
3742,aa7715375489,2025-07-24,LT,Kaunas,M,1973,direct,1
3743,09e8d7c10391,2025-07-24,LT,Vilnius,F,1992,organic_search,0
3744,d8dbd6b81ef6,2025-07-24,LT,,,1988,paid_search,1
3745,5814cca4485d,2025-07-24,LT,Vilnius,M,1991,affiliate,0
3746,0018ebbb5cf8,2025-07-24,LT,Kaunas,F,1979,paid_search,0
3747,bb05a9986252,2025-07-24,LT,Vilnius,F,,paid_social,1
3748,6cb9b13d16bd,2025-07-25,LT,Vilnius,F,1997,direct,0
3749,76da98f056c1,2025-07-25,LT,Vilnius,F,1972,organic_search,1
3750,93de9c970b6e,2025-07-25,LT,Tauragė,F,1988,organic_search,1
3751,1ed87f96f827,2025-07-25,LT,PLUNGE,M,2002,paid_social,0
3752,6c0ab9a448bd,2025-07-26,LT,Jonava,M,1974,affiliate,0
3753,db13e6a35475,2025-07-26,LT,Vilnius,F,,email,1
3754,544c8f88b150,2025-07-26,LT,Kaunas,F,1981,affiliate,0
3755,3446a3644ca1,2025-07-27,LT,Kaunas,M,1999,referral,1
3756,45f838107c5a,2025-07-27,LT,Kaunas,F,2002,direct,1
3757,c58a31089ea4,2025-07-27,LV,Rīga,M,1992,organic_search,1
3758,bcfd50cc6cfe,2025-07-27,LT,,F,1993,paid_search,0
3759,2275a9e8def7,2025-07-27,LT,Vilnius,F,1987,referral,1
3760,43581764b6ff,2025-07-27,LT,Vilnius,F,1992,affiliate,1
3761,d86fffbc4b86,2025-07-27,LT,Kretinga,M,1962,email,1
3762,a2f8bbbd8cd9,2025-07-27,LT,Vilnius,M,1983,paid_search,0
3763,e332dc987228,2025-07-27,LT,Kaunas,M,2000,organic_search,0
3764,c3690d1cf4d7,2025-07-28,LV,Riga,F,1991,paid_social,1
3765,a1c8c8818300,2025-07-28,EE,Pärnu,M,2000,paid_social,1
3766,282f2b7d5a0d,2025-07-28,LT,,M,1979,organic_search,0
3767,ba276f139fde,2025-07-28,LT,Vilnius,F,1989,organic_search,0
3768,0504efa36617,2025-07-28,LV,Daugavpils,F,1998,paid_social,1
3769,2f05b262237c,2025-07-28,LT,Mažeikiai,M,1984,paid_search,1
3770,e63645715602,2025-07-28,LT,Klaipeda,M,2003,direct,0
3771,c77e0b15fcbd,2025-07-28,LT,Kaunas,M,1987,paid_social,1
3772,0af9fa5e07db,2025-07-29,LT,Vilnius,F,1989,paid_social,0
3773,def6b0b3170a,2025-07-29,LV,riga,F,1977,organic_search,0
3774,b6d631c256a1,2025-07-29,LT,Kaunas,M,1977,organic_search,1
3775,50accfd984b1,2025-07-29,LT,Vilnius,F,1992,referral,1
3776,b015d3cd8c80,2025-07-29,LT,Vilnius,M,1990,paid_social,1
3777,7a97333400e2,2025-07-29,LT,Vilnius,F,1978,email,1
3778,14705b9eb6ce,2025-07-29,LT,,F,1980,organic_search,1
3779,43c215f0ff9f,2025-07-30,LT,Vilnius,F,2001,direct,0
3780,a6d0958f9de3,2025-07-30,LT,Palanga,F,1977,direct,0
3781,f6d572541489,2025-07-30,EE,Pärnu,F,1979,paid_social,1
3782,a943e027e2e9,2025-07-31,LT,Palanga,F,1984,paid_search,0
3783,e1aff68eb937,2025-07-31,LT,Vilnius,,2001,organic_search,1
3784,f2bac4fd0860,2025-07-31,LV,Rīga,M,1996,paid_search,0
3785,9625fce250a2,2025-07-31,LT,Vilnius,M,1975,paid_search,0
3786,b3947b139576,2025-07-31,LT,Klaipėda,M,1983,paid_search,0
3787,867b2d1bc14a,2025-07-31,LT,Kaunas,M,1989,referral,0
3788,fe96d64a1b3d,2025-07-31,LT,Vilnius,F,1970,organic_search,1
3789,5b83bc3c08a8,2025-08-01,LT,Vilnius,M,2005,paid_search,1
3790,d4dd8b5992bb,2025-08-01,LT,,M,1969,organic_search,0
3791,d007b3365ff3,2025-08-01,LT,Panevėžys,F,1991,email,1
3792,47c45a2f5d71,2025-08-01,LT,Vilnius,M,1979,organic_search,1
3793,725444614bde,2025-08-01,LT,Vilnius,F,1975,organic_search,1
3794,dbf82a2a6ee0,2025-08-01,LT,Panevėžys,F,1996,organic_search,1
3795,8627359da286,2025-08-01,LT,Klaipeda,F,1985,organic_search,1
3796,09b58cc39b4e,2025-08-01,LT,Vilnius,M,1986,affiliate,1
3797,96608244863b,2025-08-02,LT,Kaunas,M,1986,paid_search,0
3798,4659a6bbb2ee,2025-08-02,LT,Vilnius,F,,paid_social,1
3799,41d8d20865ea,2025-08-02,LT,Vilnius,M,,direct,0
3800,b85a70c48af9,2025-08-02,LT,Vilnius,M,1987,organic_search,0
3801,04f0f934e3fe,2025-08-02,LT,Vilnius,M,1984,paid_search,0
3802,e7a858d7a2f3,2025-08-02,LT,Panevėžys,F,1982,paid_social,1
3803,22085c596667,2025-08-02,LT,Panevėžys,M,1996,affiliate,0
3804,395da7667a51,2025-08-02,LT,Alytus,M,,paid_social,1
3805,7c0a3bae20d0,2025-08-03,LT,Kaunas,,1990,direct,1
3806,5ffb10af1ba6,2025-08-03,EE,Maardu,F,1999,organic_search,1
3807,431a9ed3255b,2025-08-03,LT,vilnius,M,1991,paid_social,1
3808,8535a717ca2c,2025-08-03,LT,,M,1989,referral,1
3809,51e586c9a776,2025-08-03,LT,Vilnius,F,1985,affiliate,0
3810,fd783253bf22,2025-08-03,LT,Kauno r.,M,,organic_search,1
3811,c23603dd51ff,2025-08-03,LT,Vilnius,,1958,organic_search,1
3812,7b1eae418de3,2025-08-03,EE,,F,1981,organic_search,1
3813,513abfcc8049,2025-08-04,LT,,F,1983,paid_search,1
3814,17c7e6903ac3,2025-08-04,LT,Klaipėda,M,,direct,1
3815,98d383ccc881,2025-08-04,LT,Kaunas,M,2003,paid_search,1
3816,f21c7dee4b9d,2025-08-04,LT,Vilnius,F,,organic_search,1
3817,1879e3de0ce1,2025-08-04,LV, Liepāja,M,1988,paid_search,1
3818,4b00cc8e26ba,2025-08-04,LT,Kaunas,F,1985,referral,1
3819,c96112cf9037,2025-08-04,LT,Šiauliai,F,1979,paid_social,0
3820,81df1f008db3,2025-08-04,LT,Vilnius,F,1989,organic_search,1
3821,f8041a8d0157,2025-08-04,LT,Vilnius,F,,direct,0
3822,bc99ff5daeeb,2025-08-04,LT,Kaunas,,1992,direct,0
3823,d0e99b31d180,2025-08-04,LT,Silute,F,,paid_search,1
3824,bfac8202f79d,2025-08-04,LV,Jurmala,M,1973,organic_search,1
3825,a9366db4929d,2025-08-04,LT,Vilnius,,1999,paid_social,1
3826,cce96d8c7f1a,2025-08-04,LV,Rīga,M,1977,paid_social,1
3827,3bc79eecc1fe,2025-08-05,LT,Alytus,,1999,direct,0
3828,c3e9ade9c933,2025-08-05,LT,Vilnius,F,,paid_search,0
3829,23a7cdf1f15a,2025-08-05,EE,Tallinn,F,1994,direct,0
3830,fae13b9fffd9,2025-08-05,LT,Vilnius,,1989,paid_social,0
3831,c770c5d3f13d,2025-08-05,LT,Vilnius,F,1982,paid_social,0
3832,f7711185a1c4,2025-08-05,LV,Jelgava,,1981,affiliate,1
3833,2d2f0148182f,2025-08-05,LT,Raseiniai,M,1990,direct,0
3834,dc207457ff30,2025-08-05,LT,Panevėžys,,1978,direct,1
3835,c691d5c7c6b2,2025-08-05,LT,Vilnius,F,1955,affiliate,1
3836,2c0777e436e9,2025-08-05,LT,Alytus,F,1994,organic_search,0
3837,3aae49a734b9,2025-08-06,EE,Tallinn,M,,referral,1
3838,549626623920,2025-08-06,LT,Radviliškis,F,1971,paid_social,1
3839,1dc8f5f54ace,2025-08-06,LT,Vilnius,M,2002,organic_search,1
3840,fb7b57cca373,2025-08-06,LV,Rīga,F,1994,organic_search,0
3841,82e82028aac0,2025-08-06,LT,Marijampolė,M,1979,affiliate,0
3842,c2c68ff3ae81,2025-08-07,LT,Kaunas,,1978,paid_search,0
3843,99f3699ded77,2025-08-07,EE,Tallinn,M,1983,paid_search,1
3844,5f5c82c6b21b,2025-08-07,LT,Vilnius,F,2007,organic_search,0
3845,12ebd3c5f439,2025-08-07,LT,Vilnius,F,,organic_search,1
3846,ba8c808f1100,2025-08-07,LT,Radviliškis,F,,referral,0
3847,abe2e4fd9587,2025-08-07,LT,Vilnius,M,,direct,1
3848,b843de73cf4e,2025-08-07,LV,Riga,M,1985,email,1
3849,30ab5972a88e,2025-08-07,LT,,F,1996,paid_social,1
3850,8cea4a5e97d7,2025-08-08,LT,Jonava,F,1965,email,1
3851,4baa53df8f22,2025-08-08,LV,Rīga,F,,organic_search,1
3852,9173401487d7,2025-08-08,LT,Klaipėda,M,,referral,1
3853,c0de47c1c6ac,2025-08-08,EE,Kohtla-Järve,F,1964,paid_search,0
3854,bcf8f476dc5f,2025-08-08,LT,,F,1950,paid_search,0
3855,3bad4100532f,2025-08-08,LT,Ukmergė,F,1992,email,1
3856,a1ad57dc2b55,2025-08-08,LT,Utena,F,1974,paid_search,1
3857,1a8ba6a26c75,2025-08-08,LT,Naujoji Akmenė,F,1997,paid_search,0
3858,9908afb99275,2025-08-09,LT,Marijampolė,M,1980,paid_search,1
3859,361e9617f1fc,2025-08-09,LT,Ukmerge,M,1961,direct,0
3860,643a56e9f7f2,2025-08-09,LT,Vilnius,,1996,organic_search,0
3861,ee795b578de4,2025-08-09,LT,Vilnius,M,1983,direct,1
3862,9ac233e1dd3a,2025-08-09,LT,Vilnius,M,1980,organic_search,0
3863,c0421fa52945,2025-08-10,LT,Kaunas,,1983,paid_search,0
3864,452aecb4b424,2025-08-10,LT,Šiauliai,F,1975,organic_search,0
3865,8277fea18503,2025-08-10,LT,Vilnius,,1987,paid_search,1
3866,203b2c03501d,2025-08-10,LV,Ventspils,,1991,email,1
3867,0715ae4bae6a,2025-08-10,LT,,,1993,organic_search,0
3868,34a9266cee82,2025-08-10,LT,Šiauliai,F,1992,organic_search,0
3869,131f18ae2cd9,2025-08-10,LT,Vilnius,,1973,organic_search,1
3870,0753cd212d96,2025-08-10,LT,Kaunas,M,1976,paid_search,0
3871,72ecb63cd733,2025-08-10,EE,Tallinn,F,1989,direct,1
3872,c70cf02745ad,2025-08-10,LT,Vilnius,F,1999,organic_search,1
3873,d2e3a6f9f964,2025-08-11,LT,Vilnius,F,,organic_search,1
3874,dfe3069d5f3d,2025-08-11,LT,Vilnius,F,2000,email,1
3875,cd5efb493185,2025-08-11,LT,Vilnius,F,1991,paid_search,1
3876,83d2066930c5,2025-08-11,LT,Jurbarkas,M,,organic_search,1
3877,ff2c0c89a96d,2025-08-12,LT,Gargzdai,F,2007,paid_search,1
3878,dcc8f15719d4,2025-08-12,LT,Anykščiai,F,,organic_search,0
3879,3f27d2f70854,2025-08-12,LT,Vilnius,M,1985,direct,1
3880,37af5e61bffb,2025-08-12,LT,Kaunas,M,1994,organic_search,1
3881,44229ba72ead,2025-08-12,LV,Valmiera,M,1985,paid_social,1
3882,3ded2ad7d183,2025-08-12,LT,Vilnius,M,1982,paid_social,1
3883,7632792969bd,2025-08-12,LT,Vilnius,F,1991,paid_search,1
3884,8c0144492133,2025-08-12,LT,Kaunas,M,2002,email,0
3885,adacbb9e3c7b,2025-08-13,LT,Klaipėda,F,1983,direct,1
3886,ce10014d9e93,2025-08-13,LV,Rīga,F,1976,organic_search,1
3887,09adb8aaf709,2025-08-13,LT,Šiauliai,M,1963,direct,0
3888,290627afaff4,2025-08-13,EE,Tallinn,F,,referral,1
3889,f65efcb35359,2025-08-13,LT,Šiauliai,,1994,paid_social,1
3890,5fb558159226,2025-08-13,LT,Kaunas,F,1991,direct,0
3891,c8a57172fa9a,2025-08-13,LT,Klaipeda,F,1993,paid_social,1
3892,1fb708c1191c,2025-08-13,LV,Daugavpils,,,organic_search,1
3893,a4a2637d70ca,2025-08-14,EE,Tallinn,F,1989,affiliate,1
3894,634c9a260d5d,2025-08-14,LT,Vilnius,F,1998,paid_social,0
3895,31bd27533f48,2025-08-14,LT,Kaunas,F,,referral,1
3896,66e997a1861f,2025-08-14,LT,Vilnius,M,1989,organic_search,0
3897,9b8d4c9ba55b,2025-08-14,LT,Vilnius,F,1979,organic_search,1
3898,30ec5d8c9fee,2025-08-14,LV,Liepāja,F,1983,paid_search,1
3899,6ef64e0b66c6,2025-08-15,LV,Liepaja,F,1992,organic_search,0
3900,396a14e6ca87,2025-08-15,LV,Liepāja,F,,paid_social,0
3901,320cd6c3a7b9,2025-08-15,LT,Radviliškis,M,,direct,1
3902,8270936c965d,2025-08-15,LT,Vilnius,M,1991,organic_search,0
3903,9c2a84542e1d,2025-08-15,LT,Klaipėda,,1982,referral,0
3904,905f33ac0dbe,2025-08-15,LT,Ukmergė,F,1997,organic_search,0
3905,bcffadfeb3dc,2025-08-15,LT,Vilnius,F,1993,email,1
3906,ef538df91485,2025-08-15,LV,Rīga,M,1994,referral,1
3907,0fa4403ecd28,2025-08-15,LT,Kaunas,M,1972,paid_search,1
3908,22b800f51da2,2025-08-15,LT,Kaunas,F,1991,direct,1
3909,d64728d3e7be,2025-08-15,LV,Rīga,,1978,affiliate,1
3910,bd1a7118962e,2025-08-15,LT,Kaunas,M,1972,paid_social,1
3911,e6f876acaf5d,2025-08-16,LV,Rīga,M,,organic_search,1
3912,87a137b422ec,2025-08-16,LT,,M,,direct,1
3913,b0e59cbda39a,2025-08-16,LT,Vilnius,M,1989,referral,0
3914,b4aa00db1fda,2025-08-16,LT,Vilnius,M,1989,referral,1
3915,d30a97d42a56,2025-08-16,LT,Šiauliai,M,1983,direct,1
3916,8a0726aaa897,2025-08-16,LT,Alytus,,1994,paid_social,0
3917,83717b1d895e,2025-08-16,LT,visaginas,F,1994,organic_search,0
3918,50da61ffdb02,2025-08-16,LT,Mažeikiai,M,1984,direct,0
3919,b5113ec00e0f,2025-08-17,LV,Rīga,F,1982,direct,0
3920,0d0ca69c69aa,2025-08-17,LT,Kaunas,M,2003,affiliate,1
3921,540e20912218,2025-08-17,LT,Vilnius,M,1983,paid_social,1
3922,7e40533736ae,2025-08-17,LT,Mažeikiai,M,1992,paid_social,0
3923,f8b47df2c740,2025-08-17,LT,Vilnius,F,1977,paid_search,1
3924,181482efd91b,2025-08-17,LT,Kaunas ,,1992,organic_search,1
3925,2f4521d1a15b,2025-08-17,LT,Vilnius,M,1985,paid_search,1
3926,4d6570990fce,2025-08-17,LT, Klaipėda,F,1976,affiliate,1
3927,190aa3a075e8,2025-08-17,LT,Vilnius,F,1999,paid_social,1
3928,a7eec9f9c4f9,2025-08-17,LV,Rīga,F,2006,paid_search,1
3929,b63b396f15e2,2025-08-17,LT,Gargždai,F,1988,paid_search,1
3930,f7e9938dc903,2025-08-17,LT,,M,,paid_search,0
3931,dd7d89f0177d,2025-08-18,LT,Vilnius,F,1985,referral,1
3932,d4ff16861366,2025-08-18,LT,Kaunas,F,,affiliate,0
3933,1570191f47f6,2025-08-18,LT,Vilnius,F,1992,organic_search,1
3934,cd485c32300d,2025-08-18,LT,Vilnius,M,1979,paid_search,0
3935,aadf54149d13,2025-08-19,LT,Vilnius,M,1991,paid_social,1
3936,725d5bdb064b,2025-08-19,LT,Vilnius,F,1989,affiliate,1
3937,7fc377a4a516,2025-08-19,EE,Talilnn,F,1997,organic_search,0
3938,1f3300a036c1,2025-08-19,LT,Vilnius,,1995,direct,1
3939,11da240978b8,2025-08-19,LT,Kaunas,F,1986,referral,1
3940,ad980d89ee93,2025-08-19,LT,Klaipėda,M,1977,direct,1
3941,749542c06c85,2025-08-20,LT,Plungė,M,1971,email,1
3942,509ec848256a,2025-08-20,EE,Narva,M,,organic_search,1
3943,53f13450164c,2025-08-20,LT,Vilnius,F,1985,organic_search,0
3944,aa47b7d73402,2025-08-20,LV,Рига,F,,referral,1
3945,3b66e07414a3,2025-08-20,LT,,F,1988,paid_social,1
3946,fe542df6acab,2025-08-20,LT,Kaunas,M,1980,organic_search,0
3947,a0fce881f903,2025-08-20,LT,Kaunas,F,1986,organic_search,0
3948,fc11a3dade7b,2025-08-21,LT,Kaunas,F,1996,referral,1
3949,9e19fd38b052,2025-08-21,EE,Tartu,M,1980,email,1
3950,7edeb9e517d3,2025-08-21,LT,Šiauliai,M,1985,referral,1
3951,101f48eb713a,2025-08-21,LV,Rīga,F,1990,direct,1
3952,530af5bf6ca8,2025-08-21,LT,Panevėžys,M,1986,organic_search,1
3953,1c916763d86b,2025-08-21,LT,Marijampolė,M,1995,paid_social,0
3954,3de5d60cd46d,2025-08-21,LT,kaunas,M,1988,paid_search,0
3955,462e509b5b39,2025-08-21,LT,Ukmergė,F,1973,direct,0
3956,9b529832bd60,2025-08-21,LT,Plunge,F,1996,organic_search,1
3957,0490f68ba5b1,2025-08-22,LT,Kėdainiai,,1987,paid_social,1
3958,64fbe9c426e6,2025-08-22,LT,Vilnius,F,1963,affiliate,1
3959,a5321309e358,2025-08-22,LV,Duagavpils,M,2003,organic_search,1
3960,80a642bc981f,2025-08-22,LT,Vilnius,F,1982,direct,1
3961,67a0b157fd82,2025-08-23,LV,Jēkabpils ,M,1969,paid_social,0
3962,db5348f09c60,2025-08-23,LT,Vilnius,M,2004,organic_search,0
3963,0795b2336c4e,2025-08-24,LT,Vilnius,F,1990,affiliate,1
3964,4c860b28608b,2025-08-24,LT,Marijampolė,M,1996,paid_search,1
3965,88c8214d2b2a,2025-08-24,LT,Vilnius,M,1963,paid_social,1
3966,e68b0e6e5fc3,2025-08-24,LT,Marijampole,M,,direct,1
3967,3d9178533164,2025-08-24,LT,Palanga,M,1984,direct,1
3968,097353894eeb,2025-08-25,LT,Vilnius ,F,1982,paid_social,1
3969,6a27d9232615,2025-08-25,LT,Vilnius,F,1993,direct,1
3970,f73b1fe9a298,2025-08-25,LV,Rīga,M,1971,paid_search,0
3971,b1de0718776c,2025-08-25,LT,Radviliškis,F,1976,paid_social,1
3972,c86258ea2d2f,2025-08-25,LT,Vilnius,M,1989,organic_search,1
3973,ad759a558930,2025-08-25,LT,Kaunas,F,1982,paid_social,1
3974,aa03d6849387,2025-08-26,LT,Kaunas,M,1994,organic_search,0
3975,e1bb1b1aaf65,2025-08-26,LT,Vilnius,M,1969,email,1
3976,ce3e4370c75f,2025-08-26,LV,,M,1999,organic_search,1
3977,127f7d234796,2025-08-26,EE, Viljandi,M,1969,paid_social,1
3978,46397983d163,2025-08-26,LV,Rīga,M,1998,organic_search,0
3979,24fe5d1fe751,2025-08-26,LT,Kauno r.,F,1974,paid_social,0
3980,02c7d83579c7,2025-08-26,LT,Vilnius,M,,paid_search,0
3981,125195a967c5,2025-08-26,LT,Vilnius,M,1997,affiliate,0
3982,6282f46cf8d5,2025-08-27,LT,Radviliškis,M,1993,paid_social,1
3983,9e53de7583fb,2025-08-27,LT,Marijampole,M,1994,paid_social,1
3984,576107a66654,2025-08-27,LT,Kaunas,F,,organic_search,0
3985,2f53adefabac,2025-08-27,LV,Rīga,M,1996,organic_search,0
3986,1ebc1ccbc5da,2025-08-27,LT,Plungė ,M,1995,paid_social,0
3987,d7b4b0cfeb6b,2025-08-27,LT,Vilnius,M,,email,1
3988,228e27f9af65,2025-08-27,LT,Panevezys,F,1988,referral,1
3989,1f6725f5cb1b,2025-08-27,LT,Šiauliai,M,1998,referral,1
3990,1f59aaf794e1,2025-08-28,LT,Vilnius,F,2000,paid_search,1
3991,5e5922008898,2025-08-28,EE,Rakvere,M,1987,referral,0
3992,3afa67103d31,2025-08-28,LT,Vilnius,F,1974,paid_search,0
3993,4ae0d7556d62,2025-08-28,LT,Klaipeda,M,1987,direct,1
3994,106f09d14216,2025-08-28,LT,Vilnius,F,2003,organic_search,1
3995,582576e5934a,2025-08-28,LT,Vilnius,M,1980,organic_search,1
3996,05b59704594f,2025-08-29,LT,Panevėžys,M,1983,affiliate,0
3997,50805f2c1f5b,2025-08-29,LT,Palanga,M,1982,paid_social,1
3998,0a9c5438110e,2025-08-29,LV,Rīga,F,1960,organic_search,1
3999,42e570080b2b,2025-08-29,EE,Pärnu,,1995,direct,0
4000,0297e8b6454b,2025-08-29,EE,Tallinn,M,1969,organic_search,0
4001,5b741984cc60,2025-08-29,LT,Vilnius,M,1994,email,1
4002,f5d4d6df9739,2025-08-29,LT,Vilnius,F,1976,email,1
4003,40a198ecca39,2025-08-30,LT,Kaunas,F,2005,email,0
4004,83356a0c5015,2025-08-30,LT,Kaunas,F,,paid_search,1
4005,baebc8bd3f88,2025-08-30,LT,Vilnius,F,1963,affiliate,0
4006,483dee465e57,2025-08-30,LV,Daugavpils,F,1992,paid_search,1
4007,11c1c0373d21,2025-08-30,LT,Vilnius,X,1977,paid_search,1
4008,c2e8e3b0cecd,2025-08-30,LT,Vilnius,F,1999,paid_social,1
4009,2d069ae0024e,2025-08-30,LT,Kaunas,F,1990,paid_search,1
4010,47c692b66d59,2025-08-30,LV,Rīga,X,1999,organic_search,1
4011,c36915c106e9,2025-08-30,LV,Daugavpils,F,1970,paid_search,0
4012,d505c68cfefc,2025-08-30,LT,Mazeikiai,F,1998,paid_search,1
4013,ea9c2ba8de0b,2025-08-30,EE,Tallinn,M,1978,paid_search,1
4014,8a738142e97b,2025-08-31,LT,Šiauliai,M,1979,organic_search,1
4015,7f48002c80e8,2025-08-31,LT,Kaunas,X,1986,paid_search,1
4016,258cb0b3a511,2025-08-31,LV,Rīga,M,1981,direct,0
4017,e2c1fdd46b7c,2025-08-31,LT,Kaunas,F,1983,affiliate,1
4018,2f1cd619bfed,2025-09-01,LT,Visaginas,,,organic_search,0
4019,285247c613d3,2025-09-01,LV,Jūrmala,M,1976,organic_search,1
4020,838e9dc9c75e,2025-09-01,LT,Vilnius,M,1965,organic_search,0
4021,e23225ec5710,2025-09-01,LV,Daugavpils,F,,organic_search,1
4022,8e04eca0e86b,2025-09-01,LT,Vilnius,F,1986,affiliate,1
4023,5093bf8b7fca,2025-09-01,LT,Šiauliai,M,1991,affiliate,0
4024,ddfecc161767,2025-09-01,LT,Kaunas,F,1976,paid_social,1
4025,51b983c07d96,2025-09-02,LT,Kaunas,M,1966,affiliate,0
4026,bffb885ca42c,2025-09-02,LT,Vilnius,M,1993,paid_search,0
4027,86fbc4168e18,2025-09-02,EE,Tallinn,F,1991,organic_search,1
4028,9bf64b1a92a9,2025-09-02,LT,Kaunas,M,,paid_search,0
4029,5540ba81dab9,2025-09-02,LT,Kaunas,F,1991,paid_social,0
4030,a4e9326a6329,2025-09-03,LT,Alytus,M,1996,paid_search,0
4031,9b25122c67cb,2025-09-03,LT,Vilnius,M,1969,organic_search,0
4032,4f9cbc04e669,2025-09-03,LT,Garliava,F,1975,organic_search,1
4033,e7289a4a9159,2025-09-03,LT,Vilnius,F,1977,organic_search,1
4034,bd7ce8c5380e,2025-09-03,LT,Jonava,F,,paid_search,1
4035,5dea144d714c,2025-09-03,LT,Klaipėda,M,1984,referral,0
4036,2c38c70c5402,2025-09-03,EE,Tallinn,M,1984,email,1
4037,79843d9fe364,2025-09-03,EE,Narva,M,1973,paid_search,1
4038,379b4fc8ab16,2025-09-04,LT,Vilnius,M,1981,organic_search,0
4039,1f25514ba6cf,2025-09-04,EE,Tallinn,M,1994,direct,1
4040,ce72b70b90dc,2025-09-05,LT,Kaunas,F,1996,organic_search,1
4041,6b12b3a83b8f,2025-09-05,LT,Vilnius,M,1988,organic_search,0
4042,073766c55a04,2025-09-05,EE,Нарва,,1956,organic_search,1
4043,31fa6e1b945f,2025-09-05,LT,Kaunas,F,1966,paid_social,1
4044,ea8f96ee84e5,2025-09-05,LT,Vilnius,F,1971,paid_social,1
4045,c54d805d1767,2025-09-05,LT,Vilnius,M,2003,paid_social,1
4046,85daca442b2e,2025-09-06,LT,Panevezys,M,1973,organic_search,0
4047,685c9c9a06e7,2025-09-06,LV,Rīga,F,1985,paid_search,1
4048,2e1da2f89c03,2025-09-06,LT,Kaunas,F,1996,referral,0
4049,71894577074a,2025-09-06,LT,,M,1973,organic_search,1
4050,cabbd9498272,2025-09-06,LT,Siauliai,M,1977,referral,0
4051,ce1cc89e6e55,2025-09-06,LT,Vilnius,M,1982,referral,1
4052,4e8ee27c275f,2025-09-06,LT,Šiauliai,M,2004,organic_search,0
4053,529e0d223e54,2025-09-06,LT,Vilnius,,1992,organic_search,1
4054,357f5bb48107,2025-09-07,LT,Klaipėda,F,2001,organic_search,0
4055,f26b1384e989,2025-09-07,LV,Rīga,F,1981,direct,0
4056,1a783134fc83,2025-09-07,LT,Plungė,M,1969,referral,0
4057,61eb90721e13,2025-09-07,LV,rīga,M,1991,organic_search,0
4058,b34f1b043dc8,2025-09-07,LT,Vilnius,M,1988,paid_social,1
4059,af935adfa5c6,2025-09-07,LV,Liepāja,F,1984,direct,1
4060,05787864d3db,2025-09-07,LT,visaginas,F,,paid_social,0
4061,32e6f7d6a8bd,2025-09-07,LT,Vilnius,F,1985,direct,1
4062,d2750526e224,2025-09-07,LT,Vilnius,M,2000,paid_social,0
4063,9a7fef2a5c35,2025-09-08,LT,Vilnius,F,1980,organic_search,1
4064,5fd714e16470,2025-09-08,LT,Vilnius,M,2000,paid_social,1
4065,54aac40d2e83,2025-09-08,LV,Sigulda,M,1981,paid_search,1
4066,ab5bc959b7d8,2025-09-08,LT,Utena,F,1994,direct,0
4067,3615f14ce8d7,2025-09-08,LT,Kaunas,F,1986,organic_search,1
4068,db9130f45232,2025-09-08,LT,Šiauliai,M,1979,paid_social,0
4069,94dde415481c,2025-09-08,LT,Klaipėda,F,,organic_search,0
4070,8fac134f55d1,2025-09-09,LT,Klaipėda,,1986,paid_social,0
4071,e12ae4e96842,2025-09-09,LT,Kaunas,M,1994,paid_search,1
4072,bc1dda4e64bf,2025-09-09,LT,Vilnius,M,1978,referral,0
4073,4cf36a250351,2025-09-09,LT,Kaunas,F,2007,paid_search,1
4074,ced8bd874873,2025-09-09,LT,Utena,M,,paid_social,1
4075,1e6b8d203ae4,2025-09-09,LT,Kretinga,F,1997,paid_search,0
4076,627174128feb,2025-09-09,LV,Rīga,F,1993,organic_search,1
4077,910351800648,2025-09-09,LT,Vilnius,F,1978,paid_social,1
4078,bf00b22f11a8,2025-09-10,LT,Klaipėda,F,,paid_social,0
4079,16d4f655717c,2025-09-10,LT,Vilnius,M,1983,paid_social,1
4080,cbf05a16c3a2,2025-09-10,LT,Kaunas,F,1988,paid_search,0
4081,943b3ed47d4b,2025-09-10,LV,Daugavpils,F,1982,direct,1
4082,5349157c1184,2025-09-10,LT,vilnius,M,1997,paid_social,1
4083,56a60c011ee8,2025-09-10,LT,Telšiai ,F,1976,paid_social,1
4084,93a03e0ef59b,2025-09-10,LT,,M,1982,affiliate,1
4085,9cabd74e2eca,2025-09-10,EE,tallinn,,,referral,0
4086,9e4430896a53,2025-09-11,LT,Kaunas,M,,organic_search,0
4087,557d64896c4e,2025-09-11,LV,Riga,F,1996,organic_search,1
4088,101281554f8f,2025-09-11,LT,Kaunas,F,1998,paid_social,1
4089,33eb7d11be95,2025-09-11,LT,Kaunas,F,1959,paid_social,1
4090,c755420883a1,2025-09-11,LT,Vilnius,F,1994,organic_search,0
4091,92d006587880,2025-09-11,LT,Panevėžys,M,1992,organic_search,1
4092,fcee29e51e15,2025-09-11,LT,Kaunas,F,1986,affiliate,0
4093,586bae474a38,2025-09-11,EE,TALLINN,F,1983,affiliate,0
4094,a6f394b65a76,2025-09-11,LT,Radviliskis,F,1984,paid_social,0
4095,f40f3dabb1fe,2025-09-12,LT,Kaunas,M,2007,direct,0
4096,7b7fe8e27d6a,2025-09-12,LT,Klaipėda,M,1971,organic_search,1
4097,4bb01bf3ba42,2025-09-12,LT,Lentvaris,M,,paid_search,1
4098,267d984467d7,2025-09-12,LT,Vilnius,F,1987,paid_social,1
4099,62c17a0c325b,2025-09-12,LT,Vilnius,M,1985,organic_search,0
4100,f7d907dffc81,2025-09-12,LV,Rīga,F,,email,1
4101,5e444cbd7873,2025-09-12,EE,Tallinn,F,1989,paid_social,1
4102,1d469e9dbbbf,2025-09-12,EE,Tallinn,M,2005,affiliate,0
4103,b3fbb2ce511b,2025-09-12,LT,Kaunas,F,1975,direct,1
4104,8c143c88f272,2025-09-12,EE,Kuressaare,F,1994,paid_search,1
4105,176ff664f1de,2025-09-12,EE,,M,1988,organic_search,0
4106,64eaab4bd7e0,2025-09-13,LV,Riga,M,2001,email,1
4107,8f2f6930d0e1,2025-09-13,LT,Vilnius,M,1998,direct,0
4108,fceb600a0ef7,2025-09-13,LT,Biržai,F,1968,paid_social,0
4109,c10c20168a3a,2025-09-13,LT,Vilnius,M,1991,referral,1
4110,28b690cdca4b,2025-09-13,LT,Panevėžys,F,1983,referral,0
4111,e1c6666c353a,2025-09-14,LT, Visaginas,F,,paid_social,1
4112,7d990250f2bd,2025-09-14,LT,vilnius,F,1960,affiliate,0
4113,dc00a38cb0b1,2025-09-14,LT,Vilnius,F,1975,referral,0
4114,ac2028368e93,2025-09-14,LT,Tauragė,M,1991,organic_search,0
4115,db4005e5f160,2025-09-14,LT,Vilnius,M,1996,paid_social,0
4116,9f7b8e31db2b,2025-09-15,LT,Vilnius,F,1992,organic_search,1
4117,064748ade8f0,2025-09-15,LT,Panevėžys,F,1998,paid_social,1
4118,c993d39b9ca2,2025-09-15,EE, Narva,F,1987,paid_search,1
4119,fc32fccb9882,2025-09-15,LT,Kėdainiai,,1995,paid_social,1
4120,0289beff510b,2025-09-15,LT,Vilnius,F,1974,paid_search,1
4121,51b7f064f07c,2025-09-15,LT,Kaunas,M,1993,direct,1
4122,145118b4f5a8,2025-09-15,LT,Radviliškis,F,1978,email,1
4123,8a7f18694b54,2025-09-15,LT,kaunas,M,1972,affiliate,1
4124,b926136728b1,2025-09-15,LT,Klaipėda,F,1987,organic_search,0
4125,484ef1cdbc63,2025-09-16,LT,Kaunas,F,1992,paid_search,1
4126,91faeb34652a,2025-09-16,EE,Tallinn,M,2000,affiliate,0
4127,0a2c5697fc5f,2025-09-16,LT,Vilnius,F,1964,organic_search,0
4128,882fb72cb5ad,2025-09-16,LT,Vlinius,,1981,referral,1
4129,d62be2757604,2025-09-16,LV,Rīga,X,,paid_social,1
4130,ca4a4767c9c3,2025-09-16,LT,Vilnius,M,1971,organic_search,0
4131,4578a31d9e7f,2025-09-16,LT,Vilnius,M,,paid_social,1
4132,c14f5ab19b8e,2025-09-16,LT,,M,1999,paid_search,0
4133,0c3a852e6612,2025-09-16,LV,Рига,,1985,paid_search,1
4134,1e2405fbbda8,2025-09-16,LV,Rēzekne,F,,organic_search,1
4135,a6509237c8ab,2025-09-16,LT,Kaunas,F,1976,direct,1
4136,6e3101cfad29,2025-09-16,LT, Kaunas,M,1979,referral,1
4137,3408035bb9fd,2025-09-16,LT,vilnius,M,1993,referral,0
4138,8f40975dce36,2025-09-16,LT,Vilnius,,1984,organic_search,0
4139,da02be31016c,2025-09-17,LT,Vilnius,M,,referral,1
4140,61a8b0b17b75,2025-09-17,LV,Rīga,F,1962,paid_search,0
4141,8111bb899d72,2025-09-17,LT,Vilnius,F,1985,organic_search,1
4142,4904e75cf146,2025-09-17,LT,Šiauliai,F,,organic_search,0
4143,a06a4a350295,2025-09-17,LT,Vilnius,F,,organic_search,1
4144,9c5306e2fa44,2025-09-17,EE,Tallinn,F,1989,affiliate,0
4145,7893b41ad2fd,2025-09-17,LT,Gargždai,M,1995,paid_social,0
4146,45dc445d9b90,2025-09-17,LT,Siauliai,M,1991,affiliate,1
4147,3a4bf9acd71b,2025-09-17,LT,Birzai,F,1983,referral,0
4148,709af4a2f65f,2025-09-17,LT,Alytus,M,1985,paid_social,0
4149,afefc25d3a48,2025-09-17,LT,Kaunas,F,1981,organic_search,1
4150,c7bd36338773,2025-09-18,LV,Daugavpils,F,1984,organic_search,1
4151,408770ebefa7,2025-09-18,LT,Kaunas,M,1978,paid_search,1
4152,8e9f44b9a79a,2025-09-18,LV,Rīga,F,,organic_search,1
4153,88b469807237,2025-09-18,LT,Klaipėda,M,1978,paid_social,0
4154,a52c9d4f7289,2025-09-18,LT,Alytus,M,1988,paid_social,1
4155,e5c220c5dfb0,2025-09-18,LT,Kaunas,M,1974,affiliate,0
4156,d5bcda56e880,2025-09-18,LT,Klaipeda,F,,direct,0
4157,ef97607db928,2025-09-18,LT,Kaunas,M,1994,organic_search,0
4158,c580498cafe6,2025-09-18,LT,Kaunas,M,,paid_social,1
4159,7a6867d95121,2025-09-18,LT,Vilnius,M,1974,email,1
4160,f4fb98226927,2025-09-19,LT,kaunas,M,1972,organic_search,0
4161,d333b9e83083,2025-09-19,LT,Kaunas,M,,paid_social,1
4162,7b3c3cf8e17d,2025-09-19,LT,Klaipėda,M,1976,paid_search,1
4163,017a3d42dbb8,2025-09-19,LT,druskininkai,F,1995,paid_search,1
4164,b6c2b35ce47b,2025-09-19,LT,Vilnius,F,1990,organic_search,1
4165,1bfaad0161c5,2025-09-20,LT,Šiauliai,F,1988,organic_search,1
4166,110c67fb7faf,2025-09-20,LT,Kaunas,F,1977,referral,1
4167,a8479357af6b,2025-09-20,LT,Klaipėda,M,1982,affiliate,0
4168,ea8471aaa8b1,2025-09-20,LV,Liepaja,,1979,paid_social,1
4169,ba95ae438f49,2025-09-20,LT,Vilnius,M,1996,referral,1
4170,8ba471c50a82,2025-09-20,LT,Kelmė,F,,paid_search,0
4171,5f6b88be9af0,2025-09-20,LT,Kaunas,F,1992,affiliate,0
4172,84aee3c6e165,2025-09-20,EE,,M,1986,organic_search,0
4173,f0c7eebd4eba,2025-09-21,LT,Vilnius,M,1998,organic_search,1
4174,36490735ff6d,2025-09-21,LT,Kaunas,F,,email,1
4175,56e3410a1b8d,2025-09-21,LT,Kaunas,F,1980,organic_search,1
4176,67eadcb6e880,2025-09-21,LT,Kaunas,M,1965,referral,1
4177,34b0fc0c375b,2025-09-21,LT,Vilnius,F,1974,paid_social,1
4178,9b931b77aba0,2025-09-21,EE,Tallinn,M,1979,organic_search,1
4179,a44bafe3a973,2025-09-21,LT,Vilnius,M,2000,direct,1
4180,8eed2131fea3,2025-09-21,LT,Klaipeda,F,2007,organic_search,0
4181,7c92ee39befb,2025-09-21,LT,Vilnius,F,1976,organic_search,0
4182,c417666e64e2,2025-09-21,LT,Vilnius,M,1984,direct,1
4183,d6e0cf8064b2,2025-09-21,LV,Rīga,M,1985,organic_search,1
4184,040b83fdd990,2025-09-21,LT,Radviliškis,F,1993,direct,0
4185,04b4a65be50f,2025-09-22,LT,Šilutė,F,,affiliate,1
4186,aa886d0813f3,2025-09-22,LT,Vilnius,F,1968,organic_search,0
4187,8e0acf5f71e9,2025-09-22,LT,Siauilai,F,2002,direct,1
4188,662baa11c524,2025-09-22,LT,Klaiepda,M,1973,organic_search,1
4189,cbeb0e8219ef,2025-09-22,LT,Vilnius,M,2003,affiliate,0
4190,e2ae615802d9,2025-09-22,LT,Kaunas,F,1991,direct,1
4191,1d450287f09b,2025-09-22,LT,Kaunas,F,2002,organic_search,0
4192,f6db3d8873fe,2025-09-22,LV,Rīga,M,,referral,1
4193,65ce67181635,2025-09-22,LT,Kaunas,M,1992,referral,1
4194,1b302e0bfa75,2025-09-22,LT,Kaunas,M,1990,paid_social,0
4195,14ac5472c219,2025-09-23,LV,Rīga,M,1973,paid_social,0
4196,1a65abeb52f3,2025-09-23,LT,Prienai,F,1972,paid_social,0
4197,4fc4b0182c37,2025-09-23,LT,Klaipėda,M,1979,paid_search,0
4198,0309c6811649,2025-09-23,LT,Vilnius,F,1987,paid_search,1
4199,b953e2356a50,2025-09-23,LT,Vilnius,F,1980,direct,0
4200,1d2664ad19dc,2025-09-23,EE,Tartu,F,1958,organic_search,0
4201,0a64affe1feb,2025-09-23,LV,,,1973,referral,1
4202,25d8c7b84134,2025-09-23,LT,Kaunas,M,1992,email,1
4203,d00596639a89,2025-09-23,EE,Valga,F,1977,referral,1
4204,446fba477e0a,2025-09-23,LV,Rīga,F,1986,paid_social,0
4205,b6ba56a7cbe6,2025-09-23,EE,Tartu,F,2005,email,1
4206,67ceceacd12c,2025-09-24,EE,Narva,F,1991,direct,1
4207,c1b19839159c,2025-09-24,LT,Kretinga,F,1963,organic_search,0
4208,e031a6d2181f,2025-09-24,LT,Vilnius,F,2001,direct,1
4209,8ff2c6f6a81e,2025-09-24,LT,,,,paid_social,0
4210,97e7b9213171,2025-09-24,LT,Vilnius,F,1953,paid_search,1
4211,047471bda27a,2025-09-24,LT,Gargždai,F,1982,direct,1
4212,42a1af8a8863,2025-09-24,LT,Vilnius,M,1983,direct,1
4213,ffa63eb69ddb,2025-09-24,LT,Kėdainiai,F,1986,paid_social,1
4214,02d4efee667f,2025-09-24,LT,Vilnius,F,1968,direct,0
4215,8e35d563cb74,2025-09-24,LT,Vilnius,M,2006,paid_social,1
4216,dc2ca23db3af,2025-09-25,LT,Vilnius,M,1990,paid_social,1
4217,a29c6ffac440,2025-09-25,LT,Vilnius,M,1985,organic_search,0
4218,f68c6ee0b6ac,2025-09-25,EE,Tallinn,F,,affiliate,1
4219,788c5def506e,2025-09-25,EE,Narva,F,1991,affiliate,1
4220,f2786d20be64,2025-09-26,LT,Mažeikiai,M,1964,paid_social,1
4221,354339e48477,2025-09-26,LT,Klaipėda,X,1993,organic_search,1
4222,2729bb96c998,2025-09-26,LV,Valmiera,F,1980,affiliate,1
4223,d12d466afb48,2025-09-26,LT,Panevėžys,F,1982,referral,1
4224,c41ef4c12b3a,2025-09-26,LT,Birzai,,1968,referral,1
4225,78efd71ff62a,2025-09-26,LT,Vilnius ,M,1995,paid_social,0
4226,810c50ad351e,2025-09-26,LT,Klaipėda,F,1982,referral,1
4227,1773a113c2b3,2025-09-27,LT,Kaunas,M,1994,paid_search,0
4228,1099f6346720,2025-09-27,LT,Vilnius,M,1969,paid_search,0
4229,5b836a235575,2025-09-27,LT,Vilnius,,1980,organic_search,1
4230,6b9d2209d583,2025-09-27,LT,Vilnius,F,1969,paid_social,1
4231,e4f89f314a30,2025-09-27,LT,Kanas,F,,paid_search,0
4232,722deeea1545,2025-09-27,LT,Vilnius,,1963,paid_social,0
4233,f6c5e9359d33,2025-09-27,LT,Vilnius,M,1996,organic_search,1
4234,f77a78bb738a,2025-09-27,LT,Vinius,F,1994,paid_social,0
4235,203677cc973b,2025-09-27,LT,Klaipėda,M,1993,paid_search,1
4236,a4e8215cbcf1,2025-09-27,LT,Vilnius,M,,affiliate,1
4237,3f817c9071d8,2025-09-27,LT,Vilnius,F,1977,referral,1
4238,6687298e63bc,2025-09-27,LT,Vilnius,F,1994,paid_social,1
4239,89319a0e027d,2025-09-28,LT,Vilnius,M,1973,direct,1
4240,1be8a40a72f0,2025-09-28,LT,Vilnius,F,1964,organic_search,1
4241,cf57ceb4b1f3,2025-09-28,LV,Daugavpils,M,1988,organic_search,1
4242,8400c67475c2,2025-09-28,LT,Klaipėda,M,,organic_search,0
4243,d88e137f704f,2025-09-28,LT,Vilnius,M,1992,organic_search,0
4244,303d683c809a,2025-09-28,LT,Alytus,F,1982,organic_search,1
4245,80d4f652ddba,2025-09-28,LT,Vilnius,F,,organic_search,0
4246,08bca81d0a62,2025-09-28,LT,Vilnius,M,1995,organic_search,0
4247,19dbc47888f4,2025-09-28,LT,Kaunas,M,,referral,1
4248,7daf1f601092,2025-09-28,LT,Klaipėda,,1985,paid_social,1
4249,2952d6ae10bb,2025-09-28,LT,Vilnius,F,1996,organic_search,1
4250,a54c47d7eadc,2025-09-28,LT,Rokiškis,,2007,organic_search,1
4251,3ade25a75b25,2025-09-28,LT,Vilnius,F,1985,organic_search,0
4252,d8356f6d9d74,2025-09-29,LT,Vilnius,M,1965,organic_search,0
4253,9f7727e2ca27,2025-09-29,LV,Jelgava,M,1987,organic_search,1
4254,3e2986ba8eab,2025-09-29,LT,Kaunas,,1991,direct,1
4255,0a6ebf8f9789,2025-09-29,LT,Klaipeda,M,1974,direct,1
4256,fa7aa614a96b,2025-09-29,LT,Raseiniai,,2001,referral,1
4257,39b606a54c0c,2025-09-29,LT,Klaipėda,M,1985,referral,1
4258,aa402b107d77,2025-09-29,LV,Daugavpils,F,1982,organic_search,0
4259,08d1d07c3ff0,2025-09-29,LT,Kaunas,F,1975,organic_search,0
4260,570add3e4223,2025-09-29,LT,Vilnius,M,1965,paid_search,0
4261,12d7b3a45bd7,2025-09-29,LT,Kaunas,,1988,paid_social,0
4262,084aeef94240,2025-09-30,LT,Panevezys,M,,organic_search,1
4263,8c268ce995c4,2025-09-30,LT,Kaunas,M,1997,affiliate,0
4264,12bdaaef1855,2025-09-30,LT,Kaunas,F,1990,paid_social,0
4265,ac5d529d9271,2025-09-30,LT,Kėdainiai,F,1983,referral,1
4266,81192ebc89e9,2025-09-30,LT,kaunas,M,1991,paid_social,1
4267,0c4270c8214d,2025-09-30,LT,klaipeda,M,,organic_search,1
4268,f20d51c8897f,2025-10-01,LT,Vilnius,M,1987,referral,0
4269,973f071a69cf,2025-10-01,LT,Klaipėda,M,1997,organic_search,1
4270,e47391d7f5f6,2025-10-01,LT,Šiauliai,F,1997,organic_search,0
4271,ce84c6d150ce,2025-10-01,LT,Klaipėda,,1985,direct,0
4272,dd5ae011c31f,2025-10-01,LT,Vilnius,M,1970,paid_social,0
4273,587ef4869162,2025-10-01,LT,Siauliai,M,1980,paid_social,1
4274,5e090fa6e467,2025-10-01,LT,Siuliai,F,1983,affiliate,1
4275,d6c3b6707bf7,2025-10-01,LV,Rīga,F,1992,organic_search,1
4276,42e0295e2b2b,2025-10-01,LT,KLAIPEDA,M,1986,paid_search,0
4277,bb9a49ef696d,2025-10-02,LV,Riga,M,1972,referral,0
4278,b8d38ed21cde,2025-10-02,LT,Šiauliai,F,2002,organic_search,0
4279,8be9795ddab4,2025-10-02,LT,Vilnius,F,1996,paid_search,1
4280,00b014275958,2025-10-02,LT,Panevezys,F,1993,email,1
4281,b52308ea0552,2025-10-02,LT,,M,2005,organic_search,1
4282,759d92d0936b,2025-10-03,EE,Tallinn,F,1998,paid_search,1
4283,3acfe3b7901a,2025-10-03,LT,Šiauliai,M,1993,paid_social,1
4284,3b6a4e435f1c,2025-10-03,LT,Kaunas,F,2001,organic_search,1
4285,d2efa6376cef,2025-10-03,LT,Kaunas,M,1993,paid_social,0
4286,51ffa1c30b7e,2025-10-03,LT,Vilnius,F,,organic_search,1
4287,199634efa353,2025-10-03,LT,Mažeikiai,M,1985,paid_social,0
4288,a154f41c2050,2025-10-04,LT,Vilnius,M,1995,organic_search,1
4289,9f1f639ebf57,2025-10-04,LT,Klaipeda,M,1992,organic_search,1
4290,7da061d298f1,2025-10-04,LT,Kaunas,F,1981,organic_search,1
4291,26b8f3949b39,2025-10-04,LV,Rīga,F,1984,paid_social,1
4292,a3eae19b3221,2025-10-04,LT,Vilnius,F,1988,paid_social,0
4293,ef2f3651086f,2025-10-05,LT,Plungė,F,,paid_social,0
4294,e6e5dc381e21,2025-10-05,LV,Rīga,M,1985,organic_search,0
4295,b820969ef29f,2025-10-05,LT,Vilnius,F,1964,direct,0
4296,be661a607fd0,2025-10-05,LV, Rīga,F,1997,paid_social,1
4297,bfdcdc3d85ff,2025-10-05,LT,Vilnius,M,1982,paid_social,0
4298,dc7cbc4504e1,2025-10-05,LT,Vilnius,M,2003,organic_search,0
4299,22554c5e47de,2025-10-05,LT,Vilnius,F,1971,paid_search,1
4300,c0f2d0c370ef,2025-10-05,LT,Vilnius,F,1982,organic_search,0
4301,f2a773c6781d,2025-10-05,LT,Vlnius,M,1976,organic_search,0
4302,f084a3dea4b5,2025-10-05,LT,Marijampolė ,M,1969,paid_search,1
4303,fcadf750304b,2025-10-05,LT,Vilnius,F,1991,paid_search,0
4304,0af01b607577,2025-10-06,LT,klaipeda,M,,organic_search,1
4305,6c566c9fa83b,2025-10-06,LV,Рига,F,1975,referral,0
4306,37b244635bf2,2025-10-06,LT,Vilnius,M,2000,organic_search,1
4307,158f0bc08b4b,2025-10-06,LT,Šiauliai,F,1983,paid_social,1
4308,3a8e1862c1ac,2025-10-06,LT,vilnius,M,,direct,0
4309,f9a20bf63f64,2025-10-06,LT,Klaipeda,F,1978,paid_search,0
4310,09806d18ed6a,2025-10-06,LT,Kauno r.,,1969,direct,0
4311,192829fd85ee,2025-10-06,LT,Rokiškis,M,1989,paid_search,1
4312,f92f5d51d905,2025-10-06,LT, Marijampolė,F,1996,organic_search,1
4313,b8d11bd404f4,2025-10-06,LT,Vilnius,M,1977,paid_social,1
4314,248973f0533e,2025-10-06,LT,Panevėžys,F,1961,paid_search,1
4315,02abfbb00c06,2025-10-06,LV,Rīga,F,,organic_search,1
4316,43755c0c16a1,2025-10-06,LT,Alytus,F,1958,organic_search,0
4317,e5ebdcf868d8,2025-10-06,LT,,F,1997,organic_search,1
4318,d2f40b9f21ba,2025-10-06,LT,Visaginas,F,2004,paid_social,1
4319,4f1ed7421a08,2025-10-06,LV,Jelgava,F,1982,email,1
4320,7756fe1278da,2025-10-06,LT,Vilnius,M,1979,referral,1
4321,a873ec0370c4,2025-10-06,LT,Vilnius,M,2000,referral,0
4322,84d300a2bce2,2025-10-07,LT,Vilnius,F,1979,referral,1
4323,84150d59813d,2025-10-07,LT,,F,1976,paid_social,0
4324,22a015dec354,2025-10-07,LT,Vilnius,F,1998,paid_social,1
4325,14efe546b25f,2025-10-07,LT,vilnius,F,1991,organic_search,0
4326,b8e2c632ff6b,2025-10-07,LT,Panevėžys,,1962,organic_search,0
4327,91b2daf39eb7,2025-10-07,EE,Tallinn,F,1991,referral,0
4328,5dc5f885f49f,2025-10-07,LT,Panevėžys,F,1972,referral,1
4329,9eb522f5906f,2025-10-07,LT,VILNIUS,F,1978,paid_search,0
4330,a845689990ec,2025-10-07,LT,Vilnius,M,1981,paid_search,1
4331,82959e4593a4,2025-10-07,LT,Jurbarkas,F,1995,organic_search,1
4332,ed800533b806,2025-10-07,LT,,M,,affiliate,1
4333,a6074153ae3f,2025-10-07,LV,Rīga,F,1973,organic_search,1
4334,6769b1c3380f,2025-10-08,LT,Kaunas,,1980,organic_search,0
4335,b238296d0e99,2025-10-08,LT,Vilnius,F,1964,email,1
4336,bc611da9ce9b,2025-10-08,LT,Vilnius,M,1984,paid_social,1
4337,2569fe6243a4,2025-10-08,EE,Tallinn,M,1995,paid_social,1
4338,9198dc98eab6,2025-10-08,LT,Panevėžys,F,,paid_search,0
4339,9d09505bdb34,2025-10-09,LV,Rīga,F,1972,paid_social,1
4340,2d80c2aedbdc,2025-10-09,LV,Rīga,M,1987,organic_search,1
4341,8a4b575c7c97,2025-10-09,LT,Vilnius,F,1979,organic_search,0
4342,227f53a626c1,2025-10-09,LT,Vilnius,,1992,organic_search,1
4343,6403627ce7a8,2025-10-10,LT,,F,,paid_social,0
4344,bd999ec38ae4,2025-10-10,LV,Jēkabpils,M,1987,affiliate,1
4345,2c13bb8c3a10,2025-10-10,LT,Vilnius,F,2003,organic_search,1
4346,eb0f2bdd6f09,2025-10-11,LT,Vilnius,M,1982,paid_search,0
4347,d6a93218c037,2025-10-11,LT,Vilnius,M,1961,referral,0
4348,91806cfd08fc,2025-10-11,LT,Kaunas,F,1962,paid_search,1
4349,bea403e81dae,2025-10-11,LT,Marijampolė,F,1979,referral,1
4350,5094e59287d0,2025-10-11,EE,,M,,direct,0
4351,36af9b5672f9,2025-10-11,LT,Vilnius,M,1999,paid_search,1
4352,a077959e0a44,2025-10-11,LT,Klaipėda,F,,organic_search,0
4353,8f05e9ee3875,2025-10-12,EE,Tallinn,M,,organic_search,0
4354,4756bbf9f6d3,2025-10-12,LT,Šiauliai,M,1987,referral,0
4355,ebb63eaaa919,2025-10-12,LV,rīga,M,1988,organic_search,1
4356,68daf2acd71f,2025-10-12,EE,Tallinn,M,1991,referral,0
4357,7aee3d4a2db3,2025-10-12,EE,Pärnu,F,,paid_social,0
4358,05be54e20dff,2025-10-12,LT,Klaipėda,F,1998,affiliate,1
4359,8ed1b8dd3357,2025-10-12,LT,Klaipeda,M,1975,direct,1
4360,b82177ccd7c8,2025-10-12,LT,Vilnius,,1981,paid_search,1
4361,8753e9521883,2025-10-12,EE,Kohtla-Järve,F,1984,paid_search,1
4362,3353816b728f,2025-10-12,LT,Vilnius,F,1986,paid_search,1
4363,115b6e50d4f9,2025-10-12,LT,Vilnius,F,1992,email,1
4364,98133d48ddd2,2025-10-13,LT,Kaunas,F,1997,organic_search,1
4365,c8dfff603d25,2025-10-13,LT,Vilnius,M,1986,paid_search,0
4366,d188d54692aa,2025-10-13,LT,Kaunas,M,1994,paid_social,0
4367,f5b01bff2977,2025-10-13,LT,Vilnius,M,1984,organic_search,0
4368,660ada00df47,2025-10-13,EE,Tallinn,F,,paid_search,0
4369,5dffa32d5f2f,2025-10-13,LT,Silute,F,,organic_search,1
4370,e87f51601cf5,2025-10-13,LV,Rīga,F,1972,organic_search,1
4371,9e3820658713,2025-10-13,LT,Vilnius,F,,organic_search,1
4372,f7b53351a78c,2025-10-13,LT,Kaunas,F,1960,paid_social,1
4373,ebfe1c141758,2025-10-13,LT,Vilnius,M,1988,organic_search,1
4374,4c94dfb6f613,2025-10-13,EE,,,1952,direct,1
4375,d27a436f75d4,2025-10-14,LT,Panevezys,F,1976,organic_search,0
4376,70210ebba43a,2025-10-14,LT,Klaipeda,M,,referral,0
4377,79e10b8176e2,2025-10-14,LT,Vilnius,M,1991,organic_search,1
4378,877728efe3b8,2025-10-14,EE,Parnu,M,1976,organic_search,1
4379,7d0c8cbc654d,2025-10-14,LV,Rīga,F,,affiliate,0
4380,3bd21c398fa5,2025-10-15,LT,Vilnius,F,,affiliate,0
4381,0f21c08fd07f,2025-10-15,EE,Tallinn,M,1965,affiliate,1
4382,ac708b4b2415,2025-10-15,LT,Šiauliai,M,1982,paid_social,1
4383,b0630f92c400,2025-10-15,LT,Vilnius,M,1969,referral,0
4384,105a5a27efa7,2025-10-15,LT,Vilnius,F,1979,affiliate,1
4385,1f40210bc892,2025-10-15,LT,Klaipeda,M,1988,organic_search,0
4386,7d973ad54eb4,2025-10-15,EE,Tallinn,M,1987,paid_social,1
4387,2ce0c4415916,2025-10-16,LT,Vilnius,M,2002,referral,0
4388,7175b6cc6961,2025-10-16,LT,KAUNAS,F,1987,organic_search,1
4389,b32bb5e66152,2025-10-16,LT,Vilnius,M,1987,paid_social,0
4390,8d79875429ee,2025-10-16,LT,Kaunas,M,1990,direct,0
4391,8cce0945a259,2025-10-16,LT,Vilnius,M,,direct,1
4392,2f1385d3766e,2025-10-16,LT,Jonava,M,1971,paid_search,0
4393,c0ed29d77b73,2025-10-17,EE,Narva,M,1967,paid_search,1
4394,ebcd150d488c,2025-10-17,LT,Panevėžys,F,1989,organic_search,0
4395,cd049f45f667,2025-10-17,LT,Kaunas,F,1994,organic_search,1
4396,493ef56ca7dc,2025-10-17,LT,Kaunas,M,1970,paid_search,1
4397,b75cae73d1f5,2025-10-17,LT,vilnius,M,1972,paid_search,1
4398,60f3f9566dcf,2025-10-17,LT,Vilnius,M,1985,organic_search,1
4399,989a0d146324,2025-10-17,LV,Tukums,M,2002,organic_search,1
4400,fc4a689f7532,2025-10-18,EE,Tallinn,F,2000,organic_search,0
4401,5822659babb9,2025-10-18,LT,Vilnius ,M,1998,organic_search,0
4402,b9a946c24eda,2025-10-18,LT,Kaunas,M,1982,paid_social,0
4403,9d91c100d72d,2025-10-18,LV,Daugavpils,M,1993,paid_search,1
4404,cb5e190291f9,2025-10-18,LT,Vilnius,F,1953,paid_social,1
4405,f735d59adf71,2025-10-18,LT,Vilnius,M,1991,direct,0
4406,01f9a9658aac,2025-10-18,LT,Vilnius,F,,organic_search,1
4407,c6e533b131d6,2025-10-18,LV,Rīga,F,1988,organic_search,1
4408,f65216b45559,2025-10-18,LT,Vilnius,F,1990,organic_search,0
4409,dc092d101be2,2025-10-18,LT,Vilnius,F,1986,organic_search,1
4410,7f3d00843fc5,2025-10-18,LT,Vilnius,F,1982,paid_social,1
4411,db03f7e6579d,2025-10-18,LV,Rīga,M,1980,paid_social,1
4412,ef5ac125c11e,2025-10-18,LT,Vilnius,F,1900,direct,1
4413,724894e928ea,2025-10-19,LT,Šiauliai,F,1963,organic_search,1
4414,a602cf2acf6c,2025-10-19,LV,Rīga,M,1982,paid_search,1
4415,314713b4a4d1,2025-10-19,LT,Ukmergė,F,1984,organic_search,1
4416,a29097fb2c1b,2025-10-19,LT,Vilnius,F,1983,paid_social,0
4417,1df60cb04c7f,2025-10-19,LT,Vilnius,M,1987,organic_search,1
4418,aaf26ba3848c,2025-10-20,LT,Kaunas,F,1985,organic_search,1
4419,adc89183eb63,2025-10-20,LT,Vilnius,M,1976,paid_search,0
4420,d83967511ba5,2025-10-20,LT,Mažeikiai,M,1973,organic_search,1
4421,081dc69b98e6,2025-10-20,LT,Kaunas,F,2005,paid_social,1
4422,a504cba3edd1,2025-10-20,EE,,F,1999,paid_social,0
4423,9d41acb0924b,2025-10-20,LV,Rīga,M,,paid_social,1
4424,d4884442aa79,2025-10-20,LT,Vilnius,M,1987,affiliate,0
4425,e4f69b2d98e5,2025-10-20,LT,Vilnius,,1984,paid_search,1
4426,1da246b8faeb,2025-10-20,LV,Riga,F,1981,paid_search,0
4427,e9a5dab6370b,2025-10-21,LV,Riga,F,1997,paid_search,0
4428,9dac92026b07,2025-10-21,LT,,M,1979,paid_social,1
4429,b9c8db2fe35b,2025-10-21,LT,Vilnius,F,1961,referral,0
4430,823a47cfd539,2025-10-21,LT,Vilnius,M,,paid_social,0
4431,cf0dd4e15018,2025-10-21,LT,Klaipėda,M,1960,organic_search,0
4432,d98b17f82daf,2025-10-21,LT,Kaunas,M,1994,organic_search,1
4433,ed562946355c,2025-10-22,LT,,F,1983,paid_search,0
4434,34ca6ad2f54f,2025-10-22,LV,Rīga,F,1993,organic_search,1
4435,e8410afe1ec9,2025-10-22,LT,Vilnius,F,1983,paid_search,1
4436,2d69d1731a2a,2025-10-22,LT,Kaunas,F,1966,affiliate,1
4437,1a6fd80fa7fd,2025-10-22,LT,Kėdainiai,M,,organic_search,1
4438,378cc4c6e22c,2025-10-23,EE,Tallinn,M,1993,email,0
4439,d563d56d7465,2025-10-23,LT,Vilnius,F,1995,organic_search,0
4440,898009e6d400,2025-10-23,LT,Klaipėda,F,,direct,1
4441,89e9e2409169,2025-10-23,LT,Panevėžys,F,1994,paid_search,1
4442,06aacd8cb626,2025-10-23,LT,Vilnius,M,1996,email,0
4443,dcd3d5874b0c,2025-10-23,LT,Vilnius,,1986,affiliate,1
4444,88759255b659,2025-10-24,LT,Vilnius,M,1983,organic_search,1
4445,f323623b5a00,2025-10-24,LT,Vilnius,X,1992,paid_search,1
4446,214462861d1d,2025-10-24,LT,Kaunas,M,1980,organic_search,0
4447,bf2a20d76513,2025-10-24,LT,Vilinus,M,1998,direct,0
4448,909bd17b1e50,2025-10-24,EE,Tallinn,M,1990,paid_social,1
4449,5d06ba75ed4c,2025-10-24,LT,Kaunas,X,1993,email,0
4450,2675a129822d,2025-10-24,EE,Kuressaare,M,1986,referral,1
4451,8cddf18de06a,2025-10-25,LT,Alytus,F,,paid_search,0
4452,9bb45a5b02ef,2025-10-25,LT,Šiauliai,M,1999,paid_social,0
4453,1dfeb605e68b,2025-10-26,LT,Garliava,F,1994,paid_search,1
4454,03de65f0a30f,2025-10-26,EE,Tallinn,F,1986,affiliate,0
4455,318380d48d6c,2025-10-26,LT,Jonava,F,1973,paid_search,1
4456,fab2745bcd13,2025-10-26,LT,Vilnius,F,1980,organic_search,0
4457,6e7c4a6e7624,2025-10-26,LV,Рига,F,,organic_search,1
4458,eab1223174c3,2025-10-26,LV,riga,F,1988,paid_social,0
4459,c34b727da940,2025-10-26,EE,Tallinn,F,1991,paid_search,0
4460,b9f9e7465c88,2025-10-26,LT,Kaunas,,1991,affiliate,0
4461,f5923f41f1d1,2025-10-26,LT,Marijampole,F,1993,affiliate,0
4462,4616e046b7fa,2025-10-26,LT,Vilnius,F,2002,organic_search,1
4463,1ae0266aa652,2025-10-27,LT,Vilnius,F,1998,email,1
4464,01445f0c8525,2025-10-27,LT,KAUNAS,M,1986,paid_social,0
4465,46fd54c92f26,2025-10-27,LT,Vilnius,M,1993,affiliate,1
4466,3a582a0757b4,2025-10-27,LT,Vilnius,M,1990,affiliate,1
4467,8bf6df5a9768,2025-10-27,LV,Rīga,M,,paid_social,0
4468,a86ce3160a00,2025-10-27,LT,,M,1986,direct,1
4469,b740f6036183,2025-10-27,EE,Tartu,M,2003,affiliate,1
4470,aeaa5c280591,2025-10-28,LT,Vilnius,F,1974,email,0
4471,5bd23d44a488,2025-10-28,LT,Vilnius,M,1999,organic_search,1
4472,f6a84cfaa8f3,2025-10-28,LT,Kaunas,M,1973,organic_search,0
4473,a70c8c0637d1,2025-10-28,EE,Kuressaare,,1976,referral,1
4474,3dfd1525de64,2025-10-28,EE,Tallinn,F,2000,organic_search,0
4475,957707f0160d,2025-10-28,LV,Rīga,M,1974,paid_social,1
4476,4a0451dbc748,2025-10-28,LT,Vilnius,M,1982,organic_search,0
4477,ae4bec73b930,2025-10-28,EE,Tartu,F,1966,organic_search,0
4478,79b5acad7af6,2025-10-29,LV,Rīga,M,1983,affiliate,1
4479,66e0cd708f9a,2025-10-29,LT,Šiauliai,M,1994,organic_search,0
4480,8485df196ba1,2025-10-29,LV,Daugavpils,F,,referral,0
4481,712ac5921ac5,2025-10-29,LT,Ukmergė,F,1989,organic_search,1
4482,28009129ffce,2025-10-29,LV,Rīga,M,1981,paid_search,1
4483,0847b2ff69fb,2025-10-29,LT,Vinius,F,1995,organic_search,1
4484,687fbc1ca3ca,2025-10-29,LT,Vilnius,,1985,paid_social,0
4485,7e6f3b6c0a8c,2025-10-29,LT,Vilnius,M,1982,organic_search,1
4486,aaac236a1ecf,2025-10-29,LT,Vilnius,F,1994,affiliate,0
4487,ac8560481da9,2025-10-30,LT,Vilnius,,1997,paid_social,1
4488,c63e21a4fb0c,2025-10-30,LT,Vilnius,M,1994,paid_social,1
4489,d3382b66f522,2025-10-30,LT,Šilutė,F,1997,organic_search,1
4490,ec04ba8edfe8,2025-10-30,LT,Kaunas,M,1992,paid_social,0
4491,ba95ad1e705f,2025-10-30,LT,Panevėžys,F,,paid_social,1
4492,fbcaf891f9ae,2025-10-30,LT,Elektrenai,,1981,organic_search,1
4493,22aa4d7e8f1d,2025-10-30,LT,VILNIUS,M,1982,paid_search,1
4494,a3d8213b6b65,2025-10-30,LT,Vilnius,M,1985,affiliate,1
4495,5c298a034918,2025-10-30,LT,Vilnius,F,1974,organic_search,1
4496,f2ec5bc62316,2025-10-30,LV,Jelgava,F,2002,referral,1
4497,ae383fcda781,2025-10-31,LT,Vilnius,F,1994,affiliate,1
4498,96f0c66227fc,2025-10-31,LT,,M,1987,affiliate,0
4499,47f12d826c16,2025-10-31,LT,Siauliai,,1991,organic_search,0
4500,85566f754d3c,2025-10-31,LT,Klaipėda ,F,1988,referral,0
4501,156c073ab1db,2025-10-31,LT,Vilnius,F,1989,paid_social,0
4502,7a7c288d8dc4,2025-11-01,LT,Vilnius,F,,organic_search,1
4503,67c88eae82eb,2025-11-01,LT,Klaipėda,F,1996,organic_search,1
4504,489eb0a450ca,2025-11-01,LV,Rīga,M,1976,paid_search,1
4505,ee2a8db0e9c3,2025-11-01,LT,,M,,organic_search,1
4506,912f4a17e715,2025-11-02,LT,Panevėžys,M,1964,organic_search,0
4507,af3438c97cc8,2025-11-02,EE,tallinn,F,1983,paid_search,1
4508,a6d046f2eda4,2025-11-02,LT,Kaunas,F,1979,paid_social,1
4509,ee3d2a08e640,2025-11-02,LT,Vilnius,F,1993,direct,1
4510,335574389ea1,2025-11-02,LT,Ukmergė,F,1986,email,1
4511,c35a233a247e,2025-11-02,LT,Vilnius,F,2001,referral,0
4512,97ad090f01b2,2025-11-02,LT,Taurage,M,1988,organic_search,1
4513,158fb5c7afb1,2025-11-02,LT,Tauragė,M,1976,referral,0
4514,5a6dbb08e77a,2025-11-02,LV,Riga,F,1976,affiliate,0
4515,28663bf78032,2025-11-03,LT,Vilnius,M,1978,paid_search,0
4516,88a591dd072d,2025-11-03,EE,Tartu,,1983,organic_search,1
4517,325dfb69b0c1,2025-11-03,LT,Vilnius,F,1970,referral,0
4518,bd44794634db,2025-11-03,LT,Anykščiai,M,1988,direct,1
4519,4ea944b8e49b,2025-11-03,LT,Vilnius,M,2004,paid_social,1
4520,67658f917d46,2025-11-03,LT,,M,1974,paid_social,0
4521,ec1dc638ec41,2025-11-03,LT,Grigiskes,M,1988,affiliate,1
4522,e51147bd6e4e,2025-11-03,LT,Vilnius,M,2006,referral,0
4523,35112ce5bd36,2025-11-03,LV,Rīga,,1984,email,0
4524,b25d63b12f3a,2025-11-04,LT,Kaunas,M,1978,direct,1
4525,9a8804957e48,2025-11-04,LT,vilnius,M,1979,organic_search,1
4526,944732117368,2025-11-04,LT,Mažeikiai,M,1987,affiliate,1
4527,df4ff7dad354,2025-11-04,LT,Raseiniai,F,1983,organic_search,1
4528,d09e216ad58d,2025-11-04,LT,Plungė,F,1974,organic_search,1
4529,ba1ef0801419,2025-11-04,LT,Vilnius,M,1997,paid_search,1
4530,c4eb33f91d9a,2025-11-04,LT,vilnius,M,,paid_social,0
4531,c2df305f9387,2025-11-04,EE,Tartu,M,1998,direct,0
4532,76487c696df5,2025-11-04,LT,Vilnius,M,1978,email,1
4533,a0967f5ae8c1,2025-11-04,LT,,M,1963,organic_search,1
4534,5f65637cbbc5,2025-11-04,LV,Rīga,M,,paid_social,1
4535,87acd5531117,2025-11-04,LT,Vilnius,M,1972,direct,1
4536,2550ce9bf564,2025-11-04,LT,Telsiai,M,1975,paid_search,0
4537,2b2214f4ff02,2025-11-04,LT,Klaipėda,F,2002,direct,1
4538,0f72015d9aaf,2025-11-04,LV,Valmiera,F,1985,direct,0
4539,0efbe2da08d5,2025-11-05,EE,Pärnu,,1988,paid_social,1
4540,a668dc4570f6,2025-11-05,LT,Vilnius,M,1969,paid_search,0
4541,071ccf17547d,2025-11-05,EE,Tallinn,M,1992,referral,1
4542,1ad64af135a5,2025-11-05,LT,Vilnius,M,1991,paid_search,1
4543,03bbeca10838,2025-11-05,LT,Klaipėda,M,1989,paid_social,1
4544,99b6563ec670,2025-11-05,LT, Vilnius,F,1979,paid_social,0
4545,3a184db4b610,2025-11-05,LT,Vilnius,F,1986,paid_search,1
4546,26e4c55e2f35,2025-11-05,LT,,,,referral,1
4547,18abe3fd2ac0,2025-11-05,LT,Panevėžys,F,1965,paid_search,1
4548,03f3421db86e,2025-11-05,LT,Klaipėda,F,,organic_search,1
4549,97cc8030eb39,2025-11-06,LT,Šiauliai,M,1980,paid_search,1
4550,8cababe3d58a,2025-11-06,LV,Rīga,M,2000,paid_social,1
4551,ec9dfd38f4e3,2025-11-06,LT,Kaunas,M,1995,direct,0
4552,69fe52df5066,2025-11-06,LT,Vilnius,F,1980,paid_search,1
4553,4d038aa47db7,2025-11-06,LT,Klaipeda,F,1988,organic_search,1
4554,8af2b0f3d346,2025-11-06,LT,klaipeda,,2001,paid_search,0
4555,551753436e0b,2025-11-06,LT,Jonava,F,,organic_search,1
4556,9debba8bc7d8,2025-11-06,LV,Riga,F,2002,organic_search,1
4557,4aeb0a4dfd8e,2025-11-06,LT,Kaunas,M,2000,direct,1
4558,0a5211535aeb,2025-11-06,LT,Panevėžys,M,1978,organic_search,1
4559,a243287372bc,2025-11-06,LT,Zarasai,M,1994,direct,1
4560,5caae2925956,2025-11-07,LT,Kaunas,F,1991,organic_search,1
4561,2cda9508fe72,2025-11-07,EE,Tartu,,1995,organic_search,1
4562,7b0076d9fa98,2025-11-07,LT,Vilnius,M,1976,referral,1
4563,7b8fa337ced4,2025-11-07,LT,,F,,paid_search,0
4564,c3c7acddd612,2025-11-07,EE,Tallinn,F,1988,organic_search,1
4565,9e53edc628cc,2025-11-07,EE,Talllinn,M,1976,paid_social,0
4566,e8be14939bb3,2025-11-07,LT,Vilnius,M,1969,organic_search,0
4567,9e219290badc,2025-11-07,LT,Kaunas,F,1967,organic_search,1
4568,35ef9392dc4f,2025-11-07,LT,,M,1982,paid_search,0
4569,78f17456e879,2025-11-07,LV,Salaspils,F,1973,paid_search,1
4570,eefed2ce7e48,2025-11-07,EE,,M,1974,paid_social,1
4571,d510eb43ee1f,2025-11-07,LT,Panevėžys,F,1980,paid_social,0
4572,79ebc6770dfd,2025-11-07,LT,Kretinga,M,,affiliate,1
4573,56b1e2d41523,2025-11-07,EE,Tallinn,F,1980,organic_search,0
4574,db300e38dbc2,2025-11-07,LT,Vilnius,F,1964,paid_social,1
4575,a111b8afbc24,2025-11-08,LT,Telšiai,F,1964,direct,1
4576,02ba1a47e0c7,2025-11-08,LT,Kaunas,F,1979,organic_search,0
4577,238777c77529,2025-11-08,LV,Jūrmala,F,2007,organic_search,1
4578,748a72aa6fa7,2025-11-08,LT,Elektrėnai,F,1956,paid_social,0
4579,ab064737ba77,2025-11-08,LT,,F,1996,direct,0
4580,f5410040ae7e,2025-11-08,LV,Rīga,M,1985,paid_search,0
4581,693686601dcb,2025-11-08,LV,Рига,M,1977,organic_search,0
4582,4f6d541bf332,2025-11-08,LT,Vilnius,,1970,direct,0
4583,97512e49f342,2025-11-08,LT,,F,2000,direct,1
4584,9b327b57b9fc,2025-11-08,LT,Vilnius,M,2002,organic_search,0
4585,3e8617896790,2025-11-08,LT,Kaunas,M,1995,direct,0
4586,d9d41caaf774,2025-11-08,LV,,,1982,paid_search,1
4587,d287f3d2946c,2025-11-09,LT,Vilnius,M,1993,direct,0
4588,59d2fe924702,2025-11-09,EE,Tallinn,,1985,paid_search,0
4589,33a539735189,2025-11-09,LT,Vilnius,F,,paid_search,1
4590,72d78feee3ca,2025-11-09,LT,Kaunas,F,1971,organic_search,1
4591,e19569ea4569,2025-11-09,LT,Molėtai,M,1996,paid_social,0
4592,4391ce512de2,2025-11-09,LT,Kaunas,F,1960,referral,0
4593,9ec77cabf3cb,2025-11-09,LT,Kaunas,M,1985,paid_social,0
4594,5672c45c87a5,2025-11-10,LT,Vilnius,M,,organic_search,0
4595,997d7307c5e8,2025-11-10,LV,Рига,F,,organic_search,1
4596,db50ec4e5808,2025-11-10,LT,Alytus,F,1993,paid_social,0
4597,15c44001df53,2025-11-10,LV,Riga,M,1985,organic_search,1
4598,35704b23a9a3,2025-11-10,LT,Alytus,M,1976,organic_search,0
4599,52d596783245,2025-11-10,LT,Kaunas,,1984,paid_search,1
4600,d013f2ff1e4f,2025-11-10,LT,kaunas,,1983,organic_search,1
4601,8156561370c1,2025-11-10,LT,Jonava,F,1996,paid_social,1
4602,65261b884558,2025-11-10,LT, Alytus,F,1992,direct,0
4603,52145c571028,2025-11-10,LT,Vilnius,M,1984,paid_search,1
4604,aafea92212cf,2025-11-11,LT,Druskininkai,F,1989,direct,0
4605,fe8875d40b48,2025-11-11,LT,Vilnius,M,1994,organic_search,1
4606,ed6a0a68cb5a,2025-11-11,LT,Vilnius ,M,1987,direct,0
4607,256a312351a7,2025-11-11,LT,Kėdainiai,F,1974,referral,1
4608,bc18be2863be,2025-11-11,LV,Jūrmala,F,,paid_search,0
4609,d94fdfa055e5,2025-11-11,LT,Kaunas,M,1978,referral,1
4610,a1f22ad90ae9,2025-11-11,EE,Kohtla-Järve,F,,email,1
4611,292ccc72ea27,2025-11-11,LT,Vilnius,M,1985,organic_search,1
4612,9d4d9058566a,2025-11-11,EE,Tallinn,,1970,email,1
4613,6c5f5ce99c46,2025-11-11,LT,Vilnius,F,1987,direct,1
4614,bdebed43ebf8,2025-11-12,LT,Klaipeda,F,1999,direct,0
4615,36e6cb46dce7,2025-11-12,LV,Rīga,F,1955,email,0
4616,8be0646ba7d8,2025-11-12,LT,,M,1987,paid_social,0
4617,f009931dc65b,2025-11-12,LT,VILNIUS,M,1963,paid_search,0
4618,5adeb7b83598,2025-11-12,LT,Kaišiadorys,M,2005,organic_search,0
4619,67a4b5ae52ea,2025-11-12,EE,Tallinn,F,1985,paid_search,1
4620,1a6ebea57da4,2025-11-12,EE,Tallinn,M,1966,organic_search,1
4621,2d50c8dfc11d,2025-11-12,LV,Riga,F,1981,direct,1
4622,d2684e343086,2025-11-12,LT,Vilnius,F,1979,direct,1
4623,d8d8e3c994ce,2025-11-12,LT,Kaunas,F,1999,paid_search,0
4624,d7b84b2a119a,2025-11-13,LT,Vilnius,F,1993,direct,1
4625,b60db24b957c,2025-11-13,LT,Vilnius,F,1983,organic_search,1
4626,9c3be293b688,2025-11-13,LT,Kaunas,F,1997,organic_search,0
4627,135a4bbeb288,2025-11-13,LT,Kaunas,M,1995,organic_search,1
4628,030369e5396a,2025-11-13,LT,Kelmė,F,2003,paid_search,0
4629,8ff3c15aad33,2025-11-13,LT,Telšiai,,1999,affiliate,0
4630,a82fea33a315,2025-11-13,LT,Kaunas,F,,paid_social,1
4631,a66f4d21faf3,2025-11-14,LT,Vilnius,M,1994,direct,0
4632,084b98b23f6e,2025-11-14,LT,,F,1987,paid_search,0
4633,c9e1cae548f6,2025-11-14,LV,Liepāja,M,1984,paid_search,1
4634,8d63cd2aec73,2025-11-14,LT,Alytus,F,1963,paid_search,0
4635,969d3b0e2c93,2025-11-14,EE,Tallinn,M,1985,direct,0
4636,21ae43e70250,2025-11-14,LT,Klaipėda,M,1982,paid_social,0
4637,ea2e090f4438,2025-11-14,LT,,M,1978,paid_search,1
4638,ea626e9adaec,2025-11-14,LT,Kelmė,F,2006,paid_search,1
4639,2aea738f8e3f,2025-11-14,LT,Vilnius,F,1976,direct,0
4640,a34605449374,2025-11-15,LT,Panevėžys,M,2002,organic_search,0
4641,e81ea393bf71,2025-11-15,LT,Kaunas,M,,paid_social,0
4642,6830b4141b30,2025-11-15,LT,Vilnius,F,1984,organic_search,0
4643,757060802362,2025-11-15,LT,Mazeikiai,F,1984,affiliate,0
4644,8d8fbce7e4f1,2025-11-15,LT,Vilnius,F,1986,referral,1
4645,954214877541,2025-11-15,LT,Tauragė,F,,paid_social,0
4646,f216ff7e8a7b,2025-11-15,LV,Rīga,X,1980,organic_search,0
4647,770181fc4f4d,2025-11-15,LT,Kaunas,M,1962,organic_search,1
4648,f04406e8db5d,2025-11-15,LT,Birzai,F,,direct,0
4649,576eda869536,2025-11-15,LT,Vilnius,F,1995,affiliate,1
4650,20e72b2e5800,2025-11-16,LV,Sigulda,M,1989,paid_search,0
4651,debfe965db96,2025-11-16,LT, Vilnius,F,1999,direct,0
4652,a424d07aa12d,2025-11-16,LT,Vilniaus r.,M,1977,paid_search,1
4653,1f93591d5327,2025-11-16,LT,Kliapėda,F,1957,organic_search,0
4654,3269c999a429,2025-11-16,LT,Marijampole,F,1997,paid_search,1
4655,2012a10a5500,2025-11-16,LT,Šiauuliai,M,1955,paid_social,0
4656,9476657029d8,2025-11-17,LT,Kaunas,M,1967,referral,1
4657,f33f7ad67f10,2025-11-17,LT,Šiauliai,F,1980,organic_search,1
4658,7a471f3ff5ee,2025-11-17,LT,Vilnius,M,1993,referral,1
4659,8eaee4339155,2025-11-17,EE,Viljandi,F,,paid_social,0
4660,1a05aa43b9a8,2025-11-17,LT,Kaunas,F,2002,organic_search,1
4661,14987a4d8b1f,2025-11-17,LT,Klaipėda,M,1965,paid_social,0
4662,2091bdf105ee,2025-11-17,LT,Vilnius,M,1980,paid_social,1
4663,799ab38b1e85,2025-11-17,LT,Klaipėda,F,1982,referral,1
4664,e0b1a78091f7,2025-11-17,LV,Riga,F,1997,paid_search,0
4665,b204d85542a3,2025-11-17,LT,Kaunas,F,1971,paid_social,0
4666,3881ca0a61ac,2025-11-17,LT, Ukmergė,M,,email,1
4667,5b366491bf33,2025-11-18,LT,Panevėžys,F,1974,affiliate,1
4668,555980a6042b,2025-11-18,LT,Vilnius,F,1989,organic_search,1
4669,66b374d29296,2025-11-18,EE,,M,1954,organic_search,1
4670,771aa504fb2b,2025-11-18,LT,Vilnius,F,1983,paid_social,1
4671,a6820ce9c566,2025-11-18,LT,Vilnius,F,,paid_social,1
4672,1113f6c12bff,2025-11-18,LT,Plunge,F,1968,paid_social,1
4673,295463c32069,2025-11-18,EE,Tallinn,F,1971,organic_search,1
4674,9ec4dc74b7a5,2025-11-18,LT,Marijampole,M,1949,paid_social,0
4675,f32a993f25f9,2025-11-18,LT,Vilnius,F,1989,email,1
4676,d61cd25533c3,2025-11-18,LT,Grigiškės,F,1994,paid_search,1
4677,9aee529c0799,2025-11-18,LT,Panevezys,F,1983,paid_social,1
4678,84aa7cb2e3fc,2025-11-19,LT,Gargždai,M,1984,referral,0
4679,6cb67290dc3f,2025-11-19,LT,Vilnius,M,1998,paid_social,1
4680,a4983b121fb4,2025-11-19,LT,Vilnius,F,1984,paid_social,1
4681,65ff5b7daa20,2025-11-19,LT,Vilnius,M,1957,email,1
4682,104ba53ead72,2025-11-19,LV,Rēzekne,M,2004,paid_search,1
4683,f779510e647c,2025-11-19,LT,Vilnius,M,1980,organic_search,1
4684,cd4efc424efc,2025-11-19,LT,Mažeikiai,M,1982,organic_search,1
4685,8bcc48a02788,2025-11-19,LT,Kaunas,F,1999,direct,0
4686,4455f939ff76,2025-11-20,LT,Kaunas,M,1989,paid_search,1
4687,438c4da4ae75,2025-11-20,LT,Vilnius,F,1985,email,1
4688,2bac1c485d1d,2025-11-20,LT,Vilnius,F,,paid_search,1
4689,6722268be142,2025-11-20,LT,Vilnius,F,2000,direct,1
4690,f50110f7c01e,2025-11-20,LT,Alytus,F,1999,organic_search,0
4691,44aba5dd17f8,2025-11-20,LT,Mažeikiai,F,1948,organic_search,1
4692,c487c0a97bff,2025-11-20,LT,Šiauliai,F,1968,paid_social,0
4693,1465a1a5d7a8,2025-11-20,LT,Kaunas,F,1991,organic_search,1
4694,468344bdf78c,2025-11-20,LT,,F,1984,organic_search,1
4695,22991755fb6a,2025-11-21,LT,Kaunas,F,2000,organic_search,0
4696,dd3cf3a15f2d,2025-11-21,LT,Kanas,M,1985,paid_social,0
4697,5ccdb2e55ff3,2025-11-21,LT,Vilniaus r.,F,1984,referral,0
4698,522575739c17,2025-11-21,LT,Vilnius,M,1997,affiliate,1
4699,df42028535b3,2025-11-21,LT,Alytus,F,1997,organic_search,1
4700,0ab9e10406c3,2025-11-21,LT,Vilnius,F,1981,referral,1
4701,926118732973,2025-11-21,LT,Kaunas,M,1992,direct,1
4702,c2831a42b00a,2025-11-21,EE,Tallinn,F,1988,email,0
4703,23f160e50e45,2025-11-21,LT,,,1997,organic_search,1
4704,1496a22e576c,2025-11-21,LT,Vilnius,M,1976,paid_social,0
4705,4ad6d780259e,2025-11-22,LT,Marijampolė,F,,direct,0
4706,946812841032,2025-11-22,LT,Vilnius,F,1988,paid_search,0
4707,629d785233b2,2025-11-22,LV,Rēzekne,M,1992,organic_search,0
4708,47054c5ce322,2025-11-22,EE,Tallinn,F,1980,paid_search,1
4709,36eb509a1aca,2025-11-22,LT,Visaginas,F,2001,affiliate,1
4710,e94781d88d98,2025-11-22,LT,Vilnius,F,1980,organic_search,0
4711,2281664bfa42,2025-11-22,LT,Klaipėda,F,1993,paid_search,0
4712,8bf4fc80e852,2025-11-23,LT,Vilnius,M,,organic_search,1
4713,a949d4a85d23,2025-11-23,LT,Utena,M,2002,referral,0
4714,c447920a188a,2025-11-23,LT,klaipeda,M,1989,organic_search,0
4715,85b697ed8faf,2025-11-23,LT,Vilnius,F,1998,direct,1
4716,487fe56c6384,2025-11-23,LT,Klaipeda,F,1986,paid_social,0
4717,1e5fab2afba8,2025-11-23,LT,,F,1991,direct,1
4718,1fddad87d075,2025-11-24,LT,Kaunas,F,,paid_search,0
4719,1afba989c398,2025-11-24,LT,vilnius,M,1999,organic_search,1
4720,ca4404088458,2025-11-24,LT,,F,1994,organic_search,0
4721,a4a56b803bcc,2025-11-24,LT,Kaunas,M,1966,direct,0
4722,74246e1cff1e,2025-11-24,LV,Liepāja,M,,paid_social,0
4723,80e02f2bbbeb,2025-11-24,LT,elektrėnai,M,1985,organic_search,0
4724,ef928ccef827,2025-11-24,LT,Vilnius,F,1985,paid_search,1
4725,cc66a9dae055,2025-11-24,LT,Šiauliai,F,,organic_search,0
4726,d97ad7fa4532,2025-11-24,LT,Vilnius,F,1987,organic_search,1
4727,1c4b231830de,2025-11-24,LV,Rīga,M,1994,direct,1
4728,3dd28a1fbd18,2025-11-24,EE,Tallinn,M,1985,paid_search,0
4729,4e425556cd52,2025-11-24,LT,Alytus,M,1988,organic_search,1
4730,78ba797163aa,2025-11-24,LT,Radviliškis,M,1982,paid_social,0
4731,5aa1d1620c39,2025-11-24,LT,Radviliškis,M,1986,paid_social,1
4732,4fef2ceadd73,2025-11-24,EE,Narva,M,1986,email,1
4733,124bece6f199,2025-11-24,EE,Tartu,F,,paid_social,1
4734,e379c872eebc,2025-11-25,LT,Vilnius,M,1979,affiliate,1
4735,d16965b158a4,2025-11-25,LT,Biržai ,M,1985,affiliate,0
4736,ab2fed908bd9,2025-11-25,LT,Utena,F,1987,direct,1
4737,3d0e4a630afb,2025-11-25,EE,Tallinn,M,1990,direct,1
4738,56f673359b83,2025-11-25,LT,Kaunas,M,1973,referral,1
4739,878c5e974508,2025-11-25,LT,Kaunas,,1971,paid_social,0
4740,541e586569c3,2025-11-25,LT,Vilnius,M,1980,paid_social,1
4741,0444c29fe4e1,2025-11-25,EE,,M,1963,paid_search,0
4742,522403bbd1f2,2025-11-25,EE,Tartu,F,1990,organic_search,1
4743,9235712cdb5d,2025-11-25,LT,Marijampolė,M,,paid_social,0
4744,80a74d8ca8c4,2025-11-25,EE,Tallinn,M,,paid_search,0
4745,c0188ae92129,2025-11-25,LT,Kaunas,M,1989,email,1
4746,e622bd941ebb,2025-11-25,LT,Kaunas,F,1992,paid_social,1
4747,09eaab276c23,2025-11-25,LV,Rīga,F,1969,paid_search,0
4748,96141b9b280e,2025-11-25,EE,Narva,M,1968,direct,0
4749,f9bc2c16d687,2025-11-25,LT,Klaipėda,F,1989,direct,0
4750,e7a835132732,2025-11-25,LT,Vilnus,F,1998,direct,0
4751,1da5e134ceb1,2025-11-25,LV,Riga,F,,paid_social,1
4752,8cff44a31d57,2025-11-25,LT, Kaunas,M,2005,referral,0
4753,3fb2f7befb9a,2025-11-25,LT,Vilnius,M,2005,referral,0
4754,38e2b2af802a,2025-11-25,LT,Vilnius,F,1990,organic_search,0
4755,159411eaaa62,2025-11-25,LT,Vilnius,M,1992,paid_search,1
4756,9c48d37e90ef,2025-11-25,LT,kaišiadorys,F,1993,paid_social,0
4757,59f2d1b5bf17,2025-11-25,EE,Voru,M,1983,referral,1
4758,2089ad48c487,2025-11-26,LT,Kaunas,F,1994,paid_social,0
4759,7bca26f6f97a,2025-11-26,LT,Vilnius,F,2003,referral,1
4760,22c8c36b22a3,2025-11-26,LV,Rīga,F,1959,direct,1
4761,551b78b216b1,2025-11-26,LT,Kaunas,M,1987,paid_search,0
4762,5a7a516e0504,2025-11-26,LT,Vilnius,F,1984,organic_search,0
4763,af713462b9a2,2025-11-26,LT,Vilnius,F,1985,direct,1
4764,eaa71c261b87,2025-11-26,LT,Anykščiai,F,1960,affiliate,0
4765,aeb3b2d89a05,2025-11-26,LT,Zarasai,F,1996,organic_search,1
4766,352e86cf7c35,2025-11-26,LT,Jonava,F,1990,direct,1
4767,58fec5e4596c,2025-11-26,LT,Kretinga,F,1996,affiliate,1
4768,7957111ee295,2025-11-26,LT,Vilnius,F,1997,email,1
4769,2835a0337610,2025-11-26,LT,Vilnius,M,1996,paid_social,0
4770,9ef2b945fd5c,2025-11-27,LT,Vilnius,M,1985,organic_search,0
4771,3a15e077c74b,2025-11-27,LT,Kaunas,F,1996,paid_social,1
4772,d8de8f6418f3,2025-11-27,LT,Prienai,M,1992,direct,0
4773,955d4ef772ac,2025-11-27,LV,Riga,F,1964,paid_search,0
4774,ac8d354f0f30,2025-11-27,LT,Šiauliai,M,1971,email,0
4775,bd4e3d1c5586,2025-11-27,LT,Kaunas,F,2000,organic_search,1
4776,4c84079f721c,2025-11-27,LT,Vilnius,F,1982,paid_social,1
4777,424d2cc3a63a,2025-11-27,LT,,F,1975,paid_social,0
4778,f477e4939b28,2025-11-27,LV,Riga,M,,paid_search,0
4779,3e1cbc12f402,2025-11-27,LV,Ventspils,F,1975,affiliate,1
4780,7cc006d7ac78,2025-11-27,LT,Utena,F,1973,paid_social,1
4781,aca185af6099,2025-11-27,LT,Klaipėda,F,1975,direct,0
4782,c8494b15dfb2,2025-11-27,LT,Vilnius,M,1994,paid_search,1
4783,ecf4da91085f,2025-11-27,LT,Panevėžys ,M,1991,email,0
4784,5c5d7ab408bb,2025-11-27,LT,VILNIUS,M,1963,direct,0
4785,b9dc6efa4184,2025-11-27,LT,VILNIUS,F,1992,paid_search,1
4786,12a0ef454bc5,2025-11-27,LT,Prienai,F,,organic_search,1
4787,94b15015f3ab,2025-11-27,LV,Ogre,,1975,organic_search,0
4788,ea92bd7e3e54,2025-11-28,LT,Kaunas,,1998,affiliate,0
4789,870fdd1347c4,2025-11-28,LT,,F,1979,organic_search,1
4790,2ccb372c5c5a,2025-11-28,LT,Kaunas,,1987,paid_search,1
4791,e7dfef0647f9,2025-11-28,LT,Panevezys,F,,paid_search,1
4792,7a76b4027468,2025-11-28,LT,Klaipėda,M,1982,email,1
4793,70f4cb50cb3e,2025-11-28,LT,Kaunas,F,1978,paid_search,1
4794,9da8746bc481,2025-11-28,LT,Vilnius,F,1979,paid_search,1
4795,afb7673c47b1,2025-11-28,LT,Marijampolė,M,2001,paid_social,1
4796,c9a060eb7559,2025-11-28,LT,klaipėda,F,1966,paid_search,0
4797,919ae1b1daf6,2025-11-28,LV,Rīga,F,1973,affiliate,1
4798,d9ea87ce29db,2025-11-28,LT,Šiauliai,F,1994,organic_search,0
4799,c83182ee152b,2025-11-28,LT,Jonava,M,1997,paid_social,0
4800,23d15f725b59,2025-11-28,LT,Vilnius,,1999,direct,0
4801,afb504d06e63,2025-11-28,LT,Vilnius,M,1998,email,1
4802,651578b846e4,2025-11-28,LT,Vilnius,F,1970,paid_social,1
4803,1a64bb9c6482,2025-11-28,LT,vilnius,M,1988,paid_social,0
4804,28a1d34ecb00,2025-11-28,LT,Utena,,,organic_search,0
4805,5a27488fef61,2025-11-28,LT,Kaunas,M,1980,paid_search,0
4806,e73cf8fa8658,2025-11-28,LT,,F,1983,organic_search,0
4807,a567e6939619,2025-11-28,LT,Kaunas,F,1989,email,1
4808,48a2473b120d,2025-11-28,LT,Kaunas,F,1993,organic_search,1
4809,0e24082114fa,2025-11-28,LT,Kaunas,F,1985,direct,1
4810,1b50fa5cfd21,2025-11-28,LT,Vilnius,F,,direct,1
4811,85ee22c71014,2025-11-28,LT,Vilnius,F,,organic_search,1
4812,362443154372,2025-11-28,LT,Vilniaus r.,M,1996,email,1
4813,9bd816fde9bb,2025-11-28,LT,Kaunas,F,1978,paid_social,1
4814,b3c483ce82d8,2025-11-28,LT,Telšiai,F,1973,email,0
4815,a3ed58eaf7a4,2025-11-28,LT,Vilnius,F,1992,paid_social,1
4816,9698f637db6b,2025-11-28,LT,Radviliskis,F,2003,direct,0
4817,7caff37eb61f,2025-11-28,LT,,M,1996,paid_social,1
4818,e83cb9235e1f,2025-11-29,LV,,F,1990,paid_search,1
4819,ddb70f2a8517,2025-11-29,LT,Vilnius,F,2002,email,1
4820,eb166ed3c457,2025-11-29,LT,Vilnius,M,1981,email,1
4821,0b78ea44a963,2025-11-29,LT,Vilnius,F,1973,organic_search,0
4822,6b3a4cb3734c,2025-11-29,LT,Vilnius,F,2001,affiliate,1
4823,abb184d58ad9,2025-11-29,LT,Kaunas,F,2000,organic_search,0
4824,e6cbe1e9f12a,2025-11-29,LT,Vilniaus r.,F,1984,paid_social,1
4825,a21607d99790,2025-11-29,LT,Kaišiadorys,F,2001,paid_search,1
4826,4502caaf28d2,2025-11-29,LT,Vilnius,F,1973,paid_social,0
4827,10a8a06e5226,2025-11-29,LT,Marijampolė,M,1958,affiliate,0
4828,ceb8f07551a5,2025-11-29,LT,,F,,paid_search,1
4829,7b82b41f6144,2025-11-29,LV,Jelgava,F,1994,organic_search,0
4830,04a90de4366e,2025-11-29,LT,Druskininkai,F,1977,referral,0
4831,b0f4e05d991b,2025-11-29,EE,Tallinn,F,1989,organic_search,1
4832,7a054f568ef7,2025-11-29,LT,Vilnius,F,1963,paid_search,1
4833,522aeb82d9e1,2025-11-29,LT,Prienai,F,1977,direct,0
4834,0660bb84ec8c,2025-11-29,LT,Kaunas,F,1983,paid_search,1
4835,f9a7e6faf008,2025-11-29,LT,Vilnius,M,,paid_search,1
4836,d94d3a1bffd6,2025-11-29,LV,Jēkabpils,F,1979,paid_social,1
4837,0e2cd1d1c482,2025-11-29,LT,Garliava,M,1974,paid_search,0
4838,f4cdfbd30fde,2025-11-29,LT,kaunas,M,1973,direct,0
4839,095d3571d752,2025-11-29,LV,Rīga,F,1991,direct,0
4840,af6f72129313,2025-11-29,LT,Vilnius,F,,paid_social,1
4841,d1297c615c92,2025-11-29,LT,Kaunas,F,1987,organic_search,0
4842,dcbebb3e89c7,2025-11-29,EE,Tallinn,M,1983,paid_social,0
4843,480b23b7e0db,2025-11-29,LT,Vilnius,F,1998,paid_social,0
4844,8f23d7ee5de6,2025-11-29,EE,,,1996,organic_search,0
4845,1b2a314a3d00,2025-11-29,LT,Vilnius,F,1992,email,1
4846,a05100d722ed,2025-11-29,LT,Jonava,M,,organic_search,1
4847,3564c51c9d0d,2025-11-29,LT,Kaunas,M,1981,paid_social,1
4848,9aa89a0f9c09,2025-11-29,EE,Tallinn,F,1986,direct,1
4849,0806e5449bc1,2025-11-29,LT,Ukmergė,F,1995,paid_search,1
4850,d217a1b1d236,2025-11-29,LT,Kaunas,M,1980,affiliate,0
4851,50431dd00510,2025-11-30,LT,Klaipėda,M,1987,direct,0
4852,5a7c40e7153f,2025-11-30,LT,Vilnius,F,1960,paid_search,1
4853,16e738bda1b5,2025-11-30,LT,Vilnius,M,1991,paid_social,1
4854,fd4dc4e3c0d9,2025-11-30,LT,Klaipėda,,1979,direct,0
4855,2955a79a3888,2025-11-30,LT,Vlinius,M,1997,paid_social,0
4856,6784a782b7c7,2025-11-30,LV,Rīga,,,paid_search,0
4857,9348b587883d,2025-11-30,LT,Klaipėda,F,1995,paid_social,1
4858,caca5f6292c7,2025-11-30,LT,Vilnius,F,1976,paid_search,1
4859,e0f83f783369,2025-11-30,LT,Vilnius,F,1978,paid_social,1
4860,55bb733930ce,2025-11-30,LT,Klaipėda,M,1988,paid_social,0
4861,269fb26208fa,2025-11-30,LT,Šiauliai,F,1989,referral,1
4862,3b631457a358,2025-11-30,LT,Vilnius,F,1967,email,1
4863,eb92b1113172,2025-11-30,LV,Daugavpils,M,2001,direct,1
4864,c7fff429b0ef,2025-11-30,LT,Vilnius,F,,organic_search,1
4865,f0fa0143f69d,2025-11-30,LT,,F,,email,1
4866,36942768b635,2025-11-30,LT,,F,1988,organic_search,1
4867,220e2da97a38,2025-11-30,LT,Kaunas,F,1995,paid_search,1
4868,998558aa71dd,2025-11-30,LV,Rīga,F,1980,direct,0
4869,1feb3ec1232f,2025-11-30,LT,Vilnius,M,,affiliate,1
4870,dfaa6a7fac68,2025-11-30,LT,Vilnius,F,1982,direct,1
4871,ef913d485904,2025-12-01,LT,Telšiai,F,,paid_social,1
4872,93c3df34a577,2025-12-01,LT,,F,1969,paid_social,1
4873,1bbc827f85e4,2025-12-01,LT,,F,,email,0
4874,736ae5c91514,2025-12-01,EE,Tartu,F,1980,direct,1
4875,0642992b3128,2025-12-01,LT,Vilnius,M,1980,organic_search,0
4876,79e6cea89416,2025-12-01,LT,Kaunas,F,1984,paid_social,0
4877,ce9246b5cf9a,2025-12-01,LT,Klaipėda,F,1986,paid_social,1
4878,aac3741cc271,2025-12-01,LV,riga,M,,organic_search,0
4879,f1b62c08e679,2025-12-01,LT,Gargzdai,M,1990,paid_search,0
4880,b6c421ee6592,2025-12-01,LT,Plungė,M,1989,paid_social,0
4881,69ccfaf0b8d9,2025-12-01,LT,Kaunas,F,1993,direct,1
4882,3276a511314b,2025-12-01,LT,anyksciai,M,1972,paid_social,1
4883,73b8b9acbcf7,2025-12-01,LT,Vilnius,,1970,paid_social,0
4884,d47ce76a7023,2025-12-01,LT,Siauliai,M,,organic_search,0
4885,32f06588ab03,2025-12-01,LT,Kaunas,F,1977,direct,0
4886,a7f3c7e99dd2,2025-12-01,LT,Kaunas,M,1981,affiliate,1
4887,df35b068e0c2,2025-12-01,LV,Riga,F,,organic_search,0
4888,e83c8fdfdddd,2025-12-01,LT,,F,1991,paid_search,1
4889,ba6d892e0132,2025-12-01,LT,Kaunas,M,1979,paid_social,1
4890,3474c4f11056,2025-12-01,LT,Vilnius,F,,paid_search,0
4891,52b90f280ee1,2025-12-01,LT,Telšiai,F,1985,email,1
4892,5703d1610db7,2025-12-01,LT,Klaipėda,M,1988,referral,1
4893,6aeacac699cf,2025-12-01,LT,Vilnius,F,1991,direct,0
4894,a048d6b34ed3,2025-12-01,LT,Kaunas,,1991,email,0
4895,b5ad79a436c8,2025-12-02,LT,Vilnius,M,,organic_search,0
4896,bb9fb907b81d,2025-12-02,EE,Tallinn,F,1991,organic_search,0
4897,7583b7af404b,2025-12-02,LT,Klaipeda,F,1995,referral,0
4898,9eb4350f94a1,2025-12-02,LT,Kaunas,F,2006,affiliate,0
4899,5dc3a39b4f07,2025-12-02,LV,Liepāja,X,1997,paid_social,0
4900,96eff0d9d2d1,2025-12-02,LT,Vilnius,M,,organic_search,1
4901,a86929fcffeb,2025-12-02,LT,Vilnius,F,1993,organic_search,0
4902,a61d9c16e8ee,2025-12-02,EE,Tallinn,F,,direct,0
4903,73ef3b2ce843,2025-12-02,LT,Vilnius,M,1982,organic_search,1
4904,ad66c2ae3e23,2025-12-02,LT,Šilutė,F,1985,paid_search,0
4905,0c2e4780020f,2025-12-02,LT,Kaunas,M,2004,organic_search,1
4906,0b6dda449766,2025-12-02,LT,Kaunas,F,1998,email,1
4907,734270cdb191,2025-12-02,LT,Kaunas,M,1981,organic_search,1
4908,7fc2c9195338,2025-12-03,LT,Marijampolė,,,email,1
4909,d72810bd11c6,2025-12-03,LT,Šiauliai,M,1998,organic_search,0
4910,61a19ae811d0,2025-12-03,LV,Sigulda,M,,paid_search,1
4911,414bd394a713,2025-12-03,LT,Vilnius,X,2002,paid_search,0
4912,092cd6b715a7,2025-12-03,LT,Vilnius,M,1975,paid_search,0
4913,0e5673c4501f,2025-12-03,LT,Kaunas,M,1984,paid_search,1
4914,2eb1efe37c25,2025-12-03,LT,Vilnius,F,1980,referral,0
4915,5a69b4910bd9,2025-12-03,LT,Panevėžys,F,1995,direct,0
4916,c0eec0e91765,2025-12-03,EE,Tallinn,,2005,affiliate,1
4917,fd90815c8cff,2025-12-03,LT,Panevėžys,F,1996,referral,0
4918,8e2ee4b0d966,2025-12-03,LT,Kaunas,M,1988,paid_social,0
4919,3ffe2d830cb2,2025-12-03,LT,Vilnius,M,1995,paid_social,1
4920,cc0e96b5bdbb,2025-12-03,LT,Utena,F,2005,organic_search,1
4921,60ea863316e6,2025-12-03,LT,Vilnius,F,1984,paid_social,1
4922,824d7b8e2369,2025-12-03,LT,Kėdainiai,F,1969,paid_social,1
4923,0763a5655976,2025-12-03,LT,Vilnius,,1960,direct,0
4924,c7b736b4b21b,2025-12-04,LT,Panevėžys ,F,1982,paid_search,0
4925,c892f2714526,2025-12-04,LT,Vilnius,M,,paid_search,0
4926,5112db7388a9,2025-12-04,LT,Panevėžys ,M,1999,direct,0
4927,e00ae42830e9,2025-12-04,LV,Ogre,F,,email,0
4928,b30cae4c6b86,2025-12-04,LT, Vilnius,M,,paid_social,1
4929,d3239d86f80e,2025-12-04,LT,Kaunas,M,1983,affiliate,0
4930,40cf874f1db1,2025-12-04,LT,Druskininkai,F,1987,email,1
4931,2cf7732e9730,2025-12-04,LT,Birzai,M,1979,paid_social,1
4932,cbe515de78d4,2025-12-04,EE,Tallinn,M,1977,direct,1
4933,5fb3fb8b5017,2025-12-04,LT,Klaipėda,M,1978,affiliate,1
4934,845189b3565f,2025-12-04,LT,Tauragė,M,1994,paid_social,0
4935,a8194df77c89,2025-12-04,LT,Vilnius,F,1987,organic_search,0
4936,c094f483e145,2025-12-04,LT,Vilnius,,1998,paid_social,0
4937,d0e2463bb0a3,2025-12-04,LT,Kedainiai,F,1985,direct,1
4938,c293dbd1c67b,2025-12-05,LT,Palanga,M,1990,paid_search,0
4939,fe8b0f6d38e5,2025-12-05,LT,Vilnius,M,2006,email,1
4940,65eb8be8e645,2025-12-05,LT,Vilnius,F,2007,paid_social,1
4941,fe9d326a5c83,2025-12-05,LT,Klaipeda,M,1991,paid_search,0
4942,ce9b8310d032,2025-12-05,LV,Ventspils,F,2003,paid_social,0
4943,a7a3b4b8646c,2025-12-05,LT,Mažeikiai,F,1979,email,1
4944,e645a1a87c10,2025-12-05,LT,Naujoji Akkmenė,F,1974,paid_social,1
4945,3a2478fcd51f,2025-12-05,LT,,F,,email,1
4946,2c479a872910,2025-12-05,LT,Kaunas,M,1997,paid_social,0
4947,ddf2cc9293d5,2025-12-05,LT,Vilnius,F,1981,paid_social,1
4948,2a47e0efc4e5,2025-12-06,LT,Klaipėda,M,1976,organic_search,0
4949,30365fbc0628,2025-12-06,EE,Tartu,X,1987,direct,1
4950,22e150b0f454,2025-12-06,LT,Klaipėda,F,1986,paid_search,0
4951,c1fd194622f2,2025-12-06,LT,,M,1964,referral,0
4952,47f93de03b7b,2025-12-06,EE,Tallinn,F,1985,organic_search,1
4953,7b1957c0146e,2025-12-06,LT,Kaunas,F,1990,direct,0
4954,0632c44f4320,2025-12-06,LT,,F,1983,paid_social,0
4955,e881c6094a63,2025-12-06,LT,Vilnius,F,2005,referral,0
4956,1470635bb3f1,2025-12-06,LT,Vilnius,M,1982,email,1
4957,b9e7878a00de,2025-12-06,LT,Vilnius,M,1970,direct,0
4958,68941fb726bc,2025-12-06,LT,Marijampolė,F,1986,organic_search,0
4959,410882a6c274,2025-12-06,LT,Alytus ,,1996,referral,0
4960,3d07feecbb5b,2025-12-06,LT,Šiauliai,,,paid_social,1
4961,8e73f30d70f3,2025-12-06,EE,Narva,M,1968,organic_search,0
4962,a4447dcf9127,2025-12-06,LT,Vilnius,M,1994,paid_social,0
4963,cc263ff27b9e,2025-12-06,LT,Šiauliai,F,1976,paid_social,0
4964,8ad3a10827c1,2025-12-07,LT,Vilnius,M,1992,organic_search,0
4965,1738a42e2238,2025-12-07,EE,Kuressaare,M,1977,organic_search,0
4966,4e23ffb332c9,2025-12-07,LT,Mažeikiai,M,1992,paid_search,0
4967,21def6df7788,2025-12-07,LT,Klaipėda ,F,1983,paid_social,1
4968,900ee6219aab,2025-12-07,LT,Vilnius,F,1978,direct,0
4969,15f23038739f,2025-12-07,LT,Kaunas,,1978,organic_search,0
4970,d993148283bc,2025-12-07,LT,vilnius,M,,organic_search,0
4971,ecf7fa230d0e,2025-12-07,LT,Vilnius,M,1969,paid_social,1
4972,ec3d74a24f73,2025-12-07,EE,Tartu,F,1989,organic_search,1
4973,e73cc409a89c,2025-12-07,LT,Vilnius,,1979,organic_search,0
4974,585d0549ba61,2025-12-07,LT,Kaunas,F,,organic_search,0
4975,1f09748adc87,2025-12-07,LT,Vilnius,,1983,affiliate,1
4976,bf4d1fcbff24,2025-12-07,LT,Klaipėda,M,1978,paid_social,0
4977,4ddba2297f69,2025-12-07,LT,Vilnius,M,,direct,0
4978,e8a2c1f6458d,2025-12-08,LT,Vilnius,M,1984,organic_search,0
4979,5604807f51ae,2025-12-08,LT,Klaipėda,M,1991,organic_search,1
4980,9861205a658e,2025-12-08,LT,Šilutė,,1988,direct,1
4981,a9cf1b06c6a2,2025-12-08,LT,Vilnius,M,,paid_search,0
4982,e502b0c4d082,2025-12-08,LT,Jurbarkas,M,1970,paid_search,1
4983,da157e5c333c,2025-12-08,LT,Vilnius,F,1986,organic_search,0
4984,5cb8a2d07f53,2025-12-08,LT,Kaunas,M,1999,paid_social,1
4985,ddd41f331ef3,2025-12-08,LT,Vilnius,F,1979,organic_search,0
4986,996e5062dcc3,2025-12-08,LV,Рига,F,1983,paid_search,0
4987,4e94e039e0ed,2025-12-08,LV,Rīga,F,1994,organic_search,0
4988,64da4210166d,2025-12-08,LV,Rīga,F,1988,paid_search,1
4989,56bfc60000e4,2025-12-08,LT,Vilnius,F,2002,paid_social,0
4990,3913acee4eed,2025-12-08,LT,,M,1988,paid_social,1
4991,08c83a4795b8,2025-12-08,LT,Panevėžys,F,1989,organic_search,1
4992,ac696cb8ed14,2025-12-08,EE,,M,1978,affiliate,0
4993,f601087e6ba4,2025-12-08,LV,Jūrmala,M,1988,paid_social,1
4994,0b246c32d6c5,2025-12-08,LT,Vilnius,F,1987,organic_search,1
4995,37373b99bb86,2025-12-08,LT,Vilnius,M,1992,paid_search,1
4996,70651885c4a5,2025-12-08,LT,Alytus,,1967,organic_search,1
4997,6e02b4b04cff,2025-12-09,LT,Jurbarkas,F,1988,paid_social,1
4998,cf29c873298b,2025-12-09,LV,Rīga,M,1994,paid_social,1
4999,1847538648cc,2025-12-09,LT,Kaunas,X,2004,organic_search,1
5000,017087ce3957,2025-12-09,LT,Panevezys,F,1979,organic_search,1
5001,418424904458,2025-12-09,LT,Klaipėda,M,1978,paid_social,1
5002,c24bc450259d,2025-12-09,EE,,M,2006,paid_search,1
5003,dfe4d0d9db7f,2025-12-09,LT,Vilnius,,1992,paid_search,0
5004,4697aa72300a,2025-12-09,EE,Tallinn,M,1969,referral,0
5005,135460c454cc,2025-12-09,LV,Rīga,F,1990,organic_search,1
5006,88194b7492ce,2025-12-09,LT,Kaunas,F,2000,direct,0
5007,e127bd9a2c14,2025-12-09,LV,Rīga,F,1982,paid_social,1
5008,5cdd4a8180ce,2025-12-09,LT,Kaunas,F,1978,referral,0
5009,c4b41a5b1ff7,2025-12-09,LT,Rokiškis,F,,paid_search,1
5010,925b5ecea285,2025-12-10,LT,Vilnius,F,1995,paid_social,1
5011,0a7400864c18,2025-12-10,EE,Tallinn,M,1994,paid_search,1
5012,713967342162,2025-12-10,LT, Marijampolė,F,1977,direct,1
5013,c440574666ad,2025-12-10,LT,elektrenai,,1978,paid_social,0
5014,b9f35f644296,2025-12-10,LT,raseiniai,M,,direct,1
5015,abfb9af4484a,2025-12-10,LT,klaipeda,F,1972,direct,1
5016,f9d7f05fcd81,2025-12-10,LT,Prienai,F,1980,organic_search,0
5017,807695716882,2025-12-10,LT,Klaipėda,F,1989,paid_search,0
5018,38a3d65d392a,2025-12-10,LT,Marijampole,M,1978,paid_social,0
5019,fe368256e1b2,2025-12-10,LT,Jurbarkas,F,1989,organic_search,1
5020,350c7dc76b2f,2025-12-11,LT,Vilnius,F,1988,paid_social,0
5021,7c038e616483,2025-12-11,EE,Tallinn,M,,direct,0
5022,ec451883c582,2025-12-11,LT,Vilnius,F,1974,paid_search,1
5023,6bf03a5c2881,2025-12-11,LT,Vilnius,M,1987,paid_search,1
5024,553e23a99412,2025-12-11,LT,Panevėžys,M,1971,organic_search,0
5025,914680131a5e,2025-12-11,LT,Vilniaus r.,M,1990,organic_search,0
5026,2ca622367cbf,2025-12-11,LT,,F,1987,organic_search,0
5027,e2013b885f8e,2025-12-11,LT,kaunas,M,1988,organic_search,1
5028,0bed53c3f262,2025-12-11,LT,Alytus,F,,paid_search,1
5029,59e3a6a8c0be,2025-12-11,LT,Vilnius,F,1974,organic_search,0
5030,1519064cbdce,2025-12-11,LT,Marijampolė,F,1985,direct,0
5031,671661847158,2025-12-12,LT,Vilnius,F,2005,organic_search,1
5032,887caadef12a,2025-12-12,LV,Rīga,F,1994,organic_search,0
5033,5ef745416506,2025-12-12,LT,Rokiškis,M,1991,paid_search,1
5034,1afe54b10dbc,2025-12-12,EE,Tallinn,F,1990,organic_search,1
5035,c68f3cc26344,2025-12-12,LT,Klaipeda,F,,paid_search,1
5036,1d67c5191a8b,2025-12-12,LV,Rīga,F,1980,paid_social,0
5037,7ae6e538ff38,2025-12-13,LT,Kaunas,F,1987,organic_search,1
5038,43f779c90a7c,2025-12-13,LT,Klaipėda,F,1996,paid_search,0
5039,662bfd58b5fd,2025-12-13,LT,Klaipeda,F,1999,paid_search,0
5040,9460e8ff1570,2025-12-13,LT,Šiauliai,M,,paid_search,1
5041,3b9c5a782715,2025-12-13,LV,,M,1988,paid_social,1
5042,c63b368ab930,2025-12-13,LT,Kėdainiai,F,1995,referral,1
5043,dc8a91727435,2025-12-13,LT,Vilnius,F,1978,organic_search,0
5044,530247cb244a,2025-12-13,LT,Kaunas,M,,paid_social,1
5045,4bdb79b08ebd,2025-12-13,LT,Kaunas,F,1980,direct,0
5046,2fa34cd20caa,2025-12-13,LT,Marijampole,,,email,1
5047,7acedd35bc78,2025-12-13,LT,Klaipėda,F,1992,paid_social,1
5048,715fe36b1dd9,2025-12-14,LT,Vilnius,F,1990,affiliate,1
5049,1acd373aa268,2025-12-14,LT,Klaipeda,F,,organic_search,1
5050,86b879a8729f,2025-12-14,LT,Klaipėda,M,1985,paid_search,1
5051,9273f844b3d9,2025-12-14,LT,Klaipėda,M,1995,organic_search,1
5052,929e67c84bf5,2025-12-14,LT,Kaunas,F,,referral,1
5053,64542288b98d,2025-12-14,LT,Vilnius,F,1989,paid_social,0
5054,dd7e784c6469,2025-12-14,LT,Alytus,F,2007,organic_search,1
5055,87b03551d7a1,2025-12-14,EE,Tallinn,F,1985,paid_search,1
5056,49e8ea4786cc,2025-12-14,LV,Rīga,F,1995,paid_social,0
5057,241f1a7d5e63,2025-12-14,LT,Kaunas,M,1997,referral,1
5058,156214fbcea0,2025-12-14,LT,Kaunas,M,,organic_search,1
5059,b152596760db,2025-12-14,LT,Kaunas,M,1975,paid_social,1
5060,509dbef64001,2025-12-14,LT,Panevėžys,M,1970,paid_search,1
5061,475f8bfff3b4,2025-12-14,LT,Jurbarkas,M,1993,paid_social,0
5062,00d59a6adb47,2025-12-15,LT,Rokiškis,F,1993,paid_search,1
5063,69b5902af84e,2025-12-15,LT,Kaunas,M,1989,email,1
5064,87e1d515e827,2025-12-15,LV,Rīga,F,1983,direct,0
5065,c5f8bbe5ba6a,2025-12-15,LT,,M,1983,organic_search,1
5066,3247d1d0c56d,2025-12-15,LV,Jelgava,M,1974,organic_search,1
5067,8da9209bd53b,2025-12-15,LT,,M,1966,paid_social,0
5068,2d341ab79dae,2025-12-15,LT,Vilnius,M,1981,direct,1
5069,58856e6e35b3,2025-12-15,LT,Kaunas ,F,1997,direct,1
5070,e7c348b2eccd,2025-12-15,LT,Vilnius,F,1990,paid_social,1
5071,8fd60399ace6,2025-12-15,LV,Rēzekne,M,,referral,1
5072,318725e72663,2025-12-15,LV,,F,1999,organic_search,0
5073,8372a8cd87bf,2025-12-15,EE,Kuressaare,M,1993,paid_search,1
5074,8bddbef16b44,2025-12-16,LT,Vilnius,F,1990,affiliate,0
5075,b143569174e8,2025-12-16,LT,Kaunas,F,1992,paid_social,0
5076,2a00b326ee4f,2025-12-16,LT,Vilnius,F,1978,paid_social,1
5077,dec210ae1c8b,2025-12-16,EE,Kohtla-Järve,M,,paid_social,1
5078,3ea4cd3869fa,2025-12-16,LT,Alytus,F,1980,organic_search,0
5079,4241c0b95c24,2025-12-16,LT,Kaunas,F,,paid_social,0
5080,dba62c38d546,2025-12-16,LT,Vilnius,F,1953,organic_search,1
5081,b9d6d58a5a67,2025-12-16,LT,Vilnius,M,2005,paid_search,0
5082,5acb83201286,2025-12-16,LT,Vilnius,M,1989,organic_search,0
5083,43fcff822935,2025-12-16,LT,Vilnius,M,,paid_social,1
5084,e87841467737,2025-12-16,LT,Palanga,M,1961,paid_social,1
5085,d7cf0def0b41,2025-12-16,LT,Vilnius ,F,1998,organic_search,0
5086,461f4f37b7c9,2025-12-16,LT,Vilnius,M,1980,email,1
5087,9f8c0ecd72e9,2025-12-17,LT,Kaunas,M,1988,affiliate,1
5088,3225ac3f18f6,2025-12-17,LT,Marijampole,M,1996,organic_search,1
5089,d453cbe57900,2025-12-17,LV,Рига,X,1999,affiliate,1
5090,71805aa201c8,2025-12-17,LT,Klaipėda,F,1997,organic_search,1
5091,08efe67cbed7,2025-12-17,EE,Tallinn,F,,paid_search,0
5092,a773d4d4b5b9,2025-12-17,LV,riga,M,,direct,1
5093,7d61e62834cc,2025-12-17,LT,vilnius,F,1983,paid_social,0
5094,aa8f9e2df526,2025-12-17,LV,Rīga,M,2001,paid_search,1
5095,9b106c0fb144,2025-12-18,LT,Jonava,F,1986,paid_search,0
5096,c68bb8cfc623,2025-12-18,LT,Marijampolė,M,1978,paid_search,1
5097,731a98d9ec7b,2025-12-18,LT,Vilnius,F,1995,paid_search,1
5098,ad2a473015ae,2025-12-18,LT,Jurbarkas,F,2001,organic_search,1
5099,42dbfc6fc6b4,2025-12-19,LT,Kaunas,M,2004,affiliate,1
5100,069481bfe450,2025-12-19,LT,Vilnius,M,,email,1
5101,1889ae3ad152,2025-12-19,LT,Panevezys,F,1991,organic_search,1
5102,a9692f242374,2025-12-19,LT,Plunge,F,1978,paid_search,0
5103,7d8160ae5a18,2025-12-19,LT,Siauliai,F,1983,organic_search,0
5104,9dbca7bb4607,2025-12-19,LT,Klaipėda,F,,paid_social,1
5105,7290f58d3ba0,2025-12-19,LT,Vilnius,F,1993,organic_search,1
5106,c3b901cd2039,2025-12-19,LT,Alytus ,F,2006,paid_social,0
5107,f7c8cd66479f,2025-12-19,LT,Vilnius,F,1971,paid_search,1
5108,cde214c8f5c8,2025-12-19,LT,Vilnius,F,1979,organic_search,1
5109,ccde48bdeb50,2025-12-19,LT,Kaunas,F,1987,organic_search,1
5110,d313ba05368a,2025-12-20,LT,Vilnius,M,1994,organic_search,1
5111,cd246bcc741b,2025-12-20,LT,Vilnius,,1998,direct,0
5112,2ed54163611b,2025-12-20,LT,Vilnius,M,1990,organic_search,0
5113,2611005d1bfb,2025-12-20,LT,Kauno r.,F,1991,affiliate,1
5114,fd3c606ccd7a,2025-12-20,LT,Kaunas,M,1978,organic_search,0
5115,12d505f507ca,2025-12-20,LT,Kaunas,F,1976,referral,1
5116,ca5509d72d7b,2025-12-20,LT,Kretinga,,1992,paid_search,0
5117,9871299f7695,2025-12-20,LT,Kaunas,M,1975,organic_search,1
5118,65ffff5c288c,2025-12-20,LT,Panevėžys,F,1979,affiliate,0
5119,4f6c6d5bae4f,2025-12-20,EE,Tallinn,M,1999,paid_search,1
5120,11e0a4b7a23c,2025-12-21,LT,Klaipėda,,1987,referral,1
5121,c297dd61b6d6,2025-12-21,LT,Kaunas,F,1962,organic_search,1
5122,2e9e626f4570,2025-12-21,EE,Tallinn,M,1997,direct,1
5123,78355fb855e2,2025-12-21,LT,Ukmergė,M,1997,organic_search,1
5124,068d6846276e,2025-12-21,LT,Klaipėda,M,1987,paid_social,1
5125,b04243b7bbfc,2025-12-21,LT,Radviliškis,F,1964,paid_social,1
5126,4620e53a08d8,2025-12-21,LV,Ogre,M,1983,referral,1
5127,52637b497d59,2025-12-21,LT,Panevėžys,F,1959,affiliate,0
5128,0ea5aa56e396,2025-12-21,EE,Tallinn,F,1983,paid_search,1
5129,341d72636bd0,2025-12-21,LT,Vilnius,M,1996,paid_search,0
5130,0add5979b547,2025-12-21,LV,Rīga,F,1967,paid_search,1
5131,309d91ceb3da,2025-12-21,LT,Vilnius,F,1973,email,1
5132,51cefc49352b,2025-12-21,LT,Vilniuus,F,1900,organic_search,0
5133,a6593338198f,2025-12-22,EE,Tallinn,F,1976,referral,1
5134,2857a712c484,2025-12-22,EE,Tartu,F,,referral,1
5135,05bbb74323be,2025-12-22,LT,Klaipėda,F,2002,paid_social,1
5136,34d885cec2c7,2025-12-22,LT,Kaunas,M,1989,organic_search,0
5137,0252a5052bb1,2025-12-22,LT,Klaipėda,M,1983,referral,0
5138,7966dfab857b,2025-12-22,LV,Jelgava,M,,organic_search,1
5139,526fc5d4079c,2025-12-22,EE,Valga,M,1970,paid_social,1
5140,ae6e9e870253,2025-12-22,LT,Kaunas,F,1974,paid_search,1
5141,063efa1f5ae3,2025-12-23,LT,Vilnius,F,1993,email,1
5142,3571eb8f8e73,2025-12-23,LT,Klaipėda,,1987,direct,1
5143,a6b0b785af8f,2025-12-23,LT,Elektrenai,F,2001,direct,1
5144,184ab40a4f36,2025-12-23,LT,Kaunas,M,2000,paid_social,0
5145,ef7d57ffece4,2025-12-23,LV,Rīga,,1974,referral,0
5146,156e89e2d71e,2025-12-23,LT,kaunas,F,,paid_search,1
5147,3c3bc9c3dd0d,2025-12-24,LT,Vilnius,F,,organic_search,1
5148,8623da656d6d,2025-12-24,LT,Vilnius,M,1978,organic_search,1
5149,485fefe5c9c1,2025-12-24,LT,Kaunas,F,1989,referral,0
5150,98cbe56c7703,2025-12-24,LT,Vilnius,F,1994,direct,1
5151,0117ab5a1dd3,2025-12-25,LT,Vilnius,M,,organic_search,0
5152,39c2add7df2f,2025-12-25,LT,Vilnius,M,1987,direct,0
5153,9353c3c1c350,2025-12-25,LT,Klaipėda,F,,organic_search,1
5154,d91bc52d68a9,2025-12-26,LT,Siauliai,M,1988,paid_social,0
5155,d3329d8c4091,2025-12-26,EE,Viljandi,,,paid_social,0
5156,d459952ce711,2025-12-27,LT,Šiauliai,F,1990,organic_search,0
5157,ac0df9ec8b9c,2025-12-27,LT,Vilnius,F,1993,email,1
5158,0cc1de898877,2025-12-27,LT,,F,2000,affiliate,0
5159,fe2493a1ccd0,2025-12-27,LT,Vilnius,M,1989,email,1
5160,b8dbfb974b55,2025-12-27,LT,Vilnius,M,1965,paid_search,0
5161,f9cec1e2b602,2025-12-28,LT,,F,1989,paid_search,0
5162,f7857aa27a46,2025-12-28,LT,Šiauliai,F,1979,organic_search,0
5163,f20b7691c26a,2025-12-28,LT,Vilnius,F,1994,direct,1
5164,f66766e20e58,2025-12-28,EE,Narva,F,1977,paid_social,0
5165,a4586beebdea,2025-12-29,LT,VILNIUS,M,1993,organic_search,0
5166,7b2f8fff467f,2025-12-29,EE,PARNU,F,1980,organic_search,1
5167,03358bf50830,2025-12-29,LT,Vilinus,M,1998,paid_search,1
5168,0dc84915a806,2025-12-29,LT,Kaunas,M,1971,email,1
5169,e938f24229f6,2025-12-29,LT,Klaipėda,M,1991,email,1
5170,950d7a6688e1,2025-12-29,LT,Vilnius,M,2006,paid_search,0
5171,7bf49baf6c87,2025-12-29,LT,Klaipėda ,F,2006,affiliate,0
5172,b25c4e38650c,2025-12-29,LV,Rīga,M,1993,paid_search,0
5173,9cc631d92ec0,2025-12-29,LV,Daugavpils,M,1997,affiliate,0
5174,fa8033a1bc83,2025-12-29,LT,Klaipeda,F,1973,organic_search,0
5175,ef07ed45b94f,2025-12-30,LV,Rīga,F,1987,organic_search,1
5176,111af70fb2a3,2025-12-30,LT,Vilnius,M,,paid_social,1
5177,f2566ad921df,2025-12-30,LT,Vilnius,M,1995,organic_search,1
5178,1a6bab5c76cd,2025-12-30,LT,Kaunas,M,,paid_search,1
5179,c09aabf981ba,2025-12-30,LT,,M,1963,paid_social,1
5180,154559cfa9c6,2025-12-30,EE,Pärnu,M,1993,direct,1
5181,c8c453f04a0d,2025-12-30,LT,,M,1991,organic_search,0
5182,0f07674a1524,2025-12-30,LT,,F,2000,organic_search,1
5183,95aeb811a298,2025-12-30,LV,Liepāja,M,1989,paid_search,0
5184,1b1c2d914dea,2025-12-30,EE,Maardu,F,,organic_search,0
5185,7dc6da265217,2025-12-31,LT,Vilnius,F,1980,direct,0
5186,410b8b7ed8ed,2025-12-31,LT,Kaunas,F,1977,paid_search,1
5187,cb3601d4e07e,2025-12-31,LT,Panevėžys,F,1986,email,1
5188,b9961b763912,2025-12-31,LT,Vilnius,F,1981,organic_search,0
5189,aec4c06e9433,2025-12-31,LT,Visaginas,F,,direct,1
5190,b2d1255f54f3,2025-12-31,LT,Kaunas,M,1982,referral,0
5191,42dc603a2dad,2025-12-31,EE,Tallinn,M,1991,email,0
5192,d53e248fd49b,2025-12-31,LT,Jonava,F,1998,direct,0
5193,2b484b944201,2025-12-31,LT,Vilnius,M,1988,affiliate,1
5194,7608ed24abbd,2025-12-31,LT,Kaunas,F,1965,organic_search,0
5195,c7eabc0d594e,2025-12-31,LV,Rīga,F,,paid_search,0
5196,2f728315f53e,2026-01-01,LT,Plungė,F,1980,paid_social,1
5197,65436873a855,2026-01-01,LV,Jelgava,F,1976,paid_social,0
5198,3ea922ccca20,2026-01-01,LT,Panevėžys,F,1988,paid_social,0
5199,d3d42ba0b72d,2026-01-01,LT,Kaunas,M,1981,organic_search,1
5200,4b99d8cacb6b,2026-01-01,LT,Vilniaus r.,F,2003,email,1
5201,9bc48689f09f,2026-01-01,LT,Mažeikiai,F,1992,organic_search,0
5202,b0012b9b01ba,2026-01-01,LT,Panevezys,F,1972,organic_search,1
5203,9761cb2c6f1d,2026-01-01,LT,Kaunas,M,1995,direct,1
5204,a7296e157e69,2026-01-02,LT,,M,1967,affiliate,0
5205,d232edeb7321,2026-01-02,LT,Vilnius,F,1973,paid_social,1
5206,ba451ec2425e,2026-01-02,LT,Mažeikiai,F,1991,referral,1
5207,c3352aadf663,2026-01-02,LT,Klaipeda,F,,organic_search,0
5208,4dcdae9dc1d2,2026-01-02,LT,šiauliai,M,2003,affiliate,0
5209,428161797fbd,2026-01-02,LT,Utena,M,1964,direct,1
5210,a11a5e2568cd,2026-01-02,LT,Vilnius,M,1980,organic_search,0
5211,a1d8adeb9172,2026-01-02,LT,Kaunas,M,1996,referral,1
5212,5eef8edfdf4b,2026-01-03,EE,Tallinn,M,1975,paid_search,0
5213,51281ac9e36c,2026-01-03,LT,Vilnius,M,1997,organic_search,0
5214,50b4942ecdad,2026-01-03,LT,Elektrėnai,F,1984,referral,1
5215,beead2e00cdd,2026-01-03,LT,Mažeikiai,F,1992,organic_search,0
5216,06e86a8ad770,2026-01-03,LT,Visaginas,F,1983,direct,1
5217,55c6307d1f52,2026-01-03,LV,Rīga,X,2002,paid_search,0
5218,a3e8e8bf2867,2026-01-03,LT,Kaunas,F,1987,organic_search,1
5219,521365372108,2026-01-03,LT,Panevėžys,F,1988,paid_search,1
5220,e16a9c04c79c,2026-01-03,LT,Jonava,F,1983,direct,0
5221,b7919191689b,2026-01-04,LT,Vilnius,F,1989,affiliate,1
5222,22bac25f352c,2026-01-04,LT,PANEVEZYS,F,1976,affiliate,0
5223,40338c52b870,2026-01-04,LT,Vilnius,F,1995,direct,0
5224,fe3867035dac,2026-01-04,LT,Vilnius,M,1979,affiliate,0
5225,5f6c089301e2,2026-01-04,LV,Liepāja,M,1991,affiliate,1
5226,0894a47e4d8c,2026-01-04,LT,Lentvaris,F,1997,direct,0
5227,3bc4c236c065,2026-01-04,LV,Riga,M,1976,organic_search,0
5228,2bbb2727d5e1,2026-01-04,LT,Vilnius,F,1994,organic_search,1
5229,908881363a23,2026-01-04,LT,Kaunas,M,1988,direct,0
5230,38fa42542e14,2026-01-04,LT,Vilinus,,1987,paid_social,0
5231,325effdde366,2026-01-04,LT,Vilnius,,2004,direct,1
5232,d8cff44cc356,2026-01-04,LT,Šiauliai,M,,direct,0
5233,2b466a098c43,2026-01-05,LT,Rokisks,M,1980,affiliate,1
5234,f7e91d850a56,2026-01-05,LT,Siauliai,M,1968,paid_social,1
5235,42434300eecc,2026-01-05,LT,Vilnius,M,1964,email,1
5236,83a9a96cd2d8,2026-01-05,LT,Kaunas,F,1992,paid_search,1
5237,88769d933889,2026-01-05,LT,Klaipėda,M,1991,referral,0
5238,37d7752c092c,2026-01-06,LT,Klaipėda,F,1982,organic_search,0
5239,98962d86c868,2026-01-06,LV,Rīga,M,1965,organic_search,1
5240,80db2d6a8b91,2026-01-06,LT,Vilnius,M,1975,organic_search,0
5241,1e89e356ee4f,2026-01-06,LT,Klaipėda,M,1990,direct,1
5242,0cbd5e4564cc,2026-01-06,LT,Garliava,F,1982,paid_search,0
5243,f403f30d07ec,2026-01-06,LT,Vilnius,M,1991,paid_search,1
5244,2632230672c1,2026-01-06,LT,,F,1996,referral,0
5245,8dbd5c0fa1e8,2026-01-06,LT,Vilnius,,2007,direct,1
5246,5b461fa45a15,2026-01-06,EE,Jõhvi,F,1977,organic_search,0
5247,3a871be97db5,2026-01-06,LT,Kretinga,,1992,paid_social,1
5248,206f01731fd2,2026-01-06,LT,Kaunas,F,1973,organic_search,1
5249,fa530e926c5c,2026-01-06,LT,Vilnius,F,1972,paid_search,0
5250,c658703c00d0,2026-01-07,LT,Kretinga,M,,paid_social,0
5251,a6c25ff28542,2026-01-07,LT,Vilnius ,F,1971,organic_search,0
5252,b51f6921de72,2026-01-07,LT,Vilnius,M,1981,referral,1
5253,07a3aeda6553,2026-01-07,LT,Vilnius,F,,affiliate,1
5254,77f466af89c0,2026-01-07,LT,Panevėžys,M,1988,direct,0
5255,34d4ad70c011,2026-01-07,EE,Maardu,F,1986,paid_social,1
5256,49b2e00cda35,2026-01-07,LT,Panevėžys,M,1986,paid_search,1
5257,494c11f6cf8c,2026-01-07,LV,Rīga,F,1996,organic_search,1
5258,42d8dad982f8,2026-01-08,LV,Rīga,F,1986,paid_social,1
5259,89a54e8e877d,2026-01-08,LT,Vilnius,M,2000,paid_search,0
5260,3126c63a9a2a,2026-01-08,LT,Vilnius,F,2007,paid_search,1
5261,ef0396bad88f,2026-01-08,LV,Daugavpils,M,2005,email,1
5262,b06d61126a05,2026-01-08,LT,Kaunas,M,,paid_search,0
5263,4e1838c4a344,2026-01-08,LT,Vilnius,F,2005,paid_search,0
5264,f63b30efe5e4,2026-01-08,LV,Liepāja,F,1977,affiliate,0
5265,85a42fb5467b,2026-01-08,LT,Vilnius,M,1982,paid_social,0
5266,bd05098e2436,2026-01-08,LT,Rokiskis,M,2001,paid_social,1
5267,08fb5fa73e65,2026-01-08,LT,Kaunas,F,2002,email,1
5268,493e8511a927,2026-01-08,LT,Kaunas,F,1993,organic_search,0
5269,99b16ddc4110,2026-01-08,LT,,F,,paid_search,1
5270,f28e5773e350,2026-01-08,LT,Vilnius,,,email,1
5271,b05cec223de5,2026-01-08,EE,,M,1971,affiliate,0
5272,400278133900,2026-01-08,LT,Vilnius,F,1997,organic_search,1
5273,f2152e2da6d2,2026-01-08,LT,Vilnius,F,1983,paid_social,1
5274,1c773be96937,2026-01-08,LT,,M,,email,1
5275,67a131e0fd20,2026-01-08,LV,Ventspils,F,2002,organic_search,0
5276,5fae5e9e7017,2026-01-09,EE,Tallinn,M,1977,affiliate,0
5277,446f841b28e0,2026-01-09,LT,Kaunas,M,1990,paid_search,1
5278,03a825fb41c8,2026-01-09,LT,Panevėžys,F,2000,organic_search,0
5279,2bdf719a4735,2026-01-09,EE,Tallinn,M,,organic_search,0
5280,222441ffd9fd,2026-01-09,LV,rīga,M,1974,paid_social,1
5281,f137df78fb30,2026-01-09,LT,Klaipeda,M,1998,paid_search,0
5282,04b842195694,2026-01-09,LT,Klaipėda,F,1966,affiliate,0
5283,bf0d658a6dee,2026-01-09,LT,Kretinga,M,1983,direct,0
5284,f87b8a18c474,2026-01-10,EE,Maardu,F,1962,email,1
5285,cd9e40669cf8,2026-01-10,LT,Telšiai,,1991,paid_search,1
5286,8af28ef13384,2026-01-10,LT,Vilnius,F,1984,organic_search,1
5287,0924faf90803,2026-01-10,LT,vilnius,,1991,direct,1
5288,d97985911b79,2026-01-10,LT,Klaipėda,F,1983,organic_search,1
5289,1f3ba9454490,2026-01-10,LT,Kaunas,,,direct,0
5290,fd844ec0c3b9,2026-01-10,LT,Vilnius,F,1982,paid_social,0
5291,933c33a3c88f,2026-01-10,EE,Tallinn,F,1985,paid_social,0
5292,8aeafca3d0c3,2026-01-10,LT,Kaunas,M,1963,paid_social,1
5293,f8a11021861e,2026-01-10,LT,Marijampolė,M,1981,email,1
5294,4d8a7b3d9ab2,2026-01-10,LT,Vilnius,F,2000,affiliate,0
5295,9b33c1d06c5f,2026-01-10,EE,Tallinn,M,1988,direct,0
5296,846af7868565,2026-01-10,LT,Vilnius,F,,paid_search,1
5297,58fa3f331688,2026-01-11,EE,,F,2000,paid_social,0
5298,d1d5e01c0739,2026-01-11,LT,Panevėžys,,1983,affiliate,1
5299,8c16393ec694,2026-01-11,LT,Vilnius,M,1965,referral,0
5300,1ccda32f3f9b,2026-01-11,LT,Vilnius,F,1981,paid_search,1
5301,40148407c65c,2026-01-11,LT,vilnius,M,1976,organic_search,0
5302,ac9b3c50cf89,2026-01-11,LT,Vilnius,F,1998,paid_social,0
5303,65c4258b41fb,2026-01-11,LT,Vilnius,F,1979,organic_search,1
5304,8d8af6c8eb23,2026-01-11,LT,Plungė,F,1977,paid_search,1
5305,5b4f31538f57,2026-01-11,LT,Panevėžys,M,1983,organic_search,1
5306,a68a4df9cd84,2026-01-12,LT,Vilnius,F,1965,direct,1
5307,97823f3dbcd8,2026-01-12,EE,Tallinn,F,,paid_search,1
5308,96767e5230bd,2026-01-12,LT,Kėdainiai,F,1984,paid_search,0
5309,095764866761,2026-01-12,LV,Rīga,F,1965,direct,1
5310,a625251bd376,2026-01-12,LT,Kaunas,F,1995,organic_search,1
5311,80b70f22a817,2026-01-12,LT,Alytus,M,1980,affiliate,0
5312,9b80207f471a,2026-01-12,LT,Vilnius,M,2000,organic_search,0
5313,b1fe03fd81d0,2026-01-12,LT,Vilnius,F,1975,paid_search,1
5314,9742ba1587cd,2026-01-12,LT,Druskininkai,F,1988,paid_search,0
5315,7077ce6d326a,2026-01-12,LT,Klaipėda,F,1973,organic_search,1
5316,cc56bdcbfc87,2026-01-12,LT,Kaunas,M,1969,referral,1
5317,56a8f7c8cb7c,2026-01-12,LT,Palanga,F,,organic_search,1
5318,3114ee064485,2026-01-13,LT,Kaunas,M,,paid_social,1
5319,8ab53473e7e2,2026-01-13,LT,Alytus,F,,email,1
5320,1c49493c185f,2026-01-13,LT,Klaipėda,F,1992,paid_social,0
5321,c941117dff94,2026-01-13,LT,Kaunas,F,,paid_search,1
5322,c6c4746447fe,2026-01-13,LT,Kaunas,M,1982,affiliate,1
5323,53e8f482f9f3,2026-01-13,LT,Kaunas ,F,1999,organic_search,0
5324,c03d4edf38a6,2026-01-13,LT,Vilnius,F,1999,organic_search,0
5325,7475010f5087,2026-01-13,LT,,F,,paid_social,0
5326,b9ba029a9059,2026-01-14,LT,Kaišiadorys,F,1994,paid_social,1
5327,5ff4f188c0a1,2026-01-14,LT,Kaunas,,1981,organic_search,0
5328,52cc8876f2bb,2026-01-14,LT,Panevėžys,M,1972,organic_search,0
5329,63b6bb071897,2026-01-14,LT,Vilnius,M,1980,email,1
5330,a140db7d236d,2026-01-14,LT,Vilnius,F,,paid_social,0
5331,dd75a03bbf56,2026-01-14,LT,Visaginas,M,1969,organic_search,1
5332,125b5ac2ba7b,2026-01-14,LT,Vilnius,F,1987,paid_social,1
5333,2eecc56ac52d,2026-01-14,LV,Rīga,M,,paid_search,1
5334,244ef3f542f2,2026-01-15,LT,Vilnius,F,,direct,1
5335,14dfb33cafcd,2026-01-15,LT,Kaunas,F,2001,email,1
5336,e189e11e7903,2026-01-15,LT,Alytus,F,,paid_search,0
5337,f1227c3ecb0b,2026-01-15,LT,Klaipėda,F,,organic_search,1
5338,6d45ce6d1ee0,2026-01-15,LT,Kaunas,F,2002,direct,1
5339,38be89a411dc,2026-01-15,LT,Kaunas,M,1996,affiliate,1
5340,c93e109f5a77,2026-01-15,LT,Mazeikiai,F,1993,paid_social,1
5341,7fb4dc35c273,2026-01-15,LT,Vilnius,M,1982,email,1
5342,a90f09bf0e0b,2026-01-15,LT,Klaipėda,M,,direct,0
5343,9e3011a7eabd,2026-01-15,LT,VILNIUS,M,1992,email,0
5344,3f0b382af281,2026-01-15,LT,Kaunas,F,,referral,0
5345,d7643448973a,2026-01-16,LT,Kaunas,F,1992,paid_search,1
5346,f729f3e35231,2026-01-16,LV,Rīga,M,1992,paid_search,1
5347,d24a50e4ac10,2026-01-16,LV,,F,,organic_search,0
5348,d39ff60b4cb1,2026-01-16,LT,Marijampolė,M,1983,paid_search,0
5349,b02cd83ae0d6,2026-01-16,LT,Vilnius,F,1994,paid_search,1
5350,700da380a367,2026-01-16,LT,Vilnius,M,,paid_social,1
5351,c7f2bd6f3f9e,2026-01-16,LT,Vilnius,M,1964,paid_search,1
5352,3c5d1bbe9859,2026-01-17,LT,Palanga,M,,affiliate,0
5353,f1796175a3c1,2026-01-17,LT,Vilnius,M,1986,direct,0
5354,f03e8447baf2,2026-01-17,LT,Vilnius,M,1992,affiliate,0
5355,c26b130191f4,2026-01-17,LT,Vilnius,M,2001,organic_search,0
5356,7fb5ea826d9c,2026-01-17,LV,Jurmala,F,1981,organic_search,1
5357,0ec25268508c,2026-01-17,LT,Klaipėda,F,,affiliate,1
5358,f7951436b790,2026-01-17,LT,Marijampolė,M,1993,organic_search,1
5359,a12a2597120d,2026-01-17,LT,Vilnius,F,2006,paid_search,1
5360,08a1e6d2be6f,2026-01-17,LV,Daugavpils,,1989,email,1
5361,2022e98df3f3,2026-01-17,LT,Klaipėda,F,1998,paid_search,0
5362,248bdac67360,2026-01-18,LT,Vilnius,M,1982,affiliate,1
5363,ba77185c38e6,2026-01-18,LT,Vilnius,M,1984,direct,0
5364,1a64aa4b40a1,2026-01-18,LT,Vilnius,M,2006,direct,0
5365,bba62ffea2fa,2026-01-18,LV,Daugavpils,,1964,paid_social,1
5366,9f7a56c0bef3,2026-01-18,LT,,M,1997,affiliate,1
5367,8813f9b96767,2026-01-19,LT,Vilnius,F,1998,email,1
5368,61aaaf35698e,2026-01-19,LT,Marijampole,F,1988,paid_social,1
5369,5ee1f005002b,2026-01-19,LT,Jonava,M,2002,paid_search,1
5370,5d464d4e0f5a,2026-01-19,EE,Tallinn,M,1977,organic_search,1
5371,bbb3cc1d3286,2026-01-19,LT,VILNIUS,F,1980,paid_search,1
5372,8666009b845b,2026-01-19,LT,Kaunas,,1999,paid_social,0
5373,53c67adc777c,2026-01-20,LT,Vilnius,M,1988,referral,1
5374,ec9001489b75,2026-01-20,EE,Tallinn,M,1987,organic_search,1
5375,7cb9672819da,2026-01-20,LV,Rīga,F,1970,paid_search,0
5376,b8ac7fdf4e16,2026-01-20,LT,Utena,F,1988,paid_social,0
5377,89fe5cce48a8,2026-01-20,LV,Rīga,F,1956,affiliate,0
5378,76df58413b1d,2026-01-20,LT,,F,,paid_social,1
5379,aba7cd6ca8d1,2026-01-20,EE,Narva,M,1970,paid_social,1
5380,f1f6ad004940,2026-01-20,LT,Vilnius,M,1976,affiliate,0
5381,16e537f1ebcd,2026-01-20,LT,,M,1977,direct,1
5382,3e7bb7157fd4,2026-01-20,LV,Rīga,F,2003,referral,1
5383,18d79568f726,2026-01-20,LT,Visaginas,M,1989,paid_social,0
5384,0d0355a85dc7,2026-01-21,LT,Alytus,F,1985,affiliate,0
5385,60ea8b3c2b40,2026-01-21,LT,Kaunas,F,1981,paid_search,0
5386,c6bbae0e29c9,2026-01-21,LT,Klaipėda,M,1976,paid_search,1
5387,f47489a24caf,2026-01-21,LT,Vilnius,F,,paid_search,1
5388,b12155c69933,2026-01-21,LT,,M,1986,paid_search,0
5389,3e5708ff1a39,2026-01-21,LT,Vilnius,M,1995,organic_search,1
5390,b44b6f71992a,2026-01-21,LT,Panevėžys,F,1993,organic_search,1
5391,8d9f47b64c00,2026-01-21,LT,Šiauliai,F,1985,paid_search,1
5392,e76fd190308c,2026-01-21,LV,Daugavpils,F,,organic_search,0
5393,defd11c5473d,2026-01-21,LT,Panevėžys,M,2000,referral,0
5394,959312d0c024,2026-01-21,LV,Rīga,M,1986,referral,1
5395,27f319d7bdce,2026-01-21,LT,Vilnius,F,1990,direct,1
5396,d527780ce262,2026-01-22,LT,Kaunas,F,2001,direct,0
5397,1bd1fc35b317,2026-01-22,LT,Šiauliai,M,,email,0
5398,b7e2b7cfdf47,2026-01-22,LT,Vilnius,F,1989,paid_social,1
5399,9e2aa8ae1f10,2026-01-22,LT,Kaunas,M,1985,email,1
5400,b5615fedab25,2026-01-22,LT,Vilnius,M,1959,direct,1
5401,06b451a7c184,2026-01-22,LT,,M,1972,paid_search,0
5402,ba671a7f0811,2026-01-23,LT,Vilnius,F,1984,organic_search,1
5403,a46b3e14f008,2026-01-23,LT,Vilnius,M,1994,affiliate,1
5404,a9b709e1e1cf,2026-01-23,LT,Šiauliai,M,1949,affiliate,0
5405,c82cf2493e23,2026-01-23,EE,Tallinn,M,1987,paid_social,0
5406,775f6f2ed0b9,2026-01-23,LV,Rīga,F,1981,organic_search,0
5407,bf5e5ff0f71a,2026-01-23,LT,Vilnius,F,1999,paid_social,0
5408,26a9c7e91db3,2026-01-23,LT,Vilnius,M,1974,paid_search,0
5409,a1ba147f304d,2026-01-23,LT,kaunas,F,1976,direct,1
5410,d1571e69a577,2026-01-23,LT,Kaunas,F,1979,paid_social,1
5411,5223813cbef4,2026-01-23,LT,VILNIUS,F,1982,organic_search,1
5412,87797f0487bc,2026-01-23,LT,Ukmergė,M,,organic_search,1
5413,0b9d63774744,2026-01-23,LT,Klaipėda,F,1978,email,1
5414,6eac70922f13,2026-01-24,LT,Kaunas,F,1977,paid_search,1
5415,310276436c46,2026-01-24,LT,Kaunas,F,1983,paid_social,1
5416,e27627ce8f4e,2026-01-24,LT,VILNIUS,F,1979,organic_search,1
5417,b48add16f7c4,2026-01-24,LT,Panevėžys,M,1997,paid_social,1
5418,9e44f7d033b1,2026-01-24,LT,Vilnius,M,,referral,1
5419,899b467eef25,2026-01-24,LT,Šiauliai,F,1979,paid_social,1
5420,5904db11f704,2026-01-24,LV,Rīga ,F,1982,organic_search,0
5421,821435456a0c,2026-01-24,LT,Klaipeda,F,1982,paid_search,0
5422,5b592ccce400,2026-01-25,LT,Vilnius,F,,direct,1
5423,4cc4fa853f22,2026-01-25,LT,Vilnius,F,1985,paid_social,0
5424,49c7f7d2b973,2026-01-25,LV,Rīga,,1951,referral,0
5425,d517acd6efa6,2026-01-25,LT,Rokiskis,F,1981,paid_search,1
5426,72da6b5af1d9,2026-01-25,LT,Kaunas,M,1984,direct,1
5427,52bf673c6f84,2026-01-25,LT,Siauliai,F,1956,direct,1
5428,a42ba8c48768,2026-01-25,LT,Vilnius,F,,organic_search,1
5429,4f43c809e22b,2026-01-25,LT,Kaunas,M,,organic_search,0
5430,ba34aa8c37e0,2026-01-26,EE,Tallinn,,1993,paid_social,1
5431,acd5ef069136,2026-01-26,LT,Vilnius,F,1977,referral,1
5432,6e440d3a7b5b,2026-01-26,LT,Jonava,M,,paid_social,1
5433,be24f4e4fd33,2026-01-26,LV,Riga,M,1973,direct,0
5434,a7920105294f,2026-01-26,LT,,F,,email,1
5435,db37aeb0325a,2026-01-26,LT,Vilnius,F,2000,paid_search,1
5436,3845d33b8c38,2026-01-27,LT,Klaiipėda,F,1991,organic_search,1
5437,441660f782eb,2026-01-27,LT,Klaipėda,M,1978,paid_social,1
5438,03aa22af0db4,2026-01-27,LT,Vilnius,F,1983,email,1
5439,8481ce4e7224,2026-01-27,LT,Vilniaus r.,,1999,paid_search,1
5440,80f3eb54facb,2026-01-27,LT,Kaunas,F,,paid_social,1
5441,2f3d49486377,2026-01-27,LT,Vilnius,F,1999,organic_search,1
5442,e54c5b4939fd,2026-01-27,LT,Šiauliai,F,1993,affiliate,0
5443,a9a91f2cd31f,2026-01-27,LT,Kaunas,F,1998,direct,1
5444,5ce5a51db8f2,2026-01-27,LT,Vilnius,F,1985,paid_search,1
5445,62c1770ed404,2026-01-27,LT,Kaunas,X,1997,direct,0
5446,9502e6bab910,2026-01-27,LV,Riga,F,1982,referral,1
5447,1df4ff2cc71f,2026-01-27,LT,GARGZDAI,F,1991,organic_search,1
5448,18297afd05ba,2026-01-28,LT,Radviliškis,F,1974,direct,1
5449,fb4e6e05bd36,2026-01-28,LT,Kaunas,F,,referral,0
5450,835e765fd448,2026-01-28,EE,,M,1985,organic_search,1
5451,449312cda65d,2026-01-28,LT,Vilnius,F,1983,paid_social,1
5452,1a9a4227e986,2026-01-28,LV,Rīga,F,1982,paid_search,1
5453,6d5038f3484b,2026-01-28,LT,Vilnius,M,1998,email,0
5454,01977e89fe88,2026-01-28,LT,Vilnius,F,,organic_search,0
5455,c0379a20d640,2026-01-28,LT,Klaipeda,F,1966,affiliate,0
5456,c0da3813c62d,2026-01-28,LT,Druskininkai,M,1983,organic_search,0
5457,3affa651a276,2026-01-29,LT,Vilnius,F,1979,paid_social,0
5458,70b9d22b0763,2026-01-29,LT,Klaipėda,F,,organic_search,1
5459,69460c578fa5,2026-01-29,LT,Naujoji Akmenė,M,1984,direct,0
5460,eb8f0396f81c,2026-01-29,LT,Telšiai,M,1995,organic_search,0
5461,116cc3bc24a5,2026-01-29,LT,Klaipėda,F,,paid_social,1
5462,1fff7897df72,2026-01-29,LT,Klaipėda,F,2001,organic_search,1
5463,c9341bab42ff,2026-01-29,LV,Rīga,F,2005,paid_search,0
5464,4b845ab0bab1,2026-01-29,EE,Tallinn,F,1967,paid_search,1
5465,669fe048c5c9,2026-01-29,LV,Rīga,M,1972,referral,1
5466,d59f4a62a7c4,2026-01-29,LT,Vilnius,M,2003,paid_search,1
5467,cc8fa109ea03,2026-01-29,LT,Kaunas,F,1986,affiliate,1
5468,fac55576dc46,2026-01-30,LV,Rīga,F,2001,paid_search,0
5469,9d1d085404af,2026-01-30,LT,Gargzdai,M,1976,direct,1
5470,05fdf415245e,2026-01-30,LT,Klaipeda,F,1989,organic_search,1
5471,0917492f7281,2026-01-30,LT,Vilnius,F,1993,organic_search,1
5472,d2af1eb9559a,2026-01-30,LT,Mažeikiai,M,1977,email,1
5473,657f10d89584,2026-01-30,LV,Rīga,M,1999,paid_social,1
5474,1db7f25729bf,2026-01-30,LT,Vilnius,M,,organic_search,1
5475,89909a8236c4,2026-01-30,LT,,M,1999,paid_search,1
5476,84aad7c10c36,2026-01-30,LT,Kaunas,F,1954,email,1
5477,ed61450d82b7,2026-01-31,LT,Vilnius,M,1987,organic_search,0
5478,92e15227903e,2026-01-31,LT,Vilnius,F,1977,paid_social,0
5479,5f6c9d44008d,2026-01-31,LT,Kaunas,M,1946,paid_search,1
5480,7be7c7a48bfe,2026-01-31,LT,Vilnius,M,1982,paid_search,1
5481,db06a952042b,2026-01-31,LV,Rīga,M,1970,organic_search,1
5482,94f51bdf3385,2026-01-31,LV,,M,1967,referral,1
5483,99f958b5f151,2026-01-31,LT,Kaunas,M,1994,organic_search,1
5484,a8778655858a,2026-01-31,LV,Ogre,X,1984,organic_search,0
5485,beaacff74485,2026-02-01,LT,Gargždai,M,1980,paid_search,0
5486,256715371edc,2026-02-01,LT,Gargždai,M,1999,paid_social,1
5487,a3b01829abdc,2026-02-01,EE,Tallinn,M,1986,organic_search,0
5488,624f98d1192c,2026-02-01,LT,Vilnius,F,1991,organic_search,0
5489,33e91bc1d085,2026-02-01,LT,Vilnius,M,2008,paid_search,1
5490,c5da6431450f,2026-02-01,LV,Riga,M,1997,direct,1
5491,bb4dcdab4154,2026-02-01,LT,Vilnius,,1992,direct,1
5492,ae56d74dc14d,2026-02-01,LT,Palanga,M,1974,referral,1
5493,553c779a9404,2026-02-01,LT,Vilnius,F,1993,paid_search,0
5494,7cf5929c791a,2026-02-02,LV,,F,1988,email,1
5495,d39820a55c8d,2026-02-02,LT,Vilnius,F,1981,direct,0
5496,beb3f01ebbb9,2026-02-02,EE,Tartu,F,1988,organic_search,1
5497,8eab472b6516,2026-02-02,LT,Ukmergė,M,,organic_search,1
5498,46efa95b87f9,2026-02-03,LT,Šiauliai,F,1989,organic_search,1
5499,8e3d7a150265,2026-02-03,LT,Vilnius,M,1998,email,1
5500,7a108b63af7b,2026-02-03,LT,Klaipėda,,1966,organic_search,1
5501,f0fc18e14438,2026-02-03,LT,Vilnius,F,1986,organic_search,0
5502,95da9661539d,2026-02-03,LT,Vilnius,,1986,organic_search,1
5503,c4daf29fbd81,2026-02-04,LT,Vilnius,M,2005,organic_search,1
5504,211d5518986b,2026-02-04,EE,Tartu,M,1989,paid_social,0
5505,2f6909bad3eb,2026-02-04,LT,Panevėžys,F,1991,organic_search,0
5506,0c9f7a15d684,2026-02-04,EE,Tallinn,M,1989,direct,1
5507,cd823c46d922,2026-02-04,EE,Tallinn,F,1970,referral,0
5508,7e5bd2b91608,2026-02-04,LT,Panevėžys,M,1977,direct,1
5509,8f34d6fe4b41,2026-02-04,LT,Klaipėda,M,1954,paid_social,1
5510,0f74fdb5bcdc,2026-02-05,LT,Kaunas,M,1982,organic_search,1
5511,dcbca97579b0,2026-02-05,LT,Vilnius,F,1989,affiliate,0
5512,4c5d1cc8fb77,2026-02-05,LT,Vilnius,F,1978,email,1
5513,ee858c35c367,2026-02-05,LV,Рига,F,1994,organic_search,1
5514,0718e5baf552,2026-02-05,EE,Tallinn,F,,paid_search,0
5515,beaae3327e02,2026-02-05,LT,Vilnius,F,1999,email,1
5516,aaa5e76e9ab7,2026-02-05,LT,Vilnius,F,1969,direct,1
5517,2cdbb2cf2f62,2026-02-05,LT,Vilnius,F,2006,email,1
5518,8e51af088468,2026-02-05,LT,Kaunas,F,,organic_search,1
5519,9d2f8208721b,2026-02-05,LT,Šiauliai,M,,direct,1
5520,eb9e7a847e80,2026-02-06,LT,Grigiškės,M,1963,referral,0
5521,66325e59d4fe,2026-02-06,LT,Kaunas,F,2008,paid_search,1
5522,96c6be1ba545,2026-02-06,LT,Šiauliai,M,1950,paid_social,0
5523,22e2f1be1f2b,2026-02-06,LT,Vilnius,F,1976,organic_search,1
5524,cfba4292e4a6,2026-02-07,LT,Kaunas,,1990,direct,1
5525,d810690cc100,2026-02-07,LT,KAUNAS,M,2001,referral,1
5526,0ec245fc4814,2026-02-07,LT,Kaunas,,,paid_social,0
5527,57020dc5b4fb,2026-02-07,EE,Tallinn,M,,organic_search,1
5528,b6587b8c86df,2026-02-07,EE,Tallinn,F,1999,organic_search,1
5529,e590e4b777ed,2026-02-07,LT,Klaipėda,M,2001,affiliate,1
5530,47c4b6710fd7,2026-02-07,LT,Vilnius,F,1973,referral,0
5531,120a07c6a944,2026-02-07,LT,Vilnius,M,1987,organic_search,0
5532,12cf5202c60f,2026-02-07,LT,Vilnius,,2000,direct,0
5533,cb0f303f0b66,2026-02-07,LT,Tauragė,M,1993,paid_social,1
5534,d582b893127d,2026-02-08,LV,Rīga,M,1986,direct,1
5535,18900863d103,2026-02-08,LT,Klaipėda ,M,1967,referral,0
5536,255251a11def,2026-02-08,LT,Panevėžys,M,1988,organic_search,1
5537,e95f79c1e389,2026-02-08,LT,Panevėžys,F,1993,paid_social,0
5538,3236a59e661f,2026-02-08,LT,Marijampolė,F,1981,email,1
5539,ceb222e6bd9d,2026-02-08,LT,siauliai,F,1980,direct,0
5540,949b9d920f6e,2026-02-08,LT,Vilnius,M,2000,direct,0
5541,173dd0e32811,2026-02-08,LT,Telšiai,F,1971,organic_search,1
5542,4bff58c3c195,2026-02-09,LT,Ukmerge,F,1978,affiliate,1
5543,d4c12c907ed9,2026-02-09,LT,Vilnius,M,1980,affiliate,0
5544,c9a74e0abc70,2026-02-09,LT,Vilnius,F,1999,paid_social,0
5545,bc54f5e33984,2026-02-09,LV,Rīga,M,2008,organic_search,0
5546,7c827437dcfd,2026-02-09,LT,Vilnius,M,2000,affiliate,0
5547,80b979f7e385,2026-02-09,LT,Vilnius,M,1979,organic_search,1
5548,6e75956a40cc,2026-02-09,LV,Rīga,F,1989,paid_search,1
5549,50b36d78cf7d,2026-02-09,LV,Rīga,F,1989,direct,0
5550,c9ac5b250376,2026-02-09,LT,Vilnius,F,1983,paid_social,0
5551,754788cbe979,2026-02-09,LT,Kaunas,F,1993,referral,0
5552,c05d2b96c8ee,2026-02-09,LT,Alytus,M,2000,paid_search,0
5553,a847c8bd6ed5,2026-02-10,LT,Kaunas,F,1965,organic_search,0
5554,8a67f268f1ee,2026-02-10,LT,Trakai,M,2002,referral,1
5555,79be4b3e3620,2026-02-10,LT,Vilnius,F,1979,organic_search,1
5556,af1107c1bc3d,2026-02-10,LT,Panevezys,F,1973,organic_search,0
5557,f799df8925da,2026-02-10,LT,Kaunas,F,,organic_search,0
5558,25683a1119fc,2026-02-10,LT,Klaipeda,M,1986,paid_social,0
5559,5a74feda53b6,2026-02-10,LT,Vilnius,M,1974,paid_social,1
5560,e8e2e830f200,2026-02-10,LT,Panevėžsy,F,1985,organic_search,0
5561,52268802e80f,2026-02-11,LT,Vilnius,F,1981,email,1
5562,f8f913912f18,2026-02-11,LT,Tauragė,F,,referral,1
5563,24d0311ba874,2026-02-11,LT,Mažeikiai,M,,paid_search,1
5564,fe393655a9b2,2026-02-11,LT,Marijampole,F,1961,paid_social,0
5565,cbd26bd3fbf4,2026-02-11,LT,Panevėžys,M,1983,direct,0
5566,b38d15743f9e,2026-02-11,LT,Taurage,M,1977,paid_social,1
5567,fb15de086081,2026-02-11,LT,Vilnius,M,1984,affiliate,1
5568,6b265b976a0b,2026-02-11,LT,Ukmergė,X,,organic_search,1
5569,357f6b0d4575,2026-02-12,LT,Vilnius,F,1988,organic_search,1
5570,cb2f416a8398,2026-02-12,LT,Vilnius,F,1962,paid_social,0
5571,b0edb46d553e,2026-02-13,LV,Rēzekne,F,1991,paid_social,0
5572,7f276cf579e0,2026-02-13,LT,Kaunas,M,1976,direct,0
5573,267a92b03c43,2026-02-13,LT,Kauno r.,M,1960,organic_search,1
5574,91509f86cb40,2026-02-14,LT,Palanga ,X,1979,direct,0
5575,07bcf71a1680,2026-02-14,LT,Vilnius,M,1971,paid_social,0
5576,320aec870c7e,2026-02-14,LT,Marijampolė,M,1998,organic_search,0
5577,ca567df2a9b3,2026-02-14,LT,Panevėžys,X,,paid_social,1
5578,dac61806feac,2026-02-14,LV,Rīga,F,1995,direct,0
5579,1e3e8c98ba1f,2026-02-14,LT,Vilnius,M,1996,organic_search,0
5580,88ff03ab3362,2026-02-15,EE,Tallinn,F,1976,paid_social,1
5581,9ac702dc2d8e,2026-02-15,LT,Alytus,F,1991,referral,1
5582,38126bd30fc3,2026-02-15,EE,Tallinn,F,2001,organic_search,0
5583,00f88564b34c,2026-02-15,LT,Vilnius,F,1991,paid_search,1
5584,07a000d79ed0,2026-02-15,LT,Šiauliai,F,1961,direct,0
5585,21fb518e568d,2026-02-15,EE,Tallinn,M,1995,organic_search,0
5586,a4d11ceac16e,2026-02-16,LT,Plunge,M,1997,referral,1
5587,c2083d95039a,2026-02-16,EE,Parnu,M,1978,organic_search,1
5588,f2ecf6ec06e3,2026-02-16,LT,,F,1982,organic_search,0
5589,f6b3a5fb8bde,2026-02-16,LT,Panevėžys,,1990,paid_search,1
5590,e5ac4d9b076a,2026-02-17,LT,Ukmergė,M,1993,organic_search,1
5591,05854c3d8f8f,2026-02-17,LT,vilnius,F,1978,organic_search,1
5592,4e7538aa9744,2026-02-17,LV,Rīga,F,1964,direct,0
5593,a5c6d1e8dea7,2026-02-17,LT,Kaunas,M,1991,paid_search,1
5594,d06c7be14516,2026-02-18,LT,Kaunas,F,1993,organic_search,1
5595,aab9a8fba636,2026-02-18,LT, Vilnius,F,1973,paid_social,1
5596,fea1937bf79e,2026-02-18,LT,Alytus,M,1980,organic_search,0
5597,91d9aa4e8e9a,2026-02-18,LT,Kaunas,F,1971,paid_search,1
5598,6a55afaa82d3,2026-02-18,LT,Vilnius,F,1974,organic_search,1
5599,de083c3a120e,2026-02-18,EE,Tallinn,M,,organic_search,1
5600,352e336f679b,2026-02-18,LT,Klaipėda,F,1990,organic_search,0
5601,5dc1b2cba829,2026-02-18,LV,Valmiera,M,1992,paid_search,0
5602,700e281a16ff,2026-02-19,LT,Kaunas,F,1990,direct,0
5603,87ce4f3606f2,2026-02-19,LT,Vilnius,F,,paid_social,1
5604,c1efed690db8,2026-02-19,LT,Lentvaris,F,1986,paid_search,0
5605,d454455de1cc,2026-02-19,LT,Vilnius,F,1977,organic_search,1
5606,a83a9b9c600e,2026-02-19,LT,Klaipėda,F,1998,email,1
5607,5ef84336a870,2026-02-19,LT,Siauliai,F,1963,organic_search,0
5608,cc5393370914,2026-02-19,LT,,M,1971,email,1
5609,3ee5deae1c06,2026-02-19,LT,Mažeikiai,F,1982,organic_search,0
5610,afbfc5892761,2026-02-19,LT,Vilnius,F,1994,paid_search,1
5611,498bf7caea7f,2026-02-19,LT,Vilnius,,1997,paid_social,0
5612,7fdfdfd80f8c,2026-02-19,LT,Kretinga,M,1973,organic_search,0
5613,c902fdd3e00b,2026-02-20,LT,Kaunas,F,1993,direct,1
5614,cfa7c3f39df5,2026-02-20,LT,Kaunas,M,,paid_search,0
5615,8687ff707377,2026-02-20,LT,Kaunas,,1982,organic_search,1
5616,88e4e9187182,2026-02-20,LT,Kaunas,F,1974,email,1
5617,df1816dca778,2026-02-20,LV,Dauugavpils,M,1988,direct,1
5618,a45741926d90,2026-02-20,LV,Rīga,F,1989,direct,1
5619,bc7398fb81f5,2026-02-20,LT,Alytus,F,2002,affiliate,1
5620,b8fc914a2e20,2026-02-20,LT,Kaunas,M,1993,affiliate,1
5621,f84046b3e236,2026-02-21,LT,Kaunas,M,1986,direct,1
5622,c3b90ea87ddf,2026-02-21,LT,Vilnius,M,1985,referral,1
5623,e4d0321f0708,2026-02-21,EE,Pärnu,F,1988,paid_search,0
5624,9796d505def0,2026-02-21,LT,KAUNAS,F,,organic_search,0
5625,080a61da8ec2,2026-02-21,LT,Vilnius,,1985,organic_search,1
5626,39d0f2fc23fc,2026-02-21,EE,Tallinn,F,1984,organic_search,1
5627,166facbdaa8e,2026-02-22,LV,Jurmala,M,1997,paid_social,1
5628,bfffa531a0d8,2026-02-22,LT,Kaunas,,1996,direct,1
5629,b021bd06edb5,2026-02-22,LT,Kaunas,M,1994,paid_social,0
5630,5b05105616ec,2026-02-22,EE,Kuressaare,M,2003,paid_search,1
5631,7438a95a12b2,2026-02-22,LT,Vilnius,F,1978,paid_social,0
5632,934cedd29f3f,2026-02-22,LT,Vilnius,F,2007,organic_search,1
5633,1299afecf869,2026-02-22,LT,Šilutė,F,1994,organic_search,1
5634,2829dacc7cbb,2026-02-23,LT,Vilnius,F,2007,organic_search,1
5635,4ee835c45ee5,2026-02-23,LV,Rīga,M,1957,paid_social,0
5636,b47432cfbc73,2026-02-23,LT,Šiauliai,M,1966,organic_search,0
5637,b6699c07470e,2026-02-23,LT,Panevėžys,F,2004,organic_search,1
5638,9c378932d15b,2026-02-23,LT,Vilnius,M,1971,paid_social,1
5639,f85cf388e466,2026-02-23,LT,Panevėžys,M,1953,referral,1
5640,cc9e2219bafc,2026-02-23,LT,Mažeikiai,M,1989,organic_search,1
5641,64036e1b59d9,2026-02-23,LT,Mazeikiai,F,,direct,0
5642,ff798ce12a83,2026-02-24,EE,Tallinn,F,1979,organic_search,1
5643,eddced9886cf,2026-02-24,LT,Vilnius,F,1973,organic_search,0
5644,a6ceab42ec58,2026-02-24,LT,Kaunas,M,,direct,1
5645,de533a9d1c26,2026-02-24,LT,Vilnius,M,2006,referral,1
5646,132ddf9a386a,2026-02-25,LV,Даугавпилс,F,1978,email,1
5647,7e01ded04d00,2026-02-25,LT,Vilnius,,1968,paid_social,0
5648,24a49e43d29f,2026-02-25,LT,,M,,organic_search,0
5649,8a152a10cc96,2026-02-25,LT,Klaipėda,F,1979,paid_search,0
5650,263c3e960a1b,2026-02-25,LV,Cesis,F,1989,organic_search,1
5651,191a7572860c,2026-02-26,EE,Tallinn,M,1980,organic_search,1
5652,8a5f3bd96004,2026-02-26,LT,Vilnius,F,1978,email,1
5653,a85e46141fca,2026-02-26,LT,Panevėžys,F,1998,direct,0
5654,800c503c3cb1,2026-02-26,LT,Prienai,F,1986,paid_search,0
5655,c058c3be9c72,2026-02-26,LT,Vilnius,F,1987,organic_search,0
5656,19eaca28f0f8,2026-02-26,LT,Vilnius,X,1987,paid_search,1
5657,cd0515d526cd,2026-02-26,LT,Kaunas,M,1983,direct,1
5658,88f682fbd947,2026-02-26,LT,Kaunas,F,,direct,0
5659,d1d8f1a4d6f0,2026-02-27,LT,Panevezys,F,1985,organic_search,1
5660,407249dc48bb,2026-02-27,LV,Riga,M,1995,organic_search,1
5661,e5b9d8aac1e7,2026-02-27,LT,kaunas,M,1990,direct,0
5662,2b669497c9ab,2026-02-28,LV,Rīga,F,1980,referral,1
5663,51fb75d7af76,2026-02-28,LT, Panevėžys,F,1993,paid_social,0
5664,7f6f826f5ad3,2026-02-28,LT,Klaipeda,F,1978,organic_search,1
5665,5ba115846a85,2026-03-01,LT,Zarasai,M,1986,direct,0
5666,a4a5a5d8c40f,2026-03-01,LV,Liepaja,M,1984,direct,0
5667,9e85e7888b29,2026-03-01,LT,Klaipėda,M,1978,direct,0
5668,574b338eb26e,2026-03-01,LT,Kaunas,M,1988,direct,1
5669,18f45cdb7e3e,2026-03-01,LT,prienai,M,1974,direct,1
5670,cf358246755f,2026-03-01,LT,Kaunas,M,1986,paid_search,0
5671,dd442b6de41b,2026-03-01,LT,Kaunas,F,1983,paid_social,0
5672,63986941bd03,2026-03-01,LT,Vilnius,M,1992,direct,1
5673,274ac3ce2a81,2026-03-01,LT,Kaunas,M,1990,direct,0
5674,543caba5831a,2026-03-01,LT,vilnius,F,1986,paid_social,0
5675,4008d7e08b52,2026-03-02,LT,Kaunas,M,1982,paid_social,0
5676,2aaf1e083f98,2026-03-02,LV,Riga,M,1990,paid_search,1
5677,be42558ec2b0,2026-03-02,LT,Jurbarkas,F,1996,organic_search,1
5678,9b7247894d6e,2026-03-02,LT,Kaunas,F,1964,organic_search,0
5679,ae7c9ed1608f,2026-03-02,LT,,M,1998,organic_search,0
5680,9d43cb2b2b60,2026-03-02,LT,,F,1988,paid_search,1
5681,8e38552d8844,2026-03-02,LT,Klaipėda,M,1984,paid_search,0
5682,c76cde17da0b,2026-03-02,LT,Plungė,F,1993,affiliate,0
5683,f641195f95c0,2026-03-02,LT,Vilnius,F,1970,paid_social,1
5684,69e84ecee271,2026-03-02,LT,,F,,paid_social,0
5685,0fa241ffc2d7,2026-03-02,LT,Vilnius,F,1974,paid_search,1
5686,b2dcd2fc452e,2026-03-02,LT,Vilnius,F,1974,direct,0
5687,76af12c03b7b,2026-03-02,LV,Jelgava,F,1998,paid_social,1
5688,583688b9ab31,2026-03-02,LT,Jonava,M,1979,organic_search,1
5689,6201ffe9a2cf,2026-03-02,LT,Alytus,F,2005,organic_search,1
5690,37a463ea16da,2026-03-02,LV,Rīga,F,1987,organic_search,0
5691,781308a2f3bb,2026-03-03,LT,Kaunas,M,1986,organic_search,0
5692,6f3e5ccee0da,2026-03-03,LV,Jelgava,M,2001,paid_social,1
5693,eb377e1ddb00,2026-03-03,LT,Kaunas,M,1986,affiliate,1
5694,cf967f2aadac,2026-03-03,LT,Kaunas,M,1999,affiliate,0
5695,9472cb498eac,2026-03-03,LT,Vilnius,M,2004,organic_search,0
5696,57ab645d8d6d,2026-03-03,EE,Tallinn,M,1985,direct,1
5697,3417fe93bb2d,2026-03-03,LT,Vilnius,F,1988,paid_social,1
5698,8ed8c9e9d59e,2026-03-03,LT,Vilnius,F,1985,direct,1
5699,6ae67b043a25,2026-03-03,LT,Kaunas,F,1986,affiliate,0
5700,e8daa5d6cc4a,2026-03-03,LT,MARIJAMPOLE,M,1982,organic_search,1
5701,36284d028587,2026-03-04,LT,Vilnius ,F,1982,referral,1
5702,a1eca32d2b23,2026-03-04,LV,Rīga,F,1986,email,1
5703,68def1c523f5,2026-03-04,EE,Tallinn,M,1969,organic_search,1
5704,99c3acf32c07,2026-03-04,EE,Tallinn,M,1979,organic_search,1
5705,197d46343bd4,2026-03-04,LT,Šilutė,F,1989,paid_search,1
5706,4b350184b9da,2026-03-04,LT,Vilnius,M,1990,paid_social,0
5707,51e8ebc2fbfa,2026-03-05,LT,Marijampolė,M,1994,direct,1
5708,85317357eb12,2026-03-05,LT,Vilnius,F,,paid_social,0
5709,18a65ebca0c6,2026-03-05,LT,Vilnius,F,1977,paid_search,0
5710,315c9be0b2bb,2026-03-05,LT,Vilnius,M,1982,affiliate,1
5711,8a1da51ffe9e,2026-03-05,LT,Rokiškis,F,1985,email,1
5712,d3b63813768e,2026-03-05,LT,vilnius,M,,paid_search,1
5713,5ccc2d79da45,2026-03-05,LT,Jonava,M,1979,paid_social,0
5714,677666781f26,2026-03-05,LT,Vilnius,M,1970,affiliate,0
5715,676755a39a5d,2026-03-05,LT,Vilnius,M,,direct,1
5716,81bb487b4766,2026-03-06,LT,,M,2007,paid_search,0
5717,2ee227711f46,2026-03-06,LV,Daugavpils,F,1984,paid_social,0
5718,020729432c00,2026-03-06,LT,Panevėžys,M,1999,organic_search,0
5719,f0710285e1ac,2026-03-06,LT,Radviliškis,F,2002,organic_search,1
5720,e4ff983a20d7,2026-03-07,LV,Rīga,M,1983,paid_social,0
5721,ec73ed5d164f,2026-03-07,LT,Grigiškės,F,1991,organic_search,1
5722,76b58f07f472,2026-03-07,EE,Kohtla-Järve,F,1973,paid_search,0
5723,13e830e47d42,2026-03-07,EE,Pärnu,,1995,organic_search,1
5724,46d739f81ff9,2026-03-07,LT,,F,1999,paid_social,0
5725,4179b56904bf,2026-03-07,LT,Vilnius,F,1980,paid_search,0
5726,9ab627e2391e,2026-03-08,LT,taurage,F,1996,organic_search,0
5727,10fdfd9bac0a,2026-03-08,LT,Vilnius,F,1983,email,1
5728,7408a7818036,2026-03-08,EE,Tallinn,M,1968,organic_search,0
5729,14fcfc9ab72f,2026-03-08,LT,Klaipėda,F,1994,referral,1
5730,37e2704245e9,2026-03-08,LV,,F,1970,paid_social,0
5731,2563de598358,2026-03-08,LT,Vilnius,M,1987,organic_search,1
5732,0398bc307ab2,2026-03-08,LT,Vilnius,M,1990,organic_search,0
5733,24864f0789d5,2026-03-08,LV,LIEPAJA,M,1991,paid_social,0
5734,5b1044dfb4c7,2026-03-08,LT,Plungė ,M,,direct,1
5735,be29cb34cbc8,2026-03-08,LT,Palanga,F,1992,affiliate,0
5736,2177efa5c0c3,2026-03-08,LT,Kaunas,,1995,direct,0
5737,8304022ec2d8,2026-03-09,LT,Vilnius,F,1975,affiliate,1
5738,2486e94fc42b,2026-03-09,LT,Vilnius,,1987,paid_social,0
5739,fc3cadd10495,2026-03-09,LT,Vilnius,M,2004,organic_search,0
5740,dc10283595c4,2026-03-09,LT, Vilnius,M,,email,1
5741,addc4e6a9f93,2026-03-09,LT,Vilnius,F,1988,referral,1
5742,15112f34a39a,2026-03-09,EE,Tallinn,,1983,paid_social,1
5743,c399843d274f,2026-03-10,LT,vilnius,M,2003,email,0
5744,4eca93bcba88,2026-03-10,LT,Vilnius,M,1971,organic_search,1
5745,62807fdfa4f7,2026-03-10,LT,Vilnius,F,1997,organic_search,1
5746,a6b283d40024,2026-03-10,EE,Tallinn,F,,organic_search,1
5747,8af84206bcb7,2026-03-10,LT,,M,,referral,0
5748,9d37dc877d5d,2026-03-10,LT,Mažeikiai,F,1996,direct,0
5749,d2fa99981dce,2026-03-10,LT,Gargždai,F,2003,paid_social,1
5750,db1f64630449,2026-03-11,LT,Kaunas,F,1977,paid_search,0
5751,2a61be92a8f4,2026-03-11,LT,Vilnius,M,1986,paid_search,1
5752,9d2acf1d9e39,2026-03-11,EE,Tallinn,M,1900,referral,0
5753,5ed623334edb,2026-03-11,LT,,,1988,organic_search,0
5754,e898d06ac12c,2026-03-11,LT,Vilnius,,1973,paid_social,0
5755,e4de5bd3dc5d,2026-03-11,LT,Klaipeda,M,1973,paid_social,1
5756,51cfa5e65360,2026-03-12,LT,Panevėžys,M,1977,referral,0
5757,f1a95fd08cf6,2026-03-12,LT,Gargždai,M,1971,paid_social,1
5758,f0e05ac83061,2026-03-12,LT,Vilnius,F,1980,organic_search,0
5759,b4fef48a7df7,2026-03-12,LT,Lentvaris,F,1997,direct,1
5760,0fa78f045ea4,2026-03-12,LT,Jonava,M,1987,paid_search,0
5761,f50a417082d1,2026-03-12,LT,Vilnius,M,1982,paid_social,1
5762,4414b8efd5a9,2026-03-13,LT,Vilnius,F,1966,email,0
5763,43f872537324,2026-03-13,EE,Kohtla-Järve,F,1974,organic_search,1
5764,4e40bd3abdd5,2026-03-13,LT,Vilnius,F,1971,direct,0
5765,164a143caff0,2026-03-13,LT,Vilnius,F,,organic_search,0
5766,cec1dcb48f69,2026-03-13,LV,Rīga,F,2006,paid_social,0
5767,d16b60372abf,2026-03-13,LT,Radviliškis,M,1969,referral,1
5768,9e9df9af86ba,2026-03-13,EE,Kohtla-Järve,,1977,email,1
5769,7b2802667854,2026-03-13,LT,Šiauliai,F,,paid_search,0
5770,cff5e3071370,2026-03-13,LT,Garliava,M,1996,organic_search,0
5771,b70ad1634063,2026-03-13,EE,Tallinn,M,1996,direct,1
5772,f05077393d04,2026-03-14,LV,Tukums,M,1987,organic_search,1
5773,bca0e531b212,2026-03-14,LT,Vilnius,F,1979,organic_search,1
5774,24e3c7e2c9f0,2026-03-14,LT,Klaipėda,M,1980,organic_search,0
5775,38f9a4d93193,2026-03-14,LT,Kaunas,M,1988,organic_search,0
5776,91008a4a6476,2026-03-15,LT,Vilnius,M,1974,paid_social,1
5777,170a6f3d48d1,2026-03-15,LT,Vilnius,X,1986,direct,0
5778,c50c7f0901fa,2026-03-15,LT,Garliava,F,,email,1
5779,3051d787be4f,2026-03-15,LT,,F,1981,paid_social,1
5780,27b5efc74759,2026-03-15,LT,Klaipėda,M,1997,paid_social,1
5781,780876f6b637,2026-03-16,LV,Rīga,F,1997,paid_search,0
5782,0ff491139931,2026-03-16,LT,Vilnius,F,1985,organic_search,1
5783,b33db7b95d65,2026-03-16,LT,Vilnius,F,1987,referral,0
5784,bba992b0c5da,2026-03-16,LT,Jonava,,1971,direct,1
5785,40d2d39eb03a,2026-03-16,EE,Pärnu,M,1980,organic_search,0
5786,4ef8fa3ead21,2026-03-16,EE,Tallinn,F,1978,direct,1
5787,9653bb6da3a8,2026-03-16,LT,Vilnius,F,,paid_search,0
5788,0a5ac964acb3,2026-03-16,LT,Kaunas,M,,paid_search,0
5789,9955ecc36811,2026-03-17,LT,Vilnius,M,1988,affiliate,0
5790,f86641ad50ab,2026-03-17,LV,Ventspils,M,,organic_search,0
5791,3f59044cb567,2026-03-17,LT,Vilnius,M,1983,paid_social,1
5792,778d96247201,2026-03-17,LT,Šiauliai,F,1989,affiliate,1
5793,6657a8c9f878,2026-03-18,EE,Tallinn,M,2002,paid_social,0
5794,cc2a6551f501,2026-03-18,LV,Riga,F,1977,direct,1
5795,4acaa241aa87,2026-03-18,LT,Kaunas,,1987,organic_search,0
5796,871f5d0f3348,2026-03-18,EE,Tallinn,M,1991,affiliate,1
5797,19496c336f97,2026-03-18,LT,Vilnius,M,,organic_search,1
5798,d52555ec171f,2026-03-18,LV,Ventspils,M,1987,paid_social,1
5799,cacfcd0fa6b9,2026-03-18,LT,Klaipėda,F,1997,organic_search,1
5800,2e1302b446d1,2026-03-18,LV,Riga,F,1982,organic_search,1
5801,2ad35193ece8,2026-03-18,LV,Liepāja,F,1987,paid_social,0
5802,135b3d7870d4,2026-03-18,LT,Vilnius,F,1985,direct,1
5803,ffa13663ec2a,2026-03-18,LT,kaunas,F,1985,organic_search,0
5804,44890b549c3c,2026-03-19,LT,Vilnius,M,1997,direct,1
5805,762467bfe14b,2026-03-19,LT,Kaunas,F,1986,organic_search,1
5806,dff100cd94e1,2026-03-19,LT,Mažeikiai,F,1983,referral,0
5807,95f861e963a4,2026-03-19,LT,Klaipėda,M,1992,paid_social,1
5808,03ebd6e99b4b,2026-03-19,LT,Vilnius,F,1983,organic_search,1
5809,0e609485eba1,2026-03-19,LT,Kaunas,F,1994,referral,0
5810,cbda256353ef,2026-03-19,LT,Vilnius,F,1986,direct,1
5811,645701bbd005,2026-03-19,LT,Klaipėda,F,1992,referral,1
5812,d005e27b8caf,2026-03-19,LT,Vilnius,M,1998,paid_social,0
5813,06d11d5a6c7a,2026-03-19,LT,Vilnius,F,1996,direct,0
5814,0fc399eef46d,2026-03-19,LT,Kaunas,M,1985,email,1
5815,92ef11e1710b,2026-03-19,LT,Jurbarkas,F,1997,organic_search,0
5816,53421ad62554,2026-03-19,LV,Rīga ,F,1983,organic_search,1
5817,f9a7608deae1,2026-03-20,LT,Kaunas,M,2000,affiliate,1
5818,4fcc0233f22a,2026-03-20,LV,Riga,M,1993,paid_social,0
5819,26aaa1a5db0e,2026-03-20,LT,Vilnius,,1988,direct,1
5820,28727f1dab1e,2026-03-20,LT,Kaunas,F,2000,email,0
5821,58cb053eefea,2026-03-20,LV,Daugavpils,M,1980,paid_social,0
5822,38a7d9e9c354,2026-03-20,LT,Klaipeda,F,1999,paid_social,0
5823,aaca8d4f540d,2026-03-20,LT,Vilnius,M,1966,organic_search,1
5824,50cb025d2000,2026-03-20,LT,Garliava,M,1981,paid_social,0
5825,9e766cdc6549,2026-03-20,LV,Riga,F,1992,paid_social,0
5826,1a975eed50d0,2026-03-20,LT,Šiauliai,M,,organic_search,1
5827,8587ea6c854c,2026-03-21,LT,Vilnius,F,1964,paid_social,0
5828,22978012ad90,2026-03-21,LT,Alytus,M,1972,paid_search,1
5829,2685b4e87754,2026-03-21,LT,Kaunas,F,1987,paid_social,1
5830,8afa89ba6f04,2026-03-21,LT,Vilnius,M,1998,paid_search,0
5831,b53b590ed7b0,2026-03-21,LT,Vilnius,F,1968,email,1
5832,f852d7c0e7d1,2026-03-21,LT,Telšiai,F,1968,organic_search,1
5833,fcdb93eb867b,2026-03-21,EE,Tallinn,F,1989,direct,0
5834,034f70000a2e,2026-03-22,LT,Vilnius,M,1984,direct,1
5835,8ecc1c1add3d,2026-03-22,LT,,F,1983,affiliate,1
5836,09d9de8c5393,2026-03-22,LT,Šiauliai,F,,paid_social,0
5837,f205046d117a,2026-03-22,LT,Vilnius,F,2001,affiliate,1
5838,527131e543dd,2026-03-22,EE,Narva,M,1981,paid_social,0
5839,57b6df33f045,2026-03-22,LT,Kaunas,M,2003,organic_search,0
5840,0c2b3543d65c,2026-03-22,LT,moletai,M,1961,referral,1
5841,f0d16e4a6237,2026-03-22,LT,Kaunas,F,1968,paid_social,0
5842,e0d004fa5314,2026-03-22,LT,Telšiai,F,1984,organic_search,1
5843,6d46d63ec995,2026-03-22,LT,Biržai,M,,paid_social,1
5844,82dc14b4ea0b,2026-03-22,EE,,F,1995,organic_search,0
5845,7c748a08724a,2026-03-22,LV,Rīga,,1988,paid_search,1
5846,f5197b374e6d,2026-03-22,LT,Klaipėda,M,1980,organic_search,1
5847,226f1138a0f6,2026-03-23,LT,Vilnius,M,,referral,0
5848,52a35ad7fbd9,2026-03-23,LT,Panevėžys,F,1991,referral,1
5849,3d8f4f1407b6,2026-03-23,LT,Vilnius,M,1973,paid_social,0
5850,9d219b09eaf1,2026-03-23,LT,Utena,M,1992,referral,0
5851,1814f03b39fe,2026-03-23,LT,Elektrėnai,F,1992,paid_social,1
5852,cacda8af3c30,2026-03-24,EE,Tallinn,F,1983,affiliate,0
5853,dcb610facc14,2026-03-24,EE,viljandi,M,1999,referral,0
5854,af7fc1083fe5,2026-03-24,LT,Marijampolė,F,1992,affiliate,1
5855,0693d2119685,2026-03-24,LT,Klaipėda,F,1969,direct,1
5856,f7f5a1999e27,2026-03-24,LT,Alytus,F,1979,organic_search,1
5857,eb9583f72959,2026-03-24,LT,Šiauliai,F,1996,organic_search,1
5858,23424a97c313,2026-03-24,LT,Klaipėda,M,,affiliate,0
5859,a0ea7460b2bc,2026-03-24,LT,Kaunas,,1998,paid_social,0
5860,082e64a80ded,2026-03-25,LT,Kanas,M,1999,affiliate,0
5861,1edadfbf6c34,2026-03-25,LT,Klaipėda,M,1964,paid_social,1
5862,1414357d2f7f,2026-03-25,LT,Vilnius,M,1986,organic_search,0
5863,ba10eb3e6612,2026-03-25,LT,Kaunas,M,1992,organic_search,0
5864,990eaf379149,2026-03-25,LT,vilnius,F,1964,direct,0
5865,12de4bd3b44d,2026-03-25,LT,Kaunas,,1988,referral,1
5866,05db784fd9fa,2026-03-25,LT,Vilnius,F,2001,organic_search,1
5867,165ded9a17d2,2026-03-25,LT,Vilnius,F,1988,organic_search,1
5868,e980bdaf2052,2026-03-25,LT,Vilnius,F,,paid_search,1
5869,764f91fc7d67,2026-03-25,LT,Vilnius,,1995,paid_search,1
5870,7958a4c33fbb,2026-03-25,EE,Tallinn,F,1980,referral,0
5871,1d322576113d,2026-03-25,LT,Anykščiai,F,1978,paid_search,1
5872,9713af207424,2026-03-26,LV,Liepāja,F,1971,referral,0
5873,18c671a20f0e,2026-03-26,LT,Kaunas,M,2005,referral,1
5874,d1e7aaaee329,2026-03-26,LT,Vilnius,M,1975,paid_social,0
5875,2888733382c5,2026-03-26,EE,Tallinn,F,2002,paid_social,1
5876,7f0e569965e7,2026-03-26,LT,Kaunas,F,1974,organic_search,1
5877,06264f83a6b0,2026-03-26,LT,Vilnius,M,1974,email,1
5878,f9a49c414552,2026-03-26,LV,Rīga,F,1976,organic_search,1
5879,c6d47f9e2082,2026-03-26,LT,,F,1965,referral,0
5880,dcbe6d2a967c,2026-03-27,LT,Kaunas,F,1969,organic_search,0
5881,827a2a907e09,2026-03-27,LT,VILNIUS,M,1984,organic_search,0
5882,fb31b42fd940,2026-03-27,LV,Rīga,M,1972,organic_search,0
5883,f5a430d5968f,2026-03-27,LT,Kelmė,F,2001,paid_social,0
5884,55a8710c7194,2026-03-27,LT,Vilnius,,1999,paid_search,1
5885,d46322f26a09,2026-03-27,LT,vilnius,F,1985,direct,0
5886,145b9ea10619,2026-03-28,LT,Taurage,M,2000,organic_search,1
5887,778da432fa53,2026-03-28,LV,Rīga,,1997,paid_search,1
5888,30d4f4659859,2026-03-28,LT,Kaunas,M,1991,paid_social,1
5889,5330134dded7,2026-03-28,EE,Tallinn,M,1989,organic_search,1
5890,fd2479147546,2026-03-28,LT,Vlinius,F,1983,email,1
5891,83e54d02626b,2026-03-28,LT,Ukmergė,M,1987,paid_search,0
5892,06197dfc7d50,2026-03-28,LT,Vilniaus r.,X,,organic_search,1
5893,e2be4fa2b5bd,2026-03-28,LV,Рига,F,1971,paid_search,1
5894,0b47bcff8201,2026-03-28,LT,,M,1996,paid_search,1
5895,86bc2fb942ff,2026-03-28,LV,Rīga,,1982,organic_search,0
5896,acb5b960f5a5,2026-03-29,LT,Vilnius,M,1991,paid_search,1
5897,3ba1ca7f744c,2026-03-29,LT,Vilnius,F,1983,organic_search,1
5898,ccda8c0d1a9c,2026-03-29,LV,Ventspils,M,1994,paid_search,0
5899,21ca5cc3bece,2026-03-29,LT,Utena,M,1998,paid_social,1
5900,b8e37bbbb271,2026-03-29,LT,Šiauliai,M,1988,organic_search,0
5901,2cbb59fcaef2,2026-03-29,LT,Klaipeda,F,1971,email,1
5902,d748b2938d28,2026-03-29,LT,Ukmergė,,1969,organic_search,0
5903,53e481ccc22c,2026-03-29,LT,Palanga,,1991,affiliate,1
5904,d379c3c8db02,2026-03-29,LT,,F,1989,paid_social,0
5905,6e20a0b37e44,2026-03-30,LT,Vilnius,F,1986,affiliate,0
5906,d9844eacddff,2026-03-30,LT,Vilnius,M,1981,organic_search,0
5907,979e33b5faab,2026-03-30,EE,Tallinn,F,1983,organic_search,1
5908,c583113cfcc6,2026-03-30,LT,Klaipeda,M,2002,organic_search,0
5909,26f8d2c04dcf,2026-03-30,LT,KAUNAS,F,1983,paid_social,0
5910,f142624f5444,2026-03-30,LT,Ukmergė,M,1981,paid_search,1
5911,9c83aa9e847f,2026-03-31,LT,,F,1995,organic_search,1
5912,4d47cd1a69ba,2026-03-31,LT,Vilnius,M,1983,paid_social,1
5913,18628592bfaa,2026-03-31,LT,Silute,F,,organic_search,1
5914,76e3285bdde5,2026-03-31,LT,Vilnius,,1978,email,0
5915,aee543c5bbe8,2026-03-31,LT,Vilnius,F,1994,paid_social,0
5916,eea887a75001,2026-03-31,LT,Klaipėda,F,1983,referral,1
5917,658c1a3a95fa,2026-03-31,LT,Šiauliai,M,1994,paid_search,0
5918,71ec4d6d0ff3,2026-03-31,LT,Vilnius,M,1991,organic_search,0
5919,f086ed19ac01,2026-03-31,LT,Kaunas,F,,organic_search,1
5920,cbe93a22d782,2026-04-01,LT,Vilnius,F,1985,organic_search,1
5921,c38d9343a749,2026-04-01,LT,Prienai,M,1999,direct,1
5922,07c8fc105ce5,2026-04-01,LT,Kaunas,M,1996,email,1
5923,b1c0485033a5,2026-04-01,LT,Vilnius,M,1982,direct,1
5924,9fd08e02ce5b,2026-04-01,LT,Kaunas,F,1980,direct,0
5925,2cce0b7a23fe,2026-04-01,LT,Vilnius,F,1982,paid_social,1
5926,5d5743d24ace,2026-04-01,EE,Tallinn,M,1992,paid_social,1
5927,e9b3a92e10fe,2026-04-02,LT,Vilnius,M,1984,organic_search,1
5928,dc7f51e8eacb,2026-04-02,LT,Vilnius,X,2003,organic_search,0
5929,b65895788fd3,2026-04-02,EE, Tallinn,M,,email,1
5930,e50f90f62c29,2026-04-02,LT,Kaunas,F,1986,email,1
5931,bdb15ca02af3,2026-04-02,LT,Vilnius,M,1975,organic_search,0
5932,7f47daf8faa5,2026-04-02,LT,Klaipėda,F,1900,referral,0
5933,e30f1f15425d,2026-04-02,LT,,F,1975,paid_social,1
5934,25e62257df16,2026-04-02,LT,Vilnius,M,1983,paid_social,0
5935,d0b6209ce2a7,2026-04-02,EE,Tartu,F,1997,organic_search,0
5936,401a42d8ca4c,2026-04-02,LT,Vilnius,F,1992,direct,1
5937,9f617ec599aa,2026-04-02,EE,Tallinn,M,2005,paid_social,1
5938,806f3a948603,2026-04-02,LT,Kelmė,F,1964,paid_search,0
5939,c9f776e3d096,2026-04-02,LT,Klaipėda,M,1974,paid_social,0
5940,104a3d4bb3d5,2026-04-03,LT,Klaipėda,M,2000,organic_search,1
5941,7868980a5d6c,2026-04-03,EE,,M,1971,referral,1
5942,ab8c33a2a425,2026-04-03,LT,Alytus,M,2002,organic_search,1
5943,30649d34e02b,2026-04-03,LT,Kaunas,,1987,direct,1
5944,a111c925a240,2026-04-03,LT,Vilnius,,1978,email,0
5945,e19b8816ad78,2026-04-03,LT,Vilnius,M,1962,paid_social,0
5946,fdbb5ad79170,2026-04-03,LT,Kaunas,M,1994,organic_search,0
5947,2a38e3b0ca78,2026-04-03,LT,Vilnius,F,1983,email,0
5948,419f3bd17ecf,2026-04-04,LT,Vilnius,M,1985,paid_search,1
5949,2f8e46875274,2026-04-04,LT,Radviliskis,F,1998,organic_search,0
5950,27d19f72128e,2026-04-04,LT,Vilnius,M,1972,affiliate,1
5951,fd5ac8308a3d,2026-04-05,EE,,M,,direct,0
5952,0f7c69e73b33,2026-04-05,LT,Kaunas,F,1991,organic_search,1
5953,1572f442e6e4,2026-04-05,LT,Vilnius,M,1985,organic_search,0
5954,09d8d7d0ae00,2026-04-05,EE,Nrava,M,1977,paid_search,1
5955,4f4a455074fd,2026-04-05,LT,Kaunas,F,1972,direct,0
5956,aeb778d74a96,2026-04-05,EE,Tartu,M,2002,paid_search,0
5957,783edb256965,2026-04-05,LT,Jonava,M,1995,paid_search,1
5958,8a4e1455d8f3,2026-04-05,LT, Klaipėda,M,1989,direct,0
5959,193c05023788,2026-04-05,LT,Vilnius,M,1959,affiliate,0
5960,1eb9ca3f7a8c,2026-04-05,LT,VILNIUS,F,1959,direct,1
5961,cf64dae7bb8d,2026-04-05,LT,Vilnius,M,1989,organic_search,0
5962,d308ecf2f069,2026-04-05,LT,Klaipėda,F,2006,organic_search,1
5963,69ff160d2c6a,2026-04-05,LT,Klaipėda,F,1963,paid_social,1
5964,5f867c432b0f,2026-04-06,LT,Klaipėda,F,1987,organic_search,0
5965,d7b64652c3be,2026-04-06,LT,Šiauliai,F,2000,organic_search,0
5966,1d248f2448f0,2026-04-06,LT,Jonava,F,1989,organic_search,1
5967,1ad8347cf9a0,2026-04-06,LT,Šiauliai,M,,affiliate,0
5968,c38bdbce3862,2026-04-06,LT,Kaunas,F,1993,paid_search,0
5969,9ca151e65671,2026-04-06,LT,Utena,F,1984,organic_search,0
5970,2105a5b8a00e,2026-04-06,LT,Vilnius,F,1972,organic_search,1
5971,5c39935bf679,2026-04-06,LT,Vilnius,M,1984,paid_search,1
5972,f57b9ab272e5,2026-04-06,LT,Vilnius,M,1999,referral,0
5973,45e21dabfb80,2026-04-06,LT,Alytus,M,,referral,1
5974,8ef9a61469e6,2026-04-06,LT,Kaunas,M,,paid_social,1
5975,5d52a7d7b7d3,2026-04-07,LT,Vilnius,,1993,paid_social,0
5976,5a57af9b7082,2026-04-07,LT,Šiauliai,M,,paid_social,1
5977,27678ca24c18,2026-04-07,LT,Vilnius,,,organic_search,0
5978,dc0ee0c618fa,2026-04-07,LT,Rokiškis,F,1978,affiliate,1
5979,f8312d8008ca,2026-04-07,LT,Klaipeda,,1986,organic_search,0
5980,9bc88ba75c25,2026-04-07,LV,Liepāja,M,1989,paid_social,0
5981,261a64bb7253,2026-04-07,LT,Vilnius,M,2007,direct,1
5982,52f9b9ca7598,2026-04-07,LT,,M,1966,paid_social,1
5983,9ac283df040a,2026-04-07,LT,Utena,F,2000,direct,1
5984,c4f034f009a4,2026-04-07,LT,Vilnius,F,1988,affiliate,0
5985,b14ac6f6094b,2026-04-07,LT,Vilnius,,1966,direct,1
5986,38c6c30f268e,2026-04-07,LT,Klaipeda,,1998,organic_search,1
5987,44e0d8ad1a88,2026-04-07,LT,Kaunas,F,,organic_search,0
5988,675d5b4e24b2,2026-04-07,LT,Vilnius,M,1981,direct,1
5989,ed0a0403f44f,2026-04-08,LT,Klaipeda,F,,organic_search,1
5990,fdf6353bed5d,2026-04-08,EE,Kohtla-Järve,F,1976,paid_search,0
5991,29afe1c9809f,2026-04-08,LT,Vilnius,M,1998,referral,1
5992,f43a3765acd9,2026-04-08,LV,Sigulda,F,,paid_social,0
5993,9320f9d34c44,2026-04-08,LT,vilnius,M,1967,organic_search,1
5994,a327240063b6,2026-04-08,LT,Klaipėda,F,1980,direct,1
5995,f91f3019c5d8,2026-04-08,LT,Visaginas,F,2003,direct,0
5996,d3c1a6f01421,2026-04-08,LT,vilnius,F,,paid_search,0
5997,eeaabcc3eddf,2026-04-09,LT,Kaunas,,1980,paid_search,0
5998,e64ece1a5d07,2026-04-09,EE,Voru,M,2005,organic_search,0
5999,095181ab8736,2026-04-09,LT,Klaipėda,F,1986,paid_search,1
6000,b47e00201293,2026-04-09,LV,Даугавпилс,,1967,paid_search,0
6001,8b96e40cd415,2026-04-09,LT,Klaipėda,,1979,organic_search,1
6002,64ceead002cc,2026-04-09,LT,Tauragė,M,1965,direct,0
6003,26ee93ea127a,2026-04-09,LT,Klaipėda,F,1986,organic_search,1
6004,de692da5236e,2026-04-09,LT,Kretinga,M,1994,email,1
6005,9c21b3c30e98,2026-04-10,EE,Tallinn,F,1997,organic_search,1
6006,247ad5adc544,2026-04-10,LT,Vilnius,,1991,paid_search,0
6007,c01425f52c37,2026-04-10,EE,Tallinn,M,1994,organic_search,0
6008,ab681475575d,2026-04-10,LT,Kaunas,M,1994,referral,0
6009,70d9c0f45e72,2026-04-10,EE,Tallinn,F,1975,referral,0
6010,62401e1820a3,2026-04-10,LT,Vilnius,F,1980,paid_search,1
6011,cc3fd8d16e86,2026-04-10,LT,Vilnius,F,1975,paid_social,0
6012,4937fd6b97af,2026-04-11,LT,Vilnius,M,1969,paid_search,1
6013,11a3d754e4c4,2026-04-11,EE,Tallinn,M,1991,paid_social,0
6014,5bb1885315d8,2026-04-11,LT,Vilnius,M,2003,organic_search,1
6015,3c97e8d391dc,2026-04-11,LT,Klaipėda,,1978,organic_search,1
6016,a10e1276f717,2026-04-11,EE,Tallinn,M,,organic_search,1
6017,7e0f10ee352b,2026-04-11,EE, Tallinn,F,1984,organic_search,0
6018,7137e8bc05d4,2026-04-11,LT,Klaipeda,F,1988,organic_search,1
6019,b7d7dc650a87,2026-04-11,EE,Maardu,M,1984,paid_search,0
6020,721fd46bcccb,2026-04-11,LT,Kaunas,F,2001,direct,1
6021,c5962d5b5f42,2026-04-11,LV,Rīga,M,1995,paid_search,1
6022,5ce27f754f93,2026-04-11,LT,Kaunas,M,2000,organic_search,0
6023,4efa8deb8482,2026-04-11,LT,Šilutė,F,,organic_search,0
6024,da4463a8b273,2026-04-12,LT,Vilnius,M,,paid_social,1
6025,66e578595fc3,2026-04-12,LT,Druskininkai,F,1995,organic_search,1
6026,0d52e2a8f825,2026-04-12,LT,Kaunas,F,1984,email,1
6027,7a10adf33b03,2026-04-12,LT,Alytus,M,1973,organic_search,1
6028,8b25b6f26bda,2026-04-12,EE,Tallinn,F,1987,paid_search,1
6029,ab8f8e6a74e5,2026-04-12,LV,Rīga,M,1982,organic_search,0
6030,a335c49ebed1,2026-04-12,LT,Siauliai,M,,paid_search,0
6031,ea693d52b128,2026-04-12,LT,KLAIPEDA,M,1992,organic_search,0
6032,cc4f5414fbfb,2026-04-12,LT,Vilnius,F,,organic_search,0
6033,889a7c0903ff,2026-04-13,LV,Ogre,M,1995,paid_search,0
6034,7e321f251a3e,2026-04-13,EE,Tallinn,M,1990,email,1
6035,b8034f83a25d,2026-04-13,LT,Šiauliai,M,1992,direct,0
6036,d18ba1d79679,2026-04-13,LT,Vilnius,F,1981,paid_social,1
6037,316f586bf567,2026-04-13,LT,Vilnius,F,1996,paid_social,0
6038,5ce21c1eafe9,2026-04-13,LT,Tauragė,F,1982,organic_search,0
6039,d7fd9e5dddf0,2026-04-13,LT,Kaunas,X,1968,organic_search,1
6040,27a28337fa23,2026-04-13,LT,Vilnius,X,1965,paid_social,1
6041,eda1f9702931,2026-04-14,LT,Kaunas,,1960,paid_search,1
6042,2aa7d4fb0644,2026-04-14,LT,Vilnius,M,1992,paid_social,0
6043,d39c7e3d1940,2026-04-14,LT,Vilnius,F,1992,paid_social,1
6044,3de398863c86,2026-04-14,LT,Palanga,F,1995,organic_search,0
6045,e26cdc3f55d0,2026-04-14,LT,,F,1996,organic_search,0
6046,6435defcc693,2026-04-14,LT,Vilnius,M,2001,direct,0
6047,006c1efdcf08,2026-04-14,EE,Tartu,,1998,direct,0
6048,1bb0f6a67fa8,2026-04-14,LT,,F,1994,paid_search,1
6049,9ce01eb3dac6,2026-04-14,LT,Kaunas,M,1991,affiliate,0
6050,43881767ba53,2026-04-14,LT,Palanga,M,1979,paid_search,1
6051,bfbeab6e0cd4,2026-04-15,EE,Tallinn,F,1988,organic_search,1
6052,299a936e3b9e,2026-04-15,LV,Ventspils,M,1992,paid_social,0
6053,9da95b8517df,2026-04-15,LT,Vilnius,F,1974,affiliate,1
6054,0ee7c88676b9,2026-04-15,LT,Šiauliai,M,1997,paid_search,1
6055,e85c01b2bd4d,2026-04-16,LV,Rīga,F,2006,organic_search,0
6056,a18e5c73d1d9,2026-04-16,LT,Siauliai,F,1954,email,1
6057,920b167aaa0f,2026-04-16,LT,Vilnnius,M,1976,paid_search,1
6058,0c9b9cffe34d,2026-04-16,LT,Vilnius,M,1965,organic_search,0
6059,31336be22011,2026-04-16,LT,Vilnius,F,1986,paid_search,1
6060,006018e6341a,2026-04-16,LT,Vilnius,F,1977,direct,1
6061,c5b77db655e4,2026-04-16,LT,Vilnius,F,2002,organic_search,1
6062,f297312db10f,2026-04-16,EE,Tallinn,F,2001,paid_search,0
6063,64b43356b73c,2026-04-17,EE,Tallinn,M,1995,direct,1
6064,92c8f58dd235,2026-04-17,LT,Šiauliai,M,1984,organic_search,0
6065,236ccb04e688,2026-04-17,LT,Kaunas,F,1972,paid_social,1
6066,fa21720f3927,2026-04-17,LT,Klaipėda,M,,paid_social,1
6067,afd2a4486b0c,2026-04-17,LV,Daugavpils,F,1997,paid_search,0
6068,e12696a8b7fb,2026-04-17,LT,Kaunas,F,1978,organic_search,0
6069,128832710ac8,2026-04-17,LT,Kaunas,F,1974,email,0
6070,310cd8dfa06e,2026-04-17,LT,Kaunas,F,2002,paid_social,1
6071,974b949ddb71,2026-04-18,LT,Panevezys,F,1987,organic_search,0
6072,ea08c2f77ab6,2026-04-18,LT,Kaunas,F,2003,direct,1
6073,ce4e93ce8811,2026-04-18,LV,Rīga,M,1982,paid_social,0
6074,e19fe2ff5791,2026-04-18,LT,Vilnius,M,1998,affiliate,1
6075,67f156b20131,2026-04-18,LT,Vilnius,M,1967,organic_search,1
6076,b8b5de0e31b1,2026-04-18,LT,Kaunas,F,1997,referral,0
6077,6da85ccb3966,2026-04-18,LT,Kaunas,F,1997,paid_social,0
6078,067b6c2947d5,2026-04-18,LT,Jonava,M,1959,email,1
6079,8c8ddba35696,2026-04-18,LV,Riga,F,1987,paid_search,1
6080,2e2ff5d8de70,2026-04-18,LT,panevezys,F,1991,paid_search,0
6081,5429fc72029f,2026-04-19,LT,Vilnius,F,1997,paid_social,1
6082,834b0606736b,2026-04-19,LT,Klaipėda,M,1990,paid_search,1
6083,3634b094e16f,2026-04-19,LV,Rīga,F,,paid_social,0
6084,f701e0af02ec,2026-04-19,LT,Vilnius,M,2000,direct,1
6085,fcaa83b14df1,2026-04-19,LT,Vilnius,F,2007,paid_social,1
6086,916cc1bb49cc,2026-04-19,LT,Šiauliai,X,1996,affiliate,0
6087,45e941dbec50,2026-04-19,LT,Siauliai,M,,affiliate,0
6088,2c2cb59ed100,2026-04-19,LT,KLAIPEDA,F,1997,paid_search,1
6089,0668a9a268dc,2026-04-19,LT,,F,2004,paid_social,0
6090,764c0c924eda,2026-04-19,LT,Klaipėda,F,1997,paid_search,1
6091,52cb552ee124,2026-04-19,EE,Tallinn,F,,organic_search,1
6092,2fd7805338c4,2026-04-19,EE,Kohtla-Jarve,M,2001,direct,1
6093,35ae82f2694a,2026-04-19,LT,Alytus,M,,organic_search,1
6094,a8ccec83e987,2026-04-19,LV,Rīga,F,1995,organic_search,1
6095,710b30ee18a5,2026-04-20,LT,Alytus,F,1980,affiliate,1
6096,24cef3f0be6a,2026-04-20,EE,Tartu,M,1971,paid_search,1
6097,07c7fb3a4679,2026-04-20,LT,Ukmergė,,1995,organic_search,0
6098,89647675932d,2026-04-20,LV,Ogre ,F,1983,email,0
6099,776889171ef5,2026-04-20,LT,Marijampolė,M,1992,direct,0
6100,adbc29f01b00,2026-04-20,LT,Raseiniai,M,1972,referral,1
6101,8d4a4deec41f,2026-04-20,LT,Marijampole,,1979,paid_social,1
6102,64b3e99b0025,2026-04-20,LV,Jurmala,,1988,referral,0
6103,cc55830cff2b,2026-04-20,LT,Siauliai,M,2004,affiliate,1
6104,9b8a587d6613,2026-04-20,LT,Vilnius,F,1970,organic_search,1
6105,7a6205d52aa3,2026-04-21,LT,Kauno r.,M,1987,paid_social,1
6106,cf32b335f760,2026-04-21,LT,Vilnius,M,,referral,1
6107,b99b2b499840,2026-04-21,LT,Vilnius,F,1989,paid_social,1
6108,033f6a552f17,2026-04-21,LV,Jurmala,M,1990,affiliate,1
6109,1e27cb0eac69,2026-04-21,LT,Vilnius,M,1988,organic_search,1
6110,c3202ccf1998,2026-04-21,LT,Vilnius,M,1968,organic_search,1
6111,08986822052b,2026-04-21,LT,Klaipeda,M,1975,direct,1
6112,8c81a64b6ce2,2026-04-22,LV,Salaspils,F,,paid_social,1
6113,a86903692dd2,2026-04-22,LT,Plungė,F,1994,organic_search,1
6114,0460bb207daa,2026-04-22,LT,,F,1990,referral,0
6115,10a591747d45,2026-04-22,LT,Alytus,F,1981,paid_search,1
6116,9d2275633682,2026-04-22,LT,Klaipeda,F,1985,organic_search,1
6117,e230d903082d,2026-04-22,LV,Rīga,M,1982,affiliate,0
6118,19348dc3c19b,2026-04-22,LT,Alytus,M,1988,paid_social,1
6119,a6c6524154d5,2026-04-22,LT,Kaunas,F,1987,paid_search,1
6120,c34ac5372b4c,2026-04-23,LT,Vilnius,M,,direct,0
6121,9b3040de3d49,2026-04-23,LT,Vilnius,F,1993,direct,0
6122,2dd260aee745,2026-04-23,LT,Šiauliai,F,1999,organic_search,1
6123,792f6b1f06cd,2026-04-23,LV,Liepāja,M,1993,paid_search,0
6124,192262b8ebbb,2026-04-23,LT,Marijampolė,F,1996,email,1
6125,3d0a516c5825,2026-04-23,LT,Šiauliai,F,1980,organic_search,1
6126,789f3bb43b44,2026-04-23,LT,Zarasai,,1998,organic_search,1
6127,a002a1bd27a6,2026-04-23,LV,Riga,M,1992,organic_search,0
6128,a313caacb724,2026-04-24,LT,Vilnius,F,1969,affiliate,0
6129,6144ba6b686a,2026-04-24,LT,Vilnius,M,2000,organic_search,0
6130,2d07531fbfad,2026-04-24,LT,Klaipėda,M,1972,referral,1
6131,40b2a0aafb19,2026-04-24,LT,Šiauliai,M,1995,paid_search,0
6132,342e9e15775d,2026-04-24,LT,Garliava,M,1979,direct,0
6133,a5cf08b22ed7,2026-04-24,LT,Prienai,F,,organic_search,1
6134,786341db0047,2026-04-24,LT,Palanga,X,1987,direct,1
6135,f079046be2af,2026-04-24,LT,Alytus,F,1985,paid_search,1
6136,e9f8d5162bc4,2026-04-24,LT,Jurbarkas,M,,organic_search,1
6137,24d2bc36007b,2026-04-25,LT,Vilnius,F,1993,affiliate,1
6138,a8fde956f034,2026-04-25,LT,Vilnius,F,1985,paid_search,1
6139,b56a7d98d4f0,2026-04-25,LT,Tauragė,M,2003,paid_social,0
6140,8d1a430ab860,2026-04-25,LT,Vilnius,F,,paid_search,1
6141,fd01a0f4d136,2026-04-25,LV,Rīga,F,1979,paid_search,1
6142,b82545c8c370,2026-04-25,LV,Rīga,M,1956,direct,1
6143,454d706ec6f0,2026-04-25,LT,Kauno r.,M,2006,organic_search,1
6144,2234814f8dc4,2026-04-25,LT,Vilnius,M,1970,paid_search,1
6145,c86199914ab9,2026-04-26,LT,Vilnius,M,1993,paid_social,1
6146,0fa3d9e97309,2026-04-26,LT,Kaunas ,F,2001,organic_search,0
6147,bc6b162cf111,2026-04-26,LT,Vilnius,F,1972,affiliate,1
6148,3c4b2e034855,2026-04-26,LT,Panevėžys,F,,paid_social,1
6149,8e5d52e69d17,2026-04-26,LT,Panevezys,F,1985,paid_social,0
6150,35183f0dfe33,2026-04-26,LT,Vilnius,F,1973,direct,1
6151,940e9a1fa189,2026-04-26,LT,Kaunas,F,1999,affiliate,0
6152,6a2cb99e499d,2026-04-27,LT,Vilnius,F,,referral,1
6153,4ddc882d0d50,2026-04-27,LT,Mažeikiai,F,,paid_search,0
6154,4f2d2f90d0eb,2026-04-27,LT,Kaunas,F,1986,paid_social,1
6155,62ab25db1d9d,2026-04-27,LT,Šiauliai,M,1991,organic_search,1
6156,d1c165ffbe7f,2026-04-27,LT,,F,1992,organic_search,1
6157,392d44302cf2,2026-04-27,LT,Garliava,M,1970,referral,1
6158,9f9b34b5f580,2026-04-27,LV,Daugavpils,F,1989,paid_search,0
6159,9794107ccc41,2026-04-27,LT,Vilniaus r.,M,1997,paid_social,1
6160,fa4f6b028eb7,2026-04-27,LT,Vilnius,F,1987,paid_search,1
6161,b721f87edc97,2026-04-28,LT,Klaipėda,M,1979,organic_search,1
6162,230951280999,2026-04-28,LT,Ukmergė,F,1977,affiliate,0
6163,6d6e8efdce4c,2026-04-28,LT,ELEKTRENAI,F,2007,paid_search,1
6164,c896ba16cdf9,2026-04-28,LT,Vilnius,F,2001,direct,0
6165,bb61b1f3efb0,2026-04-28,LT,Šiauliai,M,2003,direct,1
6166,184f1c865b29,2026-04-28,LT,Kaunas,M,1990,paid_social,0
6167,abcfeaf3bae8,2026-04-28,LT,Garliava,M,,paid_search,1
6168,c629cf7f1383,2026-04-28,LT,lentvaris,,1990,paid_search,1
6169,b6942e34b7cc,2026-04-29,LT,,M,1985,paid_search,0
6170,247e83319bc7,2026-04-29,LT,Panevėžys,F,1979,paid_social,0
6171,911f0f40ef45,2026-04-29,LV,,M,1983,paid_social,0
6172,ac16157a3f58,2026-04-29,LV,Jelgava,M,2005,paid_social,1
6173,41b84dd4dc20,2026-04-29,LT,Plungė,F,1980,organic_search,0
6174,129981e26a30,2026-04-29,LT,,F,1968,paid_social,1
6175,de907d7ecaf6,2026-04-29,LT,Kaunas,F,,affiliate,1
6176,d5f5d3487d9d,2026-04-29,LT,Rokiskis,F,,paid_social,1
6177,32a1023ed9fe,2026-04-30,LV,Jelgava,F,1983,direct,1
6178,a081c5bfb0d1,2026-04-30,LT,Šiauliai,M,1976,direct,0
6179,e717bd14c218,2026-04-30,LT,Vilnius,,1968,referral,1
6180,eeb6b25e03a0,2026-04-30,LT,Vilnius,F,1998,paid_search,1
6181,d28fe5bd1761,2026-04-30,EE,Valga,,2005,organic_search,1
6182,043dc5e9383f,2026-04-30,LV,,,1974,paid_social,1
6183,486e6202eb15,2026-04-30,LT,Kanas,M,1996,referral,0
6184,769ddafd419c,2026-04-30,LV,Rīga,F,1994,direct,1
6185,e79814664b5c,2026-05-01,LT,Vilnius,F,,affiliate,0
6186,1f86abab0661,2026-05-01,LT,Kaunas,M,,paid_social,1
6187,965b12c9a203,2026-05-01,LT,Kaisiadorys,M,,organic_search,1
6188,3d64b2d736fe,2026-05-01,LT,Vilnius,F,2000,direct,1
6189,f28e756fd7b6,2026-05-01,LT,Vilnius,M,2003,paid_social,1
6190,fd63bad58ff0,2026-05-01,LT,Vilnius,F,1993,affiliate,1
6191,e020e8169b7f,2026-05-01,LT,,F,1995,organic_search,0
6192,c787e2398a93,2026-05-02,LT,Mažeikiai,M,1985,referral,1
6193,8a832e8752b0,2026-05-02,LV,Daugavpils,F,1975,paid_search,0
6194,4f36cf9357ff,2026-05-02,EE,Tallinn ,M,1994,referral,0
6195,b2da5e29ea81,2026-05-02,LT,Vilnius,F,1996,direct,0
6196,ebffc7dc99d9,2026-05-02,LT,Vilnius,F,1994,referral,1
6197,be31521207de,2026-05-02,EE,Tartu,M,1979,organic_search,1
6198,5ae0f6229118,2026-05-02,LT,Vilnius,M,1983,paid_search,1
6199,dbffc6b86161,2026-05-02,LT,vilnius,,1966,affiliate,0
6200,6d83a7e003f2,2026-05-02,LV,Rīga,M,2004,direct,1
6201,25cad4742c91,2026-05-02,LT,Vilnius,M,1972,affiliate,0
6202,7a6429f9560a,2026-05-02,LT,Vilnius,F,1995,paid_social,0
6203,20fdf4e591ab,2026-05-03,LT,Vilnius,M,,paid_search,0
6204,95e78178336f,2026-05-03,LV,Rīga,F,1969,direct,1
6205,3074ebee5b6b,2026-05-03,LT,Tauragė,M,1993,paid_social,0
6206,1c2f145cf058,2026-05-03,LT,Marijampolė,F,1973,organic_search,0
6207,abe9333f773f,2026-05-03,LT,Vilnius,M,1984,paid_social,0
6208,3b6668e89f6e,2026-05-03,LT,Vilnius,F,2006,paid_search,1
6209,70814490a585,2026-05-03,LV,Daugavpils,M,1977,referral,0
6210,8634870e38d6,2026-05-03,LV,Daugavpils,F,1977,direct,0
6211,7d132ea41d6f,2026-05-03,LT,Alytus,F,2008,referral,0
6212,f195d4bf2d52,2026-05-03,LT,Klaipėda,F,1967,affiliate,1
6213,0459ad7f7d12,2026-05-03,LT,Vilnius,F,,referral,1
6214,f7bdbae24a05,2026-05-03,LT,Panevezys,M,1997,paid_search,0
6215,cc6eb80aea21,2026-05-03,EE,Viljandi,M,1975,paid_search,0
6216,8fd2f809c4b0,2026-05-03,LV,Rīga,F,1989,direct,0
6217,262592a3c79a,2026-05-03,LT,Panevėžys,F,1983,organic_search,1
6218,ed15a12c6f81,2026-05-03,LT,Vilnius,M,1977,affiliate,1
6219,bd52f4558c3d,2026-05-04,EE,,F,1986,paid_social,1
6220,89ba4c623158,2026-05-04,LV,Ogre,F,1980,affiliate,1
6221,074c294c54e8,2026-05-04,LV,DAUGAVPILS,M,1984,organic_search,0
6222,f6c5a935e55e,2026-05-04,EE,Tallinn,M,2005,organic_search,1
6223,57634f9df6d5,2026-05-04,LT,Šilutė,M,1965,direct,0
6224,e0899df56b78,2026-05-04,EE,Maardu,F,1978,organic_search,0
6225,58e722c1d340,2026-05-04,LV,Rīga,X,,affiliate,0
6226,11b0ef1f0cd4,2026-05-05,LT,klaipeda,F,1983,organic_search,0
6227,667cc9e770a4,2026-05-05,LT,Vilnius,M,1985,paid_social,1
6228,6fa433108672,2026-05-05,LT,Klaipėda,F,1966,affiliate,1
6229,0c974221b74c,2026-05-05,LV,Rīga,F,1984,direct,1
6230,205243fabc9a,2026-05-06,LT,Kaunas,M,1991,referral,1
6231,46ee48ea6ee5,2026-05-06,LT,Šiauliai,F,1967,paid_social,0
6232,37d36d46d9b4,2026-05-06,LT,Kaunas,F,1996,email,1
6233,541e50415c95,2026-05-06,EE,Tallinn,F,,paid_search,1
6234,bfdcdc3d85ff,2026-05-06,LT,Vilnius,M,,direct,0
6235,694e84bcf384,2026-05-06,EE,Pärnu,F,1998,paid_social,0
6236,a3c5abea7391,2026-05-06,LT,Vilnius,M,2004,paid_social,0
6237,bc0702c7b91f,2026-05-06,EE,Tallinn,M,1996,organic_search,0
6238,291202d2eee0,2026-05-06,LT,Vilnius,M,2002,paid_search,1
6239,a59083a6feef,2026-05-07,LT,Vilnius,M,2026,organic_search,1
6240,92e817d89ea5,2026-05-07,EE,Tallinn,F,1980,email,1
6241,da1334937f68,2026-05-08,LT,Vilnius,M,1977,email,1
6242,b872c6f54854,2026-05-08,LT,,F,1992,paid_social,1
6243,c0141379e2d6,2026-05-08,EE,Tallinn,M,1988,paid_search,1
6244,a234c1b8c8af,2026-05-09,LT,Klaipeda,M,1981,paid_social,1
6245,37b02cc70849,2026-05-09,LT,Vilnius,F,1976,affiliate,1
6246,1abbbbdbf58d,2026-05-09,LT,Klaipėda,F,1988,affiliate,1
6247,9a6f486b61fe,2026-05-09,EE,Tallinn,F,1987,direct,0
6248,785cda30f939,2026-05-09,LT,Kaunas,F,1992,organic_search,1
6249,bec6a24a5937,2026-05-09,LT,Vilnius,M,1976,paid_social,1
6250,28d0015c9a8e,2026-05-09,LT,Kaunas,M,1987,paid_search,1
6251,1f6a3bbeccb4,2026-05-09,LT,Kaunas,M,1991,paid_social,0
6252,6fe71ea1ce71,2026-05-09,LT,Vilnius,X,1973,paid_social,1
6253,c3cd7e063db8,2026-05-09,LV,Rīga,F,1979,paid_social,1
6254,6ab06addd482,2026-05-10,LV,,F,1967,direct,1
6255,df0e6bddfe86,2026-05-10,LV,Jelgava,M,1975,paid_search,1
6256,e70cd93e6e30,2026-05-10,LT,Vilnius,M,1998,organic_search,1
6257,ab1455adefec,2026-05-10,LT,Panevėžys,M,2000,paid_social,1
6258,6751f1957057,2026-05-10,LT,Vilnius,M,1960,direct,1
6259,add02e469d3d,2026-05-10,LT,Vilnius,F,1987,organic_search,1
6260,ce751f9a4eb7,2026-05-10,EE,Tallinn,F,1981,affiliate,0
6261,12fd4ce00e64,2026-05-10,LT,Panevezys,F,1999,paid_social,0
6262,7c0efa13b87f,2026-05-10,LT,Kaunas,M,1995,organic_search,1
6263,0c39bea9491c,2026-05-11,LT,Tauragė,F,,organic_search,0
6264,5c0232a54b53,2026-05-11,EE,Tallinn,F,,paid_social,1
6265,cce43ceb459c,2026-05-11,EE,Tallinn,F,1982,direct,0
6266,fec828ce0339,2026-05-11,LT,Vilnius,F,1996,paid_social,0
6267,2b0672824e70,2026-05-11,LT,Šiauliai,M,1993,affiliate,1
6268,ad84173750fa,2026-05-11,LT,Vilnius,M,1979,direct,0
6269,12fb4a3b213f,2026-05-11,LT,Telšiai,F,,organic_search,0
6270,9e4959e567cc,2026-05-11,LT,Vilnius,M,1977,paid_social,1
6271,28b511eb5095,2026-05-11,LT,Vilnius,M,1998,direct,1
6272,c9c7b19f3dda,2026-05-12,EE,Tallinn,F,1976,direct,0
6273,ea2bc01258b6,2026-05-12,LT,Plungė,F,1991,paid_search,0
6274,65386112eab3,2026-05-12,LT,Vilnius,M,1979,paid_search,1
6275,4f21ab5108ff,2026-05-12,LT,Šiauliai,,2002,paid_search,0
6276,17f74c10d74c,2026-05-12,LT,,,,direct,0
6277,470381906e88,2026-05-12,LT,Kaunas,M,1996,paid_social,1
6278,818a578cf7b1,2026-05-12,LT,Vilnius,F,1986,organic_search,0
6279,319ee1101c4c,2026-05-12,LV,Rīga,F,1992,organic_search,0
6280,583d40a6872a,2026-05-12,LV,Rīga,,1983,organic_search,1
6281,9621f741473d,2026-05-12,LT,Kaunas,F,1987,paid_search,0
6282,5ab2adb54eba,2026-05-12,LT,Klaipėdos r.,F,1994,affiliate,0
6283,294d9b4b9983,2026-05-12,LT,Vilnius,M,1975,paid_search,1
6284,9f80af60b7ca,2026-05-12,LT,Vilnius,F,2008,direct,0
6285,4c606b354df2,2026-05-12,LT,Šiauliai,F,1990,organic_search,1
6286,0620ada55636,2026-05-13,LV,Rīga,M,1989,direct,0
6287,c014348a52c3,2026-05-13,LT,Kaunas,X,1976,direct,0
6288,4216209d0e69,2026-05-13,LT,,M,,paid_search,0
6289,def3a9c08a06,2026-05-13,LT,Šilutė,F,1966,affiliate,0
6290,eefbff9d0f2e,2026-05-13,LT,Vilnius,F,1991,direct,0
6291,345208638314,2026-05-13,EE,Tartu,M,1993,paid_social,1
6292,3f0ef6cf9480,2026-05-13,LT,Šiauliai,M,1991,paid_social,1
6293,bb38b3154bce,2026-05-13,LT,Vilnius,M,,paid_search,0
6294,30c0051b89df,2026-05-13,LT,Šiauliai,F,1995,organic_search,0
6295,caafdb7e8502,2026-05-13,LT,Alytus,F,2026,paid_search,1
6296,b993942d7093,2026-05-13,LT,Šiauliai,M,1983,organic_search,0
6297,61ea22ba3d18,2026-05-13,LT,Vilnius,M,1996,affiliate,1
6298,a4bbd9d23ded,2026-05-13,EE,Tallinn,M,1986,direct,1
6299,9f61d80eade5,2026-05-13,LT,Vilnius,F,2003,direct,1
6300,5fd263f66589,2026-05-13,LT,,M,1958,organic_search,0
6301,c2bf26d0701a,2026-05-13,LT,Vilniaus r.,F,1960,paid_social,1
6302,eff89d7654e2,2026-05-13,LT,Klaipėda,F,1981,paid_search,1
6303,14bce8b863de,2026-05-14,LT,vilnius,F,1984,organic_search,0
6304,04ec52c56252,2026-05-14,LT,Klaipėda,F,1997,paid_social,1
6305,f7c8002ece18,2026-05-14,LT,Kelmė,M,1977,paid_search,0
6306,2efc291711d8,2026-05-14,LT,Vilnius,M,1997,email,1
6307,58f5d452fe4d,2026-05-14,LV,Salaspils,F,1966,paid_search,1
6308,4720a7a976b0,2026-05-14,LV,Sigulda,M,1969,direct,0
6309,ce277a81a098,2026-05-14,LT,Jonava,F,,paid_social,1
6310,606cd945792d,2026-05-14,LT,Prienai,F,1989,organic_search,1
6311,c2eb843a494e,2026-05-15,LT,Klaipėda,F,2000,referral,0
6312,ec41e5543a76,2026-05-15,LT,Siauliai,X,,paid_search,0
6313,7eca6d34ee0f,2026-05-15,LT,Vilnius,F,1990,paid_social,0
6314,c09ab015e260,2026-05-15,LT,Moletai,F,1989,affiliate,0
6315,6836fcff17d5,2026-05-15,LT,Vilnius,F,1995,email,1
6316,912442b77f86,2026-05-15,EE,Tartu,F,1986,organic_search,1
6317,b989ef55e835,2026-05-15,LT,Vilnius,M,1977,paid_social,0
6318,deb68006f6ce,2026-05-15,LT,Siauliai,,1987,paid_social,0
6319,e9f60d2fabca,2026-05-15,LV,Rīga,,,organic_search,1
6320,6ad7c360693b,2026-05-16,LT,Siauliai,M,1997,paid_social,0
6321,16bb46a95f20,2026-05-16,LT,Kaunas,F,,affiliate,0
6322,43a76455ee53,2026-05-16,LT,Klaipėda,M,1991,direct,1
6323,2e65cf2d3c28,2026-05-16,LV,Ventspils,F,1973,affiliate,0
6324,47724863c15f,2026-05-16,LT,Plungė,F,1987,paid_social,1
6325,040fc0d4afea,2026-05-16,LT,Vilnius,M,1978,paid_search,1
6326,0425d5a59d5c,2026-05-16,LT,Vilnius,F,1989,direct,0
6327,180d13b0c6c5,2026-05-16,LT,Vilnius,M,1993,organic_search,0
6328,90593a3eb6cb,2026-05-16,LT,Panevėžys,M,1987,email,1
6329,0b4177ffa3ac,2026-05-17,LT,Siauliai,M,1986,paid_search,1
6330,96c26fcbda32,2026-05-17,LV,Daugavpils,M,1967,direct,0
6331,06c2fe99145f,2026-05-17,LT,,M,1986,organic_search,1
6332,7c11d1992ce4,2026-05-17,LT,Kaunas,M,1989,organic_search,1
6333,2c823e3b61b2,2026-05-17,LT,Kaunas,F,1996,affiliate,1
6334,38c62c6d42a2,2026-05-17,LT,Kaunas,F,1999,affiliate,1
6335,721881029c7b,2026-05-17,LT,Vilnius,M,,paid_search,0
6336,7750cf2883e0,2026-05-17,LT,Kaunas,M,1986,organic_search,1
6337,718ce66249dc,2026-05-18,LT,Kaunas,F,1981,paid_social,0
6338,fd468c195b46,2026-05-18,LT,Vilnius,M,1972,referral,1
6339,c65da4561836,2026-05-18,LT, Vilnius,F,,organic_search,1
6340,f3802dcd6bb4,2026-05-18,LT,Panevėžys,F,1988,direct,0
6341,74cddacb38bb,2026-05-18,LT,vilnius,F,1974,organic_search,1
6342,b5c18a2cec98,2026-05-18,LT,,M,1972,affiliate,1
6343,441dd6bd6353,2026-05-18,LT,Vilnius,,1982,organic_search,0
6344,1ecb7f925353,2026-05-18,LT,Klaipėda,M,1995,direct,1
6345,8c7f965910ba,2026-05-18,LT,Klaipeda,F,,paid_social,0
6346,11cf6d66ee16,2026-05-18,LT,Vilnius,F,1979,paid_social,0
6347,ca67a7b3a0bb,2026-05-18,LT,Druskininkai,M,,referral,1
6348,00c73f7ae744,2026-05-18,LT,ZARASAI,M,1973,organic_search,0
6349,b78c8be5c3ab,2026-05-18,LT,,F,1966,direct,1
6350,bee46f661db7,2026-05-19,LV,Rīga,F,,direct,1
6351,d9729508d8fa,2026-05-19,LT,Klaipeda,,1979,paid_search,0
6352,aa6a7ea91172,2026-05-19,LT,Šilutė,F,1987,paid_social,1
6353,56157e33fc2c,2026-05-19,LT,Raseiniai,M,,organic_search,0
6354,9d8376042d8e,2026-05-19,LT,Panevėžys,F,1965,organic_search,1
6355,5c3e74b29055,2026-05-19,EE,Tallinn,M,1987,paid_search,0
6356,58ff843f5e5f,2026-05-19,LT,Vilnius,F,1986,paid_social,0
6357,87ccbef5f17d,2026-05-19,LT,Kaunas,M,1977,affiliate,1
6358,36007793e74c,2026-05-20,LT,VILNIUS,F,1996,organic_search,1
6359,d0909e7ade12,2026-05-20,LT,Vilnius,F,1974,direct,0
6360,83f7b2b7b5e2,2026-05-20,LV,,M,1989,paid_search,1
6361,093350b58682,2026-05-20,LT,Vilnius,F,,direct,0
6362,1b905d53c42f,2026-05-20,LT,Palanga,M,1977,referral,1
6363,ad4b6447b68a,2026-05-20,LT,Kėdainiai,F,1977,direct,1
6364,449dd8b0e034,2026-05-20,LT,Vilnius,M,1983,referral,1
6365,37c5052b9171,2026-05-21,LT,Vilnius,M,1975,direct,0
6366,dadfa720e83f,2026-05-21,LT,Vilnius,F,1983,paid_search,0
6367,c67fcae0be49,2026-05-21,LT,Vilnius,F,2000,direct,1
6368,108c2ddbbd73,2026-05-21,EE,Tallinn,M,,paid_social,0
6369,8f9998463cf2,2026-05-21,LT,Šiauliai,F,1978,paid_social,1
6370,66525e1a3b0b,2026-05-21,LT,Alytus,F,1986,organic_search,1
6371,82f15afa12ef,2026-05-21,LT,Vilnius,M,2004,paid_social,0
6372,5b4343d46399,2026-05-21,LT,Kaunas,F,1992,paid_search,1
6373,149590cce3a1,2026-05-21,LT,Kaunas,F,1976,organic_search,1
6374,242cfb63a70e,2026-05-21,LT,Kaunas,F,1992,paid_search,0
6375,df3dcb98f27c,2026-05-21,EE,Tallinn,,1988,paid_search,1
6376,d661d9b92458,2026-05-21,LT,Kaunas,F,1995,paid_social,1
6377,d20d39e01c5b,2026-05-22,LT,Vilnius,F,2001,organic_search,1
6378,121c4238862b,2026-05-22,LT,Kaunas,F,1996,paid_social,0
6379,59a72d6fe9df,2026-05-22,LT,,M,1985,direct,0
6380,90490ed238f5,2026-05-22,LT,Elektrenai,M,2004,organic_search,1
6381,c9d8840473e7,2026-05-22,EE,Rakvere,M,1998,organic_search,0
6382,957679a31b68,2026-05-23,EE,Tallinn,M,2007,referral,1
6383,a717d7f05384,2026-05-23,EE,Tallinn,M,1975,paid_search,1
6384,eac175a97240,2026-05-23,LT,Kaunas,F,1976,referral,0
6385,1425556d8f37,2026-05-23,LT,Vilnius,,,paid_social,0
6386,0e7506403e10,2026-05-23,LT,Kaunas,M,1995,paid_social,1
6387,913e9fad75b8,2026-05-23,EE,Tallinn,F,1981,referral,1
6388,11c2dcd18ae6,2026-05-23,LT,,M,1974,direct,1
6389,7c18e7f3a7ba,2026-05-24,EE,Tallinn,F,1984,paid_search,1
6390,c648843b8a31,2026-05-24,LT,Vilnius,M,1981,organic_search,0
6391,2bc821ff67d7,2026-05-24,LT,Vilnius,F,,referral,0
6392,0982c632f787,2026-05-24,LT,Kaunas,F,1995,organic_search,0
6393,3b70eb974416,2026-05-24,EE,Talllinn,M,1984,organic_search,1
6394,387a13bd146a,2026-05-24,LT,Vilnius,F,1960,organic_search,1
6395,e578d85f63b7,2026-05-24,LT,Mazeikiai,F,1998,organic_search,0
6396,9137a7d3fbbc,2026-05-24,LT,Šiauliai,M,1970,organic_search,0
6397,7a68b6c685e7,2026-05-24,LT,Vilnius,F,1977,paid_social,1
6398,8e15bcc4eeac,2026-05-24,LT,,M,1983,affiliate,0
6399,a05b2698499d,2026-05-24,LT,,F,1981,organic_search,1
6400,2629a444f679,2026-05-24,LT,Vilnius,M,1987,referral,0
6401,07fb11c10aca,2026-05-25,LT,Kaišiadorys,F,1987,direct,1
6402,018fefc354b8,2026-05-25,LT,Vilnius,F,1994,paid_search,1
6403,bc91d9154137,2026-05-25,LT,Vilnius,X,1968,referral,0
6404,ee466c5d4bd7,2026-05-25,LT,Šilutė,M,1984,organic_search,1
6405,cef7d083dfa7,2026-05-26,LT,Klaipėda,F,1964,paid_social,1
6406,17a575dff06b,2026-05-26,LV,Liepāja,F,,organic_search,1
6407,930968751a45,2026-05-26,LT,Klaipėda,F,1989,paid_social,1
6408,e113fa822007,2026-05-26,LT,Kaunas,F,1990,organic_search,0
6409,22588ea16950,2026-05-26,LT,Klaipėda,M,1988,paid_search,1
6410,31a91a0059a1,2026-05-26,LV,Riga,F,,paid_search,1
6411,a63a79df4cb7,2026-05-26,LT,Alytus,M,1962,direct,1
6412,c008d51d7bb7,2026-05-26,LT,Jonava,M,1982,organic_search,0
6413,da49c7021088,2026-05-26,LT, Kaunas,M,,paid_social,0
6414,7262a29f0ff1,2026-05-26,LT,Biržai,F,1977,paid_search,1
6415,8b53617f193a,2026-05-26,LV,Rīga,F,1986,paid_social,0
6416,8dfb6036df62,2026-05-27,LT,Vlinius,F,1988,organic_search,1
6417,7a655c42574e,2026-05-27,LT,Garliava,F,1995,paid_search,1
6418,caab6349dbb6,2026-05-27,LT,Vilnius,F,,paid_social,1
6419,1ee1bfa429c0,2026-05-27,LT,Panevėžys,M,1984,direct,1
6420,947adf218462,2026-05-27,LT,Kaunas,F,,paid_search,0
6421,fbc4b27b192c,2026-05-28,LT,Vilnius,F,1997,paid_search,0
6422,3e29fa4c1439,2026-05-28,LT,Radviliškis,M,2005,email,1
6423,7a391248ef0e,2026-05-28,LT,Šiauliai,M,1994,organic_search,1
6424,0ef2c1d72afa,2026-05-28,EE,Tallinn,M,1992,paid_social,1
6425,5f964cffbb62,2026-05-28,EE,,F,1979,referral,1
6426,efc3e779eb58,2026-05-28,LT,Vilnius,F,1976,paid_social,1
6427,cddd39630226,2026-05-28,LT,Vilnius,F,2006,paid_social,0
6428,068bbbdd34e0,2026-05-29,LT,Vilnius,M,1989,paid_search,1
6429,19cd0bc84d7d,2026-05-29,LV,Jūrmala,F,1995,referral,1
6430,c227ab565836,2026-05-29,EE,Tallinn,,1996,affiliate,0
6431,ccf7f9ff1ac0,2026-05-29,LT,Vilnius,M,1987,direct,1
6432,fe62affba257,2026-05-30,LT,Panevėžys,F,1983,organic_search,1
6433,7ed6ec5275e0,2026-05-30,LV,Rīga,F,1986,organic_search,1
6434,b1f464a49d09,2026-05-30,LT,Panevėžys,F,1985,referral,1
6435,cba0030debc9,2026-05-30,EE,Tallinn,F,1987,email,1
6436,430966585fc7,2026-05-30,LT,Vilniius,,,paid_search,0
6437,11177912ad92,2026-05-30,LT,Vilnius,F,1988,paid_social,1
6438,80f8fc14be45,2026-05-30,LT,Panevėžys,F,2003,paid_search,0
6439,9ff4c75152b5,2026-05-30,LT,,M,1991,paid_social,1
6440,e8c9ae451964,2026-05-31,EE,Tallinn,M,2005,email,1
6441,2df89f40139e,2026-05-31,LT,Vilnius,F,1975,paid_social,1
6442,0efb051b0147,2026-05-31,LV,Rīga,F,1994,direct,1
6443,0da3c7130162,2026-05-31,LT,Vilnius,M,1959,paid_search,0
6444,79e61c22a59e,2026-05-31,EE,Tartu,F,2005,referral,0
6445,d96ee612922a,2026-05-31,LV,Jēkabpils,F,1974,paid_social,0
6446,2cad6a37287d,2026-06-01,LT,Vilnius,F,1985,direct,0
6447,2f569ae9fd66,2026-06-01,LT,Klaipėdos r.,M,1993,paid_social,1
6448,aafe7aaa42b9,2026-06-01,EE,Tallinn,F,1988,paid_social,1
6449,0eb027d16c90,2026-06-01,EE,Tallinn,F,1976,paid_social,0
6450,6bf66499a7d2,2026-06-01,LV,Jūrmala,M,1978,direct,1
6451,17d6dbc204de,2026-06-01,LT,Šiauliai,F,,paid_search,0
6452,772bfb8c3391,2026-06-01,LT,Klaipėda,M,1978,affiliate,0
6453,8349c6e9f897,2026-06-01,LT,Marijampole,M,1963,organic_search,1
6454,b807d6fa1a6d,2026-06-01,LT,Vilnius,M,,organic_search,1
6455,aa57590f5f96,2026-06-01,LT,Marijampolė,X,1979,paid_social,1
6456,1518a66f818a,2026-06-01,LT,Jonava,F,1986,organic_search,1
6457,0584e2a2f556,2026-06-02,LT,Vilnius,M,1981,paid_search,0
6458,6b49b0ad5b02,2026-06-02,LT,Utena,M,1988,organic_search,0
6459,e27622f61fc9,2026-06-02,LT,Šiauliai,F,1988,organic_search,0
6460,5ca45f189dda,2026-06-02,LT,LENTVARIS,M,1951,organic_search,1
6461,b8e5842c5134,2026-06-02,LT,,M,,paid_social,1
6462,d3081af2717b,2026-06-02,LT,Vilnius,M,,paid_social,0
6463,b6025f228b9d,2026-06-02,LT,Kėdainiai,F,1986,direct,1
6464,ea4997c1af86,2026-06-02,LT,Vilnius,F,1986,paid_social,1
6465,1c4226247102,2026-06-02,LT,Šiauliai,F,1985,paid_social,1
6466,e4a2b4f62fe6,2026-06-02,LT,Vilnius,,1988,affiliate,0
6467,6ed5df2d9cdd,2026-06-03,LT,Vilnius,M,1987,paid_search,0
6468,c331c0efa6ed,2026-06-03,LT,Vilnius,M,1985,referral,0
6469,1b851023a2e0,2026-06-03,LT,Mažeikiai,F,1975,paid_search,1
6470,15653267d566,2026-06-03,LT,Vilnius,F,1999,paid_search,0
6471,344b39182915,2026-06-03,EE,,M,2000,organic_search,1
6472,9dcd8e2453b3,2026-06-03,LT,Kaunas,F,1995,paid_search,0
6473,39a5eb63333f,2026-06-03,LT,Vilnius,M,1963,organic_search,1
6474,d354f9fcdd78,2026-06-03,LT,Vilnius,F,,affiliate,0
6475,3e952000a079,2026-06-04,LT,Šiauliai,F,1989,direct,1
6476,3d71a6d42213,2026-06-04,LT,Vilnius,F,1989,paid_search,0
6477,9f9abe799bea,2026-06-04,LT,Vilnius,M,1988,direct,1
6478,7db8288cf4c5,2026-06-04,LT,Klaipėdos r.,M,1983,referral,1
6479,0be6dae54910,2026-06-04,LT,Vilniaus r.,F,,organic_search,0
6480,f031c967ce56,2026-06-04,LT,Vilnius,F,1974,organic_search,0
6481,b3b7884aea6a,2026-06-04,LT,Kaunas,F,1995,paid_social,0
6482,ae5698bff177,2026-06-05,EE,narva,M,,paid_social,0
6483,5a5676af21d1,2026-06-05,LV,Riga,M,1977,direct,1
6484,7bb8f9109d76,2026-06-05,LT,Vilnius,M,1963,paid_search,1
6485,3a3bc999ca7a,2026-06-05,EE,Maardu,M,1999,organic_search,1
6486,2d8d95d4e6ca,2026-06-05,LT,,M,1986,direct,1
6487,1d20f7a74797,2026-06-05,LT,Kaunas,M,1975,affiliate,0
6488,a294ee1f9bf5,2026-06-06,LT,Rokiškis,M,1998,organic_search,1
6489,496434af7f6a,2026-06-07,LT,Kaunas ,M,1999,paid_social,0
6490,99e7b36dbf84,2026-06-07,LT,Vilnius,M,1993,organic_search,1
6491,3deaae096fdb,2026-06-07,LT,vilnius,F,1963,email,1
6492,e1775de88534,2026-06-07,LT,Kaunas,F,1987,direct,0
6493,56033ed0c895,2026-06-07,LT,Naujoji Akmenė,F,2008,paid_search,1
6494,abd9502fbe32,2026-06-07,LT,Vilnius,M,1959,paid_search,0
6495,021a2e695eb4,2026-06-07,LT,Vilnius,,1975,referral,0
6496,42a9c162fd44,2026-06-07,LT,Vilniaus r.,M,1996,affiliate,1
6497,15221a30c6fc,2026-06-07,LT,Vilnius,F,1987,paid_search,0
6498,c9614408ae0a,2026-06-08,LT,Kaunas,F,1989,referral,0
6499,9ac94196070f,2026-06-08,LT,Kaunas,F,1979,paid_social,0
6500,0fa091e58374,2026-06-08,LT,,M,1987,direct,0
6501,a45fab7502bf,2026-06-08,LT,vilnius,F,,paid_search,0
6502,7b7b9ba89875,2026-06-08,LT,Šiauliai,,,paid_social,1
6503,aff2f53e9628,2026-06-08,LT,Šiauliai,M,1974,paid_search,1
6504,b88f312152bc,2026-06-08,EE,Tartu,F,1961,organic_search,0
6505,c0a7f27db4c1,2026-06-09,LV,Riga,F,1974,paid_social,0
6506,9d0350a7e84a,2026-06-09,LT,šiauliai,F,,paid_social,0
6507,4c9d11fd534b,2026-06-09,LT,Vilnius,F,1988,referral,1
6508,a358c8245453,2026-06-09,EE,HAAPSALU,F,,paid_search,1
6509,9a8112770c65,2026-06-09,LT,Palanga,F,,email,1
6510,df50de995c40,2026-06-09,LT,Utena,M,1994,paid_social,0
6511,93a3819f7881,2026-06-09,LT,Klaipėda,M,1983,paid_search,1
6512,f6f5e2e98143,2026-06-10,EE,Tallinn,F,1990,paid_social,1
6513,268be4befe5f,2026-06-10,LT,Panevėžys,,1987,paid_search,0
6514,8ec3d55607ee,2026-06-10,LT,Vilnius,F,1995,paid_social,1
6515,8c962b255d71,2026-06-10,LT,Klaipeda,F,1982,organic_search,1
6516,d3cdfbbb4b00,2026-06-10,LT, Kaunas,F,1985,paid_search,0
6517,c31d6d77e68e,2026-06-10,LT,Vilnius,F,1995,organic_search,1
6518,624ae2fe5ad6,2026-06-11,LT,,M,1998,affiliate,1
6519,00a641459180,2026-06-11,LT,Kaunas,X,,organic_search,1
6520,bb70caaf7ae3,2026-06-11,LT,Vilnius,M,1983,email,1
6521,b16f6d8d28b5,2026-06-11,EE,Tartu,F,1998,paid_social,1
6522,a78cf428fffd,2026-06-11,EE,Narva,M,1952,organic_search,1
6523,ac8bd1baf974,2026-06-11,LV,Rīga,F,1974,paid_social,0
6524,ac00a24639ac,2026-06-12,LT,Kretinga,M,1990,paid_search,1
6525,41d42788f8e0,2026-06-12,LT,Kaunas,M,1987,organic_search,0
6526,55061fd6051b,2026-06-12,LT,Gargždai,M,2001,paid_social,1
6527,f0c4a61e8a38,2026-06-12,LV,Rīga,F,,direct,0
6528,72f45afa92ee,2026-06-13,EE,Tallinn,M,1988,referral,1
6529,e7465d82349a,2026-06-13,LT,Vilnius,F,,direct,0
6530,718caa31f727,2026-06-13,LT,Plungė,M,,organic_search,1
6531,838ad3572317,2026-06-13,LT,Plungė,M,1975,paid_social,0
6532,7cebc3d95ab2,2026-06-13,LT,Kauno r.,M,1991,direct,0
6533,157168e81a42,2026-06-13,EE,Tartu,F,1988,referral,1
6534,898503e02e7d,2026-06-13,LT,Vilnius,M,1962,paid_search,0
6535,d3e9fb45a260,2026-06-13,LT,Šiauliai,F,1961,paid_search,0
6536,64510c85ccef,2026-06-13,LT,Vilnius,F,1979,paid_search,1
6537,bd2491ecd796,2026-06-13,LT,Plungė,F,,paid_social,0
6538,3a188b839f17,2026-06-13,LT,Šiauliiai,F,1995,organic_search,0
6539,d5565f2f13c5,2026-06-14,LT,Vilnius,F,1961,organic_search,1
6540,56882a7e8c66,2026-06-14,LT,Marijampole,M,1992,direct,0
6541,4a0faa2f617e,2026-06-14,LT,Vilnius,F,1986,direct,1
6542,5193df92b5e1,2026-06-14,LT,Alytus,M,1979,direct,1
6543,ccc4798b8161,2026-06-14,LT,Jonava,F,1986,organic_search,0
6544,04cefacd0b79,2026-06-14,LT,,F,1991,affiliate,1
6545,557575f18ac7,2026-06-14,LV,Rīga,M,1975,referral,0
6546,6eee044d649a,2026-06-15,EE,Jõhvi,M,1995,organic_search,0
6547,b8dedf61d235,2026-06-15,LV,Rīga,F,1977,paid_search,1
6548,f6efebdb3fb1,2026-06-15,LT,Kaunas,M,2000,direct,0
6549,166177965a9a,2026-06-15,LT,Šiauliai,M,,paid_social,1
6550,0262e2b34837,2026-06-15,LV,Rīga,F,2008,paid_social,1
6551,6be4432eab22,2026-06-15,LT,Klaipeda,F,1985,paid_social,0
6552,2aaa34468770,2026-06-15,EE,Tallinn,M,1987,referral,0
6553,c410c356dafb,2026-06-15,LT,Tauragė,F,1990,referral,1
6554,2109e12e6e7d,2026-06-15,LT,Vilnius,,1998,direct,1
6555,95434f9b8ccb,2026-06-15,LT,Klaipėda,M,1981,affiliate,1
6556,610f0b1a5844,2026-06-16,LV,Rīga,F,2000,paid_search,0
6557,b65c7d09ec38,2026-06-16,LV,Рига,F,1991,direct,1
6558,0dbdf647c884,2026-06-16,LV,Rīga,M,1997,organic_search,1
6559,e90c9f513ec6,2026-06-16,LV,Рига,F,1987,direct,1
6560,7d703cf25863,2026-06-16,LT,Kaunas,M,2001,direct,0
6561,0033889f7297,2026-06-16,LT,Vilnius,F,1974,paid_search,1
6562,3fe8c557eef7,2026-06-16,LT,Vilnius,F,1962,paid_search,1
6563,79cbe29802a0,2026-06-16,LT,Siauliai,M,1970,direct,1
6564,6cb52931adc1,2026-06-16,LT,Klaipėda ,M,1974,paid_search,0
6565,ae954b3838b0,2026-06-16,LT,Vilnius,M,,organic_search,1
6566,2265ae4651b1,2026-06-17,LV,Rīga,M,2004,affiliate,1
6567,14034219cab7,2026-06-17,LT,Vilnius,F,1973,paid_search,1
6568,a7f53c981a6d,2026-06-17,LT,Šiauliai,F,,paid_search,1
6569,12a5129e29c3,2026-06-17,LT,Vilnius,F,1989,paid_search,1
6570,f6fd39195646,2026-06-17,LV,,F,1981,direct,1
6571,0453e82c2714,2026-06-17,LT,Kaunas,F,1992,affiliate,0
6572,dc5afc546543,2026-06-17,LT,Vilnius,F,2001,organic_search,1
6573,8b9b86317b9c,2026-06-17,LT,Vilinus,M,1967,direct,1
6574,56612403d79b,2026-06-18,LT,Vilnius,M,1982,organic_search,1
6575,227939afb35c,2026-06-18,LT,Alytus,,1990,email,1
6576,98c723a7ccd1,2026-06-18,LT,Kaunas,F,1965,direct,1
6577,0c35a6d6ccba,2026-06-18,EE,Tallinn,M,1993,paid_search,1
6578,5e541f0228e5,2026-06-18,LT,Kaunas,F,1989,paid_social,1
6579,21ec92f094c8,2026-06-18,LV,Rīga,F,1984,paid_social,1
6580,19adfc2bbe33,2026-06-18,EE,Tallinn,M,1964,direct,1
6581,655d41156068,2026-06-18,LV,,M,1979,referral,0
6582,4d1f62c99f99,2026-06-18,LT,Rokiškis,M,1965,affiliate,1
6583,a3d49f0ab391,2026-06-18,LV,Rīga,F,1959,paid_search,1
6584,50034b41a714,2026-06-19,LT,Visaginas,F,1964,paid_search,1
6585,6261a16dba4c,2026-06-19,LT,Klaipėda,F,1993,organic_search,1
6586,8d3b51a953fe,2026-06-19,EE,Tallinn,M,1974,paid_search,1
6587,51eb5ebeeb72,2026-06-19,LV,Rīga,F,1968,paid_social,1
6588,e3546bba701c,2026-06-19,LT, Kaunas,F,,paid_social,1
6589,a2c0befa130b,2026-06-19,LT,,M,1989,paid_social,1
6590,0e878de94301,2026-06-19,LV,Cesis,F,1973,direct,0
6591,4ed8df8afba1,2026-06-20,LT,Vilnius,F,,paid_search,1
6592,6df0d3c5b605,2026-06-20,LV,Riga,M,1959,paid_social,1
6593,d7d865311529,2026-06-20,LV,Daugavpils,M,1973,organic_search,1
6594,34618b9e7ef5,2026-06-20,LT,,F,1999,paid_search,1
6595,91343ce921b1,2026-06-20,LT,Vilnius,F,,direct,0
6596,659fcd0ed031,2026-06-21,LT,Kaunas,,1959,affiliate,1
6597,7c4983b10074,2026-06-21,LT,Vilnius,F,1983,paid_search,0
6598,c37af9915a22,2026-06-21,LT,Kaunas,M,1993,paid_social,0
6599,e23fb784f277,2026-06-21,LV,Rīga,M,1980,organic_search,0
6600,ba35e9f2d037,2026-06-21,LT,Kaunas,M,1980,direct,0
6601,87059ada50d3,2026-06-21,LT,Ukmerge,M,1981,organic_search,0
6602,f866eb524f11,2026-06-21,LT, Kaunas,F,1997,paid_social,0
6603,e04051a30b3c,2026-06-21,LT,Plungė,F,1994,email,1
6604,7c0c915c974b,2026-06-21,LT,Panevezys,F,1991,organic_search,0
6605,f316b56f4d6f,2026-06-21,LT,Marijampolė,F,2002,paid_search,0
6606,8c10ed04fb2b,2026-06-21,LT,GARLIAVA,F,1976,referral,0
6607,5cecb9b9c4ba,2026-06-21,LT,Vilnius,M,1966,referral,1
6608,77b9f52fd4ed,2026-06-22,LT,Telšiai,M,1991,referral,1
6609,0297634bbfb6,2026-06-22,LT,Vilnius,M,1980,direct,0
6610,8ed7492f77d5,2026-06-22,LT,Vilnius,M,1988,organic_search,1
6611,2fe093cc6f9d,2026-06-22,LT,Grigiškės,M,1994,paid_social,1
6612,1de413d5cb51,2026-06-22,EE,,M,2001,direct,1
6613,1548257db8db,2026-06-22,LT,Kaunas,F,1986,paid_social,1
6614,9a758abcbb82,2026-06-22,LT,druskininkai,F,1974,paid_social,0
6615,eb2ab8b31756,2026-06-22,LT,Telšiai,F,1985,paid_search,1
6616,d6b90c1d7c13,2026-06-22,EE, Tallinn,F,1994,paid_social,0
6617,40b443be91fc,2026-06-22,LT,Vilnius,F,1989,affiliate,1
6618,7c049ef128f8,2026-06-22,LV,Rīga,F,1981,organic_search,0
6619,bacbb284db91,2026-06-22,LT,Vilnius,M,1985,organic_search,1
6620,dc31c6258adb,2026-06-22,LT,Vilnius,M,1974,paid_social,0
6621,e4875442838f,2026-06-22,LT,Kaunas,M,1982,paid_search,1
6622,ced16fb28af0,2026-06-23,LT,Vilnius,F,1983,paid_social,0
6623,c502d8a7f706,2026-06-23,LT,Vilnius,M,1989,organic_search,1
6624,9aa326bb226b,2026-06-23,LT,Klaipėda,F,1960,paid_social,1
6625,80e6af4f645a,2026-06-23,LT,Klaipėda,M,1991,paid_social,0
6626,c3b35bccd0bd,2026-06-24,LT,Kaunas,F,2026,organic_search,1
6627,7d017ae30c37,2026-06-24,LT,Šiauliia,M,,email,1
6628,0f8b47c00b61,2026-06-24,LT,Vilnius,F,1985,paid_search,0
6629,e77301787ecb,2026-06-24,LT,Kėdainiai,F,1980,organic_search,1
6630,e4cd77ff4c83,2026-06-24,LT,Vilnius,M,1977,organic_search,0
6631,f1a2b47b2634,2026-06-24,LT,Vilnius,M,1990,direct,1
6632,de0b5ea99890,2026-06-24,LT,Šilutė,F,1982,organic_search,0
6633,d189e0cc06bb,2026-06-24,LV,Rīga,F,1999,organic_search,1
6634,0a67f942b143,2026-06-24,LT,Vilnius,M,2000,direct,1
6635,dfa97ab7cadd,2026-06-25,LT,,F,1969,organic_search,1
6636,7616f20a9ba7,2026-06-25,LT,Vilnius,M,,paid_search,1
6637,0b15956d88a5,2026-06-25,LT,Vilnius,F,2000,paid_social,0
6638,6dda56ccda05,2026-06-25,LT,Šiauliai ,F,1998,organic_search,0
6639,0171e0e3873a,2026-06-25,LT,Vilnius,,1990,direct,1
6640,36d248325428,2026-06-25,LT,Naujoji Akmene,M,1993,paid_search,1
6641,6bb9da4be89d,2026-06-25,LT,Telšiai,M,,paid_social,1
6642,35657b902886,2026-06-25,LT,Kaunas,F,2004,referral,0
6643,1065b338d46b,2026-06-26,LT,Kaunas,M,1994,referral,1
6644,5f53cd088733,2026-06-26,LT,Vilnius,F,1987,paid_social,0
6645,5d20d2dbbad6,2026-06-26,LT,,M,1985,affiliate,1
6646,ad052b86f50c,2026-06-26,LT,Panevėžys,M,2001,paid_social,0
6647,8600c47ffd50,2026-06-26,LT,Vilnius,M,1981,organic_search,1
6648,cea37de70937,2026-06-26,LV,Jēkabpils,M,1978,organic_search,0
6649,1fd6ec8a2e2a,2026-06-27,LV,Jelgava,F,1986,paid_search,0
6650,7eeb5a58f56c,2026-06-27,LV,Riga,F,,direct,0
6651,82bec4fb71f6,2026-06-27,EE,Tallinn,M,2004,referral,1
6652,45433704216f,2026-06-28,EE,,F,,referral,0
6653,63f6b2cfed76,2026-06-28,LT,Gargzdai,X,1970,paid_social,0
6654,28951e2affa1,2026-06-28,LT,Šiauliai,F,,organic_search,0
6655,e743fb46f75b,2026-06-28,LT,Panevėžys,M,1969,paid_social,1
6656,76f44a989d94,2026-06-28,LT,Kaunas,M,,organic_search,0
6657,2dd501d4f380,2026-06-28,LT,Vilnius,M,1986,paid_social,1
6658,bbb43300eb97,2026-06-28,LT,Klaipėda,F,1981,direct,0
6659,ac153e09debd,2026-06-28,LT,Vilnius,M,,paid_social,1
6660,c9c05875b9ef,2026-06-28,LT,Vilnius,M,1991,affiliate,1
6661,d9cf0966b30a,2026-06-28,LV,Daugavpils,F,1958,paid_search,0
6662,85b2088efadc,2026-06-28,LT,Siauliai,,1983,affiliate,1
6663,d6db39e37171,2026-06-28,LV,Rīga,F,1986,paid_search,0
6664,421cb694564d,2026-06-28,LT,Vilnius,F,1992,affiliate,0
6665,dccdf80f0a19,2026-06-28,EE,Tallinn,F,2026,organic_search,1
6666,dae1805b7869,2026-06-29,LT,Vilinus,F,1987,organic_search,1
6667,57e70633bcee,2026-06-29,LV,Rīga,M,1970,referral,0
6668,5d4b0892663a,2026-06-29,LT,Telšiai,F,1993,direct,1
6669,bd35ad4f40c6,2026-06-29,EE,Narva,M,1966,paid_search,1
6670,485c1c1a572c,2026-06-29,EE,Tallinn,F,1998,direct,0
6671,4185c07cb78e,2026-06-29,LT,Klaipėda,F,,referral,0
6672,8ab9240e2b60,2026-06-29,LT,Kaunas,M,,direct,0
6673,86e5d2755a8b,2026-06-29,LT,Klaipėda ,F,1968,direct,0
6674,46a04f3b614b,2026-06-29,LT,šiauliai,M,1986,paid_search,1
6675,3e1e18705f27,2026-06-29,LT,Vilnius,F,1980,paid_search,0
6676,9b100c3aaad3,2026-06-29,LT,Vilnius,F,1983,referral,0
6677,2d1d24c0419e,2026-06-29,LT,Kaunas,F,1963,organic_search,1
6678,e653797134f4,2026-06-30,LT,Vilnius,F,1990,affiliate,1
6679,be2489da8adf,2026-06-30,LT,Anykščiai,M,1993,paid_social,0
6680,99ecf48bd376,2026-06-30,LT,Vilnius,F,1976,organic_search,0
6681,1734b70f16b1,2026-06-30,LT,Vilnius,F,1984,paid_search,1
6682,3c470ea45ddf,2026-06-30,LT,Siauliai,F,1973,referral,1
6683,8a32a47303ea,2026-06-30,LT,Šiauliai ,M,2007,paid_search,1
6684,033f768c8c35,2026-06-30,LT,Vilnius,M,1971,paid_social,0
6685,7327f1d5783d,2026-06-30,LV,,M,1978,organic_search,1
6686,094839d6ee55,2026-06-30,LT,Vilnius,M,1993,affiliate,0
6687,37d64cefa5df,2026-06-30,LT,Vilnius,F,1993,paid_search,1
6688,5b09c7959b89,2026-06-30,EE,Tallinn,,1966,affiliate,1
6689,fe3887de4615,2026-07-01,LT,Vilnius,M,,organic_search,1
6690,b3088ffbcf89,2026-07-01,LT,Vilnius,F,1983,referral,1
6691,ff3d0b093868,2026-07-01,LT,Vilnius,F,1965,referral,1
6692,ed7d1f2d1692,2026-07-01,LT,,F,,paid_search,1
6693,d57d76cdc1ce,2026-07-01,LT,Vilnius,F,1994,affiliate,0
6694,920fefda777a,2026-07-01,LT,vilnius,,,paid_social,1
6695,34d869617017,2026-07-01,LT,Kaunas,F,,paid_social,1
6696,be6ad24fab44,2026-07-01,LT,Klaipėda,F,,paid_social,0
6697,f51619fbbbb6,2026-07-02,LT,Utena,M,,paid_social,1
6698,fd5dd05cfeaa,2026-07-02,LT,Vilnius,M,1991,organic_search,1
6699,32b06d8e23b7,2026-07-02,LT,Kėdainiai,M,1978,referral,1
6700,de289d47cef3,2026-07-02,LT,Grigiškės,,1993,email,1
6701,aec7c4513a57,2026-07-02,LT,,M,2002,paid_search,1
6702,06acbba1c279,2026-07-02,LT,Vilnius,M,1962,organic_search,1
6703,b42e7d4f4657,2026-07-02,LV,Rīga,M,1993,email,1
6704,c1d8f6f7ab19,2026-07-02,LT,Vilnius,M,1984,direct,0
6705,4a97a020ac0f,2026-07-02,LT,Kaunas,F,1993,paid_social,1
6706,6fcbf3d036aa,2026-07-02,LT,Vilnius,M,1992,paid_search,1
6707,f22b905c5389,2026-07-03,EE,,F,1978,paid_social,0
6708,9db91fd04864,2026-07-03,LT,Klaipeda,M,1970,paid_social,1
6709,abfcfed23e96,2026-07-03,LT,Klaipeda,M,,referral,1
6710,88b2fcc01222,2026-07-03,LT,Vilnius,F,1960,organic_search,1
6711,cc7a2e9ee411,2026-07-03,LT,Alytus,F,1997,paid_search,1
6712,fc584f16b867,2026-07-03,LT,Klaipėda,M,2002,direct,0
6713,2fa16ce1c8f5,2026-07-03,LT,Naujoji Akmenė,M,1968,direct,1
6714,60b34a200a40,2026-07-04,EE,Tallinn,F,1981,paid_social,0
6715,6664ae3d674f,2026-07-04,LT,Panevėžys,F,2000,organic_search,1
6716,3ff066164234,2026-07-04,LT,Utena,M,1990,affiliate,1
6717,5dd5b4b7f680,2026-07-04,LV,Рига,M,2006,direct,1
6718,8a88d2d3942b,2026-07-04,LT,ALYTUS,F,1997,direct,1
6719,3fbf523f8bcf,2026-07-04,LT,Kaunas,M,1984,direct,1
6720,66e6ab5ce1ef,2026-07-04,LT,Vilnius,F,,paid_social,0
6721,1bf68e5de67b,2026-07-04,LT,Vilnius,M,1987,organic_search,1
6722,e8fc6bb12268,2026-07-05,LT,Vilnius ,M,2001,paid_social,0
6723,dad269d2cf7d,2026-07-05,LT,Vilnius,M,2006,organic_search,1
6724,63846dbac6e6,2026-07-05,LT,Vilnius,F,1989,referral,1
6725,7f6c268c791e,2026-07-05,LT,Kaunas,F,1989,referral,0
6726,5e52bfe1cd3a,2026-07-05,LT,Kaunas,F,1979,referral,1
6727,5a7f875abdba,2026-07-05,LV,Rēzekne,M,1998,affiliate,0
6728,9173401487d7,2026-07-05,LT,Klaipėda,M,1988,paid_search,1
6729,70c42e63489c,2026-07-05,LT,Vilnius,F,1968,direct,1
6730,5a938a98b0ed,2026-07-05,LV,Rēzekne,F,,organic_search,0
6731,a6ec7689ab58,2026-07-05,LT,Molėtai,F,1996,referral,1
6732,a73a1287e3ab,2026-07-05,LT,Vilnius,M,1981,paid_social,0
6733,0ff986eb2c34,2026-07-05,LT,Vilnius,F,2000,paid_social,1
6734,f62eca198d93,2026-07-05,EE,Tallinn,M,,paid_search,0
6735,16e87291135b,2026-07-05,LT,Panevėžys,M,1994,organic_search,0
6736,ce9f1091c375,2026-07-05,LT,Rokiškis,F,1991,referral,0
6737,25e5f5b050a5,2026-07-05,EE,Tallinn,M,1992,paid_search,1
6738,d562e1b4b4ec,2026-07-05,LT,Tauragė,F,1998,organic_search,1
6739,16f259853a25,2026-07-06,EE,Tallinn,F,1996,paid_social,1
6740,047ef53ff6ca,2026-07-06,LT,Panevėžys,M,1998,direct,1
6741,ac51d818960b,2026-07-06,LT,,F,1999,email,1
6742,3b45b3a5ba30,2026-07-06,LT,Kaunas,F,1997,paid_search,1
6743,12d9204db69f,2026-07-06,EE,Tallinn,F,1978,paid_search,0
6744,b96748c9ebcb,2026-07-06,LT,Raseiniai,F,2000,direct,0
6745,4600558e2612,2026-07-06,LT,,M,2004,paid_search,1
6746,4531e668abaa,2026-07-06,LT,Šiauliai,F,1959,direct,0
6747,355bd9e88185,2026-07-06,LT,Vilnius,X,1988,paid_social,0
6748,eb20585071f5,2026-07-06,LT,Šiauliai,F,2004,paid_search,1
6749,c23c1c320233,2026-07-06,LT,Alytus,M,1975,direct,0
6750,5248c1679b32,2026-07-07,LT,Jonava,M,1968,paid_social,0
6751,ce422ab8c700,2026-07-07,LT,Šiauliai,F,1990,email,1
6752,d00803a683b7,2026-07-07,LT,Jonava,F,2000,affiliate,0
6753,e7c89d98bc2b,2026-07-07,LT,Alytus,F,2005,affiliate,1
6754,774f7c285e76,2026-07-07,LT,Kelmė,F,,email,1
6755,7c700d1ef341,2026-07-07,LT,Vilnius,M,1975,organic_search,0
6756,fc1e9b46cdc3,2026-07-07,EE,Tallinn,F,1975,paid_search,1
6757,2b88931c9d2b,2026-07-08,LT,Vilnius,M,1993,paid_search,1
6758,906597cfda20,2026-07-08,EE,Tallinn,,2000,paid_search,1
6759,8e9f7795c4e8,2026-07-08,LT,Biržai,M,1998,direct,0
6760,368351b35363,2026-07-08,LT,Vilnius,M,1997,direct,0
6761,e9de49adf952,2026-07-08,LT,Zarasai,F,1978,direct,0
6762,995cf28264ef,2026-07-08,LT,Vilnius,F,,referral,0
6763,0d2d3fb20cfd,2026-07-08,LT,Vilnius,F,1955,paid_social,1
6764,ce0de2ccecba,2026-07-08,LV,Jūrmala,M,1978,paid_search,1
6765,fc8ba60f4694,2026-07-08,LT,Plunge,F,2003,email,1
6766,583a308f4efb,2026-07-08,EE,Tallinn,,2005,email,1
6767,80dc57d02fd7,2026-07-09,LT,Vilnius,M,,organic_search,1
6768,c68dec0da16a,2026-07-09,LT, Kaunas,F,1986,paid_search,0
6769,0d9623c52993,2026-07-09,EE,Tallinn,F,1975,organic_search,0
6770,cd26a8c78e51,2026-07-09,LT,Jonava,F,,paid_search,0
6771,872e75711ac1,2026-07-09,LT,Vilnius,F,1962,affiliate,0
6772,9fcdebaacac5,2026-07-10,LT,Rokiskis,F,1963,paid_social,1
6773,cc46cae5d56e,2026-07-10,LT,Vilnius,,1989,paid_search,0
6774,e0577df3659c,2026-07-10,LT,Vilnius,F,1958,organic_search,0
6775,6f0b340b506f,2026-07-10,LT,Mažeikiai,M,,organic_search,1
6776,77721facbfbc,2026-07-10,LT,Vilnius,M,1991,email,1
6777,cf82ad2bd2dd,2026-07-10,LT,Siauliai,,1992,affiliate,0
6778,ff0bba50af50,2026-07-11,LT,Kaunas,F,,direct,1
6779,dec8c7e53669,2026-07-11,LT,Kaunas,M,,referral,0
6780,243b87cb718c,2026-07-11,LT,Vilnius,M,1991,paid_social,1
6781,94565d6e1f48,2026-07-11,LT,Kaunas,F,1993,organic_search,0
6782,a63a44b139b4,2026-07-11,LT,Palanga,M,1983,paid_social,1
6783,255ca72ac794,2026-07-11,LT,Vilnius,F,1989,organic_search,1
6784,31aaed3bebd1,2026-07-11,LT,Klaipėda,F,1996,paid_social,0
6785,0de93411f40b,2026-07-12,LT,,M,1956,direct,1
6786,9e9f373362c2,2026-07-12,EE,Võru,M,1975,direct,1
6787,f9e55863e75d,2026-07-12,LT,Vilnius,F,2004,direct,0
6788,c25980d56e7f,2026-07-12,LV,Rīga,M,2003,organic_search,1
6789,01c0a3da3f1e,2026-07-12,LT,Kaunas,F,1992,paid_search,1
6790,825365d46ca9,2026-07-12,EE,Tallinn,M,1998,organic_search,1
6791,b2e6e545203b,2026-07-12,LT,Vilnius,M,1985,paid_social,1
6792,4cbad7fcb04d,2026-07-12,LV,Rīga,F,1995,organic_search,1
6793,4c910390d439,2026-07-13,LV,Daugavpils,F,1969,direct,1
6794,3c035ff71278,2026-07-13,LV,Rīga,M,1972,organic_search,1
6795,229383a77780,2026-07-13,LV,Sigulda,M,1971,paid_social,1
6796,9bf64b1a92a9,2026-07-13,LT,Kaunas,M,1992,email,0
6797,211d129534ce,2026-07-13,LT,Vilnius,M,2002,organic_search,1
6798,f018367db852,2026-07-13,LT,Visaginas,F,1996,affiliate,1
6799,3e48dc0559d0,2026-07-13,LT, Klaipėda,,1970,paid_search,1
6800,48e626d18ac8,2026-07-13,LT,,F,2006,affiliate,0
6801,b3608585e7c7,2026-07-13,LT,Kaunas,F,1978,affiliate,1
6802,700879a9815d,2026-07-13,LT,Vilnius,F,1981,paid_social,0
6803,53d7d97cd271,2026-07-13,EE,,F,1981,organic_search,1
6804,0594d6a1ac63,2026-07-13,LT,Šiauliai,F,1993,affiliate,1
6805,f96ed06104db,2026-07-14,LT,Vilnius,M,,affiliate,0
6806,9cfc6c78d271,2026-07-14,EE,Tallinn,F,1987,paid_social,1
6807,c87925aedb75,2026-07-14,LT,Vilnius,M,1977,affiliate,1
6808,6bb400ea1c3b,2026-07-14,LT,Vilniaus r.,M,1971,organic_search,0
6809,48bbf92d9a4e,2026-07-14,LT,Vilnius,M,1991,direct,1
6810,a1e431707516,2026-07-14,LT,Kaunas,F,1967,organic_search,1
6811,fbd382365631,2026-07-14,LT,Kaunas,F,1989,paid_social,0
6812,41c7051af75d,2026-07-14,LT,Panevėžys,,1966,email,0
6813,f37b37f85da1,2026-07-15,LT,Utena,F,1991,direct,1
6814,c3b18d793242,2026-07-15,LT,,M,,organic_search,1
6815,bfa8e2e10dfe,2026-07-15,LT,Kaunas,F,2000,direct,1
6816,27397b46dee2,2026-07-15,LT,Vilnius,F,1982,paid_search,1
6817,cfc61c5e9af1,2026-07-15,LT,Šiauliai,M,1962,direct,1
6818,92ae978e8d04,2026-07-15,LT,Plnugė,F,1988,affiliate,1
6819,df10bb7ba1f7,2026-07-16,LT,Jonava,F,2005,paid_social,1
6820,3cc3fb8f8ca4,2026-07-16,LT,,F,,affiliate,0
6821,f8eafcc66e19,2026-07-16,LT,,F,1972,referral,1
6822,07218242815f,2026-07-16,LT,VILNIUS,F,1969,paid_search,1
6823,3b015f469953,2026-07-16,LV,Tukums,F,2003,affiliate,1
6824,3dedaf473c20,2026-07-16,LV,Jēkabpils,F,1986,referral,1
6825,0293b3c6b1e2,2026-07-16,LT,Klaipeda,M,1981,paid_social,0
6826,92e98f946d88,2026-07-16,LT,Vilnius,F,1987,paid_search,0
6827,879fa39f7554,2026-07-17,LT,Vilnius,F,1996,paid_search,1
6828,4c1ce13762ae,2026-07-17,LT,Utena,M,,organic_search,1
6829,a433414bf9f6,2026-07-17,LT,Elektrėnai,F,1981,organic_search,0
6830,56fbc240f852,2026-07-17,LT,Šiauliai,,1990,referral,0
6831,8725a9c7f773,2026-07-17,LT,Marijampole,F,2001,email,1
6832,e4200842c2a8,2026-07-17,LT,Panevėžys,F,1984,paid_search,1
6833,d6cc12cd4d0f,2026-07-17,LT,,M,1985,paid_search,1
6834,9b311355b886,2026-07-18,LT,Plunge,F,1996,paid_social,0
6835,a6136da7f319,2026-07-18,LT,Kaunas,F,1970,organic_search,1
6836,a5ba0da5ee85,2026-07-18,LT,Vilnius,M,1976,organic_search,0
6837,a35eb31dfd5a,2026-07-18,LT,Vilnius,F,1988,direct,0
6838,9075e673fbae,2026-07-18,LT,Vilnius,M,1990,paid_search,1
6839,182830e3d1ab,2026-07-18,LT,Vilnius,F,,affiliate,1
6840,f05dd4f02fa2,2026-07-18,LT,Vilnius,F,1984,paid_social,0
6841,e0c9870e5cb0,2026-07-18,EE,Pärnu,M,1993,direct,1
6842,ac2f798d497e,2026-07-18,LT,Kaunas,F,1987,paid_search,0
6843,4cde64944ee4,2026-07-19,LT,Vilnius,M,1973,paid_social,1
6844,a25c5637f06d,2026-07-19,LV,Rīga,M,2004,email,1
6845,aa88e9d880cd,2026-07-19,LT,Vilnius,F,1986,paid_social,0
6846,4631f27f2037,2026-07-19,LT,Pnaevezys,M,,paid_search,1
6847,71cf8f3d8af6,2026-07-20,LT,Plunge,F,1990,organic_search,0
6848,2b8d1a590f51,2026-07-20,LT,Šiauliai,F,1953,paid_search,1
6849,15e9c90b56a0,2026-07-20,LT,Vilnius,M,1981,direct,0
6850,2987be45e7c1,2026-07-20,LT,Telšiai,F,1978,organic_search,0
6851,e6011cfa5566,2026-07-20,LT,Vilnius,F,2001,organic_search,0
6852,9b6a49d86be6,2026-07-20,LT,Vilnius,F,1983,organic_search,0
6853,ee3f8b89c34e,2026-07-20,LT, Biržai,F,1990,direct,0
6854,c6c9d2b46ee6,2026-07-20,LT,,F,1995,direct,1
6855,2dc32012f85e,2026-07-20,LT,Visaginas,M,1986,email,1
6856,545a26e5ca45,2026-07-20,LT,,F,1993,direct,1
6857,cdb02ff6c5b7,2026-07-21,LT,Vilnius,F,,paid_search,1
6858,64614a13864d,2026-07-21,LT,Vilnius,,,organic_search,0
6859,bea3fb415d3f,2026-07-21,LT,Kaunas,F,1987,affiliate,1
6860,2215febafb5f,2026-07-21,LT,Vilnius,F,1995,paid_social,1
6861,dbd0ce0cebb0,2026-07-21,LT,,,1976,paid_social,0
6862,7ed18a2e4803,2026-07-21,LT,Kaunas,F,1978,organic_search,0
6863,b348d82961a4,2026-07-21,LT,Panevėžys,M,,organic_search,1
6864,699c39ffc9d8,2026-07-21,EE,Нарва,F,1979,affiliate,1
6865,7c003f89fce7,2026-07-21,LT,VILNIUS,,1985,organic_search,1
6866,8441f624a1d8,2026-07-21,LT,Utena,M,1967,paid_social,1
6867,f40632c833ea,2026-07-21,LT,Klaipėda,M,1983,paid_search,1
6868,ed7cdd4952a0,2026-07-21,EE,Tartu,M,2008,paid_search,1
6869,b65f26372072,2026-07-22,EE,Tallinn,M,1986,referral,0
6870,d1d61d9feae8,2026-07-22,LT,Kaunas,,1992,organic_search,1
6871,402bc14cc09e,2026-07-22,LT,Vilnius,F,1973,paid_social,1
6872,ae138e4c8647,2026-07-22,LV,,M,,paid_social,1
6873,afb9a658ae77,2026-07-22,LT,Radviliskis,M,1987,direct,1
6874,455f3d4050b8,2026-07-22,LT,Kaunas,M,1997,paid_search,0
6875,d0015f426d28,2026-07-22,LT,Telšiai,F,1999,paid_search,1
6876,825522a5b648,2026-07-22,LT,Kaunas,F,1989,paid_social,1
6877,fd449794f2a4,2026-07-22,LT,Kaunas,F,1984,paid_search,1
6878,5130664698d1,2026-07-22,EE,Tallinn,F,1982,paid_search,1
6879,450d5f05b32a,2026-07-22,LT,Trakai,F,1996,email,1
6880,2ca3828a4b39,2026-07-22,LT,Elektrėnai,M,1970,referral,0
6881,1337f6d41b50,2026-07-22,LT,Kaunas,M,1969,paid_social,0
6882,1b1c0a2ab984,2026-07-22,EE,Pärnu,M,,organic_search,1
6883,e880cdd78acb,2026-07-22,LT,Vilnius,M,,direct,1
6884,bfd2b9ad4192,2026-07-23,LT,Panevėžys,F,1985,email,1
6885,0c5361f076cb,2026-07-23,LT,Vilnius,M,1979,email,1
6886,46768ec611bc,2026-07-23,LT,Rokiškis,M,1991,paid_social,1
6887,57a93ea8a164,2026-07-23,LT,Vilnius,F,1992,affiliate,1
6888,751e5dbbda64,2026-07-23,LT,Vilnius,F,,referral,1
6889,48084e77a6f8,2026-07-23,LT,Vilnius,F,1996,organic_search,1
6890,a30e44b95779,2026-07-23,LT,vilnius,X,1996,direct,0
6891,44981a997157,2026-07-23,LT,Klaipėda,F,1991,direct,1
6892,c8077a8c6656,2026-07-24,LV,Riga,M,,referral,1
6893,c1b5523005c6,2026-07-24,LT,Elektrėnai,F,1967,organic_search,0
6894,bc018c039a2e,2026-07-24,LV,Riga,M,1974,direct,0
6895,47b7a261c415,2026-07-24,LT,Kaunas,F,,paid_social,1
6896,1c3353924ade,2026-07-24,LT,marijampolė,F,1981,affiliate,0
6897,38e81cd3607d,2026-07-24,LT,Alytus,M,1989,organic_search,1
6898,2043ef2e772d,2026-07-24,LT, Šiauliai,F,1998,organic_search,0
6899,38cb1aa0c2a2,2026-07-24,LT,Kaunas,F,,paid_social,1
6900,15a41226be45,2026-07-24,LT,Vilnius,F,1983,paid_search,0
6901,70c5f5ce539f,2026-07-24,EE, Narva,M,1978,referral,1
6902,895da8398227,2026-07-24,LV,Daugavpils,M,1983,organic_search,0
6903,a9cd8246d631,2026-07-24,LT,Telšiai,,1988,direct,1
6904,d8981bd98dc2,2026-07-24,LT,Kaunas,F,,paid_search,0
6905,3c0c10530b12,2026-07-25,LT,,F,2001,direct,1
6906,d0d5e5947d9d,2026-07-25,LT,Vilnius,M,1995,paid_social,1
6907,eaa30ebe5f64,2026-07-25,LT,Vilnius,F,,email,1
6908,7e0d4ab8b596,2026-07-25,LT,Grigiškės,M,1981,organic_search,0
6909,d16d637075ee,2026-07-25,LT,Vilnius,F,1993,organic_search,1
6910,957fb7334b90,2026-07-25,LT,Šilutė,M,1980,organic_search,0
6911,b3d5612a857d,2026-07-25,LT,Alytus,M,1997,paid_social,1
6912,6314d524066c,2026-07-26,LT,Vilnius ,M,,organic_search,0
6913,73e6189b4142,2026-07-26,LT,Kaunas,M,1980,paid_social,1
6914,6f8fd0850d5c,2026-07-26,LT,Gargždai,M,1987,organic_search,1
6915,14d151974150,2026-07-26,LT,Kaunas,M,2003,organic_search,1
6916,957707f0160d,2026-07-26,LV,Rīga,M,1974,direct,1
6917,558c0feec923,2026-07-26,LT,Utena,F,2000,paid_social,1
6918,c59f2169b480,2026-07-26,EE,maardu,M,1989,referral,1
6919,c6952183ce1d,2026-07-26,LT,Lentvaris,M,1976,organic_search,0
6920,6514448894ca,2026-07-26,LT,Jonava,,1993,paid_social,1
6921,8d08b4424447,2026-07-26,LT,Vilnius,M,1967,direct,1
6922,725c265678d5,2026-07-26,LT,Kauno r.,F,1972,paid_search,0
6923,ab306406ab85,2026-07-27,LV,Rīga,M,1953,organic_search,0
6924,09dfdcddea74,2026-07-27,LT,Kaunas,M,1954,organic_search,1
6925,e2268ef6ba93,2026-07-27,LT,Palanga,F,1986,direct,0
6926,c386a7c23564,2026-07-27,LT,Kaunas,M,1984,organic_search,1
6927,afc38cea6880,2026-07-27,LV,Riga,F,1989,email,1
6928,296db93b81d4,2026-07-27,LV,,F,1984,referral,0
6929,ba77d259437e,2026-07-27,LT,Mažeikiai,F,1993,paid_social,0
6930,7f9ab0bd1222,2026-07-27,LT,Kaunas,M,1983,organic_search,0
6931,3cebb5a177b1,2026-07-28,LT,Vilnius,F,1989,paid_social,1
6932,1f09748adc87,2026-07-28,LT,Vilnius,F,,email,1
6933,d4ef2ad417d3,2026-07-28,LT,Vilnius,,1977,paid_social,0
6934,c153a39fc827,2026-07-28,LT,Vilnius,F,1985,paid_social,1
6935,5d3e40753f7f,2026-07-28,LV,Jelgava,F,,organic_search,1
6936,b3a706ea6e3b,2026-07-28,LT,Visaginas,M,,email,1
6937,f9fa9c6ba50d,2026-07-28,LV,Jēkabpils,F,1992,email,1
6938,0994418d76e5,2026-07-28,LV,Rīga,F,,paid_search,0
6939,65abba5086ac,2026-07-28,LT,Vilnius,M,1984,organic_search,0
6940,bb6eba2805cc,2026-07-28,LT,Vilnius,F,1991,affiliate,0
6941,a75565c44b22,2026-07-29,LT,,F,1981,organic_search,1
6942,2c7f38494b11,2026-07-29,EE,Tallinn,F,1973,organic_search,1
6943,af68d71e2f10,2026-07-29,EE,Tartu,F,1994,affiliate,1
6944,b41de203ccae,2026-07-29,LT,Šiauliai,F,1992,paid_search,1
6945,5c9eaa203ad5,2026-07-29,LT,Šiauliai,M,1977,paid_social,0
6946,ea4115beab9b,2026-07-29,LT,Alytus,F,1983,affiliate,1
6947,83d778d8c455,2026-07-29,LV,Rīga,F,2000,direct,0
6948,47fc7da5c763,2026-07-29,LT,Vilnius,F,1986,direct,1
6949,4230b0f6a7ac,2026-07-29,LT,,M,1965,organic_search,0
6950,64ea80848d14,2026-07-29,LV,Liepaja,F,1991,paid_social,1
6951,6b187d7aef90,2026-07-30,LT,Vilnius,,,paid_search,0
6952,bb71b4223b16,2026-07-30,LT,Kaunas,F,1982,affiliate,1
6953,1fd498448dd6,2026-07-30,LT,Kaunas,F,1996,organic_search,0
6954,2b100bca268e,2026-07-30,EE,Tallinn,F,1986,organic_search,0
6955,b208f7418c1d,2026-07-30,LT,Vilnius,F,1975,organic_search,1
6956,5afbd04f5ecb,2026-07-30,LT,Kaunas,F,1977,organic_search,0
6957,203c92f10ff8,2026-07-30,LT,Kaunas,F,1974,direct,0
6958,e852795258bc,2026-07-31,LT,Klaipėda,F,,organic_search,1
6959,769072f698cf,2026-07-31,EE,Tallinn,M,1979,paid_social,1
6960,6616d9484c3a,2026-07-31,LV,Rīga,F,2003,paid_search,0
6961,5e6561b8e8a8,2026-07-31,LT,Vilnius,,1959,email,0
6962,c636bbaf3746,2026-07-31,LT,Kaunas,F,1991,paid_social,0
6963,6decf07cbcd2,2026-07-31,LT,Kaunas,M,,organic_search,1
6964,66b2f33e7f25,2026-07-31,LT,Alytus,F,1985,organic_search,0
6965,50adcd3fdd56,2026-07-31,LT,Kaunas,M,1988,organic_search,0
6966,05f0e02ccc18,2026-08-01,LT,Vilnius,,1986,paid_search,1
6967,bbfaaacfe782,2026-08-01,LT,Vilnius,M,1985,paid_social,0
6968,bad8d802bd4a,2026-08-01,LT,Vilnius,F,1981,organic_search,0
6969,70bf71c1e126,2026-08-01,LT,Biržai,M,1995,organic_search,0
6970,3e9f6e748e2d,2026-08-01,LT,Raseiniai,F,,paid_social,0
6971,dcbf83581e1d,2026-08-01,LV,Rīga,F,1982,organic_search,1
6972,874ce07b4678,2026-08-01,LV,Rīga,F,,paid_social,0
6973,11679005a853,2026-08-01,LT,Vilnius,M,,paid_search,0
6974,9a530e2384f7,2026-08-02,LT,Kaunas,F,1980,referral,1
6975,ffe2a4414216,2026-08-02,LT,Alytus,M,1990,paid_search,1
6976,93bad722d68d,2026-08-02,EE,Talllinn,,1974,paid_social,1
6977,1b9dcdccf5f2,2026-08-02,LT,Klaipėda,F,,paid_social,0
6978,cbd8a79acd1d,2026-08-02,LT,Rokiskis,F,2001,direct,1
6979,04a492f7cb32,2026-08-02,LT,kaunas,M,1976,paid_social,0
6980,505dcdb47c04,2026-08-02,LT,Vilnius,M,1983,paid_search,0
6981,f347fe5b6ec9,2026-08-02,LT,Šiauliai,M,1983,organic_search,1
6982,cfa9fd4a6000,2026-08-03,LT,Kunas,M,1988,paid_search,0
6983,7bdc332f731d,2026-08-03,LT,Šiauliai,F,1988,direct,0
6984,87d468d71466,2026-08-03,LT,Rokiškis,F,1977,referral,0
6985,2e926519899b,2026-08-03,LT,Rokiskis,M,1977,paid_social,1
6986,ba1c7a344e34,2026-08-03,LT,Vilnius,F,2002,organic_search,1
6987,3e9532e610b2,2026-08-03,LV,Rīga,M,1960,organic_search,0
6988,88a8a85db6d8,2026-08-03,EE,Tallinn,F,,organic_search,0
6989,0db9284b413c,2026-08-03,LT,Vilnius,M,1993,organic_search,1
6990,5107006a6b62,2026-08-04,EE,Tallinn,F,1975,organic_search,1
6991,be1fb1a78cec,2026-08-04,LT,Vilnius,F,,referral,1
6992,ac226a1d31eb,2026-08-04,LT,Kaunas,F,1986,paid_search,1
6993,d6158a33563c,2026-08-04,LT,Vilnius,F,,paid_social,1
6994,f821d125eee7,2026-08-04,EE,Talliinn,M,,organic_search,0
6995,141151af3ca4,2026-08-04,LT,kaunas,M,1970,direct,0
6996,dedaaf66741a,2026-08-04,LT, Vilnius,M,1973,organic_search,0
6997,afe30e0a8195,2026-08-05,LT,Vilnius,,,organic_search,0
6998,535defea89f8,2026-08-05,EE,Tallinn,F,,email,1
6999,02bb2a1d8512,2026-08-05,EE,,M,1997,affiliate,1
7000,b3624ec52308,2026-08-05,LT,panevėžys,F,,paid_search,0
7001,97d73e72f951,2026-08-05,LV,rīga,M,1984,organic_search,1
7002,6e28ca120d11,2026-08-05,LT,Klaipėda,X,1984,paid_search,0
7003,91e7638b44b7,2026-08-05,LT,Vilnius,M,,paid_search,0
7004,5cb39b7a32a7,2026-08-05,LT,Klaipėda ,F,1997,paid_social,0
7005,1b5a85070910,2026-08-05,LT,Vilnius,F,1985,paid_social,0
7006,d3b5c56ad82f,2026-08-05,LV,Riga,F,1993,paid_social,0
7007,bc93c2aa00a0,2026-08-05,LT,Radviliškis,F,1962,paid_social,1
7008,f0301081853a,2026-08-06,LT,Kaunas,F,,paid_social,1
7009,c39c06b5dee9,2026-08-06,LT,Ukmergė,,,organic_search,1
7010,4b11fdc69f72,2026-08-06,LT,Kaunas,F,1997,direct,1
7011,524568d24d30,2026-08-06,LT,Klaipeda,F,,email,1
7012,4ff5e6fec283,2026-08-06,LT,Kaunas,M,1998,referral,1
7013,5a8dc6d5b79d,2026-08-06,LT,Kaunas,M,2001,paid_search,0
7014,50a22b107f12,2026-08-07,LT,Vilnius,F,2001,direct,1
7015,71be22db521e,2026-08-07,LT,Vilnius,F,1996,direct,0
7016,267be094abe7,2026-08-07,LT,Vilnius,F,1981,direct,1
7017,dd85c62998d1,2026-08-07,LT,,F,1978,paid_social,1
7018,fde744e99ed5,2026-08-07,LT,Garliava,F,2003,organic_search,0
7019,70c838f29632,2026-08-07,LT,Vilnius,F,1984,paid_search,1
7020,8af35c4ad69a,2026-08-07,LT,,F,1977,paid_search,1
7021,427cf37907d0,2026-08-08,LT,Vilnius,F,1986,referral,0
7022,b88df9ca3d16,2026-08-08,LT,Ukmergė,M,2000,direct,1
7023,b07f08f71858,2026-08-08,LT,Panevėžys,F,1987,organic_search,0
7024,4179820d1cd8,2026-08-08,EE,Tallinn,F,1956,organic_search,0
7025,010dd1d50576,2026-08-08,LT,Kaunas,M,1990,paid_social,0
7026,f502dfff4e22,2026-08-08,LV,Rīga,,2003,referral,1
7027,7bc03e5936c7,2026-08-08,LT,Biržai,X,2000,organic_search,0
7028,3bc8e8830c31,2026-08-08,LV,Riga,F,1972,paid_search,0
7029,95a569642551,2026-08-08,LT,Vilnius,F,2005,direct,0
7030,15233fbe6299,2026-08-09,LT,Vilnius,M,1979,paid_social,0
7031,284eccf53993,2026-08-09,LT,Alytus,M,1961,paid_social,1
7032,b05a10b916fd,2026-08-09,LT,,F,1988,organic_search,1
7033,df656143132e,2026-08-09,EE,Tallinn,F,1984,paid_search,1
7034,d3843ba2744c,2026-08-09,LT,Vilnius,F,,organic_search,1
7035,6febd194d677,2026-08-09,LT,,M,1984,organic_search,1
7036,d96c5c748e80,2026-08-09,LT,Kaunas ,F,1998,referral,1
7037,4ab19d284c5c,2026-08-10,LT,Vilnius,F,1985,organic_search,0
7038,b48c87b637a5,2026-08-10,LT,Vilnius,F,1965,organic_search,1
7039,553213c6de34,2026-08-10,LT,Kaunas,M,1987,paid_search,1
7040,ea4555759e38,2026-08-10,LT,Panevėžys,,1999,paid_search,1
7041,373bc80dcd1d,2026-08-10,LT,Vilnius,F,1960,referral,1
7042,9c49a358e309,2026-08-10,LT,Alytus,,2005,direct,1
7043,553665d0aea1,2026-08-10,LT,Marijampolė,M,1975,organic_search,1
7044,68f74c67ac1d,2026-08-10,LT,Kaunas,F,1989,organic_search,1
7045,64969a62f946,2026-08-10,LT,Vilnius,M,,email,1
7046,04b7285b35cd,2026-08-10,LT,Vilnius,,1992,organic_search,1
7047,b6708b4cef13,2026-08-10,LT,Vilnius,M,1990,paid_search,1
7048,cb8ccd7a1221,2026-08-10,LT,Vilnius,M,2004,paid_social,1
7049,d468f4b1c183,2026-08-10,LT,Vilnius,F,1973,paid_social,0
7050,16294a8ed74c,2026-08-10,LT,Vilnius,F,2003,organic_search,1
7051,6737fd4c4c44,2026-08-10,LT,Klaipėda,F,,paid_social,1
7052,60098b9f7f52,2026-08-10,LT,KLAIPEDA,F,1978,paid_social,1
7053,45445e1da829,2026-08-10,LT,Vilnius,F,1992,paid_search,1
7054,5aae4acaeec4,2026-08-10,LT,,M,1974,organic_search,0
7055,d448cce5423a,2026-08-11,LT,Vilnius,M,1969,paid_search,0
7056,89b87ae17201,2026-08-11,EE,Sillamäe,F,1989,referral,0
7057,48046647864d,2026-08-11,LT,Paalnga,M,1993,organic_search,1
7058,b5a8c68e4825,2026-08-11,LT,Vilnius,M,,affiliate,1
7059,9e94bce6ec64,2026-08-11,LV,,F,1984,organic_search,1
7060,67a882b74b96,2026-08-11,EE,Tallinn,F,1990,direct,1
7061,12b35ca51398,2026-08-11,LT,Kaunas,M,1999,direct,1
7062,f54899c40f2d,2026-08-11,LT,,M,1989,referral,0
7063,488e1d9b3890,2026-08-11,LV,Salaspils,F,1982,paid_social,1
7064,a75e3f946e6f,2026-08-12,LV,Salaspils,M,1998,direct,1
7065,7e7de1642151,2026-08-12,LT,,F,1982,referral,0
7066,59235eaf56cb,2026-08-12,LT,Vilnius,F,2002,paid_social,0
7067,38513fcb84e8,2026-08-12,LT,Kretinga,F,1991,organic_search,0
7068,9eca3a8dda7f,2026-08-12,EE,Tallinn,F,1977,affiliate,0
7069,5899eb57930f,2026-08-12,EE,Tallinn,F,1977,direct,1
7070,6597c593d2ec,2026-08-12,LT,Vilnius,M,1975,organic_search,1
7071,17f5249174d7,2026-08-12,LT,Vilnius,M,1997,paid_social,1
7072,2e47ec3a63ba,2026-08-12,EE,,,1992,direct,1
7073,78b82161cd03,2026-08-13,LT,Šiauliai,M,1988,organic_search,0
7074,6bb39fa1d068,2026-08-13,LT,Vilnius,F,1985,direct,0
7075,55c707fed823,2026-08-13,LT,Kaunas,F,1988,paid_social,0
7076,61aa08b37987,2026-08-13,LV,Rīga,M,1995,paid_search,1
7077,52b2e8ce1af2,2026-08-13,LV,Riga,M,1994,referral,1
7078,9f11f69fb7c7,2026-08-13,LT,Klaipėda,,1997,organic_search,1
7079,3e55aee78742,2026-08-14,LT,Vilnius,M,1980,email,1
7080,6beb5d3a1433,2026-08-14,LT,Druskininkai,M,1988,organic_search,0
7081,75becdf4e540,2026-08-14,LT,Klaipėda,M,1993,email,0
7082,c97296ebd281,2026-08-14,LT,Klaipėda,F,,organic_search,0
7083,8910546d8d19,2026-08-14,LT,Šiauliai,F,1980,paid_search,1
7084,07e7f3057b8c,2026-08-14,LT,Vilnius,M,1992,organic_search,0
7085,9db2be9b0076,2026-08-14,LT,Marijampolė,F,1999,organic_search,1
7086,9239c6439454,2026-08-14,LT,Klaipėda,M,1996,direct,0
7087,7755ea8bf265,2026-08-14,LT,Panevėžys,M,2000,direct,0
7088,76fc0db8c286,2026-08-14,LT,,F,,affiliate,1
7089,5c6a088bda9f,2026-08-14,LT,Tauragė ,M,,direct,1
7090,9912e17ec31a,2026-08-14,LT,Vilnius,F,1969,organic_search,0
7091,9f29bfa9f33e,2026-08-15,LV,Rīga,F,1981,direct,1
7092,8e5c62ea0abb,2026-08-15,LT,Palanga,F,1974,affiliate,1
7093,5e7e7b48869c,2026-08-15,LT,Jurbarkas,M,1984,paid_search,1
7094,568777f68de8,2026-08-15,LT,Klaipėda,F,1958,organic_search,1
7095,b2ae5b241b99,2026-08-15,LT,Klaipeda,F,1991,direct,1
7096,a413a09eb895,2026-08-15,LT,Kaunas,F,1993,affiliate,0
7097,ffe0d6505efd,2026-08-15,LT,Vilnius,F,,organic_search,0
7098,1fb93d352da9,2026-08-16,EE,Tallinn,M,1992,direct,0
7099,f2b340b9f76e,2026-08-16,LV,,F,1985,paid_search,1
7100,7e8b648a05e8,2026-08-16,LT,VILNIUS,,1962,direct,0
7101,fbc6f85ce0a4,2026-08-16,LT,,M,,paid_social,0
7102,78ea0c645a2f,2026-08-16,LV,Tukums,,1998,direct,0
7103,d4fc3e896873,2026-08-16,LT,Vilnius,F,1972,direct,0
7104,2a63537e66e8,2026-08-17,LV,Rīga,M,1991,direct,0
7105,c0ea82777b02,2026-08-17,EE,Kuressaare,F,1996,affiliate,1
7106,3c52000a5d2d,2026-08-17,LV,Rēzekne ,F,1990,referral,0
7107,d318b59cdf88,2026-08-17,LT,Vinlius,M,2003,organic_search,0
7108,245a8b72cc97,2026-08-17,LT,Kaunas,M,1996,organic_search,0
7109,f863f46e8904,2026-08-17,LV,RIGA,F,1990,direct,0
7110,9e756685ed69,2026-08-18,LV,Rīga ,M,1996,organic_search,1
7111,ad01e352b3b8,2026-08-18,LT,Vilnius,F,1997,paid_social,0
7112,798fc26afbf7,2026-08-18,LV,Cēsis,F,1986,organic_search,1
7113,580872825bac,2026-08-18,LT,Vilnius,M,1996,affiliate,1
7114,7b7eae564265,2026-08-19,LV,Rīga,F,1989,referral,0
7115,48f7edabca4e,2026-08-19,LT,Druskininkai,F,1995,referral,1
7116,e6a7f01c5e11,2026-08-19,LT,vilnius,M,1970,direct,1
7117,30bf086c22cd,2026-08-19,LT,palanga,,1990,direct,1
7118,1239bb12787a,2026-08-19,LV,Rīga,F,1999,email,0
7119,4e9ef14ecd9a,2026-08-19,LT,Vilnius,F,,organic_search,1
7120,9b017ccc8dae,2026-08-20,LT,VILNIUS,F,1986,organic_search,0
7121,e8455f6d6fc7,2026-08-20,LT,,M,2002,paid_social,1
7122,a2c16b5653cd,2026-08-20,LT,Kaišiadorys,M,1975,paid_social,1
7123,c82600da02e9,2026-08-20,LT,kaunas,F,1991,referral,1
7124,ea409258602d,2026-08-20,LV,Riga,F,2003,paid_social,1
7125,9bca351e40d1,2026-08-20,LV,Rīga,F,,paid_social,0
7126,3dd3a2ff5704,2026-08-21,LT,Kaunas,M,1973,paid_social,1
7127,08b83a23528e,2026-08-21,LT,Vilnius,F,1969,direct,1
7128,ab32ce55b50c,2026-08-21,LV,Rīga,M,1973,paid_social,0
7129,c72c583a5b0a,2026-08-21,LT,Vilnius,M,1975,paid_social,0
7130,440ef3c72ec5,2026-08-21,LT,Kretinga,F,1978,paid_social,0
7131,f14f65f12ca5,2026-08-21,EE,Tallinn,F,,referral,0
7132,80234ddd2562,2026-08-21,LT,Vilnius,F,1983,paid_search,0
7133,0a663141358b,2026-08-21,EE,Viljandi,F,1970,email,1
7134,d2efbc56b4a4,2026-08-22,LV,Rīga,F,1981,direct,1
7135,10d09fdb4b2e,2026-08-22,LT,Kaunas,M,1989,organic_search,1
7136,32b4a67951c3,2026-08-22,LT,Alytus,M,1979,direct,0
7137,c6c5c40b6775,2026-08-22,LT,Vilnius,F,1979,affiliate,0
7138,024bc3750241,2026-08-22,EE,Tallinn,M,1998,organic_search,1
7139,29a9ca49c60a,2026-08-22,EE,Tallinn,M,1985,organic_search,0
7140,4835def44b27,2026-08-22,LT,Kaunas,F,1994,organic_search,0
7141,4d95badf5181,2026-08-22,EE,Tartu,M,1958,direct,0
7142,c32e42e82603,2026-08-23,LT,Klaipėda,M,,referral,1
7143,2cd765173b70,2026-08-23,EE,Narva,M,1998,email,0
7144,1af6f0519ced,2026-08-23,LT,Vilnius,M,1994,email,1
7145,ae9872c095f9,2026-08-23,LT,Druskininkai,M,1998,paid_social,0
7146,b66e7b3d17a2,2026-08-23,LT,Kaunas,F,2004,paid_social,1
7147,180e51b2e791,2026-08-23,LT,Kaunas,F,1980,organic_search,0
7148,60d5b5e244bd,2026-08-23,LV,Rīga,M,,affiliate,1
7149,e106664a3ece,2026-08-23,LT,Vilnius,F,1976,affiliate,1
7150,ef8ae4142d07,2026-08-23,LV,Rīga,F,,organic_search,1
7151,f78e76cdeae5,2026-08-23,LT,Vilnius,F,1957,paid_social,0
7152,c7d0ab1dcae9,2026-08-23,LT,Mažeikiai,F,,paid_social,0
7153,cb2f24ecc75a,2026-08-24,LT,Vilnius,M,1983,organic_search,1
7154,2f7eab63c94d,2026-08-24,LT,,M,1986,paid_social,0
7155,c2d1423f9d6c,2026-08-24,EE,Tallinn,F,1986,direct,0
7156,b3a2b8053297,2026-08-24,EE,Tallinn,F,1994,organic_search,1
7157,944a958f1eb0,2026-08-24,LT,Klaipėda,F,1993,direct,0
7158,7dd140f5891f,2026-08-24,LT,klaipėda,F,1996,organic_search,0
7159,4d322596f0c6,2026-08-24,LT,,M,1984,organic_search,1
7160,33b7a5ff7fb5,2026-08-25,LT,Vilnius,F,,paid_social,0
7161,388d4ad0ac0a,2026-08-25,LT,Vilnius,F,1974,referral,1
7162,7b9067f0ede1,2026-08-25,EE,Tallinn,M,1984,organic_search,1
7163,01f960673597,2026-08-25,LT,Vilnius,F,,organic_search,1
7164,d20cb720e997,2026-08-25,LT,Klaipėda,M,1975,direct,1
7165,399b4da456cb,2026-08-25,EE,Tallinn,M,1994,paid_social,1
7166,16e4c2ba40cd,2026-08-25,EE,Tallinn,M,,paid_search,1
7167,180560b390aa,2026-08-25,LV,Riga,M,1970,affiliate,1
7168,ccfa33d52329,2026-08-25,LV,Ventspils,F,1977,paid_social,1
7169,302a754437d8,2026-08-26,LT,naujoji akmenė,F,1968,organic_search,0
7170,a36203e98c8b,2026-08-26,LT,Vilnius,F,1965,organic_search,0
7171,e0cffa561695,2026-08-26,LT,Marijampolė,M,,organic_search,0
7172,5ae1ee0e0bba,2026-08-26,LV,Rīga,M,1992,organic_search,0
7173,58b27accf924,2026-08-26,LT,Vilnius,M,2002,organic_search,1
7174,55f0e7a886ed,2026-08-26,LV,riga,F,1994,referral,1
7175,54f69c6185a4,2026-08-27,LT,Klaipėda,F,1997,referral,0
7176,aa85f98e655f,2026-08-27,LT,Vilnius,M,1996,organic_search,0
7177,5e9557ef63bb,2026-08-27,EE,tallinn,M,1976,paid_search,1
7178,653f8b8c5048,2026-08-27,LT,Alytus,F,1995,paid_social,0
7179,fff83c3de594,2026-08-27,LV,Rīga ,M,,paid_search,1
7180,a59a060ba24f,2026-08-27,LT,Klaipėda,M,,email,1
7181,a3d45bbf8e01,2026-08-27,LV,,F,1977,organic_search,0
7182,b90801848042,2026-08-27,LT,Vilnius,F,1997,paid_social,1
7183,186018cf4123,2026-08-27,LT,,F,1981,organic_search,1
7184,0abde857df2f,2026-08-27,LT,Anykščiai,M,1986,organic_search,1
7185,a215bf86b72c,2026-08-28,LT,Vilnius,M,1974,paid_search,1
7186,b360b34485ae,2026-08-28,LT,Siauliai,M,2002,paid_search,0
7187,f4fd941f154b,2026-08-28,LT,Kaunas,F,1966,referral,1
7188,b99a40e063ba,2026-08-28,LT,Vilnius,M,1987,organic_search,1
7189,c570f5d8f90d,2026-08-28,LV,Rīga ,M,,paid_social,0
7190,c05137369cec,2026-08-28,LT,Vilnius,M,,paid_search,1
7191,1f6278f34027,2026-08-28,LT,Utena,F,1988,paid_social,0
7192,29c851cc65a5,2026-08-28,LT,Kaunas,F,1968,referral,1
7193,e87910c43c40,2026-08-28,LT,Šiauliai,,1989,referral,0
7194,0f5bdb06b875,2026-08-29,LT,Vilnius,F,1967,direct,0
7195,6d4440765a80,2026-08-29,LT,Kaunas,F,2002,paid_search,1
7196,1a2bf48f7a5c,2026-08-29,LT,Kaunas,F,1994,paid_search,1
7197,abb1277cd8e4,2026-08-29,LT,Šiauliai,F,1985,paid_social,0
7198,dfdca18d160d,2026-08-29,LT,Vilnius ,F,1992,paid_social,1
7199,6b53a992ca96,2026-08-29,LT,Vilnius,,,paid_social,1
7200,735617aaa57d,2026-08-29,LT,Vilnius,F,2002,paid_social,0
7201,d46f5c140079,2026-08-29,LT,Mažeikiai,F,1972,direct,0
7202,4b9222a9007b,2026-08-29,LV,Jēkabpils,M,1982,organic_search,1
7203,2d434e3f5371,2026-08-29,LT,Vilnius,F,1997,organic_search,1
7204,69894a174af1,2026-08-29,LT,Kėdainiai,F,1990,organic_search,1
7205,2e223a43b7b8,2026-08-30,LT,,M,2000,organic_search,0
7206,b069f7324422,2026-08-30,LT,siauliai,F,1993,organic_search,1
7207,1a4441040884,2026-08-30,LT,Šiauliai,F,1981,paid_search,1
7208,20fbc298073f,2026-08-30,LV,Tukums,M,2003,direct,1
7209,6a43b5c74cc2,2026-08-30,LT,Šilutė,M,1993,paid_social,0
7210,117f9f7fadcc,2026-08-30,LT,Kaunas,F,,direct,0
7211,d50147700dcc,2026-08-30,LT,Kaunas ,F,1978,paid_social,0
7212,b79608277444,2026-08-31,LT,Vilnius,F,1995,paid_search,0
7213,36930ea7da33,2026-08-31,LT,Jonava,M,1995,direct,1
7214,ebb3dba6787c,2026-08-31,LT,Vilnius,F,1988,organic_search,0
7215,030ccf83c9ac,2026-08-31,LT,Vilnius,F,1978,paid_search,0
7216,84f89f4eb879,2026-08-31,LT,Vilnius,F,,organic_search,0
7217,0388dde609b0,2026-08-31,EE,Tallinn,F,,paid_social,1
7218,6a3231b2cd4e,2026-08-31,LV,Ventspils,M,1974,paid_search,1
7219,07472bbd9c4f,2026-08-31,LT,Vilnius,M,1994,paid_search,0
7220,e22dd8852c38,2026-08-31,LV,Liepaja,M,1980,organic_search,1
7221,b892e4ecc584,2026-08-31,EE,Tallinn,M,1992,email,1
7222,a274f9b41f77,2026-08-31,LT,Klaipėda,F,1962,email,1
7223,a2a1d399c3c6,2026-08-31,EE,Maardu,M,1970,paid_social,0
7224,c1319139f2c0,2026-08-31,LT,Vilnius,F,1963,organic_search,0
7225,09d9e274c5d8,2026-08-31,LT,Vilnius,M,1964,organic_search,1
7226,e787a7356926,2026-09-01,LT,Vilnius,X,1978,organic_search,1
7227,81d114811196,2026-09-01,LT,Klaipėda,M,1993,organic_search,1
7228,81836c86972c,2026-09-01,LT,Vilnius,F,1999,organic_search,1
7229,e148a0ea566c,2026-09-01,LT,Kaunas,F,,paid_search,1
7230,efff484ad37b,2026-09-01,LT,Panevėžys,M,1986,organic_search,0
7231,99bc622394f8,2026-09-01,LT,Vilnius,F,1969,paid_search,1
7232,0934fdcbb3da,2026-09-01,EE,Tallinn,M,,paid_social,1
7233,c6d7426b6811,2026-09-01,LT,Naujoji Akmenė,M,1993,organic_search,0
7234,3f50a70ce3b7,2026-09-01,LT,Marijampolė,F,1994,direct,0
7235,ccf963087c26,2026-09-02,LT,Birzai,M,1980,affiliate,1
7236,8d2d516a26d6,2026-09-02,LT,Kaunas,M,1994,paid_search,1
7237,12da20de98ed,2026-09-02,LT,Vilnius,F,1993,paid_search,0
7238,88854cf51f67,2026-09-02,LV,Rīga,F,1997,direct,1
7239,11192fef0b2d,2026-09-02,LT,Vilnius,,,referral,0
7240,6be9206e79d1,2026-09-02,LT,Kaunas,M,1981,organic_search,1
7241,42bdb09d2f93,2026-09-02,LV,Sigulda,F,,paid_search,1
7242,4af201c2bff8,2026-09-02,LT,Kaunas,M,1991,direct,0
7243,07ff30d7a895,2026-09-02,LT,Vilnius,F,1991,organic_search,1
7244,a75cfb42532f,2026-09-02,LT,Šiauliai,M,1977,referral,1
7245,892c919181c6,2026-09-02,LT,,F,1988,paid_social,0
7246,36e0ec43ec85,2026-09-02,LT,,,2002,email,1
7247,a5f5f53e3b94,2026-09-03,LT,Naujoji Akmene,M,1976,paid_social,0
7248,8a008100aeb3,2026-09-03,LT,Klaipėda,M,1991,organic_search,0
7249,84c64f8b5199,2026-09-03,LT,Alytus,M,1992,organic_search,1
7250,02995877e4aa,2026-09-03,LT,Panevėžys,M,1984,paid_social,1
7251,77e63b420387,2026-09-03,LT,Kaunas,F,,organic_search,1
7252,6b00b779aa44,2026-09-03,LT,Kaunas,F,1983,referral,0
7253,ad39b8684ff8,2026-09-03,LT,Telšiai,M,1995,direct,1
7254,78b377cd9477,2026-09-03,LT,Kretinga,F,1992,direct,0
7255,c48b3aef0c84,2026-09-03,EE,Tallinn,F,1970,paid_search,1
7256,5133867cf16e,2026-09-03,EE,,M,,affiliate,1
7257,822a827293aa,2026-09-04,LT,Klaipėda,F,1990,organic_search,1
7258,6cc721cba21c,2026-09-04,LT,Jonava,M,,direct,1
7259,728733563924,2026-09-04,LT,Vilnius,X,1987,paid_social,1
7260,e88880d14203,2026-09-04,LT,Vilniaus r.,M,1996,direct,1
7261,6484db6e9ac5,2026-09-04,LT,Šiauliai,F,1990,organic_search,1
7262,06f37346376c,2026-09-04,LT,Klaipeda,F,,referral,1
7263,d700e83d4d8f,2026-09-04,LT,Kaunas,F,1993,organic_search,1
7264,90339ffd81d0,2026-09-04,LT,Panevėžys,F,1981,direct,1
7265,3e12bd6f34de,2026-09-04,LT,Vilnius,M,1983,paid_social,1
7266,f3d8c3f3ff5a,2026-09-05,EE,Tallinn,F,1975,paid_social,0
7267,7c78c41b445a,2026-09-05,LT,Kaunas,F,1978,organic_search,0
7268,d451d501411e,2026-09-05,EE,Tallinn,M,1985,paid_social,1
7269,30fc0d486666,2026-09-05,LT,Vilnius,F,1964,paid_search,0
7270,f1730ca74500,2026-09-05,LV,Riga,F,1985,organic_search,1
7271,ef9677594cb0,2026-09-05,LT,,F,1981,paid_search,1
7272,cfad3c0fddc9,2026-09-05,LT,Klaipėda,M,1977,paid_search,1
7273,890ddb64b004,2026-09-05,LT,Vilniaus r.,M,,organic_search,1
7274,755c94bfd61a,2026-09-05,LT,Vilius,M,1997,referral,0
7275,540495a4aca6,2026-09-05,LT,Tauragė,,,direct,0
7276,af642a602ea0,2026-09-06,LT,Vilnius,F,1976,paid_search,1
7277,c35e79caeb6c,2026-09-06,LT,Kaišiadorys,M,1974,direct,1
7278,fe211088e76b,2026-09-06,LT,Šiauliai,M,1976,affiliate,1
7279,d31e7313e750,2026-09-06,LT,Vilnius,F,2008,paid_social,1
7280,068c71aaead9,2026-09-06,LT,Kaunas,M,2007,paid_social,1
7281,581116c7ce4a,2026-09-06,LT,,F,2001,organic_search,1
7282,d74cdee667f1,2026-09-06,LT,Alytus,M,1988,paid_social,1
7283,b06b55545cba,2026-09-06,EE,Tallinn,F,1979,direct,1
7284,fa0d5bf14762,2026-09-06,LV,Rīga,,1983,paid_social,0
7285,2be4acff1f8b,2026-09-07,LT,Vilnius,F,,paid_social,1
7286,5e3ab196408b,2026-09-07,LT,Utena,F,1980,paid_social,0
7287,ab8e19b6a1bd,2026-09-07,LT,Kelmė,M,1990,paid_social,1
7288,6faa323e2272,2026-09-07,LV,Rīga,F,2000,paid_social,1
7289,77fc42f53b97,2026-09-07,LT,Kaunas,M,2007,organic_search,1
7290,628ecea2c1a9,2026-09-07,LT,Vilnius,M,1999,paid_social,1
7291,c039cd30ec79,2026-09-07,LT,Vilnius,F,1986,direct,1
7292,8393bc12ad9c,2026-09-07,LT,Vilnius,F,1994,paid_search,0
7293,25c1c759378a,2026-09-07,LT,Vilnius,F,1966,paid_social,1
7294,2ded9d852535,2026-09-07,LT,Vilnius,F,1988,paid_search,1
7295,f4eedc2e2f8a,2026-09-07,LT,Vilnius,,1989,paid_social,0
7296,e6e91269d95f,2026-09-07,LT,Kretinga,F,1975,direct,1
7297,f2e760517876,2026-09-07,LT,Kaunas,M,2002,direct,1
7298,07ad3f1f6c15,2026-09-08,LV,riga,M,1974,direct,0
7299,b8fcae1cf63b,2026-09-08,LT,Panevėžys,F,1977,paid_search,0
7300,7492a9fdb036,2026-09-08,LT,Šiauliai,M,1994,referral,0
7301,5daebda3ec12,2026-09-08,LT,Vilnius,F,1988,paid_social,0
7302,7e5d3a41b1ec,2026-09-08,LT,Kaunas,M,1965,paid_search,0
7303,aa92357c3ab7,2026-09-08,LT,Vilnius,M,1985,paid_social,1
7304,9865dd9661f9,2026-09-08,LT,Kaunas,M,1991,paid_search,1
7305,d35b7337c65f,2026-09-09,LT,Vilnius,F,1983,direct,1
7306,ad48e917e6d7,2026-09-09,LV,Рига,M,1971,paid_social,0
7307,6fba083bc8c3,2026-09-09,LT,Vilnius,F,1979,organic_search,1
7308,9d0da8cb5f1f,2026-09-09,LT,Radviliškis,,1992,direct,1
7309,a895691dddbc,2026-09-09,LT,Kaunas ,M,1995,referral,1
7310,52faf2983578,2026-09-09,LT,Vilnius,M,1991,direct,1
7311,45b92e9c0ed8,2026-09-10,LT,Tauragė,F,2002,email,1
7312,25ede0e5f954,2026-09-10,LT,Vilnius,M,,paid_social,0
7313,c0c7b02effce,2026-09-10,LV,Rīga,F,1971,paid_search,1
7314,625161b39461,2026-09-10,LT,Klaipėda,F,1960,referral,0
7315,30d6ecb63d88,2026-09-10,LT,Vilnius,F,1990,referral,0
7316,8011d500c78e,2026-09-10,LT, Elektrėnai,M,1988,direct,1
7317,f65b7e65dcec,2026-09-10,LT,Mazeikiai,,1993,paid_social,0
7318,6f04b361102b,2026-09-10,LT,Vilnius,F,1978,organic_search,1
7319,a76df4255792,2026-09-10,LT,Klaipėda,F,,affiliate,1
7320,820ac833af42,2026-09-10,LT,Vilnius,M,1991,paid_social,0
7321,43e34afd1c31,2026-09-11,LT,Kaunas,F,1990,direct,1
7322,bebb6eeddd3f,2026-09-11,LV,Rīga,F,1973,paid_search,1
7323,ec48df4b515b,2026-09-11,LT,Vilnius,F,1988,paid_social,1
7324,5fc4a70154f2,2026-09-11,LT,Panevėžys,F,1972,paid_social,1
7325,93bab4d886c4,2026-09-12,LT,Klaipėda,F,2004,affiliate,1
7326,7135b18104cd,2026-09-12,LT,Vlinius,M,1967,organic_search,1
7327,575acc035be9,2026-09-12,LT,Vilnius,F,1985,paid_social,1
7328,9803bbabf0c1,2026-09-12,EE,Tartu,,1988,organic_search,1
7329,7ace2e6b0e44,2026-09-12,LT,Kaunas,,1985,organic_search,1
7330,f5fda17c28e5,2026-09-12,LT,Marijampolė,M,1990,direct,0
7331,6fcee226f127,2026-09-12,LT,Vilnius,F,1973,organic_search,1
7332,9c12fed4c036,2026-09-13,LT,Vilnius,F,2007,paid_search,1
7333,a0e9cf3bcd0b,2026-09-13,LT,Jonava,F,1986,organic_search,1
7334,9e79dbe6dea4,2026-09-13,LT,Vilnius,F,1977,referral,1
7335,523c660d39ae,2026-09-13,LT,Klaipėda,,1984,affiliate,1
7336,09ffeeca6d86,2026-09-13,LT,Kaunas,F,1981,direct,0
7337,3dc1cc493e24,2026-09-13,LT,Vilnius,F,2002,paid_social,0
7338,19bdbd161f1f,2026-09-13,LT,Kaunas,F,1989,organic_search,0
7339,981823f028cf,2026-09-13,LT,Mažeikiai,F,,paid_social,0
7340,17e0116514b9,2026-09-14,LT,Vilnius,M,1998,paid_social,1
7341,56b203101eac,2026-09-14,LT,Panevėžys,M,,direct,0
7342,70a3d6c68aba,2026-09-14,LT,Alytus,X,1992,direct,0
7343,5eb1186a5cfe,2026-09-14,LT,Vilnius,F,1982,organic_search,0
7344,a424ba731553,2026-09-14,LT,Vilnius,M,1973,organic_search,0
7345,f9dc86e8de55,2026-09-14,LT,Panevėžys,F,1981,organic_search,0
7346,6d787b3e9841,2026-09-14,LV,Rīga,M,1989,paid_social,0
7347,0de5358bd037,2026-09-14,LT,Kaunas,F,1970,organic_search,1
7348,28582251c0d4,2026-09-14,LT,Vilnius,F,1989,paid_search,1
7349,eebe182f094c,2026-09-14,EE,Tartu ,M,1974,affiliate,1
7350,f7cbb260bd72,2026-09-14,LT,Vilnius,F,1992,organic_search,1
7351,a6fa9d164d38,2026-09-14,LT,Vilnius,M,1997,email,1
7352,fce6363b07e5,2026-09-14,EE,Tallinn,F,1988,paid_social,1
7353,2d0266dceeb5,2026-09-14,LT,Vilnius,M,1987,paid_social,1
7354,cb1c29ecc478,2026-09-15,LT,Tauragė,M,1981,affiliate,0
7355,23a9b07c82cc,2026-09-15,LT,Radviliškis,M,1958,paid_social,0
7356,77d60ed3368c,2026-09-15,LT,Telšiai,F,2002,affiliate,1
7357,45d8da81aa21,2026-09-15,LT,Elektrėnai,F,1968,direct,1
7358,46dd20c7113b,2026-09-15,LT,Telšiai,M,2001,email,1
7359,ae287b8b0cf9,2026-09-15,LT,Vilnius,F,,paid_search,1
7360,3b28c2bb127c,2026-09-15,LT,Vilnius,F,1975,affiliate,1
7361,72b59c1b072f,2026-09-15,LT,Kaunas,F,,paid_social,1
7362,56d7bc735c00,2026-09-15,LT,Kaunas,M,1979,direct,0
7363,8c1aee291324,2026-09-15,LT, Vilnius,,,paid_social,1
7364,8699e5845d6f,2026-09-15,LT,Ukmergė,M,2003,paid_search,1
7365,a6a223af195d,2026-09-16,LT,,F,,organic_search,0
7366,7e27d30239ae,2026-09-16,LT,Vilnius,M,,organic_search,0
7367,0da790583729,2026-09-16,LT,Vilnius,F,1994,organic_search,0
7368,a5ca12e4d32b,2026-09-16,LT,Utena,F,1983,direct,1
7369,0eed1227721b,2026-09-16,LT,Kaunas,M,1999,referral,1
7370,ed7fe3e3b11a,2026-09-16,LT,Klaipeda,M,1986,referral,0
7371,f691721518d0,2026-09-16,LT,Marijampolė,M,1972,organic_search,0
7372,1a4331917859,2026-09-16,LT,,M,1981,paid_social,1
7373,e27b567a6cb8,2026-09-16,LT,Kaunas,F,1974,paid_social,1
7374,3f22ff133736,2026-09-17,LT,Šiauliai,F,,organic_search,1
7375,3c218137ef06,2026-09-17,LT,Mažeikiai,F,1969,organic_search,0
7376,fa14d943cb0b,2026-09-17,LT,Kaunas,M,,email,1
7377,1411eed8265f,2026-09-17,LT,Vilnius,M,1995,direct,1
7378,9eaa1fae35bd,2026-09-17,LT,Vilnius,F,1986,organic_search,0
7379,b244f4142fb8,2026-09-17,LT,Vilnius,M,1994,organic_search,0
7380,57e1f0036614,2026-09-18,LT,,M,1986,affiliate,1
7381,1f5b15625f53,2026-09-18,LT,Klaipėda,M,1984,organic_search,1
7382,702d3916a02a,2026-09-18,LT,Šiauliai,F,1996,affiliate,0
7383,b2120320eac9,2026-09-18,LT,Vilnius,M,1989,email,1
7384,6edfbe875845,2026-09-19,EE,Tallinn,M,1978,paid_social,0
7385,f34ce376ab78,2026-09-19,LV,Sigulda,M,1982,organic_search,0
7386,6eb2df64752c,2026-09-19,LT,Kaunas,F,2006,paid_search,1
7387,63bf180043ad,2026-09-19,EE,,M,,affiliate,0
7388,398a5617bd36,2026-09-19,LT,Vilnius,M,1978,organic_search,1
7389,52fb16ba24d7,2026-09-19,LT,Raseiniai,,1992,organic_search,1
7390,9752a9e12e59,2026-09-19,LT,Vilnius,F,1995,organic_search,1
7391,ec20b6829f4b,2026-09-19,LT,Kaunas,M,1993,organic_search,1
7392,aea41f608204,2026-09-19,LT,Klaipėda,F,1995,paid_search,1
7393,42d39d77f8b6,2026-09-19,LT,Vilnius,F,1977,paid_social,0
7394,929853bb6e39,2026-09-19,LT,Kaunas,F,1978,paid_social,0
7395,e281420fb496,2026-09-20,LT,,M,1982,organic_search,0
7396,eaab17ce5d59,2026-09-20,LT,Šiauliai,F,1983,organic_search,0
7397,c2f327912e68,2026-09-20,LT,Vilnius,M,1962,organic_search,1
7398,04a2477a3fbc,2026-09-20,LT,Panevėžys,F,1994,paid_social,1
7399,093088b14f4c,2026-09-20,LT,Anykščiai,M,1971,direct,1
7400,5489bb9b0fd3,2026-09-20,LT,Vilnius,F,,organic_search,0
7401,73b476906cf2,2026-09-20,LT,,M,1984,direct,1
7402,e0ae7ee60074,2026-09-20,LT,,M,1995,direct,1
7403,01e3763e4ea4,2026-09-20,LT,Telšiai,M,1986,organic_search,1
7404,95da8c180e81,2026-09-21,LT,Klaipėda,M,1981,organic_search,0
7405,d958e3c1412e,2026-09-21,LT,Vilnius,M,1959,organic_search,0
7406,cacaf7a5a47d,2026-09-21,LT,Vilnius,F,1987,paid_search,1
7407,4b4f1b62425d,2026-09-21,EE,Tallinn,F,1974,affiliate,0
7408,85798ab38aa8,2026-09-21,LT,Prienai,F,1993,paid_social,1
7409,eb8f4a0c7275,2026-09-21,LV,Rīga,F,1994,organic_search,0
7410,0310a23b6979,2026-09-21,EE,Tallinn,M,1998,paid_social,1
7411,26989b26cd8f,2026-09-21,LT,Jurbarkas,F,1984,paid_social,1
7412,cfc530d51490,2026-09-22,LV,Liepaja,F,1974,email,1
7413,d723719ed071,2026-09-22,LT,Vilnius,F,1987,paid_search,1
7414,fe9381e229f7,2026-09-22,LV,Rīga,F,1980,paid_search,0
7415,d6f699adef77,2026-09-22,LT,Gargždai,F,2003,paid_search,1
7416,0d7f9073a818,2026-09-22,LT, Kaunas,F,1991,organic_search,1
7417,4f294461244d,2026-09-22,LT,Vilnius,M,1978,email,1
7418,a47a2fd6efa6,2026-09-22,LT,Kaunas,F,1982,affiliate,1
7419,05cc88147c53,2026-09-22,LT,Vilnius,F,1980,paid_social,0
7420,6b9fb5c9bba7,2026-09-22,LV,Rīga,M,1997,paid_social,1
7421,ad90c74d6ae3,2026-09-22,LV,Riga,F,1998,paid_social,0
7422,92f1b13d6d66,2026-09-22,LT,Kaunas,F,1964,referral,0
7423,04c7d1dc4733,2026-09-23,LT,vilnius,M,2007,paid_search,0
7424,46fbc11d9fe7,2026-09-23,LT,kaunas,M,1977,direct,1
7425,c86ebb6bcd85,2026-09-23,LT,Kaunas,F,1991,affiliate,0
7426,bfce47834d85,2026-09-23,LV,Rīga,F,1969,paid_social,0
7427,39f546e59793,2026-09-23,LV,Rīga,F,1979,organic_search,0
7428,9b0dc58d1aaa,2026-09-23,LV,Tukums,M,1998,organic_search,0
7429,a848d7d240ba,2026-09-23,LT,Kretinga,F,1981,referral,0
7430,997942063fb0,2026-09-23,LT,Vilnius,M,1968,paid_social,0
7431,9fadad4ba3d5,2026-09-23,LT,Klaipėda,F,1981,affiliate,1
7432,cd09679c214b,2026-09-24,LT,Vilnisu,M,1989,paid_social,0
7433,f5ba77fea845,2026-09-24,LT,Šiauliai,F,1988,paid_social,0
7434,2114076f33eb,2026-09-24,LT,Visaginas,M,1986,organic_search,0
7435,d74a6ecc8d6d,2026-09-24,LT,Kaunas,M,1992,paid_social,1
7436,4d894fe740da,2026-09-24,LV,Rīga,M,2006,paid_search,1
7437,8373c38e9466,2026-09-24,LV,Jelgava,F,2006,organic_search,0
7438,ea8519b22645,2026-09-24,LT,utena,M,1993,direct,1
7439,76011ae7ba96,2026-09-24,LT,Vilnius,M,,organic_search,0
7440,0c93eaa7e0c3,2026-09-24,LT,Ukmerge,M,1993,organic_search,0
7441,d30131098c32,2026-09-24,LT,Vilnius,F,1970,organic_search,0
7442,89b264d47fab,2026-09-24,LT,Vilnius,F,2000,direct,1
7443,08de288a565b,2026-09-24,LV,Rīga,,1977,affiliate,1
7444,028523778181,2026-09-25,LT,Vilnius,M,1981,direct,1
7445,e0b3f49a9bac,2026-09-25,LV,Daugavpils,M,,organic_search,0
7446,c97ac930f55e,2026-09-25,LT,Jurbarkas,F,1987,paid_search,1
7447,dc376348e729,2026-09-25,LT,Klaipėda,F,1985,organic_search,0
7448,8f1848351374,2026-09-26,LT,,F,2000,paid_search,1
7449,71a235921d0f,2026-09-26,LT,Kaunas,F,1982,paid_social,1
7450,21ccc9f6837e,2026-09-26,LT,Vilnius,M,1981,paid_social,1
7451,3f7fff9baba4,2026-09-26,EE,Tallinn,F,1999,organic_search,1
7452,21979f84df79,2026-09-26,LV,daugavpils,F,,organic_search,1
7453,2d8fd816afba,2026-09-26,LT,Vilnius ,,2000,organic_search,0
7454,e0ee340ba330,2026-09-26,LT,Šiauliai,F,2002,affiliate,1
7455,66e997a1861f,2026-09-26,LT,Vilnuis,M,1989,direct,0
7456,4619ff583b54,2026-09-26,LT,,M,1983,organic_search,0
7457,0be4bbb65b61,2026-09-26,LT,,F,1985,organic_search,1
7458,1a71dc0db642,2026-09-27,LT,Kaunas,F,,paid_search,1
7459,039ff9558989,2026-09-27,LT,Vilnius,M,1991,referral,0
7460,0739f00fb732,2026-09-27,LT,Vilnius,M,1975,referral,1
7461,32dc9ba4ec42,2026-09-28,LT,Vilnius,M,1988,paid_social,0
7462,47851c102804,2026-09-28,LT,Panevėžys,F,1989,direct,1
7463,d265c75521ba,2026-09-28,LT,Vilnius,F,1971,organic_search,1
7464,5289d31ae346,2026-09-28,LT,Panevėžys,F,,paid_social,1
7465,3708928e69f6,2026-09-28,LT,Vilnius,M,1975,paid_search,1
7466,d04270177962,2026-09-29,LT,Kaunas,M,1988,affiliate,1
7467,ab0dd02a09f5,2026-09-29,LT,Marijampolė,M,1982,paid_social,1
7468,f899146efc7c,2026-09-29,LT,,F,2005,paid_social,1
7469,74f49d08e42a,2026-09-29,LT,Vilnius,F,1977,affiliate,1
7470,636767aa89e3,2026-09-29,LT,Kaunas,F,1972,organic_search,1
7471,718940105d5b,2026-09-29,LT,vilnius,F,1999,referral,1
7472,d5d1a8bab865,2026-09-29,LT,Klaipėda,M,2001,organic_search,1
7473,281e978f5c51,2026-09-29,EE,Kuressaare,M,1993,email,1
7474,8d323bfb68a1,2026-09-30,LT,Klaipėda,M,1968,organic_search,0
7475,1939108291c2,2026-09-30,LT,Jonava,M,,paid_social,1
7476,b367a292e8e7,2026-09-30,LT,Vilnius,F,2006,organic_search,1
7477,cecc41c1fd61,2026-09-30,LT,Mažeikiai,F,1962,paid_social,0
7478,e7e7738306fe,2026-09-30,LT,Plungė,M,1984,paid_search,0
7479,017a2acae8ff,2026-09-30,LT,Šiauliai,F,1989,organic_search,0
7480,8df6b31b2ecd,2026-09-30,LT,Vilnis,M,1988,paid_search,0
7481,0a2d69c13d03,2026-09-30,LT,klaipėda,M,1996,direct,1
7482,db4f458dbe52,2026-09-30,LT,Marijampolė,F,1992,paid_social,0
7483,a1afeae435a6,2026-09-30,LT,,F,1974,organic_search,1
