spend_date,channel,campaign_type,impressions,clicks,spend_eur,platform_conversions
2024-01-01,affiliate,commission,528,2,0.0,0
2024-01-01,email,newsletter_platform,7,6,1.58,0
2024-01-01,organic_search,seo_retainer,1076,29,14.52,
2024-01-01,paid_search,brand,7,2,0.27,0
2024-01-01,paid_search,non_brand,83,4,1.87,0
2024-01-01,paid_social,prospecting,223,2,0.57,0
2024-01-01,paid_social,retargeting,68,1,0.38,0
2024-01-02,affiliate,commission,606,2,0.0,0
2024-01-02,email,newsletter_platform,7,2,1.58,0
2024-01-02,organic_search,seo_retainer,911,30,14.52,
2024-01-02,paid_search,brand,13,3,0.34,0
2024-01-02,paid_search,non_brand,140,7,3.48,0
2024-01-02,paid_social,prospecting,693,6,1.73,2
2024-01-02,paid_social,retargeting,142,2,0.59,2
2024-01-03,affiliate,commission,788,3,0.0,0
2024-01-03,email,newsletter_platform,9,2,1.58,0
2024-01-03,organic_search,seo_retainer,1465,39,14.52,
2024-01-03,paid_search,brand,13,3,0.47,0
2024-01-03,paid_search,non_brand,187,8,3.75,0
2024-01-03,paid_social,prospecting,795,8,2.4,1
2024-01-03,paid_social,retargeting,202,3,0.93,1
2024-01-04,affiliate,commission,515,2,0.0,0
2024-01-04,email,newsletter_platform,5,0,1.58,0
2024-01-04,organic_search,seo_retainer,660,20,14.52,
2024-01-04,paid_search,brand,12,3,0.41,0
2024-01-04,paid_search,non_brand,176,8,3.98,0
2024-01-04,paid_social,prospecting,496,5,1.17,0
2024-01-04,paid_social,retargeting,67,1,0.34,0
2024-01-05,affiliate,commission,1173,4,0.0,0
2024-01-05,email,newsletter_platform,10,0,1.58,0
2024-01-05,organic_search,seo_retainer,814,26,14.52,
2024-01-05,paid_search,brand,27,6,0.83,1
2024-01-05,paid_search,non_brand,244,12,5.86,1
2024-01-05,paid_social,prospecting,1635,16,4.37,0
2024-01-05,paid_social,retargeting,484,6,2.47,0
2024-01-06,affiliate,commission,965,4,0.0,0
2024-01-06,email,newsletter_platform,6,0,1.58,0
2024-01-06,organic_search,seo_retainer,1059,33,14.52,
2024-01-06,paid_search,brand,11,2,0.28,0
2024-01-06,paid_search,non_brand,131,5,2.64,0
2024-01-06,paid_social,prospecting,1007,9,2.4,0
2024-01-06,paid_social,retargeting,205,3,0.99,0
2024-01-07,affiliate,commission,1981,7,0.0,0
2024-01-07,email,newsletter_platform,6,4,1.58,0
2024-01-07,organic_search,seo_retainer,1213,41,14.52,
2024-01-07,paid_search,brand,8,2,0.29,0
2024-01-07,paid_search,non_brand,82,4,1.8,0
2024-01-07,paid_social,prospecting,1970,18,5.14,1
2024-01-07,paid_social,retargeting,380,5,1.81,0
2024-01-08,affiliate,commission,1181,5,0.0,0
2024-01-08,email,newsletter_platform,9,4,1.58,0
2024-01-08,organic_search,seo_retainer,1154,35,14.52,
2024-01-08,paid_search,brand,22,5,0.65,0
2024-01-08,paid_search,non_brand,216,10,4.93,0
2024-01-08,paid_social,prospecting,1323,12,3.7,0
2024-01-08,paid_social,retargeting,262,3,1.28,0
2024-01-09,affiliate,commission,1626,7,0.0,0
2024-01-09,email,newsletter_platform,5,2,1.58,0
2024-01-09,organic_search,seo_retainer,1422,39,14.52,
2024-01-09,paid_search,brand,29,5,0.64,0
2024-01-09,paid_search,non_brand,210,11,5.74,0
2024-01-09,paid_social,prospecting,1156,11,3.04,0
2024-01-09,paid_social,retargeting,195,3,0.85,0
2024-01-10,affiliate,commission,453,2,0.0,0
2024-01-10,email,newsletter_platform,8,2,1.58,0
2024-01-10,organic_search,seo_retainer,549,18,14.52,
2024-01-10,paid_search,brand,18,4,0.58,0
2024-01-10,paid_search,non_brand,155,6,3.26,0
2024-01-10,paid_social,prospecting,1517,15,3.25,0
2024-01-10,paid_social,retargeting,359,5,1.97,0
2024-01-11,affiliate,commission,1138,4,0.0,0
2024-01-11,email,newsletter_platform,5,4,1.58,0
2024-01-11,organic_search,seo_retainer,1178,38,14.52,
2024-01-11,paid_search,brand,22,4,0.55,0
2024-01-11,paid_search,non_brand,266,10,5.59,0
2024-01-11,paid_social,prospecting,710,7,1.94,0
2024-01-11,paid_social,retargeting,139,2,0.68,0
2024-01-12,affiliate,commission,1251,5,0.0,0
2024-01-12,email,newsletter_platform,5,0,1.58,0
2024-01-12,organic_search,seo_retainer,557,19,14.52,
2024-01-12,paid_search,brand,23,4,0.55,0
2024-01-12,paid_search,non_brand,156,7,3.51,0
2024-01-12,paid_social,prospecting,584,5,1.48,0
2024-01-12,paid_social,retargeting,67,1,0.35,0
2024-01-13,affiliate,commission,1240,4,0.0,0
2024-01-13,email,newsletter_platform,9,2,1.58,0
2024-01-13,organic_search,seo_retainer,650,19,14.52,
2024-01-13,paid_search,brand,17,3,0.42,1
2024-01-13,paid_search,non_brand,117,5,2.35,0
2024-01-13,paid_social,prospecting,1722,17,3.71,0
2024-01-13,paid_social,retargeting,317,4,1.62,0
2024-01-14,affiliate,commission,729,3,0.0,0
2024-01-14,email,newsletter_platform,10,4,1.58,0
2024-01-14,organic_search,seo_retainer,1060,38,14.52,
2024-01-14,paid_search,brand,8,2,0.25,0
2024-01-14,paid_search,non_brand,87,4,2.36,0
2024-01-14,paid_social,prospecting,534,6,1.28,0
2024-01-14,paid_social,retargeting,143,2,0.71,0
2024-01-15,affiliate,commission,1371,5,0.0,0
2024-01-15,email,newsletter_platform,11,2,1.58,0
2024-01-15,organic_search,seo_retainer,754,27,14.52,
2024-01-15,paid_search,brand,9,2,0.26,0
2024-01-15,paid_search,non_brand,93,4,1.8,0
2024-01-15,paid_social,prospecting,851,9,2.03,0
2024-01-15,paid_social,retargeting,260,4,1.24,0
2024-01-16,affiliate,commission,1609,5,0.0,0
2024-01-16,email,newsletter_platform,5,6,1.58,0
2024-01-16,organic_search,seo_retainer,837,30,14.52,
2024-01-16,paid_search,brand,16,4,0.51,0
2024-01-16,paid_search,non_brand,157,8,4.47,0
2024-01-16,paid_social,prospecting,1986,16,5.29,0
2024-01-16,paid_social,retargeting,431,6,2.08,0
2024-01-17,affiliate,commission,932,4,0.0,0
2024-01-17,email,newsletter_platform,12,2,1.58,0
2024-01-17,organic_search,seo_retainer,564,20,14.52,
2024-01-17,paid_search,brand,8,2,0.29,0
2024-01-17,paid_search,non_brand,145,6,2.68,0
2024-01-17,paid_social,prospecting,1858,16,4.07,0
2024-01-17,paid_social,retargeting,364,6,2.01,0
2024-01-18,affiliate,commission,1216,4,0.0,0
2024-01-18,email,newsletter_platform,12,4,1.58,0
2024-01-18,organic_search,seo_retainer,762,26,14.52,
2024-01-18,paid_search,brand,15,3,0.36,0
2024-01-18,paid_search,non_brand,103,5,2.95,0
2024-01-18,paid_social,prospecting,364,4,1.01,0
2024-01-18,paid_social,retargeting,78,1,0.34,0
2024-01-19,affiliate,commission,991,4,0.0,0
2024-01-19,email,newsletter_platform,12,0,1.58,0
2024-01-19,organic_search,seo_retainer,1492,39,14.52,
2024-01-19,paid_search,brand,23,4,0.52,0
2024-01-19,paid_search,non_brand,160,8,3.69,0
2024-01-19,paid_social,prospecting,1178,13,2.94,0
2024-01-19,paid_social,retargeting,330,5,1.8,0
2024-01-20,affiliate,commission,463,0,0.0,0
2024-01-20,email,newsletter_platform,6,2,1.58,0
2024-01-20,organic_search,seo_retainer,1274,44,14.52,
2024-01-20,paid_search,brand,11,2,0.34,0
2024-01-20,paid_search,non_brand,95,4,2.19,0
2024-01-20,paid_social,prospecting,2585,26,6.45,0
2024-01-20,paid_social,retargeting,879,10,4.02,0
2024-01-21,affiliate,commission,999,3,0.0,0
2024-01-21,email,newsletter_platform,6,0,1.58,0
2024-01-21,organic_search,seo_retainer,753,26,14.52,
2024-01-21,paid_search,brand,8,2,0.29,0
2024-01-21,paid_search,non_brand,148,7,3.69,0
2024-01-21,paid_social,prospecting,1152,10,2.73,0
2024-01-21,paid_social,retargeting,273,3,1.3,0
2024-01-22,affiliate,commission,2951,13,0.0,0
2024-01-22,email,newsletter_platform,7,4,1.58,0
2024-01-22,organic_search,seo_retainer,1490,50,14.52,
2024-01-22,paid_search,brand,24,5,0.71,0
2024-01-22,paid_search,non_brand,182,9,4.74,0
2024-01-22,paid_social,prospecting,2189,22,5.69,0
2024-01-22,paid_social,retargeting,425,6,1.8,0
2024-01-23,affiliate,commission,615,2,0.0,0
2024-01-23,email,newsletter_platform,9,13,1.58,0
2024-01-23,organic_search,seo_retainer,1342,38,14.52,
2024-01-23,paid_search,brand,22,5,0.68,0
2024-01-23,paid_search,non_brand,282,11,5.93,0
2024-01-23,paid_social,prospecting,1126,14,2.92,0
2024-01-23,paid_social,retargeting,293,4,1.53,0
2024-01-24,affiliate,commission,1149,5,0.0,0
2024-01-24,email,newsletter_platform,7,0,1.58,0
2024-01-24,organic_search,seo_retainer,858,23,14.52,
2024-01-24,paid_search,brand,9,2,0.27,0
2024-01-24,paid_search,non_brand,106,4,1.63,0
2024-01-24,paid_social,prospecting,785,8,2.12,0
2024-01-24,paid_social,retargeting,196,3,1.02,0
2024-01-25,affiliate,commission,1459,5,0.0,0
2024-01-25,email,newsletter_platform,10,0,1.58,0
2024-01-25,organic_search,seo_retainer,915,30,14.52,
2024-01-25,paid_search,brand,20,5,0.61,0
2024-01-25,paid_search,non_brand,161,9,4.17,0
2024-01-25,paid_social,prospecting,937,10,2.45,1
2024-01-25,paid_social,retargeting,318,4,1.41,1
2024-01-26,affiliate,commission,1279,4,0.0,0
2024-01-26,email,newsletter_platform,8,4,1.58,0
2024-01-26,organic_search,seo_retainer,871,25,14.52,
2024-01-26,paid_search,brand,8,2,0.27,0
2024-01-26,paid_search,non_brand,118,5,2.1,0
2024-01-26,paid_social,prospecting,1634,18,4.22,0
2024-01-26,paid_social,retargeting,300,5,1.3,0
2024-01-27,affiliate,commission,2038,7,0.0,0
2024-01-27,email,newsletter_platform,7,2,1.58,0
2024-01-27,organic_search,seo_retainer,1255,37,14.52,
2024-01-27,paid_search,brand,27,7,0.96,0
2024-01-27,paid_search,non_brand,288,15,6.67,0
2024-01-27,paid_social,prospecting,2363,20,5.74,0
2024-01-27,paid_social,retargeting,552,8,2.58,0
2024-01-28,affiliate,commission,1258,5,0.0,0
2024-01-28,email,newsletter_platform,8,6,1.58,0
2024-01-28,organic_search,seo_retainer,1423,46,14.52,
2024-01-28,paid_search,brand,19,5,0.66,1
2024-01-28,paid_search,non_brand,173,10,4.78,2
2024-01-28,paid_social,prospecting,1763,17,4.52,0
2024-01-28,paid_social,retargeting,429,6,2.44,0
2024-01-29,affiliate,commission,1582,5,0.0,0
2024-01-29,email,newsletter_platform,10,17,1.58,0
2024-01-29,organic_search,seo_retainer,2253,59,14.52,
2024-01-29,paid_search,brand,29,6,0.73,0
2024-01-29,paid_search,non_brand,226,11,4.41,1
2024-01-29,paid_social,prospecting,2679,26,6.19,0
2024-01-29,paid_social,retargeting,355,6,1.89,0
2024-01-30,affiliate,commission,2527,11,0.0,2
2024-01-30,email,newsletter_platform,12,6,1.58,0
2024-01-30,organic_search,seo_retainer,1568,42,14.52,
2024-01-30,paid_search,brand,36,9,1.28,0
2024-01-30,paid_search,non_brand,427,14,7.34,0
2024-01-30,paid_social,prospecting,1844,17,5.52,1
2024-01-30,paid_social,retargeting,458,6,2.01,1
2024-01-31,affiliate,commission,1396,6,0.0,0
2024-01-31,email,newsletter_platform,12,4,1.58,0
2024-01-31,organic_search,seo_retainer,697,24,14.52,
2024-01-31,paid_search,brand,29,6,0.87,0
2024-01-31,paid_search,non_brand,237,12,5.74,2
2024-01-31,paid_social,prospecting,1322,14,3.53,0
2024-01-31,paid_social,retargeting,338,5,1.68,0
2024-02-01,affiliate,commission,2304,10,0.0,0
2024-02-01,email,newsletter_platform,10,9,1.69,0
2024-02-01,organic_search,seo_retainer,1134,30,15.52,
2024-02-01,paid_search,brand,30,7,1.01,0
2024-02-01,paid_search,non_brand,385,14,7.01,0
2024-02-01,paid_social,prospecting,1802,20,4.87,0
2024-02-01,paid_social,retargeting,584,9,2.79,0
2024-02-02,affiliate,commission,2279,10,0.0,2
2024-02-02,email,newsletter_platform,11,2,1.69,0
2024-02-02,organic_search,seo_retainer,2035,58,15.52,
2024-02-02,paid_search,brand,18,4,0.57,0
2024-02-02,paid_search,non_brand,167,7,5.3,0
2024-02-02,paid_social,prospecting,1698,19,4.7,0
2024-02-02,paid_social,retargeting,300,5,1.69,1
2024-02-03,affiliate,commission,1208,5,0.0,0
2024-02-03,email,newsletter_platform,8,4,1.69,0
2024-02-03,organic_search,seo_retainer,738,25,15.52,
2024-02-03,paid_search,brand,9,2,0.29,0
2024-02-03,paid_search,non_brand,114,5,2.86,0
2024-02-03,paid_social,prospecting,2567,22,6.7,0
2024-02-03,paid_social,retargeting,385,6,1.68,0
2024-02-04,affiliate,commission,778,3,0.0,0
2024-02-04,email,newsletter_platform,7,9,1.69,0
2024-02-04,organic_search,seo_retainer,851,25,15.52,
2024-02-04,paid_search,brand,4,1,0.15,0
2024-02-04,paid_search,non_brand,25,1,0.57,0
2024-02-04,paid_social,prospecting,1258,13,3.19,0
2024-02-04,paid_social,retargeting,311,4,1.43,0
2024-02-05,affiliate,commission,899,4,0.0,0
2024-02-05,email,newsletter_platform,10,8,1.69,0
2024-02-05,organic_search,seo_retainer,1448,43,15.52,
2024-02-05,paid_search,brand,32,7,1.07,0
2024-02-05,paid_search,non_brand,349,16,9.39,0
2024-02-05,paid_social,prospecting,2869,27,6.86,0
2024-02-05,paid_social,retargeting,606,9,2.72,0
2024-02-06,affiliate,commission,1330,4,0.0,0
2024-02-06,email,newsletter_platform,291,11,1.69,0
2024-02-06,organic_search,seo_retainer,1441,38,15.52,
2024-02-06,paid_search,brand,40,7,1.04,0
2024-02-06,paid_search,non_brand,316,15,9.88,0
2024-02-06,paid_social,prospecting,3123,26,7.7,0
2024-02-06,paid_social,retargeting,859,11,4.03,0
2024-02-07,affiliate,commission,1665,5,0.0,0
2024-02-07,email,newsletter_platform,14,6,1.69,1
2024-02-07,organic_search,seo_retainer,1195,37,15.52,
2024-02-07,paid_search,brand,13,3,0.42,0
2024-02-07,paid_search,non_brand,105,4,2.23,0
2024-02-07,paid_social,prospecting,1727,19,4.33,1
2024-02-07,paid_social,retargeting,374,7,1.93,0
2024-02-08,affiliate,commission,3003,13,0.0,0
2024-02-08,email,newsletter_platform,15,2,1.69,0
2024-02-08,organic_search,seo_retainer,1901,50,15.52,
2024-02-08,paid_search,brand,34,6,0.8,1
2024-02-08,paid_search,non_brand,274,10,6.5,0
2024-02-08,paid_social,prospecting,2118,18,4.42,0
2024-02-08,paid_social,retargeting,461,6,2.24,0
2024-02-09,affiliate,commission,4599,14,0.0,0
2024-02-09,email,newsletter_platform,13,5,1.69,2
2024-02-09,organic_search,seo_retainer,1024,32,15.52,
2024-02-09,paid_search,brand,35,8,1.29,0
2024-02-09,paid_search,non_brand,237,13,6.32,1
2024-02-09,paid_social,prospecting,2871,25,7.04,0
2024-02-09,paid_social,retargeting,819,11,3.41,0
2024-02-10,affiliate,commission,3495,12,0.0,1
2024-02-10,email,newsletter_platform,12,0,1.69,0
2024-02-10,organic_search,seo_retainer,1731,46,15.52,
2024-02-10,paid_search,brand,12,3,0.42,0
2024-02-10,paid_search,non_brand,96,4,2.04,0
2024-02-10,paid_social,prospecting,1853,17,5.26,0
2024-02-10,paid_social,retargeting,501,7,2.0,0
2024-02-11,affiliate,commission,2311,10,0.0,0
2024-02-11,email,newsletter_platform,14,7,1.69,0
2024-02-11,organic_search,seo_retainer,2130,60,15.52,
2024-02-11,paid_search,brand,25,6,0.93,1
2024-02-11,paid_search,non_brand,342,16,9.88,1
2024-02-11,paid_social,prospecting,2708,22,6.88,0
2024-02-11,paid_social,retargeting,400,6,1.87,0
2024-02-12,affiliate,commission,2165,8,0.0,0
2024-02-12,email,newsletter_platform,15,9,1.69,0
2024-02-12,organic_search,seo_retainer,1511,48,15.52,
2024-02-12,paid_search,brand,29,7,1.06,0
2024-02-12,paid_search,non_brand,303,14,8.05,0
2024-02-12,paid_social,prospecting,1838,20,4.76,0
2024-02-12,paid_social,retargeting,538,8,2.43,0
2024-02-13,affiliate,commission,650,0,0.0,0
2024-02-13,email,newsletter_platform,320,13,1.69,0
2024-02-13,organic_search,seo_retainer,1256,45,15.52,
2024-02-13,paid_search,brand,25,6,0.93,0
2024-02-13,paid_search,non_brand,391,14,6.31,0
2024-02-13,paid_social,prospecting,2217,22,5.65,0
2024-02-13,paid_social,retargeting,566,7,2.74,1
2024-02-14,affiliate,commission,1138,4,0.0,0
2024-02-14,email,newsletter_platform,9,11,1.69,0
2024-02-14,organic_search,seo_retainer,801,26,15.52,
2024-02-14,paid_search,brand,5,1,0.15,0
2024-02-14,paid_search,non_brand,82,3,1.93,0
2024-02-14,paid_social,prospecting,1410,15,3.46,0
2024-02-14,paid_social,retargeting,288,4,1.35,0
2024-02-15,affiliate,commission,972,3,0.0,0
2024-02-15,email,newsletter_platform,8,2,1.69,0
2024-02-15,organic_search,seo_retainer,719,25,15.52,
2024-02-15,paid_search,brand,37,7,1.13,0
2024-02-15,paid_search,non_brand,256,13,6.65,0
2024-02-15,paid_social,prospecting,1927,19,4.97,0
2024-02-15,paid_social,retargeting,700,7,3.61,0
2024-02-16,affiliate,commission,3984,12,0.0,1
2024-02-16,email,newsletter_platform,11,4,1.69,1
2024-02-16,organic_search,seo_retainer,1179,33,15.52,
2024-02-16,paid_search,brand,11,3,0.47,0
2024-02-16,paid_search,non_brand,159,8,4.48,0
2024-02-16,paid_social,prospecting,1903,20,4.78,0
2024-02-16,paid_social,retargeting,607,8,2.63,0
2024-02-17,affiliate,commission,1301,4,0.0,0
2024-02-17,email,newsletter_platform,7,0,1.69,0
2024-02-17,organic_search,seo_retainer,1174,31,15.52,
2024-02-17,paid_search,brand,13,3,0.4,0
2024-02-17,paid_search,non_brand,190,9,4.33,0
2024-02-17,paid_social,prospecting,3590,29,8.88,5
2024-02-17,paid_social,retargeting,683,10,2.87,2
2024-02-18,affiliate,commission,3068,11,0.0,1
2024-02-18,email,newsletter_platform,7,2,1.69,0
2024-02-18,organic_search,seo_retainer,1799,49,15.52,
2024-02-18,paid_search,brand,32,8,1.17,0
2024-02-18,paid_search,non_brand,385,12,6.33,0
2024-02-18,paid_social,prospecting,4107,36,9.69,0
2024-02-18,paid_social,retargeting,1055,16,4.94,0
2024-02-19,affiliate,commission,2315,9,0.0,0
2024-02-19,email,newsletter_platform,12,2,1.69,0
2024-02-19,organic_search,seo_retainer,1953,69,15.52,
2024-02-19,paid_search,brand,54,11,1.62,0
2024-02-19,paid_search,non_brand,382,16,9.22,1
2024-02-19,paid_social,prospecting,2354,20,5.36,0
2024-02-19,paid_social,retargeting,672,9,2.94,0
2024-02-20,affiliate,commission,533,2,0.0,0
2024-02-20,email,newsletter_platform,344,8,1.69,0
2024-02-20,organic_search,seo_retainer,1785,51,15.52,
2024-02-20,paid_search,brand,44,9,1.38,1
2024-02-20,paid_search,non_brand,614,24,12.91,2
2024-02-20,paid_social,prospecting,1410,17,3.54,0
2024-02-20,paid_social,retargeting,423,7,1.98,0
2024-02-21,affiliate,commission,1131,5,0.0,0
2024-02-21,email,newsletter_platform,9,11,1.69,1
2024-02-21,organic_search,seo_retainer,1170,34,15.52,
2024-02-21,paid_search,brand,22,5,0.79,0
2024-02-21,paid_search,non_brand,217,10,5.95,0
2024-02-21,paid_social,prospecting,2109,22,5.02,0
2024-02-21,paid_social,retargeting,419,6,2.1,0
2024-02-22,affiliate,commission,687,3,0.0,0
2024-02-22,email,newsletter_platform,10,0,1.69,0
2024-02-22,organic_search,seo_retainer,766,25,15.52,
2024-02-22,paid_search,brand,27,5,0.81,0
2024-02-22,paid_search,non_brand,177,8,4.9,0
2024-02-22,paid_social,prospecting,1194,11,3.01,0
2024-02-22,paid_social,retargeting,196,3,0.89,0
2024-02-23,affiliate,commission,1646,7,0.0,0
2024-02-23,email,newsletter_platform,11,2,1.69,0
2024-02-23,organic_search,seo_retainer,922,24,15.52,
2024-02-23,paid_search,brand,16,3,0.44,0
2024-02-23,paid_search,non_brand,141,7,3.99,0
2024-02-23,paid_social,prospecting,3128,23,7.9,0
2024-02-23,paid_social,retargeting,627,9,2.69,0
2024-02-24,affiliate,commission,1372,5,0.0,0
2024-02-24,email,newsletter_platform,15,2,1.69,0
2024-02-24,organic_search,seo_retainer,1931,60,15.52,
2024-02-24,paid_search,brand,36,8,1.16,0
2024-02-24,paid_search,non_brand,376,16,9.09,2
2024-02-24,paid_social,prospecting,1943,14,4.44,0
2024-02-24,paid_social,retargeting,453,5,2.25,0
2024-02-25,affiliate,commission,475,0,0.0,1
2024-02-25,email,newsletter_platform,11,6,1.69,0
2024-02-25,organic_search,seo_retainer,2223,60,15.52,
2024-02-25,paid_search,brand,30,6,1.04,0
2024-02-25,paid_search,non_brand,218,11,5.36,0
2024-02-25,paid_social,prospecting,2408,23,5.33,2
2024-02-25,paid_social,retargeting,452,6,2.19,0
2024-02-26,affiliate,commission,1203,5,0.0,0
2024-02-26,email,newsletter_platform,11,2,1.69,0
2024-02-26,organic_search,seo_retainer,762,26,15.52,
2024-02-26,paid_search,brand,26,5,0.82,0
2024-02-26,paid_search,non_brand,270,13,8.33,0
2024-02-26,paid_social,prospecting,1672,17,3.94,1
2024-02-26,paid_social,retargeting,347,5,1.52,0
2024-02-27,affiliate,commission,1274,4,0.0,0
2024-02-27,email,newsletter_platform,383,4,1.69,0
2024-02-27,organic_search,seo_retainer,1626,49,15.52,
2024-02-27,paid_search,brand,11,3,0.4,1
2024-02-27,paid_search,non_brand,135,7,4.08,0
2024-02-27,paid_social,prospecting,1159,10,2.94,0
2024-02-27,paid_social,retargeting,206,3,1.05,0
2024-02-28,affiliate,commission,1833,7,0.0,0
2024-02-28,email,newsletter_platform,15,9,1.69,0
2024-02-28,organic_search,seo_retainer,1124,32,15.52,
2024-02-28,paid_search,brand,27,7,1.04,0
2024-02-28,paid_search,non_brand,288,13,7.55,0
2024-02-28,paid_social,prospecting,2200,17,5.54,0
2024-02-28,paid_social,retargeting,353,6,1.61,0
2024-02-29,affiliate,commission,1420,5,0.0,0
2024-02-29,email,newsletter_platform,12,5,1.69,0
2024-02-29,organic_search,seo_retainer,970,34,15.52,
2024-02-29,paid_search,brand,8,2,0.36,0
2024-02-29,paid_search,non_brand,153,6,3.46,0
2024-02-29,paid_social,prospecting,3671,27,9.82,0
2024-02-29,paid_social,retargeting,797,11,3.68,0
2024-03-01,affiliate,commission,2125,7,0.0,3
2024-03-01,email,newsletter_platform,15,2,1.58,0
2024-03-01,organic_search,seo_retainer,1601,47,14.52,
2024-03-01,paid_search,brand,40,7,1.25,1
2024-03-01,paid_search,non_brand,398,17,8.39,0
2024-03-01,paid_social,prospecting,2646,26,8.47,0
2024-03-01,paid_social,retargeting,711,10,3.31,0
2024-03-02,affiliate,commission,1232,5,0.0,0
2024-03-02,email,newsletter_platform,11,9,1.58,0
2024-03-02,organic_search,seo_retainer,1888,57,14.52,
2024-03-02,paid_search,brand,32,8,1.11,2
2024-03-02,paid_search,non_brand,325,16,9.85,0
2024-03-02,paid_social,prospecting,2848,25,8.94,0
2024-03-02,paid_social,retargeting,490,8,2.69,1
2024-03-03,affiliate,commission,3170,12,0.0,0
2024-03-03,email,newsletter_platform,15,7,1.58,0
2024-03-03,organic_search,seo_retainer,2406,68,14.52,
2024-03-03,paid_search,brand,30,6,0.84,0
2024-03-03,paid_search,non_brand,256,12,6.53,0
2024-03-03,paid_social,prospecting,2879,29,7.88,3
2024-03-03,paid_social,retargeting,567,9,3.17,2
2024-03-04,affiliate,commission,490,2,0.0,0
2024-03-04,email,newsletter_platform,14,2,1.58,0
2024-03-04,organic_search,seo_retainer,1363,48,14.52,
2024-03-04,paid_search,brand,23,6,0.85,1
2024-03-04,paid_search,non_brand,358,17,8.64,2
2024-03-04,paid_social,prospecting,2993,31,10.2,1
2024-03-04,paid_social,retargeting,722,10,3.7,1
2024-03-05,affiliate,commission,3271,10,0.0,0
2024-03-05,email,newsletter_platform,421,17,1.58,0
2024-03-05,organic_search,seo_retainer,1272,35,14.52,
2024-03-05,paid_search,brand,41,7,1.11,0
2024-03-05,paid_search,non_brand,276,13,7.54,0
2024-03-05,paid_social,prospecting,5006,42,14.87,0
2024-03-05,paid_social,retargeting,1172,17,6.25,0
2024-03-06,affiliate,commission,4385,17,3.6,1
2024-03-06,email,newsletter_platform,12,9,1.58,1
2024-03-06,organic_search,seo_retainer,1953,62,14.52,
2024-03-06,paid_search,brand,37,7,1.02,0
2024-03-06,paid_search,non_brand,436,20,10.84,0
2024-03-06,paid_social,prospecting,3241,31,9.29,0
2024-03-06,paid_social,retargeting,544,8,3.23,0
2024-03-07,affiliate,commission,1632,7,0.0,0
2024-03-07,email,newsletter_platform,9,2,1.58,0
2024-03-07,organic_search,seo_retainer,710,23,14.52,
2024-03-07,paid_search,brand,13,3,0.43,0
2024-03-07,paid_search,non_brand,113,6,3.92,0
2024-03-07,paid_social,prospecting,2337,21,6.35,0
2024-03-07,paid_social,retargeting,542,8,3.06,0
2024-03-08,affiliate,commission,501,2,0.0,0
2024-03-08,email,newsletter_platform,15,5,1.58,0
2024-03-08,organic_search,seo_retainer,1324,39,14.52,
2024-03-08,paid_search,brand,22,4,0.62,0
2024-03-08,paid_search,non_brand,226,9,5.49,0
2024-03-08,paid_social,prospecting,2049,22,4.72,0
2024-03-08,paid_social,retargeting,507,8,2.59,0
2024-03-09,affiliate,commission,454,2,0.0,0
2024-03-09,email,newsletter_platform,6,4,1.58,0
2024-03-09,organic_search,seo_retainer,1523,47,14.52,
2024-03-09,paid_search,brand,34,7,1.12,3
2024-03-09,paid_search,non_brand,235,11,6.33,4
2024-03-09,paid_social,prospecting,3245,25,9.64,0
2024-03-09,paid_social,retargeting,525,8,3.24,0
2024-03-10,affiliate,commission,1862,8,0.0,0
2024-03-10,email,newsletter_platform,7,6,1.58,0
2024-03-10,organic_search,seo_retainer,1883,58,14.52,
2024-03-10,paid_search,brand,34,6,0.9,0
2024-03-10,paid_search,non_brand,221,11,6.22,0
2024-03-10,paid_social,prospecting,2428,25,8.34,0
2024-03-10,paid_social,retargeting,483,7,2.67,0
2024-03-11,affiliate,commission,1746,6,0.0,0
2024-03-11,email,newsletter_platform,9,6,1.58,0
2024-03-11,organic_search,seo_retainer,1747,54,14.52,
2024-03-11,paid_search,brand,30,7,1.1,4
2024-03-11,paid_search,non_brand,234,11,6.03,2
2024-03-11,paid_social,prospecting,2962,23,9.18,0
2024-03-11,paid_social,retargeting,557,8,2.68,0
2024-03-12,affiliate,commission,1610,7,0.0,0
2024-03-12,email,newsletter_platform,436,22,1.58,1
2024-03-12,organic_search,seo_retainer,1033,32,14.52,
2024-03-12,paid_search,brand,27,7,1.08,0
2024-03-12,paid_search,non_brand,322,13,6.85,0
2024-03-12,paid_social,prospecting,3236,21,9.65,0
2024-03-12,paid_social,retargeting,539,8,2.61,0
2024-03-13,affiliate,commission,2623,10,0.0,0
2024-03-13,email,newsletter_platform,10,13,1.58,0
2024-03-13,organic_search,seo_retainer,1784,52,14.52,
2024-03-13,paid_search,brand,39,8,1.22,0
2024-03-13,paid_search,non_brand,325,16,8.35,0
2024-03-13,paid_social,prospecting,3352,27,10.6,0
2024-03-13,paid_social,retargeting,548,8,2.9,1
2024-03-14,affiliate,commission,1607,6,3.6,0
2024-03-14,email,newsletter_platform,12,7,1.58,0
2024-03-14,organic_search,seo_retainer,1054,31,14.52,
2024-03-14,paid_search,brand,22,4,0.59,2
2024-03-14,paid_search,non_brand,285,12,6.57,2
2024-03-14,paid_social,prospecting,4042,32,10.56,0
2024-03-14,paid_social,retargeting,830,11,4.57,3
2024-03-15,affiliate,commission,2569,11,0.0,0
2024-03-15,email,newsletter_platform,11,9,1.58,0
2024-03-15,organic_search,seo_retainer,1628,54,14.52,
2024-03-15,paid_search,brand,27,5,0.82,2
2024-03-15,paid_search,non_brand,189,9,4.63,0
2024-03-15,paid_social,prospecting,2082,24,5.37,0
2024-03-15,paid_social,retargeting,772,10,4.15,0
2024-03-16,affiliate,commission,3542,15,0.0,0
2024-03-16,email,newsletter_platform,15,2,1.58,0
2024-03-16,organic_search,seo_retainer,1506,53,14.52,
2024-03-16,paid_search,brand,56,11,1.62,0
2024-03-16,paid_search,non_brand,422,18,9.43,0
2024-03-16,paid_social,prospecting,2993,25,9.55,0
2024-03-16,paid_social,retargeting,481,7,2.7,0
2024-03-17,affiliate,commission,1629,7,0.0,1
2024-03-17,email,newsletter_platform,11,10,1.58,3
2024-03-17,organic_search,seo_retainer,1730,60,14.52,
2024-03-17,paid_search,brand,43,8,1.15,0
2024-03-17,paid_search,non_brand,364,16,8.52,0
2024-03-17,paid_social,prospecting,2850,28,8.38,0
2024-03-17,paid_social,retargeting,540,8,2.86,0
2024-03-18,affiliate,commission,954,4,2.16,0
2024-03-18,email,newsletter_platform,17,4,1.58,0
2024-03-18,organic_search,seo_retainer,1166,40,14.52,
2024-03-18,paid_search,brand,29,6,0.91,1
2024-03-18,paid_search,non_brand,272,12,6.52,0
2024-03-18,paid_social,prospecting,1892,16,5.98,0
2024-03-18,paid_social,retargeting,249,4,1.37,0
2024-03-19,affiliate,commission,5993,19,0.0,0
2024-03-19,email,newsletter_platform,485,17,1.58,2
2024-03-19,organic_search,seo_retainer,2023,58,14.52,
2024-03-19,paid_search,brand,41,7,0.94,0
2024-03-19,paid_search,non_brand,299,16,10.34,0
2024-03-19,paid_social,prospecting,3627,30,9.85,0
2024-03-19,paid_social,retargeting,897,11,5.4,0
2024-03-20,affiliate,commission,826,3,3.96,0
2024-03-20,email,newsletter_platform,15,6,1.58,0
2024-03-20,organic_search,seo_retainer,1652,55,14.52,
2024-03-20,paid_search,brand,40,8,1.2,0
2024-03-20,paid_search,non_brand,252,11,6.86,0
2024-03-20,paid_social,prospecting,3013,24,10.15,0
2024-03-20,paid_social,retargeting,429,6,2.11,0
2024-03-21,affiliate,commission,2858,9,0.0,0
2024-03-21,email,newsletter_platform,9,4,1.58,0
2024-03-21,organic_search,seo_retainer,1312,42,14.52,
2024-03-21,paid_search,brand,11,3,0.45,0
2024-03-21,paid_search,non_brand,102,5,3.36,0
2024-03-21,paid_social,prospecting,3770,31,13.34,0
2024-03-21,paid_social,retargeting,502,9,2.75,0
2024-03-22,affiliate,commission,1085,4,0.0,0
2024-03-22,email,newsletter_platform,14,9,1.58,2
2024-03-22,organic_search,seo_retainer,1329,42,14.52,
2024-03-22,paid_search,brand,15,3,0.45,0
2024-03-22,paid_search,non_brand,134,7,4.16,0
2024-03-22,paid_social,prospecting,2683,29,8.24,0
2024-03-22,paid_social,retargeting,658,9,3.4,0
2024-03-23,affiliate,commission,2256,9,0.0,0
2024-03-23,email,newsletter_platform,10,7,1.58,0
2024-03-23,organic_search,seo_retainer,688,23,14.52,
2024-03-23,paid_search,brand,22,4,0.59,0
2024-03-23,paid_search,non_brand,207,9,5.49,0
2024-03-23,paid_social,prospecting,855,10,2.32,0
2024-03-23,paid_social,retargeting,210,3,1.06,0
2024-03-24,affiliate,commission,3190,11,0.0,0
2024-03-24,email,newsletter_platform,8,4,1.58,0
2024-03-24,organic_search,seo_retainer,1366,41,14.52,
2024-03-24,paid_search,brand,49,9,1.35,0
2024-03-24,paid_search,non_brand,428,14,7.74,0
2024-03-24,paid_social,prospecting,2009,20,6.45,0
2024-03-24,paid_social,retargeting,541,8,3.12,0
2024-03-25,affiliate,commission,2990,10,0.0,0
2024-03-25,email,newsletter_platform,10,2,1.58,0
2024-03-25,organic_search,seo_retainer,1170,35,14.52,
2024-03-25,paid_search,brand,31,7,1.07,1
2024-03-25,paid_search,non_brand,273,16,9.88,2
2024-03-25,paid_social,prospecting,4232,36,11.7,1
2024-03-25,paid_social,retargeting,1009,15,5.44,0
2024-03-26,affiliate,commission,2598,11,0.0,0
2024-03-26,email,newsletter_platform,504,21,1.58,0
2024-03-26,organic_search,seo_retainer,1675,59,14.52,
2024-03-26,paid_search,brand,52,10,1.62,1
2024-03-26,paid_search,non_brand,410,18,11.21,3
2024-03-26,paid_social,prospecting,3946,29,9.8,0
2024-03-26,paid_social,retargeting,822,12,4.42,0
2024-03-27,affiliate,commission,448,2,0.0,0
2024-03-27,email,newsletter_platform,9,13,1.58,0
2024-03-27,organic_search,seo_retainer,1183,38,14.52,
2024-03-27,paid_search,brand,42,9,1.14,0
2024-03-27,paid_search,non_brand,477,20,13.29,0
2024-03-27,paid_social,prospecting,2019,18,6.53,0
2024-03-27,paid_social,retargeting,587,8,3.25,0
2024-03-28,affiliate,commission,980,4,0.0,2
2024-03-28,email,newsletter_platform,7,10,1.58,0
2024-03-28,organic_search,seo_retainer,1472,47,14.52,
2024-03-28,paid_search,brand,23,4,0.6,0
2024-03-28,paid_search,non_brand,188,8,4.18,0
2024-03-28,paid_social,prospecting,636,6,1.85,0
2024-03-28,paid_social,retargeting,144,2,0.73,0
2024-03-29,affiliate,commission,1348,5,0.0,0
2024-03-29,email,newsletter_platform,10,4,1.58,0
2024-03-29,organic_search,seo_retainer,1394,44,14.52,
2024-03-29,paid_search,brand,42,9,1.53,0
2024-03-29,paid_search,non_brand,334,15,9.07,0
2024-03-29,paid_social,prospecting,2094,21,5.33,1
2024-03-29,paid_social,retargeting,434,6,1.92,1
2024-03-30,affiliate,commission,1208,5,0.0,0
2024-03-30,email,newsletter_platform,8,2,1.58,0
2024-03-30,organic_search,seo_retainer,1417,50,14.52,
2024-03-30,paid_search,brand,24,5,0.75,0
2024-03-30,paid_search,non_brand,193,9,4.27,0
2024-03-30,paid_social,prospecting,5369,48,16.31,0
2024-03-30,paid_social,retargeting,1065,14,5.69,0
2024-03-31,affiliate,commission,2926,12,0.0,0
2024-03-31,email,newsletter_platform,9,4,1.58,0
2024-03-31,organic_search,seo_retainer,1553,48,14.52,
2024-03-31,paid_search,brand,31,8,1.19,4
2024-03-31,paid_search,non_brand,384,17,9.33,4
2024-03-31,paid_social,prospecting,3112,31,9.0,0
2024-03-31,paid_social,retargeting,828,12,4.84,0
2024-04-01,affiliate,commission,3507,14,0.0,0
2024-04-01,email,newsletter_platform,9,13,1.63,0
2024-04-01,organic_search,seo_retainer,2949,87,15.0,
2024-04-01,paid_search,brand,26,7,1.11,0
2024-04-01,paid_search,non_brand,433,13,7.22,0
2024-04-01,paid_social,prospecting,3339,31,9.42,0
2024-04-01,paid_social,retargeting,863,12,4.71,2
2024-04-02,affiliate,commission,1589,5,12.81,0
2024-04-02,email,newsletter_platform,536,24,1.63,0
2024-04-02,organic_search,seo_retainer,1064,36,15.0,
2024-04-02,paid_search,brand,29,5,0.72,2
2024-04-02,paid_search,non_brand,187,10,6.5,1
2024-04-02,paid_social,prospecting,2355,25,7.37,0
2024-04-02,paid_social,retargeting,631,9,3.44,0
2024-04-03,affiliate,commission,2224,10,0.0,0
2024-04-03,email,newsletter_platform,9,13,1.63,0
2024-04-03,organic_search,seo_retainer,1635,53,15.0,
2024-04-03,paid_search,brand,35,8,1.39,0
2024-04-03,paid_search,non_brand,472,20,9.78,1
2024-04-03,paid_social,prospecting,1758,19,5.1,0
2024-04-03,paid_social,retargeting,466,6,3.08,0
2024-04-04,affiliate,commission,2068,7,0.0,0
2024-04-04,email,newsletter_platform,15,6,1.63,0
2024-04-04,organic_search,seo_retainer,2403,71,15.0,
2024-04-04,paid_search,brand,36,8,1.18,0
2024-04-04,paid_search,non_brand,674,24,12.85,1
2024-04-04,paid_social,prospecting,3830,37,11.98,0
2024-04-04,paid_social,retargeting,847,13,4.52,0
2024-04-05,affiliate,commission,1755,7,0.0,3
2024-04-05,email,newsletter_platform,12,2,1.63,0
2024-04-05,organic_search,seo_retainer,1298,39,15.0,
2024-04-05,paid_search,brand,29,5,0.79,0
2024-04-05,paid_search,non_brand,250,10,6.66,0
2024-04-05,paid_social,prospecting,3253,37,10.64,0
2024-04-05,paid_social,retargeting,965,12,4.59,0
2024-04-06,affiliate,commission,2483,8,0.0,0
2024-04-06,email,newsletter_platform,11,9,1.63,0
2024-04-06,organic_search,seo_retainer,2004,66,15.0,
2024-04-06,paid_search,brand,57,10,1.44,0
2024-04-06,paid_search,non_brand,806,25,11.84,0
2024-04-06,paid_social,prospecting,2532,29,8.39,0
2024-04-06,paid_social,retargeting,734,11,4.73,0
2024-04-07,affiliate,commission,3120,12,0.0,0
2024-04-07,email,newsletter_platform,10,4,1.63,0
2024-04-07,organic_search,seo_retainer,2551,84,15.0,
2024-04-07,paid_search,brand,44,9,1.32,0
2024-04-07,paid_search,non_brand,414,19,10.84,0
2024-04-07,paid_social,prospecting,3824,38,11.28,1
2024-04-07,paid_social,retargeting,1034,15,5.18,1
2024-04-08,affiliate,commission,796,3,0.0,0
2024-04-08,email,newsletter_platform,18,8,1.63,3
2024-04-08,organic_search,seo_retainer,2343,73,15.0,
2024-04-08,paid_search,brand,38,9,1.33,1
2024-04-08,paid_search,non_brand,401,17,10.86,1
2024-04-08,paid_social,prospecting,3075,32,8.2,2
2024-04-08,paid_social,retargeting,560,9,2.93,1
2024-04-09,affiliate,commission,3092,13,0.0,0
2024-04-09,email,newsletter_platform,584,31,1.63,1
2024-04-09,organic_search,seo_retainer,1908,64,15.0,
2024-04-09,paid_search,brand,51,9,1.38,2
2024-04-09,paid_search,non_brand,429,20,10.22,0
2024-04-09,paid_social,prospecting,4943,49,14.8,0
2024-04-09,paid_social,retargeting,1238,18,7.23,0
2024-04-10,affiliate,commission,2176,9,0.0,3
2024-04-10,email,newsletter_platform,19,15,1.63,0
2024-04-10,organic_search,seo_retainer,1724,45,15.0,
2024-04-10,paid_search,brand,21,4,0.51,0
2024-04-10,paid_search,non_brand,94,5,2.59,0
2024-04-10,paid_social,prospecting,4202,35,12.28,0
2024-04-10,paid_social,retargeting,880,14,5.38,0
2024-04-11,affiliate,commission,4706,17,0.0,1
2024-04-11,email,newsletter_platform,17,6,1.63,0
2024-04-11,organic_search,seo_retainer,1637,50,15.0,
2024-04-11,paid_search,brand,31,7,1.06,0
2024-04-11,paid_search,non_brand,341,15,9.25,1
2024-04-11,paid_social,prospecting,2495,22,7.41,0
2024-04-11,paid_social,retargeting,556,9,3.58,0
2024-04-12,affiliate,commission,1757,6,6.12,2
2024-04-12,email,newsletter_platform,17,4,1.63,0
2024-04-12,organic_search,seo_retainer,1846,62,15.0,
2024-04-12,paid_search,brand,55,11,1.68,1
2024-04-12,paid_search,non_brand,435,18,10.74,2
2024-04-12,paid_social,prospecting,3285,31,9.24,0
2024-04-12,paid_social,retargeting,756,11,4.35,0
2024-04-13,affiliate,commission,3934,15,4.4,0
2024-04-13,email,newsletter_platform,20,6,1.63,0
2024-04-13,organic_search,seo_retainer,3236,110,15.0,
2024-04-13,paid_search,brand,55,10,1.56,0
2024-04-13,paid_search,non_brand,396,18,10.08,0
2024-04-13,paid_social,prospecting,3331,35,10.31,0
2024-04-13,paid_social,retargeting,794,9,4.41,0
2024-04-14,affiliate,commission,3314,11,0.0,1
2024-04-14,email,newsletter_platform,21,12,1.63,0
2024-04-14,organic_search,seo_retainer,2248,59,15.0,
2024-04-14,paid_search,brand,63,11,1.67,1
2024-04-14,paid_search,non_brand,358,18,10.89,1
2024-04-14,paid_social,prospecting,4784,50,13.39,0
2024-04-14,paid_social,retargeting,1042,13,6.28,0
2024-04-15,affiliate,commission,2173,8,0.0,0
2024-04-15,email,newsletter_platform,20,7,1.63,0
2024-04-15,organic_search,seo_retainer,2954,82,15.0,
2024-04-15,paid_search,brand,54,11,2.06,1
2024-04-15,paid_search,non_brand,342,22,12.77,1
2024-04-15,paid_social,prospecting,4539,38,12.88,0
2024-04-15,paid_social,retargeting,1250,16,8.24,0
2024-04-16,affiliate,commission,1862,7,0.0,0
2024-04-16,email,newsletter_platform,623,19,1.63,3
2024-04-16,organic_search,seo_retainer,1650,59,15.0,
2024-04-16,paid_search,brand,28,7,1.0,0
2024-04-16,paid_search,non_brand,237,14,7.28,0
2024-04-16,paid_social,prospecting,3415,31,9.57,0
2024-04-16,paid_social,retargeting,659,9,3.27,0
2024-04-17,affiliate,commission,2123,8,0.0,0
2024-04-17,email,newsletter_platform,14,9,1.63,0
2024-04-17,organic_search,seo_retainer,1597,56,15.0,
2024-04-17,paid_search,brand,23,5,0.73,0
2024-04-17,paid_search,non_brand,195,9,4.85,0
2024-04-17,paid_social,prospecting,5962,45,16.23,0
2024-04-17,paid_social,retargeting,1170,18,6.41,0
2024-04-18,affiliate,commission,2926,12,1.8,0
2024-04-18,email,newsletter_platform,16,15,1.63,0
2024-04-18,organic_search,seo_retainer,1223,43,15.0,
2024-04-18,paid_search,brand,39,9,1.27,1
2024-04-18,paid_search,non_brand,438,17,10.36,1
2024-04-18,paid_social,prospecting,2172,20,7.55,0
2024-04-18,paid_social,retargeting,415,6,2.36,0
2024-04-19,affiliate,commission,4543,19,0.0,1
2024-04-19,email,newsletter_platform,13,9,1.63,1
2024-04-19,organic_search,seo_retainer,1839,49,15.0,
2024-04-19,paid_search,brand,16,4,0.67,0
2024-04-19,paid_search,non_brand,164,7,3.93,0
2024-04-19,paid_social,prospecting,5877,47,19.39,0
2024-04-19,paid_social,retargeting,827,13,4.19,0
2024-04-20,affiliate,commission,4691,17,0.0,0
2024-04-20,email,newsletter_platform,12,10,1.63,2
2024-04-20,organic_search,seo_retainer,2400,64,15.0,
2024-04-20,paid_search,brand,42,10,1.65,2
2024-04-20,paid_search,non_brand,521,21,14.57,1
2024-04-20,paid_social,prospecting,3022,30,9.27,0
2024-04-20,paid_social,retargeting,816,11,5.25,1
2024-04-21,affiliate,commission,3234,10,0.0,0
2024-04-21,email,newsletter_platform,16,15,1.63,0
2024-04-21,organic_search,seo_retainer,1827,62,15.0,
2024-04-21,paid_search,brand,57,12,1.63,0
2024-04-21,paid_search,non_brand,388,19,10.86,0
2024-04-21,paid_social,prospecting,4091,45,11.71,0
2024-04-21,paid_social,retargeting,818,12,3.83,0
2024-04-22,affiliate,commission,5663,17,0.0,1
2024-04-22,email,newsletter_platform,14,14,1.63,2
2024-04-22,organic_search,seo_retainer,2578,78,15.0,
2024-04-22,paid_search,brand,66,13,1.9,1
2024-04-22,paid_search,non_brand,506,20,11.89,0
2024-04-22,paid_social,prospecting,5172,49,12.79,0
2024-04-22,paid_social,retargeting,1401,20,7.49,1
2024-04-23,affiliate,commission,2648,9,0.0,1
2024-04-23,email,newsletter_platform,669,37,1.63,4
2024-04-23,organic_search,seo_retainer,1710,53,15.0,
2024-04-23,paid_search,brand,35,9,1.36,2
2024-04-23,paid_search,non_brand,471,19,11.11,1
2024-04-23,paid_social,prospecting,2720,23,9.28,0
2024-04-23,paid_social,retargeting,491,8,2.56,0
2024-04-24,affiliate,commission,2555,9,0.0,0
2024-04-24,email,newsletter_platform,18,15,1.63,0
2024-04-24,organic_search,seo_retainer,2617,88,15.0,
2024-04-24,paid_search,brand,45,11,1.56,1
2024-04-24,paid_search,non_brand,428,20,11.18,2
2024-04-24,paid_social,prospecting,4029,39,11.5,0
2024-04-24,paid_social,retargeting,1075,13,5.42,0
2024-04-25,affiliate,commission,4997,15,0.0,0
2024-04-25,email,newsletter_platform,21,15,1.63,3
2024-04-25,organic_search,seo_retainer,1614,52,15.0,
2024-04-25,paid_search,brand,39,8,1.16,2
2024-04-25,paid_search,non_brand,386,16,7.67,1
2024-04-25,paid_social,prospecting,4639,45,14.31,0
2024-04-25,paid_social,retargeting,759,13,3.8,0
2024-04-26,affiliate,commission,3383,12,0.0,1
2024-04-26,email,newsletter_platform,16,8,1.63,2
2024-04-26,organic_search,seo_retainer,1992,55,15.0,
2024-04-26,paid_search,brand,38,8,1.2,0
2024-04-26,paid_search,non_brand,257,13,7.47,0
2024-04-26,paid_social,prospecting,1672,17,5.02,0
2024-04-26,paid_social,retargeting,459,6,2.47,0
2024-04-27,affiliate,commission,3278,10,0.0,0
2024-04-27,email,newsletter_platform,14,4,1.63,0
2024-04-27,organic_search,seo_retainer,1405,50,15.0,
2024-04-27,paid_search,brand,12,3,0.39,0
2024-04-27,paid_search,non_brand,120,5,2.69,0
2024-04-27,paid_social,prospecting,3413,37,12.0,0
2024-04-27,paid_social,retargeting,851,10,4.41,0
2024-04-28,affiliate,commission,1287,5,0.0,0
2024-04-28,email,newsletter_platform,17,4,1.63,0
2024-04-28,organic_search,seo_retainer,2521,74,15.0,
2024-04-28,paid_search,brand,34,9,1.52,0
2024-04-28,paid_search,non_brand,501,20,15.23,0
2024-04-28,paid_social,prospecting,4476,34,13.13,0
2024-04-28,paid_social,retargeting,909,12,4.96,0
2024-04-29,affiliate,commission,2350,9,0.0,0
2024-04-29,email,newsletter_platform,18,8,1.63,0
2024-04-29,organic_search,seo_retainer,2038,66,15.0,
2024-04-29,paid_search,brand,68,12,1.73,1
2024-04-29,paid_search,non_brand,487,20,13.09,0
2024-04-29,paid_social,prospecting,2052,23,7.38,0
2024-04-29,paid_social,retargeting,606,7,3.46,0
2024-04-30,affiliate,commission,4807,15,0.0,1
2024-04-30,email,newsletter_platform,706,29,1.63,1
2024-04-30,organic_search,seo_retainer,2753,80,15.0,
2024-04-30,paid_search,brand,51,9,1.38,0
2024-04-30,paid_search,non_brand,376,19,9.46,0
2024-04-30,paid_social,prospecting,3679,28,11.29,0
2024-04-30,paid_social,retargeting,779,12,4.72,1
2024-05-01,affiliate,commission,4205,16,0.0,0
2024-05-01,email,newsletter_platform,13,25,1.58,0
2024-05-01,organic_search,seo_retainer,2000,69,14.52,
2024-05-01,paid_search,brand,57,12,1.73,0
2024-05-01,paid_search,non_brand,555,28,15.44,0
2024-05-01,paid_social,prospecting,4798,43,14.53,0
2024-05-01,paid_social,retargeting,875,12,4.88,0
2024-05-02,affiliate,commission,2147,9,0.0,0
2024-05-02,email,newsletter_platform,12,6,1.58,0
2024-05-02,organic_search,seo_retainer,1362,44,14.52,
2024-05-02,paid_search,brand,22,4,0.62,0
2024-05-02,paid_search,non_brand,239,9,4.65,0
2024-05-02,paid_social,prospecting,1883,19,5.73,0
2024-05-02,paid_social,retargeting,383,6,2.61,0
2024-05-03,affiliate,commission,1852,8,0.0,0
2024-05-03,email,newsletter_platform,18,13,1.58,0
2024-05-03,organic_search,seo_retainer,2639,75,14.52,
2024-05-03,paid_search,brand,62,11,1.49,0
2024-05-03,paid_search,non_brand,613,27,16.33,0
2024-05-03,paid_social,prospecting,3461,36,10.39,0
2024-05-03,paid_social,retargeting,825,13,4.68,2
2024-05-04,affiliate,commission,2441,10,0.0,0
2024-05-04,email,newsletter_platform,11,16,1.58,2
2024-05-04,organic_search,seo_retainer,2030,69,14.52,
2024-05-04,paid_search,brand,26,6,0.97,1
2024-05-04,paid_search,non_brand,318,15,7.27,1
2024-05-04,paid_social,prospecting,2344,26,6.92,0
2024-05-04,paid_social,retargeting,654,9,3.81,0
2024-05-05,affiliate,commission,3615,13,0.0,0
2024-05-05,email,newsletter_platform,12,9,1.58,0
2024-05-05,organic_search,seo_retainer,2836,82,14.52,
2024-05-05,paid_search,brand,34,9,1.22,0
2024-05-05,paid_search,non_brand,373,20,10.2,1
2024-05-05,paid_social,prospecting,4958,54,14.43,0
2024-05-05,paid_social,retargeting,1704,21,9.42,0
2024-05-06,affiliate,commission,2418,10,0.0,0
2024-05-06,email,newsletter_platform,12,10,1.58,0
2024-05-06,organic_search,seo_retainer,1656,49,14.52,
2024-05-06,paid_search,brand,21,4,0.51,1
2024-05-06,paid_search,non_brand,274,12,5.98,1
2024-05-06,paid_social,prospecting,3510,40,9.77,0
2024-05-06,paid_social,retargeting,788,11,4.47,0
2024-05-07,affiliate,commission,1094,4,0.0,0
2024-05-07,email,newsletter_platform,734,29,1.58,1
2024-05-07,organic_search,seo_retainer,2435,67,14.52,
2024-05-07,paid_search,brand,30,6,0.94,1
2024-05-07,paid_search,non_brand,278,15,9.56,0
2024-05-07,paid_social,prospecting,4254,32,13.93,0
2024-05-07,paid_social,retargeting,875,11,5.02,0
2024-05-08,affiliate,commission,2260,8,3.84,0
2024-05-08,email,newsletter_platform,14,15,1.58,0
2024-05-08,organic_search,seo_retainer,1031,33,14.52,
2024-05-08,paid_search,brand,27,7,1.17,0
2024-05-08,paid_search,non_brand,367,13,7.55,0
2024-05-08,paid_social,prospecting,1939,17,5.68,2
2024-05-08,paid_social,retargeting,536,7,2.74,1
2024-05-09,affiliate,commission,2047,8,0.0,0
2024-05-09,email,newsletter_platform,14,5,1.58,0
2024-05-09,organic_search,seo_retainer,2013,61,14.52,
2024-05-09,paid_search,brand,66,15,2.41,0
2024-05-09,paid_search,non_brand,683,26,14.08,1
2024-05-09,paid_social,prospecting,2649,26,7.3,0
2024-05-09,paid_social,retargeting,521,8,3.1,0
2024-05-10,affiliate,commission,4439,14,0.0,0
2024-05-10,email,newsletter_platform,11,8,1.58,0
2024-05-10,organic_search,seo_retainer,3411,102,14.52,
2024-05-10,paid_search,brand,71,15,2.66,0
2024-05-10,paid_search,non_brand,641,33,19.09,0
2024-05-10,paid_social,prospecting,5890,57,18.2,3
2024-05-10,paid_social,retargeting,1235,22,6.75,2
2024-05-11,affiliate,commission,4102,14,0.0,0
2024-05-11,email,newsletter_platform,19,12,1.58,0
2024-05-11,organic_search,seo_retainer,2287,70,14.52,
2024-05-11,paid_search,brand,54,12,1.89,2
2024-05-11,paid_search,non_brand,507,26,12.55,4
2024-05-11,paid_social,prospecting,3274,28,9.21,0
2024-05-11,paid_social,retargeting,800,11,4.31,0
2024-05-12,affiliate,commission,3684,14,0.0,0
2024-05-12,email,newsletter_platform,14,9,1.58,2
2024-05-12,organic_search,seo_retainer,3187,104,14.52,
2024-05-12,paid_search,brand,110,20,2.9,1
2024-05-12,paid_search,non_brand,829,33,16.8,2
2024-05-12,paid_social,prospecting,6012,60,17.2,1
2024-05-12,paid_social,retargeting,1137,18,6.88,1
2024-05-13,affiliate,commission,2563,9,0.0,0
2024-05-13,email,newsletter_platform,20,8,1.58,0
2024-05-13,organic_search,seo_retainer,1861,62,14.52,
2024-05-13,paid_search,brand,54,14,2.13,0
2024-05-13,paid_search,non_brand,477,23,13.07,0
2024-05-13,paid_social,prospecting,7421,71,23.61,1
2024-05-13,paid_social,retargeting,1566,20,8.57,2
2024-05-14,affiliate,commission,4141,15,2.16,0
2024-05-14,email,newsletter_platform,768,18,1.58,2
2024-05-14,organic_search,seo_retainer,1618,49,14.52,
2024-05-14,paid_search,brand,36,8,1.2,1
2024-05-14,paid_search,non_brand,328,16,8.78,1
2024-05-14,paid_social,prospecting,6648,48,18.69,0
2024-05-14,paid_social,retargeting,1298,18,7.38,0
2024-05-15,affiliate,commission,4785,20,2.8,0
2024-05-15,email,newsletter_platform,16,33,1.58,3
2024-05-15,organic_search,seo_retainer,3258,105,14.52,
2024-05-15,paid_search,brand,40,10,1.44,0
2024-05-15,paid_search,non_brand,413,18,9.61,0
2024-05-15,paid_social,prospecting,4673,48,13.14,0
2024-05-15,paid_social,retargeting,956,12,5.44,0
2024-05-16,affiliate,commission,3977,17,0.0,0
2024-05-16,email,newsletter_platform,15,8,1.58,0
2024-05-16,organic_search,seo_retainer,3034,79,14.52,
2024-05-16,paid_search,brand,59,12,1.65,1
2024-05-16,paid_search,non_brand,508,21,10.43,1
2024-05-16,paid_social,prospecting,5228,50,17.24,0
2024-05-16,paid_social,retargeting,1402,18,8.21,0
2024-05-17,affiliate,commission,4418,14,1.92,0
2024-05-17,email,newsletter_platform,17,6,1.58,0
2024-05-17,organic_search,seo_retainer,2003,65,14.52,
2024-05-17,paid_search,brand,50,11,1.58,2
2024-05-17,paid_search,non_brand,471,26,13.92,1
2024-05-17,paid_social,prospecting,2869,28,7.69,0
2024-05-17,paid_social,retargeting,699,8,3.85,0
2024-05-18,affiliate,commission,3387,14,0.86,1
2024-05-18,email,newsletter_platform,16,16,1.58,0
2024-05-18,organic_search,seo_retainer,2381,74,14.52,
2024-05-18,paid_search,brand,21,4,0.63,0
2024-05-18,paid_search,non_brand,260,12,7.28,0
2024-05-18,paid_social,prospecting,3266,34,9.09,0
2024-05-18,paid_social,retargeting,718,10,4.37,0
2024-05-19,affiliate,commission,4942,19,0.0,0
2024-05-19,email,newsletter_platform,16,18,1.58,0
2024-05-19,organic_search,seo_retainer,3989,106,14.52,
2024-05-19,paid_search,brand,84,16,2.59,1
2024-05-19,paid_search,non_brand,716,27,13.23,1
2024-05-19,paid_social,prospecting,6287,61,22.37,1
2024-05-19,paid_social,retargeting,1790,25,8.62,2
2024-05-20,affiliate,commission,684,3,2.16,0
2024-05-20,email,newsletter_platform,20,13,1.58,0
2024-05-20,organic_search,seo_retainer,1980,52,14.52,
2024-05-20,paid_search,brand,33,8,1.17,2
2024-05-20,paid_search,non_brand,438,18,12.54,2
2024-05-20,paid_social,prospecting,3806,44,12.99,0
2024-05-20,paid_social,retargeting,652,12,3.2,2
2024-05-21,affiliate,commission,3726,12,5.61,0
2024-05-21,email,newsletter_platform,818,23,1.58,2
2024-05-21,organic_search,seo_retainer,1782,61,14.52,
2024-05-21,paid_search,brand,28,7,1.15,1
2024-05-21,paid_search,non_brand,343,18,10.84,1
2024-05-21,paid_social,prospecting,4411,48,13.39,0
2024-05-21,paid_social,retargeting,878,14,5.82,0
2024-05-22,affiliate,commission,2205,9,0.0,0
2024-05-22,email,newsletter_platform,22,10,1.58,0
2024-05-22,organic_search,seo_retainer,2455,65,14.52,
2024-05-22,paid_search,brand,23,6,0.96,0
2024-05-22,paid_search,non_brand,328,14,7.53,1
2024-05-22,paid_social,prospecting,3850,35,11.16,0
2024-05-22,paid_social,retargeting,931,13,5.22,0
2024-05-23,affiliate,commission,2729,11,3.6,0
2024-05-23,email,newsletter_platform,17,6,1.58,1
2024-05-23,organic_search,seo_retainer,2169,62,14.52,
2024-05-23,paid_search,brand,34,9,1.44,0
2024-05-23,paid_search,non_brand,455,20,11.79,0
2024-05-23,paid_social,prospecting,6627,55,20.16,0
2024-05-23,paid_social,retargeting,1048,17,5.8,2
2024-05-24,affiliate,commission,5342,24,3.81,0
2024-05-24,email,newsletter_platform,24,12,1.58,0
2024-05-24,organic_search,seo_retainer,4048,127,14.52,
2024-05-24,paid_search,brand,50,10,1.68,0
2024-05-24,paid_search,non_brand,501,20,10.26,1
2024-05-24,paid_social,prospecting,8277,72,20.77,0
2024-05-24,paid_social,retargeting,1789,26,8.57,1
2024-05-25,affiliate,commission,2953,13,0.0,0
2024-05-25,email,newsletter_platform,15,15,1.58,0
2024-05-25,organic_search,seo_retainer,2574,87,14.52,
2024-05-25,paid_search,brand,48,11,1.63,0
2024-05-25,paid_search,non_brand,451,24,13.46,2
2024-05-25,paid_social,prospecting,3725,47,11.43,0
2024-05-25,paid_social,retargeting,918,14,4.9,0
2024-05-26,affiliate,commission,7854,27,1.04,0
2024-05-26,email,newsletter_platform,17,9,1.58,0
2024-05-26,organic_search,seo_retainer,3842,116,14.52,
2024-05-26,paid_search,brand,76,13,1.93,0
2024-05-26,paid_search,non_brand,567,26,15.98,0
2024-05-26,paid_social,prospecting,9255,87,28.53,0
2024-05-26,paid_social,retargeting,2221,26,11.79,0
2024-05-27,affiliate,commission,4523,19,0.0,0
2024-05-27,email,newsletter_platform,20,8,1.58,0
2024-05-27,organic_search,seo_retainer,2180,62,14.52,
2024-05-27,paid_search,brand,54,10,1.39,3
2024-05-27,paid_search,non_brand,318,18,9.7,0
2024-05-27,paid_social,prospecting,3997,43,11.88,0
2024-05-27,paid_social,retargeting,821,13,4.43,0
2024-05-28,affiliate,commission,2862,12,0.0,0
2024-05-28,email,newsletter_platform,867,22,1.58,2
2024-05-28,organic_search,seo_retainer,1810,63,14.52,
2024-05-28,paid_search,brand,47,11,1.44,0
2024-05-28,paid_search,non_brand,328,15,7.5,0
2024-05-28,paid_social,prospecting,3989,34,11.07,0
2024-05-28,paid_social,retargeting,764,10,4.92,0
2024-05-29,affiliate,commission,1474,5,0.0,0
2024-05-29,email,newsletter_platform,19,2,1.58,0
2024-05-29,organic_search,seo_retainer,1395,49,14.52,
2024-05-29,paid_search,brand,45,11,1.68,2
2024-05-29,paid_search,non_brand,488,25,14.37,0
2024-05-29,paid_social,prospecting,5793,46,18.02,0
2024-05-29,paid_social,retargeting,1045,15,5.94,0
2024-05-30,affiliate,commission,2750,10,0.0,0
2024-05-30,email,newsletter_platform,14,0,1.58,0
2024-05-30,organic_search,seo_retainer,1656,54,14.52,
2024-05-30,paid_search,brand,32,7,1.1,0
2024-05-30,paid_search,non_brand,169,9,4.92,0
2024-05-30,paid_social,prospecting,4907,49,13.77,0
2024-05-30,paid_social,retargeting,846,14,4.45,0
2024-05-31,affiliate,commission,3344,12,0.0,0
2024-05-31,email,newsletter_platform,17,7,1.58,0
2024-05-31,organic_search,seo_retainer,2368,63,14.52,
2024-05-31,paid_search,brand,58,13,2.17,0
2024-05-31,paid_search,non_brand,680,32,19.88,5
2024-05-31,paid_social,prospecting,5131,52,17.56,1
2024-05-31,paid_social,retargeting,1624,20,8.77,1
2024-06-01,affiliate,commission,4352,15,0.0,0
2024-06-01,email,newsletter_platform,17,8,1.63,0
2024-06-01,organic_search,seo_retainer,2213,58,15.0,
2024-06-01,paid_search,brand,43,8,1.15,1
2024-06-01,paid_search,non_brand,424,17,8.61,1
2024-06-01,paid_social,prospecting,2978,30,9.42,0
2024-06-01,paid_social,retargeting,537,8,2.75,0
2024-06-02,affiliate,commission,2381,9,2.02,0
2024-06-02,email,newsletter_platform,12,8,1.63,0
2024-06-02,organic_search,seo_retainer,1934,52,15.0,
2024-06-02,paid_search,brand,30,6,0.99,1
2024-06-02,paid_search,non_brand,177,10,4.79,0
2024-06-02,paid_social,prospecting,3829,36,11.16,0
2024-06-02,paid_social,retargeting,948,13,4.89,1
2024-06-03,affiliate,commission,553,2,2.88,0
2024-06-03,email,newsletter_platform,13,12,1.63,0
2024-06-03,organic_search,seo_retainer,2068,61,15.0,
2024-06-03,paid_search,brand,42,10,1.46,0
2024-06-03,paid_search,non_brand,513,24,13.85,0
2024-06-03,paid_social,prospecting,6306,64,18.22,1
2024-06-03,paid_social,retargeting,1178,18,7.25,0
2024-06-04,affiliate,commission,2964,11,1.2,0
2024-06-04,email,newsletter_platform,890,29,1.63,0
2024-06-04,organic_search,seo_retainer,2624,87,15.0,
2024-06-04,paid_search,brand,47,12,1.85,1
2024-06-04,paid_search,non_brand,516,28,14.32,0
2024-06-04,paid_social,prospecting,8813,70,24.85,1
2024-06-04,paid_social,retargeting,1468,18,9.09,1
2024-06-05,affiliate,commission,2970,9,0.0,0
2024-06-05,email,newsletter_platform,13,14,1.63,7
2024-06-05,organic_search,seo_retainer,2163,63,15.0,
2024-06-05,paid_search,brand,56,11,1.7,0
2024-06-05,paid_search,non_brand,563,23,14.25,0
2024-06-05,paid_social,prospecting,5065,53,13.99,0
2024-06-05,paid_social,retargeting,1255,19,7.55,0
2024-06-06,affiliate,commission,4453,16,0.0,3
2024-06-06,email,newsletter_platform,16,14,1.63,0
2024-06-06,organic_search,seo_retainer,2410,68,15.0,
2024-06-06,paid_search,brand,54,13,2.15,3
2024-06-06,paid_search,non_brand,572,27,18.19,4
2024-06-06,paid_social,prospecting,4774,48,14.3,2
2024-06-06,paid_social,retargeting,1234,16,7.52,1
2024-06-07,affiliate,commission,3037,11,22.58,0
2024-06-07,email,newsletter_platform,14,12,1.63,0
2024-06-07,organic_search,seo_retainer,2355,64,15.0,
2024-06-07,paid_search,brand,54,14,1.97,0
2024-06-07,paid_search,non_brand,588,24,13.9,0
2024-06-07,paid_social,prospecting,6549,75,18.74,1
2024-06-07,paid_social,retargeting,1883,26,11.3,1
2024-06-08,affiliate,commission,4542,17,0.0,0
2024-06-08,email,newsletter_platform,14,6,1.63,0
2024-06-08,organic_search,seo_retainer,1931,57,15.0,
2024-06-08,paid_search,brand,48,9,1.31,0
2024-06-08,paid_search,non_brand,312,16,7.55,0
2024-06-08,paid_social,prospecting,3567,34,9.97,0
2024-06-08,paid_social,retargeting,1131,13,6.8,0
2024-06-09,affiliate,commission,5498,17,0.0,1
2024-06-09,email,newsletter_platform,13,9,1.63,0
2024-06-09,organic_search,seo_retainer,2195,75,15.0,
2024-06-09,paid_search,brand,57,11,2.03,1
2024-06-09,paid_search,non_brand,414,19,10.96,0
2024-06-09,paid_social,prospecting,4421,49,13.11,0
2024-06-09,paid_social,retargeting,1500,20,7.07,0
2024-06-10,affiliate,commission,2691,9,0.0,0
2024-06-10,email,newsletter_platform,10,9,1.63,1
2024-06-10,organic_search,seo_retainer,1763,57,15.0,
2024-06-10,paid_search,brand,42,8,1.42,0
2024-06-10,paid_search,non_brand,293,16,8.62,0
2024-06-10,paid_social,prospecting,4336,49,12.61,0
2024-06-10,paid_social,retargeting,1235,19,7.35,1
2024-06-11,affiliate,commission,979,4,0.0,0
2024-06-11,email,newsletter_platform,924,27,1.63,1
2024-06-11,organic_search,seo_retainer,1490,48,15.0,
2024-06-11,paid_search,brand,46,12,1.91,3
2024-06-11,paid_search,non_brand,676,27,12.37,0
2024-06-11,paid_social,prospecting,3353,32,10.35,1
2024-06-11,paid_social,retargeting,888,13,5.18,2
2024-06-12,affiliate,commission,3114,11,0.0,0
2024-06-12,email,newsletter_platform,16,24,1.63,1
2024-06-12,organic_search,seo_retainer,2685,73,15.0,
2024-06-12,paid_search,brand,45,11,1.82,0
2024-06-12,paid_search,non_brand,371,18,11.69,0
2024-06-12,paid_social,prospecting,4109,37,13.51,0
2024-06-12,paid_social,retargeting,799,13,4.16,0
2024-06-13,affiliate,commission,3760,16,0.0,0
2024-06-13,email,newsletter_platform,9,8,1.63,0
2024-06-13,organic_search,seo_retainer,1890,65,15.0,
2024-06-13,paid_search,brand,48,9,1.4,4
2024-06-13,paid_search,non_brand,291,15,8.43,0
2024-06-13,paid_social,prospecting,5468,48,16.68,0
2024-06-13,paid_social,retargeting,841,12,4.77,0
2024-06-14,affiliate,commission,3375,15,0.0,0
2024-06-14,email,newsletter_platform,11,8,1.63,0
2024-06-14,organic_search,seo_retainer,3208,90,15.0,
2024-06-14,paid_search,brand,52,10,1.53,0
2024-06-14,paid_search,non_brand,470,21,15.06,0
2024-06-14,paid_social,prospecting,5432,54,17.8,0
2024-06-14,paid_social,retargeting,1137,15,6.27,0
2024-06-15,affiliate,commission,5926,21,0.0,0
2024-06-15,email,newsletter_platform,14,9,1.63,0
2024-06-15,organic_search,seo_retainer,2122,72,15.0,
2024-06-15,paid_search,brand,39,10,1.52,0
2024-06-15,paid_search,non_brand,432,19,10.21,0
2024-06-15,paid_social,prospecting,5556,57,17.03,0
2024-06-15,paid_social,retargeting,1910,22,12.67,0
2024-06-16,affiliate,commission,2915,10,0.0,0
2024-06-16,email,newsletter_platform,11,11,1.63,3
2024-06-16,organic_search,seo_retainer,2776,88,15.0,
2024-06-16,paid_search,brand,73,15,2.34,0
2024-06-16,paid_search,non_brand,586,24,15.96,0
2024-06-16,paid_social,prospecting,4445,52,14.64,0
2024-06-16,paid_social,retargeting,890,15,4.98,0
2024-06-17,affiliate,commission,4645,17,0.0,0
2024-06-17,email,newsletter_platform,15,14,1.63,1
2024-06-17,organic_search,seo_retainer,1692,52,15.0,
2024-06-17,paid_search,brand,50,12,1.92,0
2024-06-17,paid_search,non_brand,606,24,13.83,0
2024-06-17,paid_social,prospecting,2592,27,7.38,0
2024-06-17,paid_social,retargeting,550,8,3.26,0
2024-06-18,affiliate,commission,5267,22,0.0,0
2024-06-18,email,newsletter_platform,964,34,1.63,0
2024-06-18,organic_search,seo_retainer,2592,87,15.0,
2024-06-18,paid_search,brand,57,14,2.15,1
2024-06-18,paid_search,non_brand,746,31,16.57,2
2024-06-18,paid_social,prospecting,8384,57,21.7,1
2024-06-18,paid_social,retargeting,1173,16,6.79,3
2024-06-19,affiliate,commission,1824,6,0.0,0
2024-06-19,email,newsletter_platform,15,13,1.63,0
2024-06-19,organic_search,seo_retainer,1863,63,15.0,
2024-06-19,paid_search,brand,33,7,1.07,0
2024-06-19,paid_search,non_brand,401,14,6.98,0
2024-06-19,paid_social,prospecting,3245,35,8.93,0
2024-06-19,paid_social,retargeting,702,11,3.82,0
2024-06-20,affiliate,commission,4516,16,0.0,0
2024-06-20,email,newsletter_platform,15,7,1.63,0
2024-06-20,organic_search,seo_retainer,2725,74,15.0,
2024-06-20,paid_search,brand,35,6,0.96,0
2024-06-20,paid_search,non_brand,534,21,9.92,0
2024-06-20,paid_social,prospecting,3955,40,13.22,0
2024-06-20,paid_social,retargeting,849,12,4.92,0
2024-06-21,affiliate,commission,4944,20,0.0,0
2024-06-21,email,newsletter_platform,12,9,1.63,1
2024-06-21,organic_search,seo_retainer,2707,76,15.0,
2024-06-21,paid_search,brand,52,13,2.14,1
2024-06-21,paid_search,non_brand,574,26,12.28,0
2024-06-21,paid_social,prospecting,5206,51,18.31,0
2024-06-21,paid_social,retargeting,1412,21,6.93,0
2024-06-22,affiliate,commission,1904,7,0.0,0
2024-06-22,email,newsletter_platform,14,4,1.63,0
2024-06-22,organic_search,seo_retainer,1514,51,15.0,
2024-06-22,paid_search,brand,37,8,1.37,0
2024-06-22,paid_search,non_brand,428,20,11.53,0
2024-06-22,paid_social,prospecting,2976,30,9.47,0
2024-06-22,paid_social,retargeting,734,11,4.45,0
2024-06-23,affiliate,commission,6144,19,0.0,1
2024-06-23,email,newsletter_platform,19,9,1.63,0
2024-06-23,organic_search,seo_retainer,4041,112,15.0,
2024-06-23,paid_search,brand,64,16,2.7,1
2024-06-23,paid_search,non_brand,542,31,16.69,3
2024-06-23,paid_social,prospecting,6917,60,20.45,1
2024-06-23,paid_social,retargeting,1643,23,8.54,1
2024-06-24,affiliate,commission,3257,13,3.09,0
2024-06-24,email,newsletter_platform,17,14,1.63,0
2024-06-24,organic_search,seo_retainer,3259,85,15.0,
2024-06-24,paid_search,brand,66,15,2.22,5
2024-06-24,paid_search,non_brand,609,32,17.93,4
2024-06-24,paid_social,prospecting,3963,38,11.31,0
2024-06-24,paid_social,retargeting,1092,14,6.21,0
2024-06-25,affiliate,commission,4460,15,0.0,0
2024-06-25,email,newsletter_platform,1003,36,1.63,6
2024-06-25,organic_search,seo_retainer,2917,102,15.0,
2024-06-25,paid_search,brand,84,15,2.25,0
2024-06-25,paid_search,non_brand,668,29,21.27,3
2024-06-25,paid_social,prospecting,8035,78,22.19,3
2024-06-25,paid_social,retargeting,1324,21,7.84,2
2024-06-26,affiliate,commission,4904,15,0.0,0
2024-06-26,email,newsletter_platform,15,24,1.63,0
2024-06-26,organic_search,seo_retainer,3312,99,15.0,
2024-06-26,paid_search,brand,100,19,2.81,1
2024-06-26,paid_search,non_brand,613,33,20.61,1
2024-06-26,paid_social,prospecting,10044,93,28.89,0
2024-06-26,paid_social,retargeting,1539,25,8.24,0
2024-06-27,affiliate,commission,8504,31,0.0,0
2024-06-27,email,newsletter_platform,20,10,1.63,1
2024-06-27,organic_search,seo_retainer,3287,91,15.0,
2024-06-27,paid_search,brand,65,12,1.76,1
2024-06-27,paid_search,non_brand,680,29,16.55,1
2024-06-27,paid_social,prospecting,6700,57,21.65,0
2024-06-27,paid_social,retargeting,1327,20,7.83,1
2024-06-28,affiliate,commission,1903,7,0.0,0
2024-06-28,email,newsletter_platform,17,9,1.63,0
2024-06-28,organic_search,seo_retainer,2056,59,15.0,
2024-06-28,paid_search,brand,29,7,1.24,1
2024-06-28,paid_search,non_brand,358,15,7.33,1
2024-06-28,paid_social,prospecting,4019,40,12.77,0
2024-06-28,paid_social,retargeting,875,14,5.28,0
2024-06-29,affiliate,commission,4032,15,0.0,0
2024-06-29,email,newsletter_platform,19,11,1.63,0
2024-06-29,organic_search,seo_retainer,2237,77,15.0,
2024-06-29,paid_search,brand,31,8,1.16,0
2024-06-29,paid_search,non_brand,532,27,16.22,0
2024-06-29,paid_social,prospecting,5005,51,15.45,0
2024-06-29,paid_social,retargeting,1229,20,6.91,0
2024-06-30,affiliate,commission,5907,18,0.0,0
2024-06-30,email,newsletter_platform,15,17,1.63,0
2024-06-30,organic_search,seo_retainer,2941,100,15.0,
2024-06-30,paid_search,brand,33,8,1.18,1
2024-06-30,paid_search,non_brand,372,16,8.95,0
2024-06-30,paid_social,prospecting,5206,42,16.1,0
2024-06-30,paid_social,retargeting,904,15,5.11,0
2024-07-01,affiliate,commission,2315,10,0.0,0
2024-07-01,email,newsletter_platform,16,11,1.58,0
2024-07-01,organic_search,seo_retainer,2182,74,14.52,
2024-07-01,paid_search,brand,38,10,1.54,3
2024-07-01,paid_search,non_brand,551,28,14.13,2
2024-07-01,paid_social,prospecting,6446,53,20.67,0
2024-07-01,paid_social,retargeting,1309,15,6.54,0
2024-07-02,affiliate,commission,2546,9,0.0,0
2024-07-02,email,newsletter_platform,1034,20,1.58,0
2024-07-02,organic_search,seo_retainer,2717,71,14.52,
2024-07-02,paid_search,brand,38,10,1.5,0
2024-07-02,paid_search,non_brand,532,22,12.05,0
2024-07-02,paid_social,prospecting,7963,61,28.31,3
2024-07-02,paid_social,retargeting,1505,23,10.14,1
2024-07-03,affiliate,commission,5712,20,0.0,0
2024-07-03,email,newsletter_platform,18,23,1.58,2
2024-07-03,organic_search,seo_retainer,2895,86,14.52,
2024-07-03,paid_search,brand,41,10,1.45,0
2024-07-03,paid_search,non_brand,371,20,9.15,0
2024-07-03,paid_social,prospecting,5226,57,14.59,0
2024-07-03,paid_social,retargeting,1729,24,9.57,0
2024-07-04,affiliate,commission,3256,11,0.0,1
2024-07-04,email,newsletter_platform,15,6,1.58,0
2024-07-04,organic_search,seo_retainer,3462,94,14.52,
2024-07-04,paid_search,brand,69,18,2.53,0
2024-07-04,paid_search,non_brand,732,37,22.34,0
2024-07-04,paid_social,prospecting,4505,40,12.23,0
2024-07-04,paid_social,retargeting,993,14,6.03,0
2024-07-05,affiliate,commission,3275,11,0.0,2
2024-07-05,email,newsletter_platform,16,7,1.58,0
2024-07-05,organic_search,seo_retainer,2489,70,14.52,
2024-07-05,paid_search,brand,45,10,1.27,5
2024-07-05,paid_search,non_brand,394,21,11.18,4
2024-07-05,paid_social,prospecting,5413,63,15.03,0
2024-07-05,paid_social,retargeting,1763,27,10.26,0
2024-07-06,affiliate,commission,4407,18,0.0,0
2024-07-06,email,newsletter_platform,13,11,1.58,0
2024-07-06,organic_search,seo_retainer,2941,79,14.52,
2024-07-06,paid_search,brand,70,12,1.53,1
2024-07-06,paid_search,non_brand,682,29,15.21,2
2024-07-06,paid_social,prospecting,7215,66,24.31,0
2024-07-06,paid_social,retargeting,1514,20,7.94,1
2024-07-07,affiliate,commission,5659,18,2.8,2
2024-07-07,email,newsletter_platform,13,8,1.58,0
2024-07-07,organic_search,seo_retainer,3579,95,14.52,
2024-07-07,paid_search,brand,79,15,2.04,0
2024-07-07,paid_search,non_brand,479,23,12.68,1
2024-07-07,paid_social,prospecting,8016,82,26.13,0
2024-07-07,paid_social,retargeting,2289,30,11.64,2
2024-07-08,affiliate,commission,1981,8,0.0,0
2024-07-08,email,newsletter_platform,12,17,1.58,0
2024-07-08,organic_search,seo_retainer,1820,63,14.52,
2024-07-08,paid_search,brand,53,12,1.8,2
2024-07-08,paid_search,non_brand,451,19,9.65,0
2024-07-08,paid_social,prospecting,5009,48,16.14,0
2024-07-08,paid_social,retargeting,1556,21,8.81,1
2024-07-09,affiliate,commission,6504,22,0.0,1
2024-07-09,email,newsletter_platform,1085,50,1.58,1
2024-07-09,organic_search,seo_retainer,3547,98,14.52,
2024-07-09,paid_search,brand,90,23,3.56,0
2024-07-09,paid_search,non_brand,986,48,25.91,0
2024-07-09,paid_social,prospecting,4201,46,11.88,0
2024-07-09,paid_social,retargeting,1031,14,5.61,0
2024-07-10,affiliate,commission,3947,13,0.0,0
2024-07-10,email,newsletter_platform,14,22,1.58,1
2024-07-10,organic_search,seo_retainer,3222,111,14.52,
2024-07-10,paid_search,brand,85,20,3.06,1
2024-07-10,paid_search,non_brand,773,35,19.89,0
2024-07-10,paid_social,prospecting,7893,72,27.1,2
2024-07-10,paid_social,retargeting,1426,22,7.67,1
2024-07-11,affiliate,commission,3786,15,0.0,0
2024-07-11,email,newsletter_platform,12,17,1.58,3
2024-07-11,organic_search,seo_retainer,2483,82,14.52,
2024-07-11,paid_search,brand,80,15,2.08,0
2024-07-11,paid_search,non_brand,775,32,17.94,2
2024-07-11,paid_social,prospecting,5488,50,15.38,1
2024-07-11,paid_social,retargeting,1108,19,5.44,1
2024-07-12,affiliate,commission,2115,9,0.0,2
2024-07-12,email,newsletter_platform,18,14,1.58,0
2024-07-12,organic_search,seo_retainer,1809,49,14.52,
2024-07-12,paid_search,brand,32,7,0.99,2
2024-07-12,paid_search,non_brand,445,18,10.85,2
2024-07-12,paid_social,prospecting,3981,45,11.97,2
2024-07-12,paid_social,retargeting,698,12,3.97,0
2024-07-13,affiliate,commission,5494,18,0.0,0
2024-07-13,email,newsletter_platform,16,7,1.58,0
2024-07-13,organic_search,seo_retainer,3100,98,14.52,
2024-07-13,paid_search,brand,85,21,3.26,0
2024-07-13,paid_search,non_brand,1300,39,22.57,0
2024-07-13,paid_social,prospecting,7263,73,21.25,0
2024-07-13,paid_social,retargeting,1863,28,11.72,0
2024-07-14,affiliate,commission,6321,20,0.0,0
2024-07-14,email,newsletter_platform,19,9,1.58,0
2024-07-14,organic_search,seo_retainer,2304,82,14.52,
2024-07-14,paid_search,brand,58,15,2.62,0
2024-07-14,paid_search,non_brand,576,27,13.49,1
2024-07-14,paid_social,prospecting,7881,68,23.27,1
2024-07-14,paid_social,retargeting,1654,24,9.22,0
2024-07-15,affiliate,commission,2005,7,0.0,0
2024-07-15,email,newsletter_platform,20,8,1.58,5
2024-07-15,organic_search,seo_retainer,2048,69,14.52,
2024-07-15,paid_search,brand,80,16,2.52,1
2024-07-15,paid_search,non_brand,729,39,24.09,5
2024-07-15,paid_social,prospecting,5658,64,13.83,0
2024-07-15,paid_social,retargeting,1732,23,9.87,3
2024-07-16,affiliate,commission,4593,20,7.84,0
2024-07-16,email,newsletter_platform,1120,35,1.58,0
2024-07-16,organic_search,seo_retainer,2122,75,14.52,
2024-07-16,paid_search,brand,56,12,1.59,0
2024-07-16,paid_search,non_brand,525,21,13.02,0
2024-07-16,paid_social,prospecting,7301,47,23.29,1
2024-07-16,paid_social,retargeting,1435,20,8.54,1
2024-07-17,affiliate,commission,8025,35,0.0,4
2024-07-17,email,newsletter_platform,16,26,1.58,0
2024-07-17,organic_search,seo_retainer,3740,98,14.52,
2024-07-17,paid_search,brand,73,18,2.59,1
2024-07-17,paid_search,non_brand,1019,42,22.91,2
2024-07-17,paid_social,prospecting,7167,71,21.48,0
2024-07-17,paid_social,retargeting,1128,18,5.88,0
2024-07-18,affiliate,commission,4027,18,3.6,0
2024-07-18,email,newsletter_platform,16,16,1.58,0
2024-07-18,organic_search,seo_retainer,2645,71,14.52,
2024-07-18,paid_search,brand,34,9,1.37,0
2024-07-18,paid_search,non_brand,440,21,11.29,0
2024-07-18,paid_social,prospecting,4121,42,11.13,0
2024-07-18,paid_social,retargeting,1042,17,5.44,0
2024-07-19,affiliate,commission,3718,16,0.0,0
2024-07-19,email,newsletter_platform,12,15,1.58,1
2024-07-19,organic_search,seo_retainer,2603,77,14.52,
2024-07-19,paid_search,brand,32,8,1.1,3
2024-07-19,paid_search,non_brand,319,17,9.38,2
2024-07-19,paid_social,prospecting,5463,54,18.32,0
2024-07-19,paid_social,retargeting,1249,21,7.26,0
2024-07-20,affiliate,commission,4306,17,0.0,0
2024-07-20,email,newsletter_platform,15,18,1.58,0
2024-07-20,organic_search,seo_retainer,2605,77,14.52,
2024-07-20,paid_search,brand,90,22,2.99,7
2024-07-20,paid_search,non_brand,917,37,21.0,3
2024-07-20,paid_social,prospecting,8324,65,23.43,1
2024-07-20,paid_social,retargeting,1841,23,8.3,2
2024-07-21,affiliate,commission,5223,16,0.0,0
2024-07-21,email,newsletter_platform,12,12,1.58,0
2024-07-21,organic_search,seo_retainer,1951,65,14.52,
2024-07-21,paid_search,brand,49,12,1.68,0
2024-07-21,paid_search,non_brand,501,21,12.64,0
2024-07-21,paid_social,prospecting,8148,77,24.84,0
2024-07-21,paid_social,retargeting,1301,21,6.96,2
2024-07-22,affiliate,commission,4965,19,0.0,0
2024-07-22,email,newsletter_platform,19,9,1.58,0
2024-07-22,organic_search,seo_retainer,5116,138,14.52,
2024-07-22,paid_search,brand,95,22,3.17,3
2024-07-22,paid_search,non_brand,1095,40,20.07,1
2024-07-22,paid_social,prospecting,7526,78,22.79,0
2024-07-22,paid_social,retargeting,2469,30,15.16,0
2024-07-23,affiliate,commission,4706,19,0.0,0
2024-07-23,email,newsletter_platform,1141,34,1.58,0
2024-07-23,organic_search,seo_retainer,2314,71,14.52,
2024-07-23,paid_search,brand,61,14,2.16,2
2024-07-23,paid_search,non_brand,488,25,12.82,3
2024-07-23,paid_social,prospecting,5682,52,17.7,0
2024-07-23,paid_social,retargeting,1268,16,7.46,2
2024-07-24,affiliate,commission,4051,13,0.0,0
2024-07-24,email,newsletter_platform,13,22,1.58,0
2024-07-24,organic_search,seo_retainer,1806,54,14.52,
2024-07-24,paid_search,brand,29,7,1.05,0
2024-07-24,paid_search,non_brand,353,16,7.37,2
2024-07-24,paid_social,prospecting,3737,35,12.57,0
2024-07-24,paid_social,retargeting,771,11,4.05,0
2024-07-25,affiliate,commission,3028,13,0.0,0
2024-07-25,email,newsletter_platform,12,13,1.58,0
2024-07-25,organic_search,seo_retainer,1894,68,14.52,
2024-07-25,paid_search,brand,42,10,1.54,1
2024-07-25,paid_search,non_brand,525,23,12.92,1
2024-07-25,paid_social,prospecting,4194,47,12.65,0
2024-07-25,paid_social,retargeting,1430,19,8.43,0
2024-07-26,affiliate,commission,4223,19,0.0,0
2024-07-26,email,newsletter_platform,10,8,1.58,0
2024-07-26,organic_search,seo_retainer,2522,70,14.52,
2024-07-26,paid_search,brand,54,13,1.96,1
2024-07-26,paid_search,non_brand,495,22,12.73,0
2024-07-26,paid_social,prospecting,5037,52,15.33,0
2024-07-26,paid_social,retargeting,1069,17,5.44,0
2024-07-27,affiliate,commission,5781,19,0.0,0
2024-07-27,email,newsletter_platform,15,8,1.58,0
2024-07-27,organic_search,seo_retainer,2234,80,14.52,
2024-07-27,paid_search,brand,43,9,1.32,1
2024-07-27,paid_search,non_brand,561,22,11.89,2
2024-07-27,paid_social,prospecting,4201,43,13.17,0
2024-07-27,paid_social,retargeting,1043,13,5.17,1
2024-07-28,affiliate,commission,6567,21,6.96,2
2024-07-28,email,newsletter_platform,18,19,1.58,1
2024-07-28,organic_search,seo_retainer,3555,107,14.52,
2024-07-28,paid_search,brand,51,13,2.06,0
2024-07-28,paid_search,non_brand,743,35,17.16,0
2024-07-28,paid_social,prospecting,8414,73,24.01,0
2024-07-28,paid_social,retargeting,1538,20,8.89,2
2024-07-29,affiliate,commission,3462,15,0.0,1
2024-07-29,email,newsletter_platform,20,9,1.58,0
2024-07-29,organic_search,seo_retainer,3397,96,14.52,
2024-07-29,paid_search,brand,35,9,1.55,0
2024-07-29,paid_search,non_brand,417,17,8.16,1
2024-07-29,paid_social,prospecting,4867,56,13.89,0
2024-07-29,paid_social,retargeting,1596,21,9.41,0
2024-07-30,affiliate,commission,4965,22,0.0,0
2024-07-30,email,newsletter_platform,1221,56,1.58,5
2024-07-30,organic_search,seo_retainer,2581,92,14.52,
2024-07-30,paid_search,brand,108,21,3.19,1
2024-07-30,paid_search,non_brand,644,32,16.45,0
2024-07-30,paid_social,prospecting,4828,52,14.95,1
2024-07-30,paid_social,retargeting,947,15,4.41,0
2024-07-31,affiliate,commission,2789,10,0.0,0
2024-07-31,email,newsletter_platform,21,34,1.58,0
2024-07-31,organic_search,seo_retainer,4203,111,14.52,
2024-07-31,paid_search,brand,72,14,1.99,0
2024-07-31,paid_search,non_brand,633,25,12.42,0
2024-07-31,paid_social,prospecting,6756,69,25.15,0
2024-07-31,paid_social,retargeting,1171,18,6.97,4
2024-08-01,affiliate,commission,6645,25,1.6,1
2024-08-01,email,newsletter_platform,20,18,1.58,0
2024-08-01,organic_search,seo_retainer,2149,67,14.52,
2024-08-01,paid_search,brand,43,11,1.81,2
2024-08-01,paid_search,non_brand,436,20,9.46,3
2024-08-01,paid_social,prospecting,6840,62,22.71,0
2024-08-01,paid_social,retargeting,1563,19,8.47,0
2024-08-02,affiliate,commission,2901,10,0.0,0
2024-08-02,email,newsletter_platform,20,12,1.58,0
2024-08-02,organic_search,seo_retainer,2296,70,14.52,
2024-08-02,paid_search,brand,57,10,1.49,3
2024-08-02,paid_search,non_brand,416,18,10.63,2
2024-08-02,paid_social,prospecting,4463,45,13.75,1
2024-08-02,paid_social,retargeting,855,14,4.8,1
2024-08-03,affiliate,commission,4926,22,0.0,0
2024-08-03,email,newsletter_platform,18,20,1.58,0
2024-08-03,organic_search,seo_retainer,3713,98,14.52,
2024-08-03,paid_search,brand,91,19,3.58,2
2024-08-03,paid_search,non_brand,1244,45,29.54,2
2024-08-03,paid_social,prospecting,8264,73,26.07,0
2024-08-03,paid_social,retargeting,1454,21,8.12,0
2024-08-04,affiliate,commission,3298,14,0.0,0
2024-08-04,email,newsletter_platform,19,20,1.58,2
2024-08-04,organic_search,seo_retainer,2051,67,14.52,
2024-08-04,paid_search,brand,68,14,2.33,0
2024-08-04,paid_search,non_brand,720,37,20.62,0
2024-08-04,paid_social,prospecting,9945,76,32.11,0
2024-08-04,paid_social,retargeting,1387,20,7.68,0
2024-08-05,affiliate,commission,6591,23,0.0,0
2024-08-05,email,newsletter_platform,13,13,1.58,0
2024-08-05,organic_search,seo_retainer,1737,61,14.52,
2024-08-05,paid_search,brand,41,11,1.66,2
2024-08-05,paid_search,non_brand,870,30,15.3,1
2024-08-05,paid_social,prospecting,7011,61,18.89,0
2024-08-05,paid_social,retargeting,1346,16,8.66,4
2024-08-06,affiliate,commission,5347,23,0.0,0
2024-08-06,email,newsletter_platform,1247,59,1.58,0
2024-08-06,organic_search,seo_retainer,3498,103,14.52,
2024-08-06,paid_search,brand,59,15,2.25,1
2024-08-06,paid_search,non_brand,682,31,17.01,1
2024-08-06,paid_social,prospecting,9713,93,28.24,0
2024-08-06,paid_social,retargeting,1856,31,11.07,0
2024-08-07,affiliate,commission,2976,12,0.0,0
2024-08-07,email,newsletter_platform,17,31,1.58,3
2024-08-07,organic_search,seo_retainer,2254,62,14.52,
2024-08-07,paid_search,brand,67,13,2.2,0
2024-08-07,paid_search,non_brand,662,27,14.39,1
2024-08-07,paid_social,prospecting,8194,75,23.81,0
2024-08-07,paid_social,retargeting,1998,25,9.89,0
2024-08-08,affiliate,commission,3811,14,0.0,0
2024-08-08,email,newsletter_platform,15,15,1.58,0
2024-08-08,organic_search,seo_retainer,3111,96,14.52,
2024-08-08,paid_search,brand,61,14,2.31,3
2024-08-08,paid_search,non_brand,769,30,19.11,2
2024-08-08,paid_social,prospecting,7372,87,22.3,2
2024-08-08,paid_social,retargeting,1598,23,10.54,0
2024-08-09,affiliate,commission,3044,12,2.75,0
2024-08-09,email,newsletter_platform,14,10,1.58,1
2024-08-09,organic_search,seo_retainer,2905,96,14.52,
2024-08-09,paid_search,brand,28,6,0.96,2
2024-08-09,paid_search,non_brand,356,17,11.13,0
2024-08-09,paid_social,prospecting,6022,61,17.2,0
2024-08-09,paid_social,retargeting,1714,26,9.62,2
2024-08-10,affiliate,commission,3305,11,0.0,0
2024-08-10,email,newsletter_platform,11,9,1.58,0
2024-08-10,organic_search,seo_retainer,2769,76,14.52,
2024-08-10,paid_search,brand,42,9,1.41,1
2024-08-10,paid_search,non_brand,755,25,16.06,1
2024-08-10,paid_social,prospecting,5906,57,17.48,2
2024-08-10,paid_social,retargeting,1140,15,5.9,3
2024-08-11,affiliate,commission,8779,27,0.0,0
2024-08-11,email,newsletter_platform,16,22,1.58,6
2024-08-11,organic_search,seo_retainer,3134,97,14.52,
2024-08-11,paid_search,brand,91,18,2.96,1
2024-08-11,paid_search,non_brand,969,40,22.55,2
2024-08-11,paid_social,prospecting,8447,86,24.93,0
2024-08-11,paid_social,retargeting,1779,25,10.77,0
2024-08-12,affiliate,commission,10563,36,0.0,3
2024-08-12,email,newsletter_platform,13,20,1.58,1
2024-08-12,organic_search,seo_retainer,2856,89,14.52,
2024-08-12,paid_search,brand,66,12,1.65,0
2024-08-12,paid_search,non_brand,500,21,12.16,0
2024-08-12,paid_social,prospecting,6894,71,18.74,0
2024-08-12,paid_social,retargeting,1598,22,9.29,1
2024-08-13,affiliate,commission,3049,13,1.4,0
2024-08-13,email,newsletter_platform,1287,31,1.58,2
2024-08-13,organic_search,seo_retainer,2923,95,14.52,
2024-08-13,paid_search,brand,59,11,1.78,0
2024-08-13,paid_search,non_brand,454,18,10.98,1
2024-08-13,paid_social,prospecting,7043,77,24.87,1
2024-08-13,paid_social,retargeting,1476,21,6.97,1
2024-08-14,affiliate,commission,3618,13,0.0,0
2024-08-14,email,newsletter_platform,17,17,1.58,0
2024-08-14,organic_search,seo_retainer,2274,66,14.52,
2024-08-14,paid_search,brand,17,3,0.46,0
2024-08-14,paid_search,non_brand,149,7,3.73,0
2024-08-14,paid_social,prospecting,5737,51,16.53,0
2024-08-14,paid_social,retargeting,1282,20,7.31,0
2024-08-15,affiliate,commission,4675,15,0.0,0
2024-08-15,email,newsletter_platform,13,11,1.58,0
2024-08-15,organic_search,seo_retainer,3808,120,14.52,
2024-08-15,paid_search,brand,87,20,3.15,0
2024-08-15,paid_search,non_brand,668,29,15.53,0
2024-08-15,paid_social,prospecting,10233,79,30.02,3
2024-08-15,paid_social,retargeting,1382,21,8.43,1
2024-08-16,affiliate,commission,6282,26,3.76,0
2024-08-16,email,newsletter_platform,16,27,1.58,1
2024-08-16,organic_search,seo_retainer,2301,77,14.52,
2024-08-16,paid_search,brand,35,9,1.46,0
2024-08-16,paid_search,non_brand,425,23,11.8,0
2024-08-16,paid_social,prospecting,5859,55,19.24,0
2024-08-16,paid_social,retargeting,979,15,5.32,0
2024-08-17,affiliate,commission,1832,8,0.0,0
2024-08-17,email,newsletter_platform,16,8,1.58,0
2024-08-17,organic_search,seo_retainer,2273,60,14.52,
2024-08-17,paid_search,brand,111,20,2.94,0
2024-08-17,paid_search,non_brand,831,34,18.11,0
2024-08-17,paid_social,prospecting,5668,43,14.11,1
2024-08-17,paid_social,retargeting,1107,15,5.98,0
2024-08-18,affiliate,commission,5656,23,4.39,0
2024-08-18,email,newsletter_platform,15,16,1.58,0
2024-08-18,organic_search,seo_retainer,5324,139,14.52,
2024-08-18,paid_search,brand,46,12,2.06,2
2024-08-18,paid_search,non_brand,797,35,18.16,2
2024-08-18,paid_social,prospecting,11121,100,30.49,2
2024-08-18,paid_social,retargeting,3007,39,16.62,5
2024-08-19,affiliate,commission,4157,18,0.0,0
2024-08-19,email,newsletter_platform,14,18,1.58,0
2024-08-19,organic_search,seo_retainer,2806,83,14.52,
2024-08-19,paid_search,brand,68,18,2.84,1
2024-08-19,paid_search,non_brand,1155,45,27.1,3
2024-08-19,paid_social,prospecting,4204,42,14.44,0
2024-08-19,paid_social,retargeting,1086,17,5.57,0
2024-08-20,affiliate,commission,7985,26,1.4,0
2024-08-20,email,newsletter_platform,1306,48,1.58,0
2024-08-20,organic_search,seo_retainer,3382,90,14.52,
2024-08-20,paid_search,brand,61,13,2.0,1
2024-08-20,paid_search,non_brand,507,23,11.83,0
2024-08-20,paid_social,prospecting,6984,58,27.64,0
2024-08-20,paid_social,retargeting,1536,23,8.99,0
2024-08-21,affiliate,commission,5400,21,0.0,2
2024-08-21,email,newsletter_platform,14,24,1.58,0
2024-08-21,organic_search,seo_retainer,2980,94,14.52,
2024-08-21,paid_search,brand,65,16,2.66,1
2024-08-21,paid_search,non_brand,742,31,18.15,2
2024-08-21,paid_social,prospecting,7723,62,25.18,0
2024-08-21,paid_social,retargeting,1158,17,6.67,0
2024-08-22,affiliate,commission,7670,33,0.0,0
2024-08-22,email,newsletter_platform,17,19,1.58,1
2024-08-22,organic_search,seo_retainer,3099,90,14.52,
2024-08-22,paid_search,brand,51,12,1.89,0
2024-08-22,paid_search,non_brand,800,24,12.78,0
2024-08-22,paid_social,prospecting,7806,82,23.88,3
2024-08-22,paid_social,retargeting,1835,25,11.4,1
2024-08-23,affiliate,commission,2823,9,1.6,0
2024-08-23,email,newsletter_platform,16,20,1.58,2
2024-08-23,organic_search,seo_retainer,2002,71,14.52,
2024-08-23,paid_search,brand,71,17,2.68,0
2024-08-23,paid_search,non_brand,592,30,18.75,1
2024-08-23,paid_social,prospecting,4627,47,14.13,0
2024-08-23,paid_social,retargeting,1209,15,7.01,1
2024-08-24,affiliate,commission,1953,7,0.0,0
2024-08-24,email,newsletter_platform,12,20,1.58,0
2024-08-24,organic_search,seo_retainer,2724,87,14.52,
2024-08-24,paid_search,brand,23,6,0.96,1
2024-08-24,paid_search,non_brand,232,13,7.68,1
2024-08-24,paid_social,prospecting,2551,29,8.33,1
2024-08-24,paid_social,retargeting,748,10,4.24,0
2024-08-25,affiliate,commission,4715,21,0.0,2
2024-08-25,email,newsletter_platform,21,19,1.58,0
2024-08-25,organic_search,seo_retainer,2229,74,14.52,
2024-08-25,paid_search,brand,64,16,2.36,2
2024-08-25,paid_search,non_brand,1059,35,22.72,2
2024-08-25,paid_social,prospecting,8482,87,23.27,1
2024-08-25,paid_social,retargeting,2001,25,11.8,0
2024-08-26,affiliate,commission,6258,25,2.0,1
2024-08-26,email,newsletter_platform,13,23,1.58,0
2024-08-26,organic_search,seo_retainer,2834,80,14.52,
2024-08-26,paid_search,brand,69,13,1.98,0
2024-08-26,paid_search,non_brand,452,23,13.98,0
2024-08-26,paid_social,prospecting,4740,47,13.32,0
2024-08-26,paid_social,retargeting,1411,15,7.48,0
2024-08-27,affiliate,commission,7917,31,13.03,1
2024-08-27,email,newsletter_platform,1358,41,1.58,1
2024-08-27,organic_search,seo_retainer,2835,80,14.52,
2024-08-27,paid_search,brand,46,9,1.41,0
2024-08-27,paid_search,non_brand,566,24,14.22,0
2024-08-27,paid_social,prospecting,5665,59,15.42,0
2024-08-27,paid_social,retargeting,1227,19,6.83,0
2024-08-28,affiliate,commission,7580,27,0.0,0
2024-08-28,email,newsletter_platform,19,27,1.58,0
2024-08-28,organic_search,seo_retainer,3597,107,14.52,
2024-08-28,paid_search,brand,84,15,2.35,0
2024-08-28,paid_search,non_brand,642,26,13.25,1
2024-08-28,paid_social,prospecting,7572,74,20.16,1
2024-08-28,paid_social,retargeting,1618,22,9.43,1
2024-08-29,affiliate,commission,3737,14,0.0,0
2024-08-29,email,newsletter_platform,16,9,1.58,0
2024-08-29,organic_search,seo_retainer,2527,79,14.52,
2024-08-29,paid_search,brand,53,14,2.36,1
2024-08-29,paid_search,non_brand,510,28,16.37,1
2024-08-29,paid_social,prospecting,6807,72,21.23,0
2024-08-29,paid_social,retargeting,1158,18,6.78,0
2024-08-30,affiliate,commission,3619,15,0.0,0
2024-08-30,email,newsletter_platform,16,18,1.58,2
2024-08-30,organic_search,seo_retainer,2391,79,14.52,
2024-08-30,paid_search,brand,55,13,2.04,1
2024-08-30,paid_search,non_brand,488,25,12.99,0
2024-08-30,paid_social,prospecting,6578,64,20.2,1
2024-08-30,paid_social,retargeting,1613,26,10.21,2
2024-08-31,affiliate,commission,5994,24,0.0,0
2024-08-31,email,newsletter_platform,18,4,1.58,0
2024-08-31,organic_search,seo_retainer,2494,78,14.52,
2024-08-31,paid_search,brand,31,7,1.07,0
2024-08-31,paid_search,non_brand,291,15,8.94,0
2024-08-31,paid_social,prospecting,6400,55,19.72,0
2024-08-31,paid_social,retargeting,1463,21,8.16,0
2024-09-01,affiliate,commission,6319,20,0.0,2
2024-09-01,email,newsletter_platform,17,11,1.63,0
2024-09-01,organic_search,seo_retainer,2473,78,15.0,
2024-09-01,paid_search,brand,43,11,1.72,0
2024-09-01,paid_search,non_brand,450,17,10.61,0
2024-09-01,paid_social,prospecting,7838,76,24.4,2
2024-09-01,paid_social,retargeting,1631,24,9.5,2
2024-09-02,affiliate,commission,3127,11,2.24,1
2024-09-02,email,newsletter_platform,22,33,1.63,1
2024-09-02,organic_search,seo_retainer,4322,121,15.0,
2024-09-02,paid_search,brand,103,23,3.49,0
2024-09-02,paid_search,non_brand,794,33,15.3,0
2024-09-02,paid_social,prospecting,6035,57,21.07,2
2024-09-02,paid_social,retargeting,1424,21,8.49,2
2024-09-03,affiliate,commission,3039,13,0.0,0
2024-09-03,email,newsletter_platform,1405,31,1.63,0
2024-09-03,organic_search,seo_retainer,1814,59,15.0,
2024-09-03,paid_search,brand,56,10,1.59,0
2024-09-03,paid_search,non_brand,475,21,12.85,1
2024-09-03,paid_social,prospecting,7597,72,22.84,2
2024-09-03,paid_social,retargeting,1492,23,8.07,1
2024-09-04,affiliate,commission,7781,29,0.0,0
2024-09-04,email,newsletter_platform,16,41,1.63,1
2024-09-04,organic_search,seo_retainer,2715,91,15.0,
2024-09-04,paid_search,brand,59,14,2.02,0
2024-09-04,paid_search,non_brand,659,34,19.28,1
2024-09-04,paid_social,prospecting,8675,91,24.58,1
2024-09-04,paid_social,retargeting,1975,26,9.99,1
2024-09-05,affiliate,commission,6391,27,0.0,0
2024-09-05,email,newsletter_platform,22,24,1.63,0
2024-09-05,organic_search,seo_retainer,3292,110,15.0,
2024-09-05,paid_search,brand,49,10,1.49,1
2024-09-05,paid_search,non_brand,381,19,10.3,1
2024-09-05,paid_social,prospecting,7324,68,24.6,1
2024-09-05,paid_social,retargeting,1274,21,7.82,1
2024-09-06,affiliate,commission,5114,16,0.0,0
2024-09-06,email,newsletter_platform,19,16,1.63,0
2024-09-06,organic_search,seo_retainer,2528,74,15.0,
2024-09-06,paid_search,brand,106,21,3.2,0
2024-09-06,paid_search,non_brand,681,33,20.03,0
2024-09-06,paid_social,prospecting,7268,69,19.78,0
2024-09-06,paid_social,retargeting,1659,23,10.33,0
2024-09-07,affiliate,commission,4654,20,0.0,0
2024-09-07,email,newsletter_platform,19,31,1.63,0
2024-09-07,organic_search,seo_retainer,3357,90,15.0,
2024-09-07,paid_search,brand,53,10,1.65,0
2024-09-07,paid_search,non_brand,623,26,15.59,0
2024-09-07,paid_social,prospecting,8268,85,24.72,0
2024-09-07,paid_social,retargeting,1807,28,10.77,0
2024-09-08,affiliate,commission,7326,30,0.0,0
2024-09-08,email,newsletter_platform,20,28,1.63,2
2024-09-08,organic_search,seo_retainer,3548,96,15.0,
2024-09-08,paid_search,brand,67,18,2.76,0
2024-09-08,paid_search,non_brand,1050,46,27.79,1
2024-09-08,paid_social,prospecting,6450,65,19.17,0
2024-09-08,paid_social,retargeting,1866,25,9.49,1
2024-09-09,affiliate,commission,3530,15,0.88,0
2024-09-09,email,newsletter_platform,18,6,1.63,0
2024-09-09,organic_search,seo_retainer,2629,74,15.0,
2024-09-09,paid_search,brand,46,11,2.12,5
2024-09-09,paid_search,non_brand,599,27,16.9,2
2024-09-09,paid_social,prospecting,7413,68,20.78,1
2024-09-09,paid_social,retargeting,1759,24,9.36,0
2024-09-10,affiliate,commission,8496,26,0.0,0
2024-09-10,email,newsletter_platform,1433,65,1.63,4
2024-09-10,organic_search,seo_retainer,2547,71,15.0,
2024-09-10,paid_search,brand,81,15,2.11,0
2024-09-10,paid_search,non_brand,526,26,18.71,1
2024-09-10,paid_social,prospecting,9667,62,31.27,0
2024-09-10,paid_social,retargeting,1645,23,8.71,0
2024-09-11,affiliate,commission,5216,21,0.94,0
2024-09-11,email,newsletter_platform,14,32,1.63,0
2024-09-11,organic_search,seo_retainer,2036,72,15.0,
2024-09-11,paid_search,brand,77,15,2.44,0
2024-09-11,paid_search,non_brand,669,33,22.5,0
2024-09-11,paid_social,prospecting,5580,53,16.12,0
2024-09-11,paid_social,retargeting,1201,14,6.4,0
2024-09-12,affiliate,commission,5177,17,7.59,0
2024-09-12,email,newsletter_platform,17,6,1.63,2
2024-09-12,organic_search,seo_retainer,1904,64,15.0,
2024-09-12,paid_search,brand,46,11,1.89,1
2024-09-12,paid_search,non_brand,394,20,9.52,1
2024-09-12,paid_social,prospecting,5269,59,15.6,0
2024-09-12,paid_social,retargeting,1010,16,5.59,2
2024-09-13,affiliate,commission,4981,15,0.0,0
2024-09-13,email,newsletter_platform,16,10,1.63,0
2024-09-13,organic_search,seo_retainer,2219,72,15.0,
2024-09-13,paid_search,brand,47,9,1.33,0
2024-09-13,paid_search,non_brand,267,13,8.36,0
2024-09-13,paid_social,prospecting,7840,70,26.16,1
2024-09-13,paid_social,retargeting,1801,27,10.51,1
2024-09-14,affiliate,commission,4051,13,0.0,0
2024-09-14,email,newsletter_platform,16,16,1.63,0
2024-09-14,organic_search,seo_retainer,1759,62,15.0,
2024-09-14,paid_search,brand,68,14,2.29,2
2024-09-14,paid_search,non_brand,747,32,19.49,5
2024-09-14,paid_social,prospecting,6758,68,23.99,1
2024-09-14,paid_social,retargeting,1590,22,9.53,1
2024-09-15,affiliate,commission,5590,22,0.0,0
2024-09-15,email,newsletter_platform,17,12,1.63,0
2024-09-15,organic_search,seo_retainer,2233,73,15.0,
2024-09-15,paid_search,brand,53,13,2.01,2
2024-09-15,paid_search,non_brand,524,20,12.02,0
2024-09-15,paid_social,prospecting,9095,75,29.2,0
2024-09-15,paid_social,retargeting,1738,25,10.18,0
2024-09-16,affiliate,commission,7442,24,0.0,2
2024-09-16,email,newsletter_platform,17,26,1.63,0
2024-09-16,organic_search,seo_retainer,2891,87,15.0,
2024-09-16,paid_search,brand,62,15,2.22,0
2024-09-16,paid_search,non_brand,563,26,14.53,0
2024-09-16,paid_social,prospecting,8161,71,25.74,0
2024-09-16,paid_social,retargeting,1339,19,7.48,0
2024-09-17,affiliate,commission,4209,13,0.0,0
2024-09-17,email,newsletter_platform,1484,28,1.63,3
2024-09-17,organic_search,seo_retainer,2610,75,15.0,
2024-09-17,paid_search,brand,33,8,1.06,0
2024-09-17,paid_search,non_brand,422,16,8.64,0
2024-09-17,paid_social,prospecting,5362,58,17.29,0
2024-09-17,paid_social,retargeting,1334,16,6.99,0
2024-09-18,affiliate,commission,5555,24,0.0,0
2024-09-18,email,newsletter_platform,16,47,1.63,2
2024-09-18,organic_search,seo_retainer,3838,106,15.0,
2024-09-18,paid_search,brand,103,20,2.98,1
2024-09-18,paid_search,non_brand,926,43,24.62,0
2024-09-18,paid_social,prospecting,8301,96,22.87,0
2024-09-18,paid_social,retargeting,1757,25,10.02,1
2024-09-19,affiliate,commission,1568,5,0.0,0
2024-09-19,email,newsletter_platform,13,11,1.63,0
2024-09-19,organic_search,seo_retainer,2089,59,15.0,
2024-09-19,paid_search,brand,83,16,2.77,0
2024-09-19,paid_search,non_brand,727,34,20.51,0
2024-09-19,paid_social,prospecting,5330,53,17.84,1
2024-09-19,paid_social,retargeting,1036,16,5.35,1
2024-09-20,affiliate,commission,5081,20,0.0,0
2024-09-20,email,newsletter_platform,13,8,1.63,0
2024-09-20,organic_search,seo_retainer,1970,59,15.0,
2024-09-20,paid_search,brand,49,13,2.11,0
2024-09-20,paid_search,non_brand,498,26,13.01,1
2024-09-20,paid_social,prospecting,6841,66,21.18,0
2024-09-20,paid_social,retargeting,1600,23,9.77,0
2024-09-21,affiliate,commission,4922,19,1.22,0
2024-09-21,email,newsletter_platform,15,24,1.63,0
2024-09-21,organic_search,seo_retainer,2703,81,15.0,
2024-09-21,paid_search,brand,41,8,1.31,1
2024-09-21,paid_search,non_brand,345,14,9.72,3
2024-09-21,paid_social,prospecting,6969,65,22.31,0
2024-09-21,paid_social,retargeting,1292,21,7.58,0
2024-09-22,affiliate,commission,5890,21,0.0,0
2024-09-22,email,newsletter_platform,15,6,1.63,0
2024-09-22,organic_search,seo_retainer,2147,72,15.0,
2024-09-22,paid_search,brand,36,8,1.35,0
2024-09-22,paid_search,non_brand,454,21,14.2,0
2024-09-22,paid_social,prospecting,5907,50,17.32,2
2024-09-22,paid_social,retargeting,1122,14,6.54,2
2024-09-23,affiliate,commission,5627,22,0.0,0
2024-09-23,email,newsletter_platform,19,18,1.63,0
2024-09-23,organic_search,seo_retainer,2382,85,15.0,
2024-09-23,paid_search,brand,88,16,2.86,0
2024-09-23,paid_search,non_brand,902,33,19.91,1
2024-09-23,paid_social,prospecting,6456,47,17.96,0
2024-09-23,paid_social,retargeting,1310,20,7.81,0
2024-09-24,affiliate,commission,9975,34,0.0,0
2024-09-24,email,newsletter_platform,1522,51,1.63,5
2024-09-24,organic_search,seo_retainer,3243,100,15.0,
2024-09-24,paid_search,brand,82,17,2.49,0
2024-09-24,paid_search,non_brand,759,37,19.4,2
2024-09-24,paid_social,prospecting,12305,92,41.68,3
2024-09-24,paid_social,retargeting,2230,35,11.96,3
2024-09-25,affiliate,commission,6675,22,0.0,0
2024-09-25,email,newsletter_platform,23,27,1.63,0
2024-09-25,organic_search,seo_retainer,4431,141,15.0,
2024-09-25,paid_search,brand,101,25,3.91,1
2024-09-25,paid_search,non_brand,1147,51,29.14,1
2024-09-25,paid_social,prospecting,10234,79,33.91,1
2024-09-25,paid_social,retargeting,2361,33,12.01,5
2024-09-26,affiliate,commission,4219,13,28.8,0
2024-09-26,email,newsletter_platform,19,14,1.63,3
2024-09-26,organic_search,seo_retainer,3262,107,15.0,
2024-09-26,paid_search,brand,83,15,2.19,0
2024-09-26,paid_search,non_brand,442,24,12.06,1
2024-09-26,paid_social,prospecting,7948,87,26.29,1
2024-09-26,paid_social,retargeting,2560,34,14.13,0
2024-09-27,affiliate,commission,4974,19,0.0,1
2024-09-27,email,newsletter_platform,19,20,1.63,0
2024-09-27,organic_search,seo_retainer,4080,109,15.0,
2024-09-27,paid_search,brand,66,12,1.77,0
2024-09-27,paid_search,non_brand,521,25,15.66,0
2024-09-27,paid_social,prospecting,7095,65,20.12,1
2024-09-27,paid_social,retargeting,1671,23,8.71,1
2024-09-28,affiliate,commission,4546,16,0.0,0
2024-09-28,email,newsletter_platform,20,7,1.63,0
2024-09-28,organic_search,seo_retainer,1938,65,15.0,
2024-09-28,paid_search,brand,65,14,2.18,0
2024-09-28,paid_search,non_brand,578,23,10.5,0
2024-09-28,paid_social,prospecting,8243,87,24.19,0
2024-09-28,paid_social,retargeting,1820,25,9.27,0
2024-09-29,affiliate,commission,10185,32,0.0,2
2024-09-29,email,newsletter_platform,21,17,1.63,0
2024-09-29,organic_search,seo_retainer,4106,137,15.0,
2024-09-29,paid_search,brand,85,20,3.16,1
2024-09-29,paid_search,non_brand,1018,43,28.02,3
2024-09-29,paid_social,prospecting,10952,110,30.83,0
2024-09-29,paid_social,retargeting,2498,41,14.43,1
2024-09-30,affiliate,commission,6573,26,0.0,1
2024-09-30,email,newsletter_platform,23,29,1.63,0
2024-09-30,organic_search,seo_retainer,3323,110,15.0,
2024-09-30,paid_search,brand,146,27,4.46,4
2024-09-30,paid_search,non_brand,1344,57,32.01,1
2024-09-30,paid_social,prospecting,11747,107,39.93,1
2024-09-30,paid_social,retargeting,1645,29,9.76,0
2024-10-01,affiliate,commission,5860,24,5.25,0
2024-10-01,email,newsletter_platform,1572,53,3.19,3
2024-10-01,organic_search,seo_retainer,3397,98,14.52,
2024-10-01,paid_search,brand,82,16,2.59,0
2024-10-01,paid_search,non_brand,914,39,22.11,1
2024-10-01,paid_social,prospecting,7814,81,24.08,0
2024-10-01,paid_social,retargeting,2205,32,12.14,0
2024-10-02,affiliate,commission,8019,25,0.0,5
2024-10-02,email,newsletter_platform,22,34,3.19,0
2024-10-02,organic_search,seo_retainer,3259,112,14.52,
2024-10-02,paid_search,brand,104,22,3.48,0
2024-10-02,paid_search,non_brand,1072,46,25.68,1
2024-10-02,paid_social,prospecting,9683,97,27.47,0
2024-10-02,paid_social,retargeting,2666,32,15.5,1
2024-10-03,affiliate,commission,6541,26,0.0,0
2024-10-03,email,newsletter_platform,24,21,3.19,3
2024-10-03,organic_search,seo_retainer,2593,92,14.52,
2024-10-03,paid_search,brand,69,15,2.49,1
2024-10-03,paid_search,non_brand,961,35,19.01,0
2024-10-03,paid_social,prospecting,7829,83,25.12,0
2024-10-03,paid_social,retargeting,1488,21,8.63,0
2024-10-04,affiliate,commission,9971,30,0.0,0
2024-10-04,email,newsletter_platform,21,20,3.19,2
2024-10-04,organic_search,seo_retainer,4076,110,14.52,
2024-10-04,paid_search,brand,102,18,2.62,2
2024-10-04,paid_search,non_brand,588,31,17.83,5
2024-10-04,paid_social,prospecting,5281,54,12.94,0
2024-10-04,paid_social,retargeting,1274,18,7.85,0
2024-10-05,affiliate,commission,6004,25,0.0,0
2024-10-05,email,newsletter_platform,26,29,3.19,2
2024-10-05,organic_search,seo_retainer,3875,127,14.52,
2024-10-05,paid_search,brand,117,25,3.89,2
2024-10-05,paid_search,non_brand,1163,57,29.47,3
2024-10-05,paid_social,prospecting,11138,137,35.22,3
2024-10-05,paid_social,retargeting,2926,40,15.22,1
2024-10-06,affiliate,commission,11605,41,0.0,0
2024-10-06,email,newsletter_platform,26,32,3.19,3
2024-10-06,organic_search,seo_retainer,4192,127,14.52,
2024-10-06,paid_search,brand,99,22,3.77,0
2024-10-06,paid_search,non_brand,1053,43,23.78,0
2024-10-06,paid_social,prospecting,11129,115,34.86,0
2024-10-06,paid_social,retargeting,3073,44,16.81,1
2024-10-07,affiliate,commission,4007,18,0.0,0
2024-10-07,email,newsletter_platform,21,21,3.19,0
2024-10-07,organic_search,seo_retainer,3578,100,14.52,
2024-10-07,paid_search,brand,63,12,1.93,1
2024-10-07,paid_search,non_brand,753,40,20.89,2
2024-10-07,paid_social,prospecting,6631,61,20.78,0
2024-10-07,paid_social,retargeting,1167,18,7.26,0
2024-10-08,affiliate,commission,3408,15,6.48,1
2024-10-08,email,newsletter_platform,1617,44,3.19,0
2024-10-08,organic_search,seo_retainer,3498,97,14.52,
2024-10-08,paid_search,brand,72,14,2.16,1
2024-10-08,paid_search,non_brand,627,32,17.93,2
2024-10-08,paid_social,prospecting,4417,49,13.21,2
2024-10-08,paid_social,retargeting,954,13,4.53,0
2024-10-09,affiliate,commission,2375,8,0.0,0
2024-10-09,email,newsletter_platform,18,24,3.19,0
2024-10-09,organic_search,seo_retainer,2254,65,14.52,
2024-10-09,paid_search,brand,141,26,4.52,3
2024-10-09,paid_search,non_brand,748,31,16.11,1
2024-10-09,paid_social,prospecting,5112,56,14.8,0
2024-10-09,paid_social,retargeting,1327,19,7.62,0
2024-10-10,affiliate,commission,5996,26,0.0,0
2024-10-10,email,newsletter_platform,18,16,3.19,0
2024-10-10,organic_search,seo_retainer,3122,85,14.52,
2024-10-10,paid_search,brand,70,18,2.83,2
2024-10-10,paid_search,non_brand,842,39,21.56,3
2024-10-10,paid_social,prospecting,9230,77,24.54,1
2024-10-10,paid_social,retargeting,1995,24,11.14,0
2024-10-11,affiliate,commission,7042,24,2.16,1
2024-10-11,email,newsletter_platform,16,15,3.19,4
2024-10-11,organic_search,seo_retainer,2658,72,14.52,
2024-10-11,paid_search,brand,29,7,1.13,2
2024-10-11,paid_search,non_brand,507,20,10.52,2
2024-10-11,paid_social,prospecting,6105,57,16.59,3
2024-10-11,paid_social,retargeting,1800,21,9.96,0
2024-10-12,affiliate,commission,5472,23,0.0,0
2024-10-12,email,newsletter_platform,20,27,3.19,0
2024-10-12,organic_search,seo_retainer,2681,72,14.52,
2024-10-12,paid_search,brand,93,17,2.66,3
2024-10-12,paid_search,non_brand,699,33,20.17,1
2024-10-12,paid_social,prospecting,7754,74,23.58,0
2024-10-12,paid_social,retargeting,1392,20,8.23,0
2024-10-13,affiliate,commission,7841,28,3.6,0
2024-10-13,email,newsletter_platform,20,20,3.19,4
2024-10-13,organic_search,seo_retainer,3969,111,14.52,
2024-10-13,paid_search,brand,111,25,3.57,0
2024-10-13,paid_search,non_brand,1114,51,27.81,1
2024-10-13,paid_social,prospecting,8638,84,27.67,0
2024-10-13,paid_social,retargeting,2058,26,12.38,0
2024-10-14,affiliate,commission,7345,33,1.2,0
2024-10-14,email,newsletter_platform,22,40,3.19,0
2024-10-14,organic_search,seo_retainer,4157,124,14.52,
2024-10-14,paid_search,brand,84,18,2.77,0
2024-10-14,paid_search,non_brand,913,42,21.6,1
2024-10-14,paid_social,prospecting,10838,111,33.83,1
2024-10-14,paid_social,retargeting,2479,38,14.26,3
2024-10-15,affiliate,commission,12141,39,0.0,1
2024-10-15,email,newsletter_platform,1664,37,3.19,1
2024-10-15,organic_search,seo_retainer,3288,108,14.52,
2024-10-15,paid_search,brand,91,18,2.52,0
2024-10-15,paid_search,non_brand,1030,54,32.06,0
2024-10-15,paid_social,prospecting,13142,144,40.72,1
2024-10-15,paid_social,retargeting,3471,58,19.3,5
2024-10-16,affiliate,commission,5183,19,0.0,0
2024-10-16,email,newsletter_platform,20,10,3.19,0
2024-10-16,organic_search,seo_retainer,2636,86,14.52,
2024-10-16,paid_search,brand,80,17,2.81,3
2024-10-16,paid_search,non_brand,568,28,16.91,3
2024-10-16,paid_social,prospecting,7173,55,23.49,0
2024-10-16,paid_social,retargeting,1277,18,6.87,0
2024-10-17,affiliate,commission,11875,36,2.0,0
2024-10-17,email,newsletter_platform,22,25,3.19,0
2024-10-17,organic_search,seo_retainer,2846,83,14.52,
2024-10-17,paid_search,brand,71,16,2.48,1
2024-10-17,paid_search,non_brand,582,25,13.17,0
2024-10-17,paid_social,prospecting,6394,73,21.35,0
2024-10-17,paid_social,retargeting,1904,27,10.74,0
2024-10-18,affiliate,commission,3553,12,0.0,0
2024-10-18,email,newsletter_platform,20,15,3.19,0
2024-10-18,organic_search,seo_retainer,3034,85,14.52,
2024-10-18,paid_search,brand,65,16,2.29,3
2024-10-18,paid_search,non_brand,611,28,17.2,2
2024-10-18,paid_social,prospecting,5387,60,16.35,0
2024-10-18,paid_social,retargeting,1220,18,7.12,0
2024-10-19,affiliate,commission,3734,15,0.0,0
2024-10-19,email,newsletter_platform,19,9,3.19,0
2024-10-19,organic_search,seo_retainer,3670,96,14.52,
2024-10-19,paid_search,brand,63,13,2.14,0
2024-10-19,paid_search,non_brand,654,29,15.83,0
2024-10-19,paid_social,prospecting,8305,78,24.1,0
2024-10-19,paid_social,retargeting,1477,21,8.04,0
2024-10-20,affiliate,commission,6658,20,0.0,1
2024-10-20,email,newsletter_platform,26,16,3.19,1
2024-10-20,organic_search,seo_retainer,2158,61,14.52,
2024-10-20,paid_search,brand,72,14,2.12,2
2024-10-20,paid_search,non_brand,773,40,25.26,2
2024-10-20,paid_social,prospecting,11819,108,33.83,5
2024-10-20,paid_social,retargeting,2566,33,16.84,7
2024-10-21,affiliate,commission,9877,32,0.0,1
2024-10-21,email,newsletter_platform,21,28,3.19,4
2024-10-21,organic_search,seo_retainer,3427,117,14.52,
2024-10-21,paid_search,brand,63,16,2.7,1
2024-10-21,paid_search,non_brand,804,37,20.87,0
2024-10-21,paid_social,prospecting,12728,103,39.75,0
2024-10-21,paid_social,retargeting,2503,32,13.55,0
2024-10-22,affiliate,commission,2689,10,0.0,0
2024-10-22,email,newsletter_platform,1715,46,3.19,2
2024-10-22,organic_search,seo_retainer,2313,78,14.52,
2024-10-22,paid_search,brand,41,10,1.66,2
2024-10-22,paid_search,non_brand,863,31,18.0,1
2024-10-22,paid_social,prospecting,3712,33,11.23,1
2024-10-22,paid_social,retargeting,828,13,4.59,0
2024-10-23,affiliate,commission,4953,17,5.68,0
2024-10-23,email,newsletter_platform,19,19,3.19,1
2024-10-23,organic_search,seo_retainer,2306,79,14.52,
2024-10-23,paid_search,brand,58,13,2.09,2
2024-10-23,paid_search,non_brand,637,30,15.56,3
2024-10-23,paid_social,prospecting,6502,66,19.14,2
2024-10-23,paid_social,retargeting,1240,18,7.48,0
2024-10-24,affiliate,commission,3325,13,7.34,1
2024-10-24,email,newsletter_platform,18,24,3.19,0
2024-10-24,organic_search,seo_retainer,2597,76,14.52,
2024-10-24,paid_search,brand,95,25,3.68,1
2024-10-24,paid_search,non_brand,581,30,14.67,0
2024-10-24,paid_social,prospecting,6830,65,23.31,3
2024-10-24,paid_social,retargeting,1379,20,7.34,4
2024-10-25,affiliate,commission,8613,38,0.0,0
2024-10-25,email,newsletter_platform,13,15,3.19,0
2024-10-25,organic_search,seo_retainer,2420,85,14.52,
2024-10-25,paid_search,brand,59,16,2.78,1
2024-10-25,paid_search,non_brand,469,23,14.41,1
2024-10-25,paid_social,prospecting,10997,89,37.55,0
2024-10-25,paid_social,retargeting,2302,37,15.17,0
2024-10-26,affiliate,commission,5361,20,0.0,0
2024-10-26,email,newsletter_platform,16,13,3.19,0
2024-10-26,organic_search,seo_retainer,2374,73,14.52,
2024-10-26,paid_search,brand,31,8,1.3,0
2024-10-26,paid_search,non_brand,859,28,17.88,0
2024-10-26,paid_social,prospecting,6844,60,18.92,1
2024-10-26,paid_social,retargeting,1866,25,10.9,1
2024-10-27,affiliate,commission,8475,30,0.0,0
2024-10-27,email,newsletter_platform,14,24,3.19,1
2024-10-27,organic_search,seo_retainer,2727,97,14.52,
2024-10-27,paid_search,brand,90,22,3.81,0
2024-10-27,paid_search,non_brand,1767,53,35.91,0
2024-10-27,paid_social,prospecting,9514,100,31.62,3
2024-10-27,paid_social,retargeting,2250,32,14.27,2
2024-10-28,affiliate,commission,6948,30,9.07,1
2024-10-28,email,newsletter_platform,15,18,3.19,7
2024-10-28,organic_search,seo_retainer,3043,109,14.52,
2024-10-28,paid_search,brand,41,9,1.6,1
2024-10-28,paid_search,non_brand,491,20,11.34,1
2024-10-28,paid_social,prospecting,11726,118,41.08,0
2024-10-28,paid_social,retargeting,2047,35,12.47,0
2024-10-29,affiliate,commission,5959,19,0.0,0
2024-10-29,email,newsletter_platform,1751,67,3.19,5
2024-10-29,organic_search,seo_retainer,2757,79,14.52,
2024-10-29,paid_search,brand,58,14,2.44,4
2024-10-29,paid_search,non_brand,729,29,15.75,5
2024-10-29,paid_social,prospecting,7686,73,22.95,0
2024-10-29,paid_social,retargeting,1520,25,10.53,1
2024-10-30,affiliate,commission,7721,28,0.0,0
2024-10-30,email,newsletter_platform,17,42,3.19,1
2024-10-30,organic_search,seo_retainer,3314,92,14.52,
2024-10-30,paid_search,brand,57,12,2.24,0
2024-10-30,paid_search,non_brand,569,27,13.58,3
2024-10-30,paid_social,prospecting,12505,105,39.21,0
2024-10-30,paid_social,retargeting,2774,31,15.42,0
2024-10-31,affiliate,commission,5849,24,0.0,2
2024-10-31,email,newsletter_platform,18,21,3.19,1
2024-10-31,organic_search,seo_retainer,2473,85,14.52,
2024-10-31,paid_search,brand,88,17,2.46,1
2024-10-31,paid_search,non_brand,1200,40,22.5,0
2024-10-31,paid_social,prospecting,11732,119,38.71,3
2024-10-31,paid_social,retargeting,2313,32,12.04,1
2024-11-01,affiliate,commission,6859,30,0.0,0
2024-11-01,email,newsletter_platform,21,29,3.3,1
2024-11-01,organic_search,seo_retainer,5423,149,15.0,
2024-11-01,paid_search,brand,99,22,3.77,0
2024-11-01,paid_search,non_brand,783,37,26.05,0
2024-11-01,paid_social,prospecting,12714,93,63.05,2
2024-11-01,paid_social,retargeting,3700,37,27.22,3
2024-11-02,affiliate,commission,3560,11,15.6,0
2024-11-02,email,newsletter_platform,27,33,3.3,0
2024-11-02,organic_search,seo_retainer,3359,98,15.0,
2024-11-02,paid_search,brand,64,16,2.93,0
2024-11-02,paid_search,non_brand,800,38,22.25,0
2024-11-02,paid_social,prospecting,7952,85,31.68,2
2024-11-02,paid_social,retargeting,2078,31,14.65,2
2024-11-03,affiliate,commission,12682,47,0.0,7
2024-11-03,email,newsletter_platform,25,30,3.3,5
2024-11-03,organic_search,seo_retainer,5349,154,15.0,
2024-11-03,paid_search,brand,53,14,2.6,2
2024-11-03,paid_search,non_brand,1031,43,28.92,3
2024-11-03,paid_social,prospecting,11051,125,40.18,1
2024-11-03,paid_social,retargeting,3241,48,25.45,0
2024-11-04,affiliate,commission,9185,39,0.0,0
2024-11-04,email,newsletter_platform,25,26,3.3,0
2024-11-04,organic_search,seo_retainer,5027,169,15.0,
2024-11-04,paid_search,brand,130,35,6.64,0
2024-11-04,paid_search,non_brand,1748,76,47.4,3
2024-11-04,paid_social,prospecting,14215,138,56.59,0
2024-11-04,paid_social,retargeting,3696,50,25.9,2
2024-11-05,affiliate,commission,6856,26,0.0,2
2024-11-05,email,newsletter_platform,1813,48,3.3,0
2024-11-05,organic_search,seo_retainer,2793,90,15.0,
2024-11-05,paid_search,brand,68,16,2.6,2
2024-11-05,paid_search,non_brand,786,29,16.61,3
2024-11-05,paid_social,prospecting,8377,66,35.9,2
2024-11-05,paid_social,retargeting,1555,23,10.52,0
2024-11-06,affiliate,commission,4454,19,0.0,0
2024-11-06,email,newsletter_platform,27,38,3.3,5
2024-11-06,organic_search,seo_retainer,2603,93,15.0,
2024-11-06,paid_search,brand,82,15,2.59,1
2024-11-06,paid_search,non_brand,721,32,22.1,3
2024-11-06,paid_social,prospecting,9771,89,42.15,2
2024-11-06,paid_social,retargeting,2527,38,17.58,7
2024-11-07,affiliate,commission,4331,13,0.0,0
2024-11-07,email,newsletter_platform,23,22,3.3,2
2024-11-07,organic_search,seo_retainer,2925,84,15.0,
2024-11-07,paid_search,brand,91,17,3.03,0
2024-11-07,paid_search,non_brand,636,33,22.5,2
2024-11-07,paid_social,prospecting,7518,69,29.0,0
2024-11-07,paid_social,retargeting,1644,21,11.7,0
2024-11-08,affiliate,commission,7031,25,0.0,0
2024-11-08,email,newsletter_platform,20,9,3.3,0
2024-11-08,organic_search,seo_retainer,3262,99,15.0,
2024-11-08,paid_search,brand,85,20,3.15,0
2024-11-08,paid_search,non_brand,862,36,21.72,0
2024-11-08,paid_social,prospecting,6369,49,23.14,0
2024-11-08,paid_social,retargeting,1098,15,8.13,2
2024-11-09,affiliate,commission,5552,21,0.0,0
2024-11-09,email,newsletter_platform,20,21,3.3,0
2024-11-09,organic_search,seo_retainer,1932,65,15.0,
2024-11-09,paid_search,brand,58,10,1.7,0
2024-11-09,paid_search,non_brand,419,22,13.05,1
2024-11-09,paid_social,prospecting,4905,45,18.39,0
2024-11-09,paid_social,retargeting,1107,16,9.13,2
2024-11-10,affiliate,commission,9452,36,7.5,0
2024-11-10,email,newsletter_platform,20,27,3.3,0
2024-11-10,organic_search,seo_retainer,3462,115,15.0,
2024-11-10,paid_search,brand,139,30,6.04,4
2024-11-10,paid_search,non_brand,1005,47,24.46,3
2024-11-10,paid_social,prospecting,14861,118,63.12,1
2024-11-10,paid_social,retargeting,1869,31,15.09,0
2024-11-11,affiliate,commission,8293,26,1.16,0
2024-11-11,email,newsletter_platform,16,17,3.3,4
2024-11-11,organic_search,seo_retainer,3319,93,15.0,
2024-11-11,paid_search,brand,112,23,3.79,2
2024-11-11,paid_search,non_brand,903,44,27.44,4
2024-11-11,paid_social,prospecting,9858,83,40.53,3
2024-11-11,paid_social,retargeting,2195,34,16.87,1
2024-11-12,affiliate,commission,10028,45,0.0,0
2024-11-12,email,newsletter_platform,1826,54,3.3,2
2024-11-12,organic_search,seo_retainer,3777,107,15.0,
2024-11-12,paid_search,brand,73,18,3.33,0
2024-11-12,paid_search,non_brand,860,36,20.87,0
2024-11-12,paid_social,prospecting,10953,96,41.98,0
2024-11-12,paid_social,retargeting,2302,38,14.83,0
2024-11-13,affiliate,commission,9156,37,0.8,4
2024-11-13,email,newsletter_platform,21,61,3.3,4
2024-11-13,organic_search,seo_retainer,4130,144,15.0,
2024-11-13,paid_search,brand,153,31,5.92,0
2024-11-13,paid_search,non_brand,1226,51,31.15,0
2024-11-13,paid_social,prospecting,14837,151,53.61,0
2024-11-13,paid_social,retargeting,5689,60,43.45,6
2024-11-14,affiliate,commission,7812,25,2.8,0
2024-11-14,email,newsletter_platform,19,22,3.3,3
2024-11-14,organic_search,seo_retainer,4180,120,15.0,
2024-11-14,paid_search,brand,83,19,3.51,3
2024-11-14,paid_search,non_brand,775,42,26.79,3
2024-11-14,paid_social,prospecting,10128,103,39.68,0
2024-11-14,paid_social,retargeting,2234,30,15.59,0
2024-11-15,affiliate,commission,11746,42,5.47,2
2024-11-15,email,newsletter_platform,21,27,3.3,2
2024-11-15,organic_search,seo_retainer,4278,119,15.0,
2024-11-15,paid_search,brand,158,28,5.35,2
2024-11-15,paid_search,non_brand,1763,64,43.11,1
2024-11-15,paid_social,prospecting,8107,83,29.55,0
2024-11-15,paid_social,retargeting,1538,21,12.57,0
2024-11-16,affiliate,commission,10451,35,0.0,1
2024-11-16,email,newsletter_platform,25,28,3.3,5
2024-11-16,organic_search,seo_retainer,4523,137,15.0,
2024-11-16,paid_search,brand,124,23,4.78,2
2024-11-16,paid_search,non_brand,1434,61,44.41,4
2024-11-16,paid_social,prospecting,9529,102,35.93,2
2024-11-16,paid_social,retargeting,2512,38,20.19,2
2024-11-17,affiliate,commission,4644,15,16.2,0
2024-11-17,email,newsletter_platform,27,22,3.3,1
2024-11-17,organic_search,seo_retainer,2828,97,15.0,
2024-11-17,paid_search,brand,94,21,4.09,1
2024-11-17,paid_search,non_brand,687,40,24.04,1
2024-11-17,paid_social,prospecting,6872,72,24.86,0
2024-11-17,paid_social,retargeting,1712,27,12.36,0
2024-11-18,affiliate,commission,8008,32,0.0,2
2024-11-18,email,newsletter_platform,24,20,3.3,2
2024-11-18,organic_search,seo_retainer,3419,112,15.0,
2024-11-18,paid_search,brand,105,19,3.26,2
2024-11-18,paid_search,non_brand,783,33,25.87,0
2024-11-18,paid_social,prospecting,7986,77,31.33,0
2024-11-18,paid_social,retargeting,2028,31,15.13,2
2024-11-19,affiliate,commission,11276,39,0.0,0
2024-11-19,email,newsletter_platform,1907,84,3.3,4
2024-11-19,organic_search,seo_retainer,5292,151,15.0,
2024-11-19,paid_search,brand,208,37,5.71,1
2024-11-19,paid_search,non_brand,1503,66,44.39,0
2024-11-19,paid_social,prospecting,13551,124,55.69,7
2024-11-19,paid_social,retargeting,2901,45,22.48,8
2024-11-20,affiliate,commission,9622,30,0.0,0
2024-11-20,email,newsletter_platform,27,58,3.3,1
2024-11-20,organic_search,seo_retainer,3644,118,15.0,
2024-11-20,paid_search,brand,108,26,4.64,0
2024-11-20,paid_search,non_brand,1118,56,40.32,3
2024-11-20,paid_social,prospecting,8946,88,31.94,1
2024-11-20,paid_social,retargeting,2108,27,16.03,2
2024-11-21,affiliate,commission,7085,28,0.0,0
2024-11-21,email,newsletter_platform,25,19,3.3,0
2024-11-21,organic_search,seo_retainer,2834,81,15.0,
2024-11-21,paid_search,brand,78,18,3.63,0
2024-11-21,paid_search,non_brand,910,40,28.41,0
2024-11-21,paid_social,prospecting,7270,71,29.13,0
2024-11-21,paid_social,retargeting,2700,27,17.99,2
2024-11-22,affiliate,commission,3900,16,0.0,0
2024-11-22,email,newsletter_platform,24,32,3.3,2
2024-11-22,organic_search,seo_retainer,3390,111,15.0,
2024-11-22,paid_search,brand,136,24,3.88,1
2024-11-22,paid_search,non_brand,1264,55,36.69,1
2024-11-22,paid_social,prospecting,9317,94,34.84,0
2024-11-22,paid_social,retargeting,2268,38,14.44,0
2024-11-23,affiliate,commission,5664,19,0.0,0
2024-11-23,email,newsletter_platform,24,27,3.3,1
2024-11-23,organic_search,seo_retainer,2656,82,15.0,
2024-11-23,paid_search,brand,52,12,2.29,1
2024-11-23,paid_search,non_brand,720,26,15.73,2
2024-11-23,paid_social,prospecting,7057,74,25.73,0
2024-11-23,paid_social,retargeting,1540,21,12.21,1
2024-11-24,affiliate,commission,4677,21,0.0,1
2024-11-24,email,newsletter_platform,22,10,3.3,0
2024-11-24,organic_search,seo_retainer,3570,128,15.0,
2024-11-24,paid_search,brand,34,9,1.86,0
2024-11-24,paid_search,non_brand,835,38,29.8,0
2024-11-24,paid_social,prospecting,9791,77,38.77,0
2024-11-24,paid_social,retargeting,1495,21,12.18,3
2024-11-25,affiliate,commission,10693,36,10.32,2
2024-11-25,email,newsletter_platform,1955,119,3.3,17
2024-11-25,organic_search,seo_retainer,3364,113,15.0,
2024-11-25,paid_search,brand,117,30,6.86,1
2024-11-25,paid_search,non_brand,1050,44,33.93,2
2024-11-25,paid_social,prospecting,14225,137,80.88,3
2024-11-25,paid_social,retargeting,3549,54,33.68,2
2024-11-26,affiliate,commission,7630,32,0.0,0
2024-11-26,email,newsletter_platform,1984,117,3.3,5
2024-11-26,organic_search,seo_retainer,3605,117,15.0,
2024-11-26,paid_search,brand,70,16,3.91,2
2024-11-26,paid_search,non_brand,1524,53,41.79,2
2024-11-26,paid_social,prospecting,14133,140,78.0,3
2024-11-26,paid_social,retargeting,3713,57,34.39,5
2024-11-27,affiliate,commission,9598,37,8.4,0
2024-11-27,email,newsletter_platform,1987,99,3.3,4
2024-11-27,organic_search,seo_retainer,2578,82,15.0,
2024-11-27,paid_search,brand,144,27,6.52,2
2024-11-27,paid_search,non_brand,1355,51,44.46,1
2024-11-27,paid_social,prospecting,11477,129,61.21,0
2024-11-27,paid_social,retargeting,2207,40,25.41,3
2024-11-28,affiliate,commission,15504,58,0.86,0
2024-11-28,email,newsletter_platform,1999,146,3.3,8
2024-11-28,organic_search,seo_retainer,7598,231,15.0,
2024-11-28,paid_search,brand,290,52,11.59,5
2024-11-28,paid_search,non_brand,2082,85,79.77,4
2024-11-28,paid_social,prospecting,31096,273,156.75,2
2024-11-28,paid_social,retargeting,7278,107,65.6,3
2024-11-29,affiliate,commission,11531,49,0.0,0
2024-11-29,email,newsletter_platform,2029,166,3.3,5
2024-11-29,organic_search,seo_retainer,6588,173,15.0,
2024-11-29,paid_search,brand,224,48,9.98,2
2024-11-29,paid_search,non_brand,2389,100,84.06,5
2024-11-29,paid_social,prospecting,26885,218,155.91,0
2024-11-29,paid_social,retargeting,4713,70,51.98,0
2024-11-30,affiliate,commission,9122,28,5.76,0
2024-11-30,email,newsletter_platform,2032,87,3.3,5
2024-11-30,organic_search,seo_retainer,2844,92,15.0,
2024-11-30,paid_search,brand,83,20,4.24,0
2024-11-30,paid_search,non_brand,1004,50,49.2,1
2024-11-30,paid_social,prospecting,8541,95,38.05,0
2024-11-30,paid_social,retargeting,2702,38,28.7,0
2024-12-01,affiliate,commission,6613,26,0.0,0
2024-12-01,email,newsletter_platform,2049,72,3.19,6
2024-12-01,organic_search,seo_retainer,3817,108,14.52,
2024-12-01,paid_search,brand,87,23,5.6,2
2024-12-01,paid_search,non_brand,1254,51,42.94,2
2024-12-01,paid_social,prospecting,17905,149,86.31,2
2024-12-01,paid_social,retargeting,2326,40,24.11,9
2024-12-02,affiliate,commission,7408,32,3.24,4
2024-12-02,email,newsletter_platform,2082,61,3.19,4
2024-12-02,organic_search,seo_retainer,2623,93,14.52,
2024-12-02,paid_search,brand,153,29,6.63,9
2024-12-02,paid_search,non_brand,1324,59,55.79,5
2024-12-02,paid_social,prospecting,16970,174,89.03,5
2024-12-02,paid_social,retargeting,3533,54,33.36,3
2024-12-03,affiliate,commission,8362,37,2.8,1
2024-12-03,email,newsletter_platform,2057,73,3.19,2
2024-12-03,organic_search,seo_retainer,4897,144,14.52,
2024-12-03,paid_search,brand,126,30,5.42,2
2024-12-03,paid_search,non_brand,1286,63,46.43,0
2024-12-03,paid_social,prospecting,13557,142,47.67,2
2024-12-03,paid_social,retargeting,3639,50,32.04,2
2024-12-04,affiliate,commission,8482,27,0.0,1
2024-12-04,email,newsletter_platform,33,30,3.19,0
2024-12-04,organic_search,seo_retainer,2831,86,14.52,
2024-12-04,paid_search,brand,49,13,2.41,0
2024-12-04,paid_search,non_brand,631,31,23.94,0
2024-12-04,paid_social,prospecting,11293,104,56.52,0
2024-12-04,paid_social,retargeting,2634,39,21.21,0
2024-12-05,affiliate,commission,6877,21,0.0,0
2024-12-05,email,newsletter_platform,2064,74,3.19,1
2024-12-05,organic_search,seo_retainer,4644,123,14.52,
2024-12-05,paid_search,brand,105,26,4.53,2
2024-12-05,paid_search,non_brand,1128,53,30.72,1
2024-12-05,paid_social,prospecting,11328,112,53.53,0
2024-12-05,paid_social,retargeting,2541,33,19.88,0
2024-12-06,affiliate,commission,7287,32,14.4,2
2024-12-06,email,newsletter_platform,35,37,3.19,6
2024-12-06,organic_search,seo_retainer,3618,130,14.52,
2024-12-06,paid_search,brand,160,29,5.74,2
2024-12-06,paid_search,non_brand,1385,58,37.91,3
2024-12-06,paid_social,prospecting,17527,163,74.52,3
2024-12-06,paid_social,retargeting,4418,67,38.26,2
2024-12-07,affiliate,commission,5043,22,9.0,0
2024-12-07,email,newsletter_platform,26,24,3.19,0
2024-12-07,organic_search,seo_retainer,3569,117,14.52,
2024-12-07,paid_search,brand,83,20,3.54,1
2024-12-07,paid_search,non_brand,1069,47,30.75,2
2024-12-07,paid_social,prospecting,11385,120,49.44,0
2024-12-07,paid_social,retargeting,2019,30,15.57,0
2024-12-08,affiliate,commission,5555,19,5.4,0
2024-12-08,email,newsletter_platform,28,30,3.19,2
2024-12-08,organic_search,seo_retainer,3955,117,14.52,
2024-12-08,paid_search,brand,62,16,2.97,0
2024-12-08,paid_search,non_brand,615,31,22.1,0
2024-12-08,paid_social,prospecting,15150,152,68.12,1
2024-12-08,paid_social,retargeting,2600,40,23.11,2
2024-12-09,affiliate,commission,3258,11,2.4,0
2024-12-09,email,newsletter_platform,22,40,3.19,1
2024-12-09,organic_search,seo_retainer,4839,139,14.52,
2024-12-09,paid_search,brand,55,11,2.14,0
2024-12-09,paid_search,non_brand,675,29,26.35,0
2024-12-09,paid_social,prospecting,8391,79,35.12,0
2024-12-09,paid_social,retargeting,1706,28,13.81,0
2024-12-10,affiliate,commission,6081,21,0.0,0
2024-12-10,email,newsletter_platform,2123,75,3.19,6
2024-12-10,organic_search,seo_retainer,3371,98,14.52,
2024-12-10,paid_search,brand,76,18,3.65,3
2024-12-10,paid_search,non_brand,797,40,26.22,2
2024-12-10,paid_social,prospecting,8418,101,37.51,0
2024-12-10,paid_social,retargeting,2718,38,22.29,1
2024-12-11,affiliate,commission,4899,17,0.0,1
2024-12-11,email,newsletter_platform,29,35,3.19,0
2024-12-11,organic_search,seo_retainer,3803,104,14.52,
2024-12-11,paid_search,brand,87,21,4.43,2
2024-12-11,paid_search,non_brand,901,41,27.22,2
2024-12-11,paid_social,prospecting,12147,120,50.39,0
2024-12-11,paid_social,retargeting,3942,51,34.55,0
2024-12-12,affiliate,commission,4501,20,0.0,1
2024-12-12,email,newsletter_platform,2140,50,3.19,3
2024-12-12,organic_search,seo_retainer,2030,65,14.52,
2024-12-12,paid_search,brand,40,9,1.81,0
2024-12-12,paid_search,non_brand,528,21,12.78,1
2024-12-12,paid_social,prospecting,6882,63,27.79,0
2024-12-12,paid_social,retargeting,1294,21,10.92,0
2024-12-13,affiliate,commission,3910,17,2.4,1
2024-12-13,email,newsletter_platform,29,27,3.19,0
2024-12-13,organic_search,seo_retainer,2656,92,14.52,
2024-12-13,paid_search,brand,94,21,4.13,2
2024-12-13,paid_search,non_brand,886,46,36.08,2
2024-12-13,paid_social,prospecting,19481,132,93.05,0
2024-12-13,paid_social,retargeting,2473,37,23.03,0
2024-12-14,affiliate,commission,9743,37,2.52,0
2024-12-14,email,newsletter_platform,27,31,3.19,2
2024-12-14,organic_search,seo_retainer,4581,133,14.52,
2024-12-14,paid_search,brand,145,31,6.04,1
2024-12-14,paid_search,non_brand,1507,67,49.77,0
2024-12-14,paid_social,prospecting,9341,100,43.69,0
2024-12-14,paid_social,retargeting,3277,42,21.61,4
2024-12-15,affiliate,commission,4054,18,1.44,0
2024-12-15,email,newsletter_platform,24,35,3.19,1
2024-12-15,organic_search,seo_retainer,4142,133,14.52,
2024-12-15,paid_search,brand,138,30,5.31,0
2024-12-15,paid_search,non_brand,1296,51,35.08,0
2024-12-15,paid_social,prospecting,15480,122,66.19,0
2024-12-15,paid_social,retargeting,3967,52,30.19,0
2024-12-16,affiliate,commission,4756,18,5.28,4
2024-12-16,email,newsletter_platform,26,31,3.19,0
2024-12-16,organic_search,seo_retainer,2977,95,14.52,
2024-12-16,paid_search,brand,113,25,4.87,1
2024-12-16,paid_search,non_brand,1059,49,37.56,1
2024-12-16,paid_social,prospecting,15248,134,71.53,1
2024-12-16,paid_social,retargeting,2864,43,22.63,3
2024-12-17,affiliate,commission,8339,28,3.68,0
2024-12-17,email,newsletter_platform,2180,74,3.19,0
2024-12-17,organic_search,seo_retainer,3615,99,14.52,
2024-12-17,paid_search,brand,155,34,6.37,1
2024-12-17,paid_search,non_brand,1463,65,46.6,3
2024-12-17,paid_social,prospecting,7137,90,29.25,0
2024-12-17,paid_social,retargeting,2273,33,19.48,0
2024-12-18,affiliate,commission,12866,40,0.0,0
2024-12-18,email,newsletter_platform,26,49,3.19,1
2024-12-18,organic_search,seo_retainer,2449,84,14.52,
2024-12-18,paid_search,brand,75,20,3.36,3
2024-12-18,paid_search,non_brand,640,38,24.05,2
2024-12-18,paid_social,prospecting,16904,146,73.49,2
2024-12-18,paid_social,retargeting,3352,46,30.98,6
2024-12-19,affiliate,commission,7360,26,6.48,0
2024-12-19,email,newsletter_platform,24,27,3.19,0
2024-12-19,organic_search,seo_retainer,3315,115,14.52,
2024-12-19,paid_search,brand,138,29,5.81,1
2024-12-19,paid_search,non_brand,1220,51,35.63,1
2024-12-19,paid_social,prospecting,15068,130,69.59,0
2024-12-19,paid_social,retargeting,3043,47,26.75,3
2024-12-20,affiliate,commission,5036,22,0.0,0
2024-12-20,email,newsletter_platform,21,27,3.19,0
2024-12-20,organic_search,seo_retainer,2051,67,14.52,
2024-12-20,paid_search,brand,83,15,3.0,0
2024-12-20,paid_search,non_brand,787,29,20.61,0
2024-12-20,paid_social,prospecting,9962,104,45.39,2
2024-12-20,paid_social,retargeting,2883,38,24.24,6
2024-12-21,affiliate,commission,8026,25,0.0,3
2024-12-21,email,newsletter_platform,22,13,3.19,0
2024-12-21,organic_search,seo_retainer,4095,121,14.52,
2024-12-21,paid_search,brand,103,27,4.37,1
2024-12-21,paid_search,non_brand,827,39,22.18,0
2024-12-21,paid_social,prospecting,13289,107,34.88,3
2024-12-21,paid_social,retargeting,1894,27,11.98,0
2024-12-22,affiliate,commission,7437,25,14.8,3
2024-12-22,email,newsletter_platform,27,56,3.19,1
2024-12-22,organic_search,seo_retainer,3058,105,14.52,
2024-12-22,paid_search,brand,109,19,3.39,2
2024-12-22,paid_search,non_brand,873,43,24.18,2
2024-12-22,paid_social,prospecting,9618,98,35.52,0
2024-12-22,paid_social,retargeting,2496,37,12.66,2
2024-12-23,affiliate,commission,4029,15,13.32,2
2024-12-23,email,newsletter_platform,25,26,3.19,0
2024-12-23,organic_search,seo_retainer,2725,93,14.52,
2024-12-23,paid_search,brand,56,13,1.96,1
2024-12-23,paid_search,non_brand,580,30,17.71,1
2024-12-23,paid_social,prospecting,7213,75,20.23,0
2024-12-23,paid_social,retargeting,1807,25,10.46,0
2024-12-24,affiliate,commission,3949,13,1.36,1
2024-12-24,email,newsletter_platform,2226,47,3.19,3
2024-12-24,organic_search,seo_retainer,2528,88,14.52,
2024-12-24,paid_search,brand,60,12,1.74,0
2024-12-24,paid_search,non_brand,858,34,17.16,1
2024-12-24,paid_social,prospecting,8027,81,25.07,1
2024-12-24,paid_social,retargeting,1954,28,11.8,3
2024-12-25,affiliate,commission,3915,16,3.46,0
2024-12-25,email,newsletter_platform,19,13,3.19,0
2024-12-25,organic_search,seo_retainer,1892,54,14.52,
2024-12-25,paid_search,brand,68,13,2.1,0
2024-12-25,paid_search,non_brand,478,24,16.18,0
2024-12-25,paid_social,prospecting,3068,35,9.98,0
2024-12-25,paid_social,retargeting,926,14,5.19,0
2024-12-26,affiliate,commission,6123,22,12.56,0
2024-12-26,email,newsletter_platform,17,11,3.19,0
2024-12-26,organic_search,seo_retainer,1699,58,14.52,
2024-12-26,paid_search,brand,46,12,2.02,0
2024-12-26,paid_search,non_brand,468,22,13.67,0
2024-12-26,paid_social,prospecting,6745,74,21.11,0
2024-12-26,paid_social,retargeting,1612,25,9.67,1
2024-12-27,affiliate,commission,10323,40,0.0,0
2024-12-27,email,newsletter_platform,25,44,3.19,4
2024-12-27,organic_search,seo_retainer,4580,143,14.52,
2024-12-27,paid_search,brand,118,24,4.08,1
2024-12-27,paid_search,non_brand,1249,47,26.54,0
2024-12-27,paid_social,prospecting,10276,102,34.21,0
2024-12-27,paid_social,retargeting,3168,39,17.49,0
2024-12-28,affiliate,commission,5261,21,22.0,0
2024-12-28,email,newsletter_platform,19,27,3.19,1
2024-12-28,organic_search,seo_retainer,4203,118,14.52,
2024-12-28,paid_search,brand,107,27,4.47,0
2024-12-28,paid_search,non_brand,1198,41,27.23,0
2024-12-28,paid_social,prospecting,12112,122,38.54,0
2024-12-28,paid_social,retargeting,2342,34,13.2,1
2024-12-29,affiliate,commission,8150,36,0.0,2
2024-12-29,email,newsletter_platform,16,33,3.19,0
2024-12-29,organic_search,seo_retainer,5113,134,14.52,
2024-12-29,paid_search,brand,141,30,5.18,1
2024-12-29,paid_search,non_brand,1411,58,28.87,1
2024-12-29,paid_social,prospecting,14320,117,41.78,3
2024-12-29,paid_social,retargeting,2016,35,11.73,1
2024-12-30,affiliate,commission,5598,23,0.0,5
2024-12-30,email,newsletter_platform,18,22,3.19,0
2024-12-30,organic_search,seo_retainer,2623,75,14.52,
2024-12-30,paid_search,brand,92,18,2.78,3
2024-12-30,paid_search,non_brand,830,40,20.18,7
2024-12-30,paid_social,prospecting,7914,95,24.32,0
2024-12-30,paid_social,retargeting,2364,36,13.75,1
2024-12-31,affiliate,commission,9290,33,0.0,0
2024-12-31,email,newsletter_platform,2257,80,3.19,4
2024-12-31,organic_search,seo_retainer,3826,111,14.52,
2024-12-31,paid_search,brand,81,14,2.3,0
2024-12-31,paid_search,non_brand,672,31,18.92,1
2024-12-31,paid_social,prospecting,9170,97,25.92,0
2024-12-31,paid_social,retargeting,1714,28,10.49,0
2025-01-01,affiliate,commission,2395,10,0.0,1
2025-01-01,email,newsletter_platform,14,34,3.19,0
2025-01-01,organic_search,seo_retainer,1305,43,19.35,
2025-01-01,paid_search,brand,28,7,0.95,0
2025-01-01,paid_search,non_brand,419,18,10.7,0
2025-01-01,paid_social,prospecting,3525,35,8.71,1
2025-01-01,paid_social,retargeting,643,10,2.87,1
2025-01-02,affiliate,commission,6974,24,0.0,0
2025-01-02,email,newsletter_platform,2295,51,3.19,0
2025-01-02,organic_search,seo_retainer,2136,72,19.35,
2025-01-02,paid_search,brand,48,12,1.65,1
2025-01-02,paid_search,non_brand,981,32,13.83,0
2025-01-02,paid_social,prospecting,7333,71,20.48,1
2025-01-02,paid_social,retargeting,1181,19,6.08,1
2025-01-03,affiliate,commission,4515,19,3.6,1
2025-01-03,email,newsletter_platform,21,37,3.19,0
2025-01-03,organic_search,seo_retainer,2152,61,19.35,
2025-01-03,paid_search,brand,90,18,2.31,0
2025-01-03,paid_search,non_brand,750,33,17.95,0
2025-01-03,paid_social,prospecting,7436,66,20.44,0
2025-01-03,paid_social,retargeting,1960,27,9.68,4
2025-01-04,affiliate,commission,7320,24,1.2,0
2025-01-04,email,newsletter_platform,16,15,3.19,2
2025-01-04,organic_search,seo_retainer,1956,61,19.35,
2025-01-04,paid_search,brand,45,12,1.69,0
2025-01-04,paid_search,non_brand,495,30,15.62,0
2025-01-04,paid_social,prospecting,7623,62,21.11,0
2025-01-04,paid_social,retargeting,1365,19,7.63,0
2025-01-05,affiliate,commission,7623,25,0.0,2
2025-01-05,email,newsletter_platform,15,27,3.19,0
2025-01-05,organic_search,seo_retainer,5324,141,19.35,
2025-01-05,paid_search,brand,112,21,2.8,0
2025-01-05,paid_search,non_brand,1007,42,19.18,0
2025-01-05,paid_social,prospecting,10558,92,25.21,3
2025-01-05,paid_social,retargeting,1667,28,7.99,0
2025-01-06,affiliate,commission,10779,39,0.0,1
2025-01-06,email,newsletter_platform,21,29,3.19,4
2025-01-06,organic_search,seo_retainer,2900,81,19.35,
2025-01-06,paid_search,brand,64,16,2.35,0
2025-01-06,paid_search,non_brand,992,43,20.81,1
2025-01-06,paid_social,prospecting,7822,74,21.84,1
2025-01-06,paid_social,retargeting,2460,32,11.24,1
2025-01-07,affiliate,commission,6335,28,0.0,1
2025-01-07,email,newsletter_platform,2297,88,3.19,2
2025-01-07,organic_search,seo_retainer,3910,124,19.35,
2025-01-07,paid_search,brand,120,23,3.23,0
2025-01-07,paid_search,non_brand,1005,50,22.59,2
2025-01-07,paid_social,prospecting,10261,93,27.11,1
2025-01-07,paid_social,retargeting,3105,39,18.09,4
2025-01-08,affiliate,commission,5045,22,3.38,0
2025-01-08,email,newsletter_platform,16,12,3.19,0
2025-01-08,organic_search,seo_retainer,2918,78,19.35,
2025-01-08,paid_search,brand,88,16,2.33,0
2025-01-08,paid_search,non_brand,759,33,17.6,0
2025-01-08,paid_social,prospecting,5592,46,13.78,4
2025-01-08,paid_social,retargeting,1465,20,7.98,1
2025-01-09,affiliate,commission,11608,51,0.0,5
2025-01-09,email,newsletter_platform,2319,84,3.19,6
2025-01-09,organic_search,seo_retainer,3971,107,19.35,
2025-01-09,paid_search,brand,87,15,2.07,0
2025-01-09,paid_search,non_brand,861,36,20.13,1
2025-01-09,paid_social,prospecting,12543,84,32.28,2
2025-01-09,paid_social,retargeting,1836,28,8.81,6
2025-01-10,affiliate,commission,2466,11,0.0,3
2025-01-10,email,newsletter_platform,19,31,3.19,3
2025-01-10,organic_search,seo_retainer,1722,59,19.35,
2025-01-10,paid_search,brand,46,10,1.44,0
2025-01-10,paid_search,non_brand,335,17,10.15,0
2025-01-10,paid_social,prospecting,9487,81,25.82,0
2025-01-10,paid_social,retargeting,2345,29,11.41,0
2025-01-11,affiliate,commission,5617,25,2.45,0
2025-01-11,email,newsletter_platform,17,20,3.19,3
2025-01-11,organic_search,seo_retainer,2816,91,19.35,
2025-01-11,paid_search,brand,74,18,2.45,0
2025-01-11,paid_search,non_brand,740,35,20.87,0
2025-01-11,paid_social,prospecting,9743,102,23.75,0
2025-01-11,paid_social,retargeting,2026,32,10.69,2
2025-01-12,affiliate,commission,6689,22,13.18,0
2025-01-12,email,newsletter_platform,21,27,3.19,2
2025-01-12,organic_search,seo_retainer,3202,108,19.35,
2025-01-12,paid_search,brand,51,13,1.7,1
2025-01-12,paid_search,non_brand,517,28,14.81,4
2025-01-12,paid_social,prospecting,6928,67,17.29,0
2025-01-12,paid_social,retargeting,2006,29,10.19,0
2025-01-13,affiliate,commission,12160,37,0.0,1
2025-01-13,email,newsletter_platform,18,31,3.19,0
2025-01-13,organic_search,seo_retainer,3426,100,19.35,
2025-01-13,paid_search,brand,96,19,2.52,2
2025-01-13,paid_search,non_brand,763,41,18.23,0
2025-01-13,paid_social,prospecting,11907,102,29.23,4
2025-01-13,paid_social,retargeting,2099,31,10.72,2
2025-01-14,affiliate,commission,9069,28,1.23,0
2025-01-14,email,newsletter_platform,2347,62,3.19,5
2025-01-14,organic_search,seo_retainer,3541,98,19.35,
2025-01-14,paid_search,brand,50,12,1.85,0
2025-01-14,paid_search,non_brand,507,24,13.24,0
2025-01-14,paid_social,prospecting,11961,106,33.19,0
2025-01-14,paid_social,retargeting,2064,33,12.3,7
2025-01-15,affiliate,commission,7004,27,0.0,0
2025-01-15,email,newsletter_platform,21,27,3.19,3
2025-01-15,organic_search,seo_retainer,1867,66,19.35,
2025-01-15,paid_search,brand,38,9,1.21,0
2025-01-15,paid_search,non_brand,543,24,12.55,2
2025-01-15,paid_social,prospecting,7085,72,17.72,0
2025-01-15,paid_social,retargeting,1318,20,6.39,0
2025-01-16,affiliate,commission,8123,34,0.0,2
2025-01-16,email,newsletter_platform,2356,55,3.19,1
2025-01-16,organic_search,seo_retainer,3843,104,19.35,
2025-01-16,paid_search,brand,93,19,2.66,0
2025-01-16,paid_search,non_brand,776,38,16.53,3
2025-01-16,paid_social,prospecting,9506,100,24.3,1
2025-01-16,paid_social,retargeting,2386,33,11.23,3
2025-01-17,affiliate,commission,6330,22,0.0,1
2025-01-17,email,newsletter_platform,24,42,3.19,0
2025-01-17,organic_search,seo_retainer,2187,60,19.35,
2025-01-17,paid_search,brand,83,15,2.31,2
2025-01-17,paid_search,non_brand,745,28,13.25,3
2025-01-17,paid_social,prospecting,5862,60,15.3,0
2025-01-17,paid_social,retargeting,1357,22,6.64,0
2025-01-18,affiliate,commission,6538,24,0.0,3
2025-01-18,email,newsletter_platform,24,22,3.19,0
2025-01-18,organic_search,seo_retainer,2921,104,19.35,
2025-01-18,paid_search,brand,60,13,1.9,0
2025-01-18,paid_search,non_brand,898,34,18.43,1
2025-01-18,paid_social,prospecting,5733,62,16.93,0
2025-01-18,paid_social,retargeting,2047,23,10.25,2
2025-01-19,affiliate,commission,7150,30,0.86,0
2025-01-19,email,newsletter_platform,20,23,3.19,2
2025-01-19,organic_search,seo_retainer,3273,99,19.35,
2025-01-19,paid_search,brand,100,18,2.38,4
2025-01-19,paid_search,non_brand,793,36,19.51,2
2025-01-19,paid_social,prospecting,10012,72,24.86,0
2025-01-19,paid_social,retargeting,1963,25,10.05,0
2025-01-20,affiliate,commission,4002,16,7.94,0
2025-01-20,email,newsletter_platform,21,18,3.19,0
2025-01-20,organic_search,seo_retainer,2246,79,19.35,
2025-01-20,paid_search,brand,71,19,2.7,1
2025-01-20,paid_search,non_brand,763,33,17.4,0
2025-01-20,paid_social,prospecting,13568,90,37.74,0
2025-01-20,paid_social,retargeting,1509,27,7.58,2
2025-01-21,affiliate,commission,5514,20,0.0,0
2025-01-21,email,newsletter_platform,2423,48,3.19,4
2025-01-21,organic_search,seo_retainer,2119,66,19.35,
2025-01-21,paid_search,brand,84,15,2.05,1
2025-01-21,paid_search,non_brand,801,32,15.96,1
2025-01-21,paid_social,prospecting,9360,87,25.87,0
2025-01-21,paid_social,retargeting,1778,24,8.72,1
2025-01-22,affiliate,commission,5664,23,3.44,0
2025-01-22,email,newsletter_platform,19,43,3.19,0
2025-01-22,organic_search,seo_retainer,2942,77,19.35,
2025-01-22,paid_search,brand,57,14,1.87,3
2025-01-22,paid_search,non_brand,748,25,12.43,0
2025-01-22,paid_social,prospecting,8056,86,20.76,2
2025-01-22,paid_social,retargeting,1510,22,6.65,1
2025-01-23,affiliate,commission,6160,22,0.0,0
2025-01-23,email,newsletter_platform,2414,62,3.19,8
2025-01-23,organic_search,seo_retainer,3593,95,19.35,
2025-01-23,paid_search,brand,86,15,2.02,1
2025-01-23,paid_search,non_brand,784,36,21.7,0
2025-01-23,paid_social,prospecting,11774,89,33.46,2
2025-01-23,paid_social,retargeting,2211,33,11.26,2
2025-01-24,affiliate,commission,2300,7,0.0,0
2025-01-24,email,newsletter_platform,22,22,3.19,0
2025-01-24,organic_search,seo_retainer,2168,62,19.35,
2025-01-24,paid_search,brand,74,15,2.13,0
2025-01-24,paid_search,non_brand,502,25,12.6,1
2025-01-24,paid_social,prospecting,7224,49,19.26,0
2025-01-24,paid_social,retargeting,1172,16,5.68,0
2025-01-25,affiliate,commission,9196,34,0.0,1
2025-01-25,email,newsletter_platform,19,26,3.19,0
2025-01-25,organic_search,seo_retainer,3206,93,19.35,
2025-01-25,paid_search,brand,79,15,2.1,2
2025-01-25,paid_search,non_brand,751,35,16.11,0
2025-01-25,paid_social,prospecting,5505,60,15.63,1
2025-01-25,paid_social,retargeting,1591,17,8.37,0
2025-01-26,affiliate,commission,4094,15,0.0,4
2025-01-26,email,newsletter_platform,20,24,3.19,0
2025-01-26,organic_search,seo_retainer,2621,83,19.35,
2025-01-26,paid_search,brand,109,21,3.06,0
2025-01-26,paid_search,non_brand,887,38,20.53,0
2025-01-26,paid_social,prospecting,5833,68,17.09,0
2025-01-26,paid_social,retargeting,1853,28,10.01,0
2025-01-27,affiliate,commission,7645,26,3.74,0
2025-01-27,email,newsletter_platform,27,29,3.19,0
2025-01-27,organic_search,seo_retainer,3798,121,19.35,
2025-01-27,paid_search,brand,80,15,2.22,1
2025-01-27,paid_search,non_brand,772,37,22.42,0
2025-01-27,paid_social,prospecting,14370,136,36.85,1
2025-01-27,paid_social,retargeting,2073,36,10.83,3
2025-01-28,affiliate,commission,5311,23,0.0,0
2025-01-28,email,newsletter_platform,2445,65,3.19,0
2025-01-28,organic_search,seo_retainer,3072,107,19.35,
2025-01-28,paid_search,brand,100,19,2.68,1
2025-01-28,paid_search,non_brand,651,31,15.91,0
2025-01-28,paid_social,prospecting,8824,100,26.26,0
2025-01-28,paid_social,retargeting,1755,28,8.54,2
2025-01-29,affiliate,commission,7375,23,1.22,3
2025-01-29,email,newsletter_platform,26,36,3.19,0
2025-01-29,organic_search,seo_retainer,2793,82,19.35,
2025-01-29,paid_search,brand,86,20,2.88,3
2025-01-29,paid_search,non_brand,649,36,20.51,0
2025-01-29,paid_social,prospecting,10724,96,31.69,1
2025-01-29,paid_social,retargeting,2335,34,11.77,1
2025-01-30,affiliate,commission,5298,22,0.0,0
2025-01-30,email,newsletter_platform,2457,48,3.19,6
2025-01-30,organic_search,seo_retainer,3074,102,19.35,
2025-01-30,paid_search,brand,38,7,0.97,2
2025-01-30,paid_search,non_brand,358,17,8.91,0
2025-01-30,paid_social,prospecting,5407,59,12.77,0
2025-01-30,paid_social,retargeting,1791,23,9.64,0
2025-01-31,affiliate,commission,7794,33,2.23,0
2025-01-31,email,newsletter_platform,23,32,3.19,0
2025-01-31,organic_search,seo_retainer,3374,94,19.35,
2025-01-31,paid_search,brand,76,13,1.91,0
2025-01-31,paid_search,non_brand,808,33,15.3,0
2025-01-31,paid_social,prospecting,7688,70,22.23,0
2025-01-31,paid_social,retargeting,1252,18,5.98,0
2025-02-01,affiliate,commission,2391,10,0.0,0
2025-02-01,email,newsletter_platform,20,20,3.54,0
2025-02-01,organic_search,seo_retainer,2869,82,21.43,
2025-02-01,paid_search,brand,79,16,2.82,0
2025-02-01,paid_search,non_brand,847,35,23.3,1
2025-02-01,paid_social,prospecting,3654,31,9.66,1
2025-02-01,paid_social,retargeting,598,9,2.95,2
2025-02-02,affiliate,commission,10379,32,0.0,0
2025-02-02,email,newsletter_platform,17,16,3.54,0
2025-02-02,organic_search,seo_retainer,3293,104,21.43,
2025-02-02,paid_search,brand,61,14,2.1,0
2025-02-02,paid_search,non_brand,790,32,19.4,0
2025-02-02,paid_social,prospecting,9079,92,25.44,0
2025-02-02,paid_social,retargeting,2182,34,10.82,0
2025-02-03,affiliate,commission,7482,31,2.16,2
2025-02-03,email,newsletter_platform,16,23,3.54,1
2025-02-03,organic_search,seo_retainer,3023,83,21.43,
2025-02-03,paid_search,brand,92,17,2.46,1
2025-02-03,paid_search,non_brand,955,40,24.13,2
2025-02-03,paid_social,prospecting,8912,91,23.3,0
2025-02-03,paid_social,retargeting,2768,37,13.73,2
2025-02-04,affiliate,commission,3952,16,0.0,0
2025-02-04,email,newsletter_platform,2473,66,3.54,5
2025-02-04,organic_search,seo_retainer,2044,68,21.43,
2025-02-04,paid_search,brand,44,10,1.54,0
2025-02-04,paid_search,non_brand,777,37,20.57,0
2025-02-04,paid_social,prospecting,7131,68,16.08,0
2025-02-04,paid_social,retargeting,1135,20,5.38,0
2025-02-05,affiliate,commission,7275,28,2.08,0
2025-02-05,email,newsletter_platform,17,17,3.54,0
2025-02-05,organic_search,seo_retainer,2214,78,21.43,
2025-02-05,paid_search,brand,49,12,1.81,0
2025-02-05,paid_search,non_brand,556,23,12.38,0
2025-02-05,paid_social,prospecting,6409,61,15.26,0
2025-02-05,paid_social,retargeting,1326,19,6.02,0
2025-02-06,affiliate,commission,6127,26,0.0,3
2025-02-06,email,newsletter_platform,2483,76,3.54,4
2025-02-06,organic_search,seo_retainer,3845,109,21.43,
2025-02-06,paid_search,brand,59,15,2.69,1
2025-02-06,paid_search,non_brand,654,29,16.27,0
2025-02-06,paid_social,prospecting,8562,85,22.07,2
2025-02-06,paid_social,retargeting,1950,32,9.82,5
2025-02-07,affiliate,commission,6521,23,5.36,2
2025-02-07,email,newsletter_platform,19,29,3.54,2
2025-02-07,organic_search,seo_retainer,2662,80,21.43,
2025-02-07,paid_search,brand,51,12,2.12,0
2025-02-07,paid_search,non_brand,581,29,15.84,1
2025-02-07,paid_social,prospecting,12383,94,34.2,1
2025-02-07,paid_social,retargeting,1943,27,8.73,6
2025-02-08,affiliate,commission,3703,13,0.0,0
2025-02-08,email,newsletter_platform,13,19,3.54,0
2025-02-08,organic_search,seo_retainer,1168,35,21.43,
2025-02-08,paid_search,brand,44,10,1.54,0
2025-02-08,paid_search,non_brand,468,20,13.0,0
2025-02-08,paid_social,prospecting,3892,37,10.7,0
2025-02-08,paid_social,retargeting,722,12,3.86,4
2025-02-09,affiliate,commission,6995,31,1.04,0
2025-02-09,email,newsletter_platform,21,30,3.54,1
2025-02-09,organic_search,seo_retainer,2750,79,21.43,
2025-02-09,paid_search,brand,99,18,2.57,0
2025-02-09,paid_search,non_brand,765,35,19.49,0
2025-02-09,paid_social,prospecting,9207,76,22.85,1
2025-02-09,paid_social,retargeting,2147,30,10.09,2
2025-02-10,affiliate,commission,11202,35,2.4,0
2025-02-10,email,newsletter_platform,20,34,3.54,2
2025-02-10,organic_search,seo_retainer,3741,114,21.43,
2025-02-10,paid_search,brand,78,18,3.05,0
2025-02-10,paid_search,non_brand,727,36,23.59,0
2025-02-10,paid_social,prospecting,10642,109,25.78,3
2025-02-10,paid_social,retargeting,2415,37,10.71,3
2025-02-11,affiliate,commission,8373,33,2.52,3
2025-02-11,email,newsletter_platform,2541,54,3.54,3
2025-02-11,organic_search,seo_retainer,2498,69,21.43,
2025-02-11,paid_search,brand,79,18,3.07,0
2025-02-11,paid_search,non_brand,709,31,19.01,0
2025-02-11,paid_social,prospecting,6313,70,14.0,1
2025-02-11,paid_social,retargeting,1197,20,5.4,2
2025-02-12,affiliate,commission,4902,22,4.32,5
2025-02-12,email,newsletter_platform,26,65,3.54,0
2025-02-12,organic_search,seo_retainer,4394,125,21.43,
2025-02-12,paid_search,brand,104,26,4.27,2
2025-02-12,paid_search,non_brand,1048,45,21.98,3
2025-02-12,paid_social,prospecting,13580,115,41.23,0
2025-02-12,paid_social,retargeting,2495,38,13.99,0
2025-02-13,affiliate,commission,5997,22,0.0,3
2025-02-13,email,newsletter_platform,2547,56,3.54,2
2025-02-13,organic_search,seo_retainer,2282,74,21.43,
2025-02-13,paid_search,brand,56,11,1.83,0
2025-02-13,paid_search,non_brand,726,31,15.48,1
2025-02-13,paid_social,prospecting,7733,81,21.97,4
2025-02-13,paid_social,retargeting,1852,24,10.0,2
2025-02-14,affiliate,commission,3609,13,0.0,0
2025-02-14,email,newsletter_platform,17,33,3.54,2
2025-02-14,organic_search,seo_retainer,2593,74,21.43,
2025-02-14,paid_search,brand,74,14,2.34,1
2025-02-14,paid_search,non_brand,709,29,16.7,0
2025-02-14,paid_social,prospecting,7348,76,20.3,0
2025-02-14,paid_social,retargeting,1732,21,8.19,0
2025-02-15,affiliate,commission,5581,19,0.0,3
2025-02-15,email,newsletter_platform,19,14,3.54,0
2025-02-15,organic_search,seo_retainer,2965,82,21.43,
2025-02-15,paid_search,brand,78,18,3.17,0
2025-02-15,paid_search,non_brand,953,40,23.44,0
2025-02-15,paid_social,prospecting,7635,69,20.39,1
2025-02-15,paid_social,retargeting,2255,26,9.57,3
2025-02-16,affiliate,commission,8113,34,0.0,0
2025-02-16,email,newsletter_platform,18,23,3.54,0
2025-02-16,organic_search,seo_retainer,5895,172,21.43,
2025-02-16,paid_search,brand,106,23,3.8,1
2025-02-16,paid_search,non_brand,1561,74,45.12,0
2025-02-16,paid_social,prospecting,10547,102,29.36,1
2025-02-16,paid_social,retargeting,2937,37,14.79,0
2025-02-17,affiliate,commission,5109,17,0.0,0
2025-02-17,email,newsletter_platform,23,25,3.54,0
2025-02-17,organic_search,seo_retainer,3326,95,21.43,
2025-02-17,paid_search,brand,75,15,2.39,0
2025-02-17,paid_search,non_brand,897,38,18.93,1
2025-02-17,paid_social,prospecting,11960,133,35.36,4
2025-02-17,paid_social,retargeting,2964,53,16.53,1
2025-02-18,affiliate,commission,5312,20,6.76,0
2025-02-18,email,newsletter_platform,2596,33,3.54,0
2025-02-18,organic_search,seo_retainer,1450,50,21.43,
2025-02-18,paid_search,brand,77,17,3.28,1
2025-02-18,paid_search,non_brand,564,27,14.8,2
2025-02-18,paid_social,prospecting,7464,71,22.93,3
2025-02-18,paid_social,retargeting,1275,19,6.83,1
2025-02-19,affiliate,commission,6019,25,0.0,0
2025-02-19,email,newsletter_platform,23,36,3.54,1
2025-02-19,organic_search,seo_retainer,2966,103,21.43,
2025-02-19,paid_search,brand,92,23,3.83,1
2025-02-19,paid_search,non_brand,1098,50,28.73,1
2025-02-19,paid_social,prospecting,10258,93,27.4,1
2025-02-19,paid_social,retargeting,1931,32,8.76,4
2025-02-20,affiliate,commission,5305,23,7.52,4
2025-02-20,email,newsletter_platform,2591,52,3.54,3
2025-02-20,organic_search,seo_retainer,2160,64,21.43,
2025-02-20,paid_search,brand,62,13,2.44,0
2025-02-20,paid_search,non_brand,515,23,13.97,0
2025-02-20,paid_social,prospecting,7540,72,20.65,1
2025-02-20,paid_social,retargeting,1859,27,8.75,1
2025-02-21,affiliate,commission,10375,41,0.0,2
2025-02-21,email,newsletter_platform,21,34,3.54,0
2025-02-21,organic_search,seo_retainer,2898,86,21.43,
2025-02-21,paid_search,brand,72,17,2.55,0
2025-02-21,paid_search,non_brand,731,35,18.79,0
2025-02-21,paid_social,prospecting,13954,121,36.28,0
2025-02-21,paid_social,retargeting,2733,38,13.76,0
2025-02-22,affiliate,commission,6016,23,0.47,0
2025-02-22,email,newsletter_platform,18,16,3.54,5
2025-02-22,organic_search,seo_retainer,2263,68,21.43,
2025-02-22,paid_search,brand,30,8,1.2,0
2025-02-22,paid_search,non_brand,302,15,7.86,0
2025-02-22,paid_social,prospecting,10710,110,28.79,0
2025-02-22,paid_social,retargeting,1818,32,9.37,1
2025-02-23,affiliate,commission,4313,14,3.6,0
2025-02-23,email,newsletter_platform,26,33,3.54,3
2025-02-23,organic_search,seo_retainer,2967,89,21.43,
2025-02-23,paid_search,brand,68,15,2.47,2
2025-02-23,paid_search,non_brand,1286,47,27.74,1
2025-02-23,paid_social,prospecting,9508,88,24.31,4
2025-02-23,paid_social,retargeting,2656,34,14.32,0
2025-02-24,affiliate,commission,12324,42,0.0,1
2025-02-24,email,newsletter_platform,21,27,3.54,2
2025-02-24,organic_search,seo_retainer,3177,89,21.43,
2025-02-24,paid_search,brand,66,17,2.71,1
2025-02-24,paid_search,non_brand,779,34,19.75,0
2025-02-24,paid_social,prospecting,13170,93,35.34,0
2025-02-24,paid_social,retargeting,1905,28,9.26,1
2025-02-25,affiliate,commission,6696,23,3.2,2
2025-02-25,email,newsletter_platform,2642,54,3.54,0
2025-02-25,organic_search,seo_retainer,1975,66,21.43,
2025-02-25,paid_search,brand,85,15,2.37,0
2025-02-25,paid_search,non_brand,834,35,19.2,0
2025-02-25,paid_social,prospecting,8668,79,21.7,1
2025-02-25,paid_social,retargeting,2430,33,11.83,0
2025-02-26,affiliate,commission,5493,24,9.5,3
2025-02-26,email,newsletter_platform,23,31,3.54,0
2025-02-26,organic_search,seo_retainer,3038,97,21.43,
2025-02-26,paid_search,brand,83,16,2.48,3
2025-02-26,paid_search,non_brand,941,40,27.03,2
2025-02-26,paid_social,prospecting,8226,75,23.6,0
2025-02-26,paid_social,retargeting,1283,19,6.1,0
2025-02-27,affiliate,commission,7371,25,0.84,2
2025-02-27,email,newsletter_platform,2651,68,3.54,5
2025-02-27,organic_search,seo_retainer,2745,80,21.43,
2025-02-27,paid_search,brand,46,11,1.52,0
2025-02-27,paid_search,non_brand,426,22,14.11,0
2025-02-27,paid_social,prospecting,6845,68,20.46,0
2025-02-27,paid_social,retargeting,1887,28,9.85,2
2025-02-28,affiliate,commission,6744,25,0.0,0
2025-02-28,email,newsletter_platform,23,28,3.54,3
2025-02-28,organic_search,seo_retainer,3325,104,21.43,
2025-02-28,paid_search,brand,110,21,3.55,0
2025-02-28,paid_search,non_brand,566,27,16.57,0
2025-02-28,paid_social,prospecting,11868,112,35.09,0
2025-02-28,paid_social,retargeting,2669,40,14.18,0
2025-03-01,affiliate,commission,7517,30,3.84,2
2025-03-01,email,newsletter_platform,23,34,3.19,1
2025-03-01,organic_search,seo_retainer,2687,83,19.35,
2025-03-01,paid_search,brand,88,18,3.1,0
2025-03-01,paid_search,non_brand,992,37,20.57,2
2025-03-01,paid_social,prospecting,15913,105,45.74,1
2025-03-01,paid_social,retargeting,2696,36,15.56,1
2025-03-02,affiliate,commission,6358,27,0.0,0
2025-03-02,email,newsletter_platform,20,26,3.19,0
2025-03-02,organic_search,seo_retainer,4671,160,19.35,
2025-03-02,paid_search,brand,136,29,4.83,1
2025-03-02,paid_search,non_brand,1171,58,26.84,0
2025-03-02,paid_social,prospecting,10840,108,33.56,0
2025-03-02,paid_social,retargeting,2754,41,14.19,0
2025-03-03,affiliate,commission,2905,13,0.0,2
2025-03-03,email,newsletter_platform,19,25,3.19,0
2025-03-03,organic_search,seo_retainer,4237,114,19.35,
2025-03-03,paid_search,brand,105,25,4.23,0
2025-03-03,paid_search,non_brand,870,47,30.47,0
2025-03-03,paid_social,prospecting,12551,98,33.27,0
2025-03-03,paid_social,retargeting,2323,37,11.02,2
2025-03-04,affiliate,commission,5497,17,0.0,0
2025-03-04,email,newsletter_platform,2695,87,3.19,6
2025-03-04,organic_search,seo_retainer,4383,149,19.35,
2025-03-04,paid_search,brand,79,21,3.59,6
2025-03-04,paid_search,non_brand,1238,47,28.29,4
2025-03-04,paid_social,prospecting,8064,74,26.19,0
2025-03-04,paid_social,retargeting,1478,24,8.69,0
2025-03-05,affiliate,commission,4080,18,2.4,0
2025-03-05,email,newsletter_platform,24,40,3.19,1
2025-03-05,organic_search,seo_retainer,4985,131,19.35,
2025-03-05,paid_search,brand,63,13,2.03,2
2025-03-05,paid_search,non_brand,612,30,18.37,0
2025-03-05,paid_social,prospecting,9037,101,29.5,0
2025-03-05,paid_social,retargeting,3067,36,18.01,2
2025-03-06,affiliate,commission,5925,23,0.0,0
2025-03-06,email,newsletter_platform,2698,68,3.19,0
2025-03-06,organic_search,seo_retainer,2375,81,19.35,
2025-03-06,paid_search,brand,34,9,1.42,1
2025-03-06,paid_search,non_brand,508,21,15.18,1
2025-03-06,paid_social,prospecting,7096,63,22.57,0
2025-03-06,paid_social,retargeting,1320,19,7.26,1
2025-03-07,affiliate,commission,3522,15,5.83,0
2025-03-07,email,newsletter_platform,15,22,3.19,0
2025-03-07,organic_search,seo_retainer,2031,55,19.35,
2025-03-07,paid_search,brand,59,12,1.81,0
2025-03-07,paid_search,non_brand,874,27,17.75,3
2025-03-07,paid_social,prospecting,5038,56,15.95,0
2025-03-07,paid_social,retargeting,1475,19,7.94,0
2025-03-08,affiliate,commission,5047,22,2.56,1
2025-03-08,email,newsletter_platform,14,11,3.19,1
2025-03-08,organic_search,seo_retainer,2121,69,19.35,
2025-03-08,paid_search,brand,68,17,2.92,4
2025-03-08,paid_search,non_brand,1128,45,23.2,3
2025-03-08,paid_social,prospecting,5630,55,17.63,1
2025-03-08,paid_social,retargeting,1607,22,9.95,0
2025-03-09,affiliate,commission,7926,32,5.21,3
2025-03-09,email,newsletter_platform,22,27,3.19,4
2025-03-09,organic_search,seo_retainer,5394,150,19.35,
2025-03-09,paid_search,brand,158,28,4.6,2
2025-03-09,paid_search,non_brand,1151,52,33.61,2
2025-03-09,paid_social,prospecting,10364,99,28.8,2
2025-03-09,paid_social,retargeting,2201,30,14.77,0
2025-03-10,affiliate,commission,6372,23,0.0,0
2025-03-10,email,newsletter_platform,20,41,3.19,3
2025-03-10,organic_search,seo_retainer,4178,138,19.35,
2025-03-10,paid_search,brand,128,28,4.37,0
2025-03-10,paid_search,non_brand,1243,50,33.51,1
2025-03-10,paid_social,prospecting,14720,122,45.89,0
2025-03-10,paid_social,retargeting,3655,52,20.25,0
2025-03-11,affiliate,commission,11696,36,0.0,0
2025-03-11,email,newsletter_platform,2703,55,3.19,0
2025-03-11,organic_search,seo_retainer,3505,108,19.35,
2025-03-11,paid_search,brand,98,25,4.09,3
2025-03-11,paid_search,non_brand,1022,54,33.34,2
2025-03-11,paid_social,prospecting,13550,133,40.8,0
2025-03-11,paid_social,retargeting,2798,39,15.28,2
2025-03-12,affiliate,commission,4085,14,1.04,0
2025-03-12,email,newsletter_platform,18,43,3.19,3
2025-03-12,organic_search,seo_retainer,2542,75,19.35,
2025-03-12,paid_search,brand,89,16,2.64,1
2025-03-12,paid_search,non_brand,885,34,18.91,2
2025-03-12,paid_social,prospecting,5051,54,15.36,0
2025-03-12,paid_social,retargeting,1674,20,10.42,0
2025-03-13,affiliate,commission,3591,11,4.39,0
2025-03-13,email,newsletter_platform,2730,55,3.19,4
2025-03-13,organic_search,seo_retainer,3413,104,19.35,
2025-03-13,paid_search,brand,70,14,2.5,1
2025-03-13,paid_search,non_brand,831,35,23.48,1
2025-03-13,paid_social,prospecting,8333,81,26.31,1
2025-03-13,paid_social,retargeting,2283,33,12.0,2
2025-03-14,affiliate,commission,4418,18,17.75,0
2025-03-14,email,newsletter_platform,18,24,3.19,0
2025-03-14,organic_search,seo_retainer,3062,103,19.35,
2025-03-14,paid_search,brand,47,12,1.96,1
2025-03-14,paid_search,non_brand,634,23,15.52,1
2025-03-14,paid_social,prospecting,9926,91,34.82,2
2025-03-14,paid_social,retargeting,2472,34,12.88,1
2025-03-15,affiliate,commission,11042,34,3.84,0
2025-03-15,email,newsletter_platform,16,45,3.19,0
2025-03-15,organic_search,seo_retainer,4466,152,19.35,
2025-03-15,paid_search,brand,107,22,3.61,0
2025-03-15,paid_search,non_brand,891,45,29.04,1
2025-03-15,paid_social,prospecting,11607,99,33.28,6
2025-03-15,paid_social,retargeting,2507,38,14.77,5
2025-03-16,affiliate,commission,12991,39,0.0,0
2025-03-16,email,newsletter_platform,13,37,3.19,0
2025-03-16,organic_search,seo_retainer,3847,103,19.35,
2025-03-16,paid_search,brand,80,21,3.14,0
2025-03-16,paid_search,non_brand,1275,57,42.55,1
2025-03-16,paid_social,prospecting,11155,106,33.54,1
2025-03-16,paid_social,retargeting,2944,39,17.15,1
2025-03-17,affiliate,commission,8239,31,0.0,0
2025-03-17,email,newsletter_platform,16,44,3.19,0
2025-03-17,organic_search,seo_retainer,4391,154,19.35,
2025-03-17,paid_search,brand,169,30,4.49,7
2025-03-17,paid_search,non_brand,971,50,29.35,4
2025-03-17,paid_social,prospecting,9802,101,32.44,1
2025-03-17,paid_social,retargeting,1920,32,11.95,4
2025-03-18,affiliate,commission,4368,17,7.41,2
2025-03-18,email,newsletter_platform,2765,74,3.19,0
2025-03-18,organic_search,seo_retainer,4983,132,19.35,
2025-03-18,paid_search,brand,75,18,2.95,0
2025-03-18,paid_search,non_brand,950,35,20.94,1
2025-03-18,paid_social,prospecting,14251,133,47.11,1
2025-03-18,paid_social,retargeting,3472,56,19.14,0
2025-03-19,affiliate,commission,6295,24,4.54,0
2025-03-19,email,newsletter_platform,16,43,3.19,1
2025-03-19,organic_search,seo_retainer,3808,118,19.35,
2025-03-19,paid_search,brand,62,16,2.52,0
2025-03-19,paid_search,non_brand,813,32,19.16,0
2025-03-19,paid_social,prospecting,11377,83,35.55,0
2025-03-19,paid_social,retargeting,1680,24,10.02,0
2025-03-20,affiliate,commission,4167,17,0.0,0
2025-03-20,email,newsletter_platform,2783,57,3.19,1
2025-03-20,organic_search,seo_retainer,3467,103,19.35,
2025-03-20,paid_search,brand,106,21,3.61,0
2025-03-20,paid_search,non_brand,919,46,29.49,2
2025-03-20,paid_social,prospecting,7747,83,21.42,1
2025-03-20,paid_social,retargeting,1928,28,11.64,1
2025-03-21,affiliate,commission,6304,21,2.71,0
2025-03-21,email,newsletter_platform,18,31,3.19,2
2025-03-21,organic_search,seo_retainer,2847,84,19.35,
2025-03-21,paid_search,brand,42,8,1.11,2
2025-03-21,paid_search,non_brand,350,19,10.3,1
2025-03-21,paid_social,prospecting,7842,62,23.0,0
2025-03-21,paid_social,retargeting,1310,16,7.37,0
2025-03-22,affiliate,commission,10544,44,0.0,1
2025-03-22,email,newsletter_platform,21,32,3.19,0
2025-03-22,organic_search,seo_retainer,3909,112,19.35,
2025-03-22,paid_search,brand,67,15,2.66,0
2025-03-22,paid_search,non_brand,1177,55,27.66,0
2025-03-22,paid_social,prospecting,12889,126,40.28,1
2025-03-22,paid_social,retargeting,3303,49,20.6,1
2025-03-23,affiliate,commission,3999,16,9.26,0
2025-03-23,email,newsletter_platform,22,30,3.19,0
2025-03-23,organic_search,seo_retainer,2049,66,19.35,
2025-03-23,paid_search,brand,73,17,2.73,2
2025-03-23,paid_search,non_brand,817,34,18.41,2
2025-03-23,paid_social,prospecting,5602,60,18.84,0
2025-03-23,paid_social,retargeting,1608,21,9.87,0
2025-03-24,affiliate,commission,10234,40,0.0,1
2025-03-24,email,newsletter_platform,25,33,3.19,3
2025-03-24,organic_search,seo_retainer,3751,120,19.35,
2025-03-24,paid_search,brand,119,28,5.04,0
2025-03-24,paid_search,non_brand,1451,60,31.1,1
2025-03-24,paid_social,prospecting,11968,112,39.51,0
2025-03-24,paid_social,retargeting,2607,41,14.42,0
2025-03-25,affiliate,commission,9504,29,9.24,0
2025-03-25,email,newsletter_platform,2794,42,3.19,3
2025-03-25,organic_search,seo_retainer,2627,89,19.35,
2025-03-25,paid_search,brand,99,17,2.67,1
2025-03-25,paid_search,non_brand,1148,42,24.74,0
2025-03-25,paid_social,prospecting,7058,64,24.03,0
2025-03-25,paid_social,retargeting,1638,21,8.44,4
2025-03-26,affiliate,commission,3905,13,0.0,1
2025-03-26,email,newsletter_platform,20,27,3.19,0
2025-03-26,organic_search,seo_retainer,2367,80,19.35,
2025-03-26,paid_search,brand,82,15,2.5,0
2025-03-26,paid_search,non_brand,823,35,20.33,0
2025-03-26,paid_social,prospecting,8519,67,26.7,0
2025-03-26,paid_social,retargeting,1503,21,8.47,3
2025-03-27,affiliate,commission,6159,22,0.0,0
2025-03-27,email,newsletter_platform,2825,70,3.19,3
2025-03-27,organic_search,seo_retainer,2639,90,19.35,
2025-03-27,paid_search,brand,75,13,2.29,0
2025-03-27,paid_search,non_brand,544,26,14.48,0
2025-03-27,paid_social,prospecting,11087,86,30.45,0
2025-03-27,paid_social,retargeting,2382,34,14.22,0
2025-03-28,affiliate,commission,9609,32,20.31,0
2025-03-28,email,newsletter_platform,23,29,3.19,5
2025-03-28,organic_search,seo_retainer,3555,109,19.35,
2025-03-28,paid_search,brand,81,16,2.58,0
2025-03-28,paid_search,non_brand,964,35,16.81,1
2025-03-28,paid_social,prospecting,8342,87,28.79,2
2025-03-28,paid_social,retargeting,2175,32,11.39,1
2025-03-29,affiliate,commission,6616,21,0.0,0
2025-03-29,email,newsletter_platform,21,20,3.19,2
2025-03-29,organic_search,seo_retainer,3364,113,19.35,
2025-03-29,paid_search,brand,86,16,2.71,3
2025-03-29,paid_search,non_brand,649,31,18.11,2
2025-03-29,paid_social,prospecting,7877,82,27.27,0
2025-03-29,paid_social,retargeting,1779,26,10.49,1
2025-03-30,affiliate,commission,8982,29,2.03,0
2025-03-30,email,newsletter_platform,23,21,3.19,2
2025-03-30,organic_search,seo_retainer,4259,117,19.35,
2025-03-30,paid_search,brand,71,17,3.3,1
2025-03-30,paid_search,non_brand,945,36,21.24,2
2025-03-30,paid_social,prospecting,10203,93,33.62,1
2025-03-30,paid_social,retargeting,2314,32,13.57,0
2025-03-31,affiliate,commission,7923,32,0.0,0
2025-03-31,email,newsletter_platform,24,26,3.19,0
2025-03-31,organic_search,seo_retainer,3681,105,19.35,
2025-03-31,paid_search,brand,62,16,2.47,1
2025-03-31,paid_search,non_brand,1286,54,32.77,2
2025-03-31,paid_social,prospecting,9949,83,31.83,1
2025-03-31,paid_social,retargeting,1962,28,11.58,1
2025-04-01,affiliate,commission,6387,22,0.0,4
2025-04-01,email,newsletter_platform,2852,66,3.3,8
2025-04-01,organic_search,seo_retainer,2726,94,20.0,
2025-04-01,paid_search,brand,71,17,2.69,0
2025-04-01,paid_search,non_brand,1099,46,28.88,9
2025-04-01,paid_social,prospecting,10162,100,26.97,2
2025-04-01,paid_social,retargeting,2492,34,13.67,4
2025-04-02,affiliate,commission,10261,31,6.48,3
2025-04-02,email,newsletter_platform,27,40,3.3,1
2025-04-02,organic_search,seo_retainer,2858,90,20.0,
2025-04-02,paid_search,brand,81,18,3.29,0
2025-04-02,paid_search,non_brand,803,44,24.51,1
2025-04-02,paid_social,prospecting,8956,91,27.07,1
2025-04-02,paid_social,retargeting,1942,32,11.11,2
2025-04-03,affiliate,commission,5291,20,4.16,0
2025-04-03,email,newsletter_platform,2855,55,3.3,0
2025-04-03,organic_search,seo_retainer,2538,88,20.0,
2025-04-03,paid_search,brand,129,23,3.89,0
2025-04-03,paid_search,non_brand,689,30,17.94,1
2025-04-03,paid_social,prospecting,10065,98,28.75,0
2025-04-03,paid_social,retargeting,1911,27,11.57,0
2025-04-04,affiliate,commission,3382,15,5.22,0
2025-04-04,email,newsletter_platform,17,19,3.3,0
2025-04-04,organic_search,seo_retainer,2042,67,20.0,
2025-04-04,paid_search,brand,61,11,1.95,1
2025-04-04,paid_search,non_brand,532,27,15.67,0
2025-04-04,paid_social,prospecting,6954,65,22.4,0
2025-04-04,paid_social,retargeting,1575,21,9.93,0
2025-04-05,affiliate,commission,6899,31,15.69,1
2025-04-05,email,newsletter_platform,22,18,3.3,0
2025-04-05,organic_search,seo_retainer,4607,161,20.0,
2025-04-05,paid_search,brand,119,23,4.03,0
2025-04-05,paid_search,non_brand,608,34,17.56,0
2025-04-05,paid_social,prospecting,10612,96,31.29,0
2025-04-05,paid_social,retargeting,1551,25,7.91,4
2025-04-06,affiliate,commission,9645,33,6.19,1
2025-04-06,email,newsletter_platform,19,22,3.3,0
2025-04-06,organic_search,seo_retainer,3506,96,20.0,
2025-04-06,paid_search,brand,56,15,2.4,3
2025-04-06,paid_search,non_brand,606,28,14.69,0
2025-04-06,paid_social,prospecting,9888,85,27.73,0
2025-04-06,paid_social,retargeting,2188,28,12.42,1
2025-04-07,affiliate,commission,6004,24,0.0,1
2025-04-07,email,newsletter_platform,22,22,3.3,0
2025-04-07,organic_search,seo_retainer,6203,178,20.0,
2025-04-07,paid_search,brand,143,28,4.38,0
2025-04-07,paid_search,non_brand,1416,58,31.33,2
2025-04-07,paid_social,prospecting,14993,134,47.44,4
2025-04-07,paid_social,retargeting,3410,57,17.79,7
2025-04-08,affiliate,commission,7849,26,9.9,0
2025-04-08,email,newsletter_platform,2903,56,3.3,1
2025-04-08,organic_search,seo_retainer,3308,87,20.0,
2025-04-08,paid_search,brand,106,23,3.56,3
2025-04-08,paid_search,non_brand,986,38,19.17,1
2025-04-08,paid_social,prospecting,7503,80,24.9,2
2025-04-08,paid_social,retargeting,2028,26,11.92,3
2025-04-09,affiliate,commission,6299,23,0.0,2
2025-04-09,email,newsletter_platform,22,37,3.3,3
2025-04-09,organic_search,seo_retainer,4252,111,20.0,
2025-04-09,paid_search,brand,65,13,2.49,1
2025-04-09,paid_search,non_brand,596,28,16.94,0
2025-04-09,paid_social,prospecting,4352,50,13.41,1
2025-04-09,paid_social,retargeting,948,14,5.09,1
2025-04-10,affiliate,commission,6652,22,0.0,1
2025-04-10,email,newsletter_platform,2917,66,3.3,1
2025-04-10,organic_search,seo_retainer,2886,99,20.0,
2025-04-10,paid_search,brand,57,15,2.73,0
2025-04-10,paid_search,non_brand,688,35,17.96,0
2025-04-10,paid_social,prospecting,10318,96,29.72,0
2025-04-10,paid_social,retargeting,2205,31,13.42,1
2025-04-11,affiliate,commission,6056,21,0.0,0
2025-04-11,email,newsletter_platform,24,42,3.3,2
2025-04-11,organic_search,seo_retainer,3179,93,20.0,
2025-04-11,paid_search,brand,46,12,1.93,0
2025-04-11,paid_search,non_brand,624,26,16.27,0
2025-04-11,paid_social,prospecting,8478,88,31.06,2
2025-04-11,paid_social,retargeting,2450,34,15.04,0
2025-04-12,affiliate,commission,10555,33,1.04,0
2025-04-12,email,newsletter_platform,26,29,3.3,0
2025-04-12,organic_search,seo_retainer,3607,109,20.0,
2025-04-12,paid_search,brand,70,17,3.03,0
2025-04-12,paid_search,non_brand,932,36,22.9,2
2025-04-12,paid_social,prospecting,9921,94,32.07,3
2025-04-12,paid_social,retargeting,1664,24,10.13,1
2025-04-13,affiliate,commission,8260,29,2.64,1
2025-04-13,email,newsletter_platform,26,58,3.3,1
2025-04-13,organic_search,seo_retainer,4686,131,20.0,
2025-04-13,paid_search,brand,97,26,4.32,0
2025-04-13,paid_search,non_brand,770,42,24.08,0
2025-04-13,paid_social,prospecting,12548,125,37.28,0
2025-04-13,paid_social,retargeting,3146,44,18.63,2
2025-04-14,affiliate,commission,6092,27,5.6,3
2025-04-14,email,newsletter_platform,25,18,3.3,0
2025-04-14,organic_search,seo_retainer,3194,93,20.0,
2025-04-14,paid_search,brand,68,17,2.6,1
2025-04-14,paid_search,non_brand,941,38,25.32,1
2025-04-14,paid_social,prospecting,12582,90,37.67,1
2025-04-14,paid_social,retargeting,1970,31,11.75,5
2025-04-15,affiliate,commission,7169,24,0.0,4
2025-04-15,email,newsletter_platform,2965,65,3.3,1
2025-04-15,organic_search,seo_retainer,3141,111,20.0,
2025-04-15,paid_search,brand,72,13,2.02,2
2025-04-15,paid_search,non_brand,667,32,18.15,5
2025-04-15,paid_social,prospecting,14011,110,45.27,1
2025-04-15,paid_social,retargeting,2502,34,15.26,0
2025-04-16,affiliate,commission,7631,28,0.0,0
2025-04-16,email,newsletter_platform,21,41,3.3,0
2025-04-16,organic_search,seo_retainer,3428,105,20.0,
2025-04-16,paid_search,brand,51,10,1.79,0
2025-04-16,paid_search,non_brand,674,33,19.6,0
2025-04-16,paid_social,prospecting,7659,73,21.34,4
2025-04-16,paid_social,retargeting,2196,28,14.02,3
2025-04-17,affiliate,commission,5567,24,0.0,0
2025-04-17,email,newsletter_platform,2987,57,3.3,4
2025-04-17,organic_search,seo_retainer,3585,96,20.0,
2025-04-17,paid_search,brand,103,23,3.49,2
2025-04-17,paid_search,non_brand,876,46,24.69,1
2025-04-17,paid_social,prospecting,12441,88,36.27,2
2025-04-17,paid_social,retargeting,2188,31,14.08,0
2025-04-18,affiliate,commission,8296,30,0.0,0
2025-04-18,email,newsletter_platform,24,46,3.3,0
2025-04-18,organic_search,seo_retainer,3168,104,20.0,
2025-04-18,paid_search,brand,84,21,3.23,1
2025-04-18,paid_search,non_brand,955,41,24.93,0
2025-04-18,paid_social,prospecting,11386,98,39.5,0
2025-04-18,paid_social,retargeting,2137,35,12.35,0
2025-04-19,affiliate,commission,5177,22,0.0,4
2025-04-19,email,newsletter_platform,30,38,3.3,2
2025-04-19,organic_search,seo_retainer,2805,88,20.0,
2025-04-19,paid_search,brand,97,24,3.58,0
2025-04-19,paid_search,non_brand,955,44,24.29,0
2025-04-19,paid_social,prospecting,9164,73,28.31,2
2025-04-19,paid_social,retargeting,1943,28,11.59,0
2025-04-20,affiliate,commission,5673,23,0.0,1
2025-04-20,email,newsletter_platform,26,18,3.3,1
2025-04-20,organic_search,seo_retainer,2587,89,20.0,
2025-04-20,paid_search,brand,89,16,2.51,1
2025-04-20,paid_search,non_brand,982,33,20.89,1
2025-04-20,paid_social,prospecting,6504,71,21.5,1
2025-04-20,paid_social,retargeting,1488,25,9.91,3
2025-04-21,affiliate,commission,9022,33,1.04,0
2025-04-21,email,newsletter_platform,32,29,3.3,0
2025-04-21,organic_search,seo_retainer,4140,116,20.0,
2025-04-21,paid_search,brand,57,15,2.5,0
2025-04-21,paid_search,non_brand,852,43,25.04,4
2025-04-21,paid_social,prospecting,12927,108,38.55,1
2025-04-21,paid_social,retargeting,2723,41,17.82,1
2025-04-22,affiliate,commission,9363,36,0.0,2
2025-04-22,email,newsletter_platform,3002,73,3.3,4
2025-04-22,organic_search,seo_retainer,2842,92,20.0,
2025-04-22,paid_search,brand,76,16,2.39,1
2025-04-22,paid_search,non_brand,674,35,20.76,3
2025-04-22,paid_social,prospecting,12977,106,37.37,0
2025-04-22,paid_social,retargeting,2824,41,14.88,0
2025-04-23,affiliate,commission,5940,23,0.0,0
2025-04-23,email,newsletter_platform,29,37,3.3,2
2025-04-23,organic_search,seo_retainer,3765,132,20.0,
2025-04-23,paid_search,brand,91,19,3.32,0
2025-04-23,paid_search,non_brand,716,37,20.08,0
2025-04-23,paid_social,prospecting,6728,77,20.16,3
2025-04-23,paid_social,retargeting,2250,26,14.23,3
2025-04-24,affiliate,commission,11394,36,0.0,1
2025-04-24,email,newsletter_platform,3018,79,3.3,0
2025-04-24,organic_search,seo_retainer,4553,120,20.0,
2025-04-24,paid_search,brand,80,20,3.06,0
2025-04-24,paid_search,non_brand,1501,54,29.85,0
2025-04-24,paid_social,prospecting,14431,122,41.95,1
2025-04-24,paid_social,retargeting,3362,45,19.68,5
2025-04-25,affiliate,commission,3825,16,0.0,0
2025-04-25,email,newsletter_platform,26,31,3.3,0
2025-04-25,organic_search,seo_retainer,1834,59,20.0,
2025-04-25,paid_search,brand,85,15,2.4,0
2025-04-25,paid_search,non_brand,827,28,11.86,2
2025-04-25,paid_social,prospecting,8381,87,26.89,0
2025-04-25,paid_social,retargeting,1747,24,9.77,0
2025-04-26,affiliate,commission,8690,29,0.0,0
2025-04-26,email,newsletter_platform,21,41,3.3,1
2025-04-26,organic_search,seo_retainer,2954,102,20.0,
2025-04-26,paid_search,brand,102,18,2.61,1
2025-04-26,paid_search,non_brand,690,37,25.89,0
2025-04-26,paid_social,prospecting,10418,84,32.72,0
2025-04-26,paid_social,retargeting,2213,30,12.59,0
2025-04-27,affiliate,commission,8601,26,0.0,0
2025-04-27,email,newsletter_platform,25,16,3.3,1
2025-04-27,organic_search,seo_retainer,2591,79,20.0,
2025-04-27,paid_search,brand,81,19,3.04,1
2025-04-27,paid_search,non_brand,697,29,16.91,1
2025-04-27,paid_social,prospecting,8719,95,26.57,0
2025-04-27,paid_social,retargeting,1996,28,11.68,3
2025-04-28,affiliate,commission,5134,22,0.0,0
2025-04-28,email,newsletter_platform,18,21,3.3,0
2025-04-28,organic_search,seo_retainer,3940,117,20.0,
2025-04-28,paid_search,brand,80,20,3.57,0
2025-04-28,paid_search,non_brand,901,36,21.52,1
2025-04-28,paid_social,prospecting,13140,95,46.69,0
2025-04-28,paid_social,retargeting,2756,38,15.26,0
2025-04-29,affiliate,commission,6868,30,0.0,0
2025-04-29,email,newsletter_platform,3028,77,3.3,0
2025-04-29,organic_search,seo_retainer,5299,138,20.0,
2025-04-29,paid_search,brand,104,26,4.3,0
2025-04-29,paid_search,non_brand,1306,59,31.97,0
2025-04-29,paid_social,prospecting,11426,102,32.21,0
2025-04-29,paid_social,retargeting,1701,27,9.31,0
2025-04-30,affiliate,commission,6266,25,0.0,3
2025-04-30,email,newsletter_platform,18,41,3.3,0
2025-04-30,organic_search,seo_retainer,2882,77,20.0,
2025-04-30,paid_search,brand,78,20,3.18,3
2025-04-30,paid_search,non_brand,1005,41,21.77,4
2025-04-30,paid_social,prospecting,12559,125,44.68,0
2025-04-30,paid_social,retargeting,2552,39,16.45,0
2025-05-01,affiliate,commission,3768,15,4.24,0
2025-05-01,email,newsletter_platform,3045,56,3.19,1
2025-05-01,organic_search,seo_retainer,2625,91,19.35,
2025-05-01,paid_search,brand,123,21,3.57,0
2025-05-01,paid_search,non_brand,786,34,20.48,1
2025-05-01,paid_social,prospecting,8180,75,28.87,0
2025-05-01,paid_social,retargeting,1903,27,12.06,0
2025-05-02,affiliate,commission,6511,27,8.86,4
2025-05-02,email,newsletter_platform,13,56,3.19,3
2025-05-02,organic_search,seo_retainer,3557,103,19.35,
2025-05-02,paid_search,brand,64,15,2.52,0
2025-05-02,paid_search,non_brand,831,41,24.17,1
2025-05-02,paid_social,prospecting,9498,101,35.26,1
2025-05-02,paid_social,retargeting,2785,42,15.28,0
2025-05-03,affiliate,commission,5475,19,0.0,0
2025-05-03,email,newsletter_platform,16,34,3.19,0
2025-05-03,organic_search,seo_retainer,2221,61,19.35,
2025-05-03,paid_search,brand,38,10,1.66,3
2025-05-03,paid_search,non_brand,666,25,13.56,1
2025-05-03,paid_social,prospecting,4624,44,13.79,0
2025-05-03,paid_social,retargeting,1414,18,7.2,1
2025-05-04,affiliate,commission,10078,33,7.21,0
2025-05-04,email,newsletter_platform,17,47,3.19,4
2025-05-04,organic_search,seo_retainer,4306,149,19.35,
2025-05-04,paid_search,brand,111,23,3.74,1
2025-05-04,paid_search,non_brand,901,46,24.92,1
2025-05-04,paid_social,prospecting,9067,94,28.28,0
2025-05-04,paid_social,retargeting,2385,30,14.05,0
2025-05-05,affiliate,commission,5854,23,2.0,0
2025-05-05,email,newsletter_platform,16,20,3.19,1
2025-05-05,organic_search,seo_retainer,3729,102,19.35,
2025-05-05,paid_search,brand,58,15,2.41,0
2025-05-05,paid_search,non_brand,1148,38,22.3,1
2025-05-05,paid_social,prospecting,7091,79,21.79,0
2025-05-05,paid_social,retargeting,1793,29,10.26,0
2025-05-06,affiliate,commission,12518,47,0.0,1
2025-05-06,email,newsletter_platform,3099,112,3.19,5
2025-05-06,organic_search,seo_retainer,4528,120,19.35,
2025-05-06,paid_search,brand,120,25,4.4,3
2025-05-06,paid_search,non_brand,1051,43,23.2,2
2025-05-06,paid_social,prospecting,10389,113,31.14,1
2025-05-06,paid_social,retargeting,3473,45,20.66,2
2025-05-07,affiliate,commission,5921,22,1.92,0
2025-05-07,email,newsletter_platform,22,60,3.19,5
2025-05-07,organic_search,seo_retainer,3203,99,19.35,
2025-05-07,paid_search,brand,73,18,3.1,0
2025-05-07,paid_search,non_brand,1408,55,36.09,0
2025-05-07,paid_social,prospecting,15638,142,51.14,1
2025-05-07,paid_social,retargeting,3941,53,23.27,2
2025-05-08,affiliate,commission,12085,47,0.0,0
2025-05-08,email,newsletter_platform,3085,76,3.19,1
2025-05-08,organic_search,seo_retainer,3052,109,19.35,
2025-05-08,paid_search,brand,131,32,5.35,4
2025-05-08,paid_search,non_brand,1542,55,29.93,0
2025-05-08,paid_social,prospecting,11164,87,38.94,0
2025-05-08,paid_social,retargeting,2333,36,14.78,0
2025-05-09,affiliate,commission,4482,18,0.0,3
2025-05-09,email,newsletter_platform,22,33,3.19,0
2025-05-09,organic_search,seo_retainer,2020,54,19.35,
2025-05-09,paid_search,brand,57,15,2.62,3
2025-05-09,paid_search,non_brand,599,25,14.97,0
2025-05-09,paid_social,prospecting,4337,43,15.67,0
2025-05-09,paid_social,retargeting,657,11,4.24,2
2025-05-10,affiliate,commission,9722,34,0.0,1
2025-05-10,email,newsletter_platform,17,32,3.19,3
2025-05-10,organic_search,seo_retainer,3668,120,19.35,
2025-05-10,paid_search,brand,133,26,4.55,2
2025-05-10,paid_search,non_brand,1673,58,30.8,0
2025-05-10,paid_social,prospecting,7427,71,21.78,0
2025-05-10,paid_social,retargeting,1948,28,11.74,0
2025-05-11,affiliate,commission,9954,44,13.23,0
2025-05-11,email,newsletter_platform,25,32,3.19,3
2025-05-11,organic_search,seo_retainer,4647,142,19.35,
2025-05-11,paid_search,brand,133,35,5.17,0
2025-05-11,paid_search,non_brand,2086,67,47.17,4
2025-05-11,paid_social,prospecting,17327,158,55.1,0
2025-05-11,paid_social,retargeting,3829,52,23.2,0
2025-05-12,affiliate,commission,10660,35,2.45,1
2025-05-12,email,newsletter_platform,21,29,3.19,2
2025-05-12,organic_search,seo_retainer,4238,124,19.35,
2025-05-12,paid_search,brand,73,15,2.59,1
2025-05-12,paid_search,non_brand,611,31,20.13,1
2025-05-12,paid_social,prospecting,8919,86,25.57,0
2025-05-12,paid_social,retargeting,2020,31,12.69,0
2025-05-13,affiliate,commission,10466,33,1.8,0
2025-05-13,email,newsletter_platform,3116,92,3.19,5
2025-05-13,organic_search,seo_retainer,5054,145,19.35,
2025-05-13,paid_search,brand,70,16,2.61,0
2025-05-13,paid_search,non_brand,815,34,18.39,0
2025-05-13,paid_social,prospecting,14350,135,38.46,3
2025-05-13,paid_social,retargeting,2909,35,16.15,3
2025-05-14,affiliate,commission,6108,22,0.0,1
2025-05-14,email,newsletter_platform,27,35,3.19,4
2025-05-14,organic_search,seo_retainer,2670,85,19.35,
2025-05-14,paid_search,brand,90,20,3.3,0
2025-05-14,paid_search,non_brand,936,44,28.08,0
2025-05-14,paid_social,prospecting,7967,79,23.28,2
2025-05-14,paid_social,retargeting,1689,28,9.33,3
2025-05-15,affiliate,commission,7784,34,5.61,0
2025-05-15,email,newsletter_platform,3127,77,3.19,0
2025-05-15,organic_search,seo_retainer,3995,137,19.35,
2025-05-15,paid_search,brand,124,32,4.78,0
2025-05-15,paid_search,non_brand,962,38,22.49,0
2025-05-15,paid_social,prospecting,12939,120,42.52,0
2025-05-15,paid_social,retargeting,2615,41,15.52,0
2025-05-16,affiliate,commission,10016,38,14.61,0
2025-05-16,email,newsletter_platform,23,50,3.19,6
2025-05-16,organic_search,seo_retainer,4648,155,19.35,
2025-05-16,paid_search,brand,90,22,3.64,2
2025-05-16,paid_search,non_brand,804,41,24.75,0
2025-05-16,paid_social,prospecting,12840,128,35.71,0
2025-05-16,paid_social,retargeting,2068,33,10.8,0
2025-05-17,affiliate,commission,10405,44,0.0,0
2025-05-17,email,newsletter_platform,25,12,3.19,0
2025-05-17,organic_search,seo_retainer,2890,98,19.35,
2025-05-17,paid_search,brand,80,15,2.63,0
2025-05-17,paid_search,non_brand,506,26,13.81,0
2025-05-17,paid_social,prospecting,9046,81,26.82,0
2025-05-17,paid_social,retargeting,1862,30,10.2,0
2025-05-18,affiliate,commission,9996,37,0.0,0
2025-05-18,email,newsletter_platform,23,10,3.19,3
2025-05-18,organic_search,seo_retainer,3909,119,19.35,
2025-05-18,paid_search,brand,120,22,3.76,0
2025-05-18,paid_search,non_brand,1256,55,31.38,3
2025-05-18,paid_social,prospecting,11480,101,33.24,0
2025-05-18,paid_social,retargeting,2524,35,16.01,0
2025-05-19,affiliate,commission,10819,45,3.52,3
2025-05-19,email,newsletter_platform,31,40,3.19,0
2025-05-19,organic_search,seo_retainer,4838,147,19.35,
2025-05-19,paid_search,brand,102,22,3.81,1
2025-05-19,paid_search,non_brand,886,48,25.24,1
2025-05-19,paid_social,prospecting,13159,151,41.08,0
2025-05-19,paid_social,retargeting,4199,55,28.28,1
2025-05-20,affiliate,commission,5420,19,4.92,0
2025-05-20,email,newsletter_platform,3179,75,3.19,8
2025-05-20,organic_search,seo_retainer,3710,126,19.35,
2025-05-20,paid_search,brand,128,22,3.52,0
2025-05-20,paid_search,non_brand,789,42,26.71,0
2025-05-20,paid_social,prospecting,8532,83,26.09,0
2025-05-20,paid_social,retargeting,1802,31,11.3,0
2025-05-21,affiliate,commission,11060,48,0.0,2
2025-05-21,email,newsletter_platform,28,48,3.19,1
2025-05-21,organic_search,seo_retainer,3060,106,19.35,
2025-05-21,paid_search,brand,77,18,2.86,1
2025-05-21,paid_search,non_brand,864,39,25.6,0
2025-05-21,paid_social,prospecting,14597,141,42.68,0
2025-05-21,paid_social,retargeting,2781,44,16.36,1
2025-05-22,affiliate,commission,9688,30,0.0,2
2025-05-22,email,newsletter_platform,3195,50,3.19,3
2025-05-22,organic_search,seo_retainer,1955,65,19.35,
2025-05-22,paid_search,brand,68,17,2.84,2
2025-05-22,paid_search,non_brand,664,33,22.01,2
2025-05-22,paid_social,prospecting,8030,76,26.77,0
2025-05-22,paid_social,retargeting,1933,29,11.48,3
2025-05-23,affiliate,commission,4564,14,2.52,0
2025-05-23,email,newsletter_platform,27,31,3.19,2
2025-05-23,organic_search,seo_retainer,3485,107,19.35,
2025-05-23,paid_search,brand,107,21,3.51,2
2025-05-23,paid_search,non_brand,1059,47,31.11,2
2025-05-23,paid_social,prospecting,5413,48,19.7,0
2025-05-23,paid_social,retargeting,1439,21,8.42,0
2025-05-24,affiliate,commission,6387,21,1.36,0
2025-05-24,email,newsletter_platform,33,35,3.19,2
2025-05-24,organic_search,seo_retainer,3914,120,19.35,
2025-05-24,paid_search,brand,98,22,3.52,2
2025-05-24,paid_search,non_brand,961,43,26.93,2
2025-05-24,paid_social,prospecting,15598,114,45.97,0
2025-05-24,paid_social,retargeting,3252,43,17.85,0
2025-05-25,affiliate,commission,7672,33,4.4,0
2025-05-25,email,newsletter_platform,24,41,3.19,2
2025-05-25,organic_search,seo_retainer,4540,136,19.35,
2025-05-25,paid_search,brand,72,18,3.07,0
2025-05-25,paid_search,non_brand,891,42,24.37,0
2025-05-25,paid_social,prospecting,13266,141,38.86,0
2025-05-25,paid_social,retargeting,2717,38,15.99,0
2025-05-26,affiliate,commission,6698,30,0.0,3
2025-05-26,email,newsletter_platform,24,36,3.19,4
2025-05-26,organic_search,seo_retainer,3894,113,19.35,
2025-05-26,paid_search,brand,82,16,2.57,3
2025-05-26,paid_search,non_brand,1340,41,22.88,4
2025-05-26,paid_social,prospecting,11363,117,38.15,2
2025-05-26,paid_social,retargeting,2806,39,14.27,5
2025-05-27,affiliate,commission,8143,33,0.0,0
2025-05-27,email,newsletter_platform,3224,56,3.19,0
2025-05-27,organic_search,seo_retainer,2999,104,19.35,
2025-05-27,paid_search,brand,80,17,2.89,0
2025-05-27,paid_search,non_brand,769,41,22.55,0
2025-05-27,paid_social,prospecting,9758,103,29.66,1
2025-05-27,paid_social,retargeting,1993,32,11.36,1
2025-05-28,affiliate,commission,8310,30,2.52,0
2025-05-28,email,newsletter_platform,25,44,3.19,3
2025-05-28,organic_search,seo_retainer,3817,118,19.35,
2025-05-28,paid_search,brand,72,16,2.72,2
2025-05-28,paid_search,non_brand,575,33,19.53,3
2025-05-28,paid_social,prospecting,11124,118,35.84,0
2025-05-28,paid_social,retargeting,2396,37,12.14,2
2025-05-29,affiliate,commission,7529,26,8.84,4
2025-05-29,email,newsletter_platform,3269,91,3.19,2
2025-05-29,organic_search,seo_retainer,2882,92,19.35,
2025-05-29,paid_search,brand,59,13,2.0,3
2025-05-29,paid_search,non_brand,600,27,15.71,0
2025-05-29,paid_social,prospecting,15933,106,44.29,1
2025-05-29,paid_social,retargeting,1866,29,11.63,0
2025-05-30,affiliate,commission,8486,32,13.92,0
2025-05-30,email,newsletter_platform,30,40,3.19,2
2025-05-30,organic_search,seo_retainer,2743,98,19.35,
2025-05-30,paid_search,brand,83,17,2.74,2
2025-05-30,paid_search,non_brand,687,33,18.53,1
2025-05-30,paid_social,prospecting,7421,66,24.69,0
2025-05-30,paid_social,retargeting,1675,25,9.92,0
2025-05-31,affiliate,commission,15004,56,0.0,6
2025-05-31,email,newsletter_platform,30,19,3.19,0
2025-05-31,organic_search,seo_retainer,2820,94,19.35,
2025-05-31,paid_search,brand,105,23,4.11,0
2025-05-31,paid_search,non_brand,1282,56,33.36,1
2025-05-31,paid_social,prospecting,10367,89,29.94,1
2025-05-31,paid_social,retargeting,3237,38,18.53,2
2025-06-01,affiliate,commission,7605,26,3.24,0
2025-06-01,email,newsletter_platform,30,57,3.3,1
2025-06-01,organic_search,seo_retainer,4188,134,20.0,
2025-06-01,paid_search,brand,142,32,5.6,1
2025-06-01,paid_search,non_brand,1256,63,38.75,1
2025-06-01,paid_social,prospecting,12760,125,40.29,0
2025-06-01,paid_social,retargeting,3445,50,17.79,0
2025-06-02,affiliate,commission,12595,39,0.0,0
2025-06-02,email,newsletter_platform,22,23,3.3,1
2025-06-02,organic_search,seo_retainer,3589,111,20.0,
2025-06-02,paid_search,brand,172,32,5.19,1
2025-06-02,paid_search,non_brand,1407,49,27.07,2
2025-06-02,paid_social,prospecting,11616,130,34.1,1
2025-06-02,paid_social,retargeting,2848,39,17.52,0
2025-06-03,affiliate,commission,10697,33,4.24,1
2025-06-03,email,newsletter_platform,3307,102,3.3,4
2025-06-03,organic_search,seo_retainer,3482,115,20.0,
2025-06-03,paid_search,brand,84,18,3.24,1
2025-06-03,paid_search,non_brand,819,35,22.5,2
2025-06-03,paid_social,prospecting,11413,113,33.78,2
2025-06-03,paid_social,retargeting,2071,30,12.15,1
2025-06-04,affiliate,commission,8233,27,0.84,0
2025-06-04,email,newsletter_platform,29,66,3.3,2
2025-06-04,organic_search,seo_retainer,4072,119,20.0,
2025-06-04,paid_search,brand,100,19,3.2,1
2025-06-04,paid_search,non_brand,1073,39,24.43,3
2025-06-04,paid_social,prospecting,14723,120,44.35,0
2025-06-04,paid_social,retargeting,2358,42,15.25,0
2025-06-05,affiliate,commission,4224,15,0.0,0
2025-06-05,email,newsletter_platform,3308,78,3.3,0
2025-06-05,organic_search,seo_retainer,2544,86,20.0,
2025-06-05,paid_search,brand,58,15,2.47,1
2025-06-05,paid_search,non_brand,433,22,12.13,0
2025-06-05,paid_social,prospecting,7226,89,20.58,0
2025-06-05,paid_social,retargeting,2323,29,14.96,0
2025-06-06,affiliate,commission,7589,24,0.0,0
2025-06-06,email,newsletter_platform,24,26,3.3,3
2025-06-06,organic_search,seo_retainer,3496,101,20.0,
2025-06-06,paid_search,brand,77,18,2.74,0
2025-06-06,paid_search,non_brand,891,34,21.72,0
2025-06-06,paid_social,prospecting,8305,81,25.79,1
2025-06-06,paid_social,retargeting,2593,34,15.33,0
2025-06-07,affiliate,commission,4012,17,0.0,0
2025-06-07,email,newsletter_platform,24,13,3.3,0
2025-06-07,organic_search,seo_retainer,2380,77,20.0,
2025-06-07,paid_search,brand,40,10,1.72,4
2025-06-07,paid_search,non_brand,422,19,12.42,2
2025-06-07,paid_social,prospecting,6901,73,22.01,0
2025-06-07,paid_social,retargeting,1577,25,9.16,0
2025-06-08,affiliate,commission,4708,19,9.07,3
2025-06-08,email,newsletter_platform,28,32,3.3,4
2025-06-08,organic_search,seo_retainer,3545,95,20.0,
2025-06-08,paid_search,brand,111,23,3.37,0
2025-06-08,paid_search,non_brand,1090,49,29.27,1
2025-06-08,paid_social,prospecting,14010,131,45.9,3
2025-06-08,paid_social,retargeting,2103,33,12.4,0
2025-06-09,affiliate,commission,10720,33,0.0,0
2025-06-09,email,newsletter_platform,28,56,3.3,0
2025-06-09,organic_search,seo_retainer,4500,143,20.0,
2025-06-09,paid_search,brand,173,34,5.95,2
2025-06-09,paid_search,non_brand,1236,51,29.95,1
2025-06-09,paid_social,prospecting,11826,131,40.5,0
2025-06-09,paid_social,retargeting,3392,54,16.9,0
2025-06-10,affiliate,commission,7839,25,5.56,1
2025-06-10,email,newsletter_platform,3336,79,3.3,1
2025-06-10,organic_search,seo_retainer,2537,75,20.0,
2025-06-10,paid_search,brand,117,20,3.02,0
2025-06-10,paid_search,non_brand,1117,46,31.37,0
2025-06-10,paid_social,prospecting,7010,80,23.6,3
2025-06-10,paid_social,retargeting,1825,28,9.94,4
2025-06-11,affiliate,commission,6186,20,16.84,0
2025-06-11,email,newsletter_platform,27,55,3.3,2
2025-06-11,organic_search,seo_retainer,4720,127,20.0,
2025-06-11,paid_search,brand,68,17,3.24,0
2025-06-11,paid_search,non_brand,765,36,26.8,0
2025-06-11,paid_social,prospecting,10352,98,28.73,0
2025-06-11,paid_social,retargeting,2595,40,16.99,0
2025-06-12,affiliate,commission,8581,28,2.84,0
2025-06-12,email,newsletter_platform,3340,50,3.3,4
2025-06-12,organic_search,seo_retainer,3259,108,20.0,
2025-06-12,paid_search,brand,88,15,2.4,0
2025-06-12,paid_search,non_brand,696,33,22.16,0
2025-06-12,paid_social,prospecting,8895,89,29.97,1
2025-06-12,paid_social,retargeting,2653,37,15.5,3
2025-06-13,affiliate,commission,6485,29,1.2,0
2025-06-13,email,newsletter_platform,22,51,3.3,2
2025-06-13,organic_search,seo_retainer,3099,109,20.0,
2025-06-13,paid_search,brand,78,21,3.06,1
2025-06-13,paid_search,non_brand,891,48,28.63,2
2025-06-13,paid_social,prospecting,14861,108,42.7,0
2025-06-13,paid_social,retargeting,2515,39,14.72,1
2025-06-14,affiliate,commission,5550,22,0.0,0
2025-06-14,email,newsletter_platform,17,24,3.3,1
2025-06-14,organic_search,seo_retainer,4140,108,20.0,
2025-06-14,paid_search,brand,68,14,2.1,0
2025-06-14,paid_search,non_brand,640,31,19.38,1
2025-06-14,paid_social,prospecting,7248,69,24.44,0
2025-06-14,paid_social,retargeting,1504,19,10.01,0
2025-06-15,affiliate,commission,9260,36,5.61,3
2025-06-15,email,newsletter_platform,26,33,3.3,0
2025-06-15,organic_search,seo_retainer,5926,166,20.0,
2025-06-15,paid_search,brand,135,31,5.35,0
2025-06-15,paid_search,non_brand,1756,81,43.5,0
2025-06-15,paid_social,prospecting,18171,147,55.35,0
2025-06-15,paid_social,retargeting,3791,60,19.07,0
2025-06-16,affiliate,commission,15353,49,19.58,1
2025-06-16,email,newsletter_platform,20,39,3.3,0
2025-06-16,organic_search,seo_retainer,6141,180,20.0,
2025-06-16,paid_search,brand,143,30,4.93,4
2025-06-16,paid_search,non_brand,1339,63,41.77,3
2025-06-16,paid_social,prospecting,20030,157,52.23,1
2025-06-16,paid_social,retargeting,3944,59,25.02,1
2025-06-17,affiliate,commission,5744,20,11.88,0
2025-06-17,email,newsletter_platform,3358,47,3.3,0
2025-06-17,organic_search,seo_retainer,2878,98,20.0,
2025-06-17,paid_search,brand,86,15,2.33,0
2025-06-17,paid_search,non_brand,650,25,16.99,1
2025-06-17,paid_social,prospecting,8961,76,28.53,1
2025-06-17,paid_social,retargeting,1365,20,9.64,1
2025-06-18,affiliate,commission,9048,38,2.88,0
2025-06-18,email,newsletter_platform,20,57,3.3,0
2025-06-18,organic_search,seo_retainer,4866,129,20.0,
2025-06-18,paid_search,brand,50,12,1.9,0
2025-06-18,paid_search,non_brand,908,32,18.19,0
2025-06-18,paid_social,prospecting,10732,103,32.51,0
2025-06-18,paid_social,retargeting,2651,29,14.9,0
2025-06-19,affiliate,commission,8681,37,0.0,7
2025-06-19,email,newsletter_platform,3392,126,3.3,4
2025-06-19,organic_search,seo_retainer,5667,155,20.0,
2025-06-19,paid_search,brand,121,29,4.51,0
2025-06-19,paid_search,non_brand,1263,49,28.81,2
2025-06-19,paid_social,prospecting,16720,163,65.95,0
2025-06-19,paid_social,retargeting,4596,54,30.49,1
2025-06-20,affiliate,commission,10811,38,0.0,0
2025-06-20,email,newsletter_platform,17,34,3.3,0
2025-06-20,organic_search,seo_retainer,3598,106,20.0,
2025-06-20,paid_search,brand,69,16,2.76,0
2025-06-20,paid_search,non_brand,496,23,15.38,0
2025-06-20,paid_social,prospecting,10382,100,30.13,0
2025-06-20,paid_social,retargeting,2500,27,15.19,0
2025-06-21,affiliate,commission,12331,40,0.0,5
2025-06-21,email,newsletter_platform,16,17,3.3,0
2025-06-21,organic_search,seo_retainer,4140,147,20.0,
2025-06-21,paid_search,brand,111,28,3.92,0
2025-06-21,paid_search,non_brand,1036,60,39.55,3
2025-06-21,paid_social,prospecting,10603,119,27.8,3
2025-06-21,paid_social,retargeting,2532,33,14.76,4
2025-06-22,affiliate,commission,10892,46,2.24,0
2025-06-22,email,newsletter_platform,17,52,3.3,2
2025-06-22,organic_search,seo_retainer,3869,117,20.0,
2025-06-22,paid_search,brand,69,16,2.84,0
2025-06-22,paid_search,non_brand,701,35,20.65,3
2025-06-22,paid_social,prospecting,18757,158,49.24,2
2025-06-22,paid_social,retargeting,2421,40,14.34,3
2025-06-23,affiliate,commission,6006,22,0.0,0
2025-06-23,email,newsletter_platform,13,33,3.3,0
2025-06-23,organic_search,seo_retainer,2787,100,20.0,
2025-06-23,paid_search,brand,131,24,3.61,0
2025-06-23,paid_search,non_brand,804,40,20.68,0
2025-06-23,paid_social,prospecting,7155,66,22.94,0
2025-06-23,paid_social,retargeting,1782,26,10.26,1
2025-06-24,affiliate,commission,6406,26,30.37,0
2025-06-24,email,newsletter_platform,3433,60,3.3,1
2025-06-24,organic_search,seo_retainer,3761,102,20.0,
2025-06-24,paid_search,brand,89,17,2.86,1
2025-06-24,paid_search,non_brand,761,34,19.54,1
2025-06-24,paid_social,prospecting,13238,113,36.83,0
2025-06-24,paid_social,retargeting,2067,30,10.68,0
2025-06-25,affiliate,commission,9647,37,16.77,0
2025-06-25,email,newsletter_platform,20,44,3.3,3
2025-06-25,organic_search,seo_retainer,3945,113,20.0,
2025-06-25,paid_search,brand,103,24,3.72,0
2025-06-25,paid_search,non_brand,1108,52,37.24,1
2025-06-25,paid_social,prospecting,11633,101,39.35,2
2025-06-25,paid_social,retargeting,2752,41,14.94,3
2025-06-26,affiliate,commission,6290,21,3.6,0
2025-06-26,email,newsletter_platform,3429,68,3.3,5
2025-06-26,organic_search,seo_retainer,2634,94,20.0,
2025-06-26,paid_search,brand,39,8,1.29,0
2025-06-26,paid_search,non_brand,449,22,15.09,0
2025-06-26,paid_social,prospecting,7686,83,25.34,1
2025-06-26,paid_social,retargeting,1777,27,10.81,0
2025-06-27,affiliate,commission,12428,40,4.1,0
2025-06-27,email,newsletter_platform,20,49,3.3,0
2025-06-27,organic_search,seo_retainer,4537,128,20.0,
2025-06-27,paid_search,brand,130,30,4.54,0
2025-06-27,paid_search,non_brand,1190,48,25.23,0
2025-06-27,paid_social,prospecting,14148,123,47.72,5
2025-06-27,paid_social,retargeting,2985,45,16.99,3
2025-06-28,affiliate,commission,2152,7,4.0,0
2025-06-28,email,newsletter_platform,21,25,3.3,0
2025-06-28,organic_search,seo_retainer,3270,100,20.0,
2025-06-28,paid_search,brand,81,21,3.7,1
2025-06-28,paid_search,non_brand,888,40,26.27,3
2025-06-28,paid_social,prospecting,10487,95,32.28,3
2025-06-28,paid_social,retargeting,1928,27,10.69,1
2025-06-29,affiliate,commission,8152,26,0.0,1
2025-06-29,email,newsletter_platform,16,33,3.3,2
2025-06-29,organic_search,seo_retainer,3577,103,20.0,
2025-06-29,paid_search,brand,103,21,3.26,2
2025-06-29,paid_search,non_brand,868,38,19.74,1
2025-06-29,paid_social,prospecting,17452,118,52.74,2
2025-06-29,paid_social,retargeting,2534,36,15.47,1
2025-06-30,affiliate,commission,6834,27,5.6,5
2025-06-30,email,newsletter_platform,20,29,3.3,1
2025-06-30,organic_search,seo_retainer,3718,100,20.0,
2025-06-30,paid_search,brand,153,28,4.1,4
2025-06-30,paid_search,non_brand,1066,48,26.02,2
2025-06-30,paid_social,prospecting,10898,113,33.99,0
2025-06-30,paid_social,retargeting,2141,29,12.58,0
2025-07-01,affiliate,commission,11897,46,1.09,0
2025-07-01,email,newsletter_platform,3443,63,3.19,6
2025-07-01,organic_search,seo_retainer,6049,167,19.35,
2025-07-01,paid_search,brand,141,32,4.6,1
2025-07-01,paid_search,non_brand,1925,65,31.67,1
2025-07-01,paid_social,prospecting,24565,178,81.86,0
2025-07-01,paid_social,retargeting,4480,50,26.07,0
2025-07-02,affiliate,commission,7739,31,0.0,0
2025-07-02,email,newsletter_platform,28,56,3.19,2
2025-07-02,organic_search,seo_retainer,3349,104,19.35,
2025-07-02,paid_search,brand,88,21,2.78,0
2025-07-02,paid_search,non_brand,968,42,26.05,0
2025-07-02,paid_social,prospecting,12807,119,48.07,2
2025-07-02,paid_social,retargeting,2795,32,17.65,5
2025-07-03,affiliate,commission,15966,62,81.8,0
2025-07-03,email,newsletter_platform,3508,110,3.19,4
2025-07-03,organic_search,seo_retainer,6115,164,19.35,
2025-07-03,paid_search,brand,182,37,5.53,2
2025-07-03,paid_search,non_brand,1718,61,37.18,3
2025-07-03,paid_social,prospecting,16741,154,56.86,1
2025-07-03,paid_social,retargeting,2500,41,13.73,1
2025-07-04,affiliate,commission,9900,37,0.0,3
2025-07-04,email,newsletter_platform,22,47,3.19,4
2025-07-04,organic_search,seo_retainer,5986,180,19.35,
2025-07-04,paid_search,brand,122,22,3.8,0
2025-07-04,paid_search,non_brand,986,42,21.55,0
2025-07-04,paid_social,prospecting,12858,142,42.99,0
2025-07-04,paid_social,retargeting,3569,56,17.71,1
2025-07-05,affiliate,commission,10694,40,0.0,0
2025-07-05,email,newsletter_platform,23,36,3.19,0
2025-07-05,organic_search,seo_retainer,5516,159,19.35,
2025-07-05,paid_search,brand,171,34,5.22,0
2025-07-05,paid_search,non_brand,1634,69,36.07,0
2025-07-05,paid_social,prospecting,17589,176,58.51,3
2025-07-05,paid_social,retargeting,3188,48,19.04,3
2025-07-06,affiliate,commission,7522,32,0.0,2
2025-07-06,email,newsletter_platform,30,29,3.19,0
2025-07-06,organic_search,seo_retainer,5621,149,19.35,
2025-07-06,paid_search,brand,139,35,5.18,0
2025-07-06,paid_search,non_brand,1162,55,31.33,1
2025-07-06,paid_social,prospecting,12625,118,38.45,1
2025-07-06,paid_social,retargeting,3141,45,20.89,1
2025-07-07,affiliate,commission,3153,12,9.2,0
2025-07-07,email,newsletter_platform,28,22,3.19,0
2025-07-07,organic_search,seo_retainer,3939,105,19.35,
2025-07-07,paid_search,brand,62,16,2.59,1
2025-07-07,paid_search,non_brand,1450,59,27.06,1
2025-07-07,paid_social,prospecting,8203,64,24.76,0
2025-07-07,paid_social,retargeting,1786,24,12.27,1
2025-07-08,affiliate,commission,7879,34,0.0,0
2025-07-08,email,newsletter_platform,3512,77,3.19,1
2025-07-08,organic_search,seo_retainer,3893,135,19.35,
2025-07-08,paid_search,brand,82,21,3.24,0
2025-07-08,paid_search,non_brand,829,35,20.82,0
2025-07-08,paid_social,prospecting,10387,94,30.35,2
2025-07-08,paid_social,retargeting,2699,37,17.03,3
2025-07-09,affiliate,commission,5992,26,0.94,0
2025-07-09,email,newsletter_platform,25,45,3.19,0
2025-07-09,organic_search,seo_retainer,1934,69,19.35,
2025-07-09,paid_search,brand,38,10,1.45,0
2025-07-09,paid_search,non_brand,418,20,12.01,0
2025-07-09,paid_social,prospecting,6922,69,22.48,0
2025-07-09,paid_social,retargeting,1809,26,12.19,0
2025-07-10,affiliate,commission,13268,49,11.92,0
2025-07-10,email,newsletter_platform,3529,68,3.19,2
2025-07-10,organic_search,seo_retainer,2863,95,19.35,
2025-07-10,paid_search,brand,92,18,2.61,3
2025-07-10,paid_search,non_brand,1142,55,23.89,1
2025-07-10,paid_social,prospecting,11179,129,33.4,0
2025-07-10,paid_social,retargeting,2196,33,11.55,0
2025-07-11,affiliate,commission,3448,15,3.6,0
2025-07-11,email,newsletter_platform,18,52,3.19,3
2025-07-11,organic_search,seo_retainer,4186,143,19.35,
2025-07-11,paid_search,brand,122,24,3.75,1
2025-07-11,paid_search,non_brand,940,44,24.84,0
2025-07-11,paid_social,prospecting,14069,161,53.05,0
2025-07-11,paid_social,retargeting,3043,46,20.84,0
2025-07-12,affiliate,commission,10648,37,0.0,1
2025-07-12,email,newsletter_platform,18,43,3.19,6
2025-07-12,organic_search,seo_retainer,3645,126,19.35,
2025-07-12,paid_search,brand,94,24,3.52,0
2025-07-12,paid_search,non_brand,909,47,25.43,0
2025-07-12,paid_social,prospecting,9479,112,27.51,1
2025-07-12,paid_social,retargeting,2351,31,14.19,2
2025-07-13,affiliate,commission,7511,28,0.0,9
2025-07-13,email,newsletter_platform,27,36,3.19,0
2025-07-13,organic_search,seo_retainer,6825,184,19.35,
2025-07-13,paid_search,brand,113,22,3.4,1
2025-07-13,paid_search,non_brand,855,41,25.25,1
2025-07-13,paid_social,prospecting,16265,156,51.17,4
2025-07-13,paid_social,retargeting,4405,61,26.16,3
2025-07-14,affiliate,commission,5625,25,0.0,0
2025-07-14,email,newsletter_platform,20,19,3.19,0
2025-07-14,organic_search,seo_retainer,2830,99,19.35,
2025-07-14,paid_search,brand,80,16,2.45,0
2025-07-14,paid_search,non_brand,1093,40,21.3,0
2025-07-14,paid_social,prospecting,8878,89,29.47,0
2025-07-14,paid_social,retargeting,2052,31,11.69,0
2025-07-15,affiliate,commission,10802,41,4.32,4
2025-07-15,email,newsletter_platform,3548,44,3.19,0
2025-07-15,organic_search,seo_retainer,2715,81,19.35,
2025-07-15,paid_search,brand,95,19,2.91,0
2025-07-15,paid_search,non_brand,825,39,22.42,1
2025-07-15,paid_social,prospecting,16167,97,60.59,1
2025-07-15,paid_social,retargeting,2002,32,11.27,1
2025-07-16,affiliate,commission,4489,18,0.0,2
2025-07-16,email,newsletter_platform,21,41,3.19,0
2025-07-16,organic_search,seo_retainer,2296,76,19.35,
2025-07-16,paid_search,brand,78,15,2.26,2
2025-07-16,paid_search,non_brand,750,40,25.03,0
2025-07-16,paid_social,prospecting,7144,61,21.56,1
2025-07-16,paid_social,retargeting,1691,25,9.33,0
2025-07-17,affiliate,commission,10090,40,2.02,3
2025-07-17,email,newsletter_platform,3593,67,3.19,4
2025-07-17,organic_search,seo_retainer,3517,97,19.35,
2025-07-17,paid_search,brand,115,26,3.68,1
2025-07-17,paid_search,non_brand,1292,47,28.2,0
2025-07-17,paid_social,prospecting,10446,103,31.09,2
2025-07-17,paid_social,retargeting,1919,34,13.53,2
2025-07-18,affiliate,commission,7729,29,1.44,2
2025-07-18,email,newsletter_platform,26,44,3.19,0
2025-07-18,organic_search,seo_retainer,4071,123,19.35,
2025-07-18,paid_search,brand,91,20,3.52,0
2025-07-18,paid_search,non_brand,921,41,24.48,2
2025-07-18,paid_social,prospecting,8973,94,29.25,0
2025-07-18,paid_social,retargeting,2198,33,13.08,1
2025-07-19,affiliate,commission,5386,20,0.97,0
2025-07-19,email,newsletter_platform,23,34,3.19,7
2025-07-19,organic_search,seo_retainer,2936,89,19.35,
2025-07-19,paid_search,brand,99,26,4.13,0
2025-07-19,paid_search,non_brand,1066,49,28.03,0
2025-07-19,paid_social,prospecting,9990,76,29.35,0
2025-07-19,paid_social,retargeting,1926,30,11.22,1
2025-07-20,affiliate,commission,2939,13,6.0,0
2025-07-20,email,newsletter_platform,24,20,3.19,5
2025-07-20,organic_search,seo_retainer,3340,112,19.35,
2025-07-20,paid_search,brand,68,14,1.83,1
2025-07-20,paid_search,non_brand,641,32,17.84,2
2025-07-20,paid_social,prospecting,11972,111,39.74,0
2025-07-20,paid_social,retargeting,2759,41,17.83,1
2025-07-21,affiliate,commission,11669,36,7.96,3
2025-07-21,email,newsletter_platform,25,36,3.19,1
2025-07-21,organic_search,seo_retainer,3638,97,19.35,
2025-07-21,paid_search,brand,112,24,3.9,3
2025-07-21,paid_search,non_brand,1116,44,27.34,1
2025-07-21,paid_social,prospecting,8213,90,26.53,0
2025-07-21,paid_social,retargeting,2294,34,12.48,0
2025-07-22,affiliate,commission,13736,52,1.08,2
2025-07-22,email,newsletter_platform,3626,114,3.19,2
2025-07-22,organic_search,seo_retainer,7413,194,19.35,
2025-07-22,paid_search,brand,131,25,3.98,0
2025-07-22,paid_search,non_brand,1995,74,38.68,0
2025-07-22,paid_social,prospecting,20492,161,57.77,1
2025-07-22,paid_social,retargeting,6101,66,30.36,1
2025-07-23,affiliate,commission,7272,31,4.4,0
2025-07-23,email,newsletter_platform,22,49,3.19,1
2025-07-23,organic_search,seo_retainer,3187,106,19.35,
2025-07-23,paid_search,brand,61,15,2.55,2
2025-07-23,paid_search,non_brand,995,39,22.06,2
2025-07-23,paid_social,prospecting,7874,80,23.45,0
2025-07-23,paid_social,retargeting,2042,30,11.59,2
2025-07-24,affiliate,commission,9243,32,0.0,0
2025-07-24,email,newsletter_platform,3634,62,3.19,3
2025-07-24,organic_search,seo_retainer,2676,94,19.35,
2025-07-24,paid_search,brand,57,14,2.18,0
2025-07-24,paid_search,non_brand,686,33,15.82,1
2025-07-24,paid_social,prospecting,9255,82,25.84,0
2025-07-24,paid_social,retargeting,2358,31,15.39,0
2025-07-25,affiliate,commission,2245,10,0.0,0
2025-07-25,email,newsletter_platform,22,25,3.19,4
2025-07-25,organic_search,seo_retainer,3445,104,19.35,
2025-07-25,paid_search,brand,96,23,3.5,0
2025-07-25,paid_search,non_brand,806,38,21.56,0
2025-07-25,paid_social,prospecting,8924,79,29.64,0
2025-07-25,paid_social,retargeting,2198,34,12.52,0
2025-07-26,affiliate,commission,10654,43,2.16,1
2025-07-26,email,newsletter_platform,22,25,3.19,0
2025-07-26,organic_search,seo_retainer,3110,110,19.35,
2025-07-26,paid_search,brand,75,16,2.34,0
2025-07-26,paid_search,non_brand,651,33,15.64,0
2025-07-26,paid_social,prospecting,13445,131,45.02,0
2025-07-26,paid_social,retargeting,3317,41,19.89,0
2025-07-27,affiliate,commission,11057,41,0.0,0
2025-07-27,email,newsletter_platform,24,26,3.19,1
2025-07-27,organic_search,seo_retainer,3493,114,19.35,
2025-07-27,paid_search,brand,99,24,3.93,0
2025-07-27,paid_search,non_brand,892,53,26.25,5
2025-07-27,paid_social,prospecting,12586,113,38.84,0
2025-07-27,paid_social,retargeting,2364,37,12.88,0
2025-07-28,affiliate,commission,7357,25,0.0,1
2025-07-28,email,newsletter_platform,24,35,3.19,1
2025-07-28,organic_search,seo_retainer,4037,134,19.35,
2025-07-28,paid_search,brand,125,31,4.61,0
2025-07-28,paid_search,non_brand,1144,61,30.01,0
2025-07-28,paid_social,prospecting,14752,148,52.78,1
2025-07-28,paid_social,retargeting,2706,47,15.56,2
2025-07-29,affiliate,commission,4899,15,0.0,0
2025-07-29,email,newsletter_platform,3644,63,3.19,2
2025-07-29,organic_search,seo_retainer,1793,63,19.35,
2025-07-29,paid_search,brand,69,13,2.08,0
2025-07-29,paid_search,non_brand,996,39,22.51,0
2025-07-29,paid_social,prospecting,14879,115,51.07,1
2025-07-29,paid_social,retargeting,2380,36,15.65,2
2025-07-30,affiliate,commission,9005,28,0.0,0
2025-07-30,email,newsletter_platform,20,36,3.19,0
2025-07-30,organic_search,seo_retainer,4233,134,19.35,
2025-07-30,paid_search,brand,126,22,3.81,1
2025-07-30,paid_search,non_brand,965,51,30.3,1
2025-07-30,paid_social,prospecting,12159,104,34.81,0
2025-07-30,paid_social,retargeting,2964,39,17.6,0
2025-07-31,affiliate,commission,11912,50,0.0,0
2025-07-31,email,newsletter_platform,3693,110,3.19,2
2025-07-31,organic_search,seo_retainer,5114,143,19.35,
2025-07-31,paid_search,brand,94,24,3.89,0
2025-07-31,paid_search,non_brand,1156,44,26.94,0
2025-07-31,paid_social,prospecting,17477,137,58.8,0
2025-07-31,paid_social,retargeting,2776,41,15.5,0
2025-08-01,affiliate,commission,8690,29,7.44,0
2025-08-01,email,newsletter_platform,23,52,3.19,1
2025-08-01,organic_search,seo_retainer,3154,86,19.35,
2025-08-01,paid_search,brand,64,15,2.24,0
2025-08-01,paid_search,non_brand,540,23,13.74,0
2025-08-01,paid_social,prospecting,7367,73,23.26,0
2025-08-01,paid_social,retargeting,1789,27,10.53,0
2025-08-02,affiliate,commission,11386,42,4.39,2
2025-08-02,email,newsletter_platform,24,42,3.19,0
2025-08-02,organic_search,seo_retainer,5001,140,19.35,
2025-08-02,paid_search,brand,155,35,5.66,0
2025-08-02,paid_search,non_brand,1373,67,39.57,2
2025-08-02,paid_social,prospecting,14608,137,46.51,7
2025-08-02,paid_social,retargeting,3274,50,18.58,3
2025-08-03,affiliate,commission,3152,14,6.8,5
2025-08-03,email,newsletter_platform,22,34,3.19,1
2025-08-03,organic_search,seo_retainer,3712,124,19.35,
2025-08-03,paid_search,brand,74,17,3.0,0
2025-08-03,paid_search,non_brand,801,37,21.31,0
2025-08-03,paid_social,prospecting,9546,95,30.02,0
2025-08-03,paid_social,retargeting,1688,25,9.91,1
2025-08-04,affiliate,commission,5811,21,0.0,0
2025-08-04,email,newsletter_platform,29,21,3.19,0
2025-08-04,organic_search,seo_retainer,3678,106,19.35,
2025-08-04,paid_search,brand,118,31,5.06,4
2025-08-04,paid_search,non_brand,1046,48,30.94,2
2025-08-04,paid_social,prospecting,12593,119,46.14,1
2025-08-04,paid_social,retargeting,3207,43,20.35,0
2025-08-05,affiliate,commission,8083,36,0.0,1
2025-08-05,email,newsletter_platform,3691,54,3.19,0
2025-08-05,organic_search,seo_retainer,4331,121,19.35,
2025-08-05,paid_search,brand,97,17,2.75,1
2025-08-05,paid_search,non_brand,902,41,26.63,0
2025-08-05,paid_social,prospecting,17204,131,51.38,1
2025-08-05,paid_social,retargeting,2354,34,12.63,1
2025-08-06,affiliate,commission,4134,14,0.0,0
2025-08-06,email,newsletter_platform,24,26,3.19,0
2025-08-06,organic_search,seo_retainer,2113,72,19.35,
2025-08-06,paid_search,brand,69,15,2.2,1
2025-08-06,paid_search,non_brand,632,29,18.07,0
2025-08-06,paid_social,prospecting,7443,53,25.69,0
2025-08-06,paid_social,retargeting,1369,18,7.58,0
2025-08-07,affiliate,commission,10360,41,2.88,5
2025-08-07,email,newsletter_platform,3750,60,3.19,2
2025-08-07,organic_search,seo_retainer,3445,111,19.35,
2025-08-07,paid_search,brand,87,17,2.84,0
2025-08-07,paid_search,non_brand,875,42,25.92,2
2025-08-07,paid_social,prospecting,13791,140,47.86,0
2025-08-07,paid_social,retargeting,4382,47,24.49,0
2025-08-08,affiliate,commission,11488,42,0.0,1
2025-08-08,email,newsletter_platform,28,48,3.19,4
2025-08-08,organic_search,seo_retainer,3746,111,19.35,
2025-08-08,paid_search,brand,145,25,3.74,6
2025-08-08,paid_search,non_brand,1167,42,23.99,2
2025-08-08,paid_social,prospecting,9812,105,27.83,0
2025-08-08,paid_social,retargeting,2039,29,12.87,0
2025-08-09,affiliate,commission,2974,12,12.88,1
2025-08-09,email,newsletter_platform,25,24,3.19,0
2025-08-09,organic_search,seo_retainer,2588,85,19.35,
2025-08-09,paid_search,brand,76,13,2.15,2
2025-08-09,paid_search,non_brand,666,31,16.75,0
2025-08-09,paid_social,prospecting,5675,58,19.32,0
2025-08-09,paid_social,retargeting,1162,18,7.4,0
2025-08-10,affiliate,commission,7230,27,0.0,0
2025-08-10,email,newsletter_platform,26,33,3.19,0
2025-08-10,organic_search,seo_retainer,3158,108,19.35,
2025-08-10,paid_search,brand,62,14,2.24,1
2025-08-10,paid_search,non_brand,700,42,26.6,1
2025-08-10,paid_social,prospecting,7512,72,29.56,0
2025-08-10,paid_social,retargeting,2082,27,11.89,0
2025-08-11,affiliate,commission,3041,13,0.0,0
2025-08-11,email,newsletter_platform,24,30,3.19,1
2025-08-11,organic_search,seo_retainer,4447,144,19.35,
2025-08-11,paid_search,brand,88,22,3.4,1
2025-08-11,paid_search,non_brand,658,36,20.79,1
2025-08-11,paid_social,prospecting,11147,108,36.16,1
2025-08-11,paid_social,retargeting,2937,43,21.34,6
2025-08-12,affiliate,commission,11231,35,1.94,0
2025-08-12,email,newsletter_platform,3749,78,3.19,1
2025-08-12,organic_search,seo_retainer,3759,106,19.35,
2025-08-12,paid_social,prospecting,11396,125,30.6,1
2025-08-12,paid_social,retargeting,2731,47,14.75,2
2025-08-13,affiliate,commission,5053,22,2.02,0
2025-08-13,email,newsletter_platform,19,22,3.19,1
2025-08-13,organic_search,seo_retainer,3196,100,19.35,
2025-08-13,paid_social,prospecting,9672,89,31.75,0
2025-08-13,paid_social,retargeting,1892,33,10.81,2
2025-08-14,affiliate,commission,10561,40,1.08,0
2025-08-14,email,newsletter_platform,3779,80,3.19,7
2025-08-14,organic_search,seo_retainer,5128,148,19.35,
2025-08-14,paid_social,prospecting,12277,124,37.01,0
2025-08-14,paid_social,retargeting,2311,35,13.58,2
2025-08-15,affiliate,commission,8938,31,0.0,0
2025-08-15,email,newsletter_platform,19,35,3.19,0
2025-08-15,organic_search,seo_retainer,2632,78,19.35,
2025-08-15,paid_search,brand,78,14,2.41,1
2025-08-15,paid_search,non_brand,642,28,17.64,1
2025-08-15,paid_social,prospecting,6841,67,22.88,1
2025-08-15,paid_social,retargeting,1783,27,10.94,0
2025-08-16,affiliate,commission,4811,18,0.0,0
2025-08-16,email,newsletter_platform,27,20,3.19,0
2025-08-16,organic_search,seo_retainer,4412,115,19.35,
2025-08-16,paid_search,brand,100,19,3.45,0
2025-08-16,paid_search,non_brand,1089,46,27.38,0
2025-08-16,paid_social,prospecting,11444,117,39.41,1
2025-08-16,paid_social,retargeting,2093,33,13.5,1
2025-08-17,affiliate,commission,13513,43,9.11,2
2025-08-17,email,newsletter_platform,25,33,3.19,4
2025-08-17,organic_search,seo_retainer,5343,155,19.35,
2025-08-17,paid_search,brand,123,24,3.9,1
2025-08-17,paid_search,non_brand,1177,53,36.06,2
2025-08-17,paid_social,prospecting,11073,112,34.02,0
2025-08-17,paid_social,retargeting,2064,31,13.88,4
2025-08-18,affiliate,commission,9967,43,18.0,2
2025-08-18,email,newsletter_platform,24,28,3.19,0
2025-08-18,organic_search,seo_retainer,4275,126,19.35,
2025-08-18,paid_search,brand,123,32,5.14,6
2025-08-18,paid_search,non_brand,974,51,31.54,1
2025-08-18,paid_social,prospecting,15213,142,46.58,0
2025-08-18,paid_social,retargeting,2588,40,17.04,1
2025-08-19,affiliate,commission,7326,32,9.54,0
2025-08-19,email,newsletter_platform,3829,69,3.19,6
2025-08-19,organic_search,seo_retainer,3218,105,19.35,
2025-08-19,paid_search,brand,151,27,4.3,1
2025-08-19,paid_search,non_brand,1011,46,30.44,0
2025-08-19,paid_social,prospecting,8471,84,24.56,1
2025-08-19,paid_social,retargeting,2345,31,13.05,0
2025-08-20,affiliate,commission,3571,12,4.71,0
2025-08-20,email,newsletter_platform,22,26,3.19,2
2025-08-20,organic_search,seo_retainer,1986,71,19.35,
2025-08-20,paid_search,brand,60,14,2.29,0
2025-08-20,paid_search,non_brand,804,31,17.25,0
2025-08-20,paid_social,prospecting,5027,51,15.59,1
2025-08-20,paid_social,retargeting,1113,17,6.57,2
2025-08-21,affiliate,commission,9574,37,0.0,0
2025-08-21,email,newsletter_platform,3822,100,3.19,3
2025-08-21,organic_search,seo_retainer,3613,110,19.35,
2025-08-21,paid_search,brand,76,17,2.95,0
2025-08-21,paid_search,non_brand,815,33,19.17,0
2025-08-21,paid_social,prospecting,10798,97,32.33,1
2025-08-21,paid_social,retargeting,2938,37,17.67,2
2025-08-22,affiliate,commission,8614,33,1.52,0
2025-08-22,email,newsletter_platform,18,38,3.19,1
2025-08-22,organic_search,seo_retainer,2061,61,19.35,
2025-08-22,paid_search,brand,69,17,2.72,3
2025-08-22,paid_search,non_brand,797,35,22.73,1
2025-08-22,paid_social,prospecting,6366,73,18.21,0
2025-08-22,paid_social,retargeting,1555,21,8.91,0
2025-08-23,affiliate,commission,8821,33,14.11,0
2025-08-23,email,newsletter_platform,17,35,3.19,0
2025-08-23,organic_search,seo_retainer,3115,110,19.35,
2025-08-23,paid_search,brand,101,24,4.19,0
2025-08-23,paid_search,non_brand,821,45,26.8,1
2025-08-23,paid_social,prospecting,12157,118,39.14,2
2025-08-23,paid_social,retargeting,2827,43,19.01,2
2025-08-24,affiliate,commission,4547,19,3.96,2
2025-08-24,email,newsletter_platform,20,19,3.19,0
2025-08-24,organic_search,seo_retainer,2832,93,19.35,
2025-08-24,paid_search,brand,86,19,2.99,0
2025-08-24,paid_search,non_brand,618,34,17.41,1
2025-08-24,paid_social,prospecting,10209,85,33.01,1
2025-08-24,paid_social,retargeting,2159,28,11.34,1
2025-08-25,affiliate,commission,2445,10,0.0,0
2025-08-25,email,newsletter_platform,18,20,3.19,1
2025-08-25,organic_search,seo_retainer,3269,91,19.35,
2025-08-25,paid_search,brand,140,27,4.79,3
2025-08-25,paid_search,non_brand,955,47,28.55,3
2025-08-25,paid_social,prospecting,12394,108,35.89,2
2025-08-25,paid_social,retargeting,1918,29,12.56,0
2025-08-26,affiliate,commission,9598,36,2.24,3
2025-08-26,email,newsletter_platform,3843,95,3.19,0
2025-08-26,organic_search,seo_retainer,4952,177,19.35,
2025-08-26,paid_search,brand,104,23,4.17,0
2025-08-26,paid_search,non_brand,1334,64,38.78,0
2025-08-26,paid_social,prospecting,14879,129,46.49,2
2025-08-26,paid_social,retargeting,2291,34,14.06,0
2025-08-27,affiliate,commission,7747,25,2.24,2
2025-08-27,email,newsletter_platform,20,38,3.19,5
2025-08-27,organic_search,seo_retainer,3071,80,19.35,
2025-08-27,paid_search,brand,69,17,2.83,0
2025-08-27,paid_search,non_brand,657,34,21.82,0
2025-08-27,paid_social,prospecting,10461,80,33.71,4
2025-08-27,paid_social,retargeting,1342,20,8.04,3
2025-08-28,affiliate,commission,7263,27,0.0,0
2025-08-28,email,newsletter_platform,3877,72,3.19,15
2025-08-28,organic_search,seo_retainer,3179,103,19.35,
2025-08-28,paid_search,brand,95,17,2.82,2
2025-08-28,paid_search,non_brand,889,44,26.62,0
2025-08-28,paid_social,prospecting,13472,137,40.37,0
2025-08-28,paid_social,retargeting,2619,37,15.36,0
2025-08-29,affiliate,commission,3125,14,2.52,1
2025-08-29,email,newsletter_platform,17,36,3.19,1
2025-08-29,organic_search,seo_retainer,2714,81,19.35,
2025-08-29,paid_search,brand,54,13,2.16,2
2025-08-29,paid_search,non_brand,661,35,19.01,0
2025-08-29,paid_social,prospecting,5513,48,21.51,0
2025-08-29,paid_social,retargeting,972,14,5.66,0
2025-08-30,affiliate,commission,9328,34,0.0,2
2025-08-30,email,newsletter_platform,24,38,3.19,0
2025-08-30,organic_search,seo_retainer,3975,104,19.35,
2025-08-30,paid_search,brand,88,23,4.22,6
2025-08-30,paid_search,non_brand,1036,36,23.69,1
2025-08-30,paid_social,prospecting,13437,117,42.54,0
2025-08-30,paid_social,retargeting,2756,38,16.72,3
2025-08-31,affiliate,commission,11246,42,0.0,0
2025-08-31,email,newsletter_platform,24,22,3.19,0
2025-08-31,organic_search,seo_retainer,4165,129,19.35,
2025-08-31,paid_search,brand,76,19,3.55,1
2025-08-31,paid_search,non_brand,863,40,26.48,1
2025-08-31,paid_social,prospecting,9949,93,28.77,0
2025-08-31,paid_social,retargeting,2220,32,16.06,0
2025-09-01,affiliate,commission,12495,38,0.0,0
2025-09-01,email,newsletter_platform,20,31,3.3,0
2025-09-01,organic_search,seo_retainer,3943,106,20.0,
2025-09-01,paid_search,brand,61,14,2.1,0
2025-09-01,paid_search,non_brand,702,36,20.24,2
2025-09-01,paid_social,prospecting,14308,119,44.63,0
2025-09-01,paid_social,retargeting,2820,36,15.09,0
2025-09-02,affiliate,commission,5437,24,5.68,0
2025-09-02,email,newsletter_platform,3873,58,3.3,6
2025-09-02,organic_search,seo_retainer,3003,102,20.0,
2025-09-02,paid_search,brand,76,13,2.16,2
2025-09-02,paid_search,non_brand,533,27,18.37,0
2025-09-02,paid_social,prospecting,10184,91,30.92,0
2025-09-02,paid_social,retargeting,2301,38,14.29,0
2025-09-03,affiliate,commission,9980,41,0.0,0
2025-09-03,email,newsletter_platform,16,38,3.3,2
2025-09-03,organic_search,seo_retainer,4182,123,20.0,
2025-09-03,paid_search,brand,176,31,5.02,1
2025-09-03,paid_search,non_brand,1113,54,40.11,0
2025-09-03,paid_social,prospecting,10875,94,36.23,2
2025-09-03,paid_social,retargeting,2399,39,12.92,2
2025-09-04,affiliate,commission,4615,20,0.0,0
2025-09-04,email,newsletter_platform,3901,62,3.3,0
2025-09-04,organic_search,seo_retainer,2998,88,20.0,
2025-09-04,paid_search,brand,64,15,2.2,0
2025-09-04,paid_search,non_brand,733,29,17.6,2
2025-09-04,paid_social,prospecting,8702,82,24.27,0
2025-09-04,paid_social,retargeting,2336,31,15.08,1
2025-09-05,affiliate,commission,7403,27,0.0,3
2025-09-05,email,newsletter_platform,20,58,3.3,4
2025-09-05,organic_search,seo_retainer,4002,116,20.0,
2025-09-05,paid_search,brand,125,33,6.07,1
2025-09-05,paid_search,non_brand,1221,55,36.24,0
2025-09-05,paid_social,prospecting,9390,98,27.52,0
2025-09-05,paid_social,retargeting,2313,30,15.04,1
2025-09-06,affiliate,commission,9629,29,6.56,0
2025-09-06,email,newsletter_platform,17,32,3.3,2
2025-09-06,organic_search,seo_retainer,3533,107,20.0,
2025-09-06,paid_search,brand,103,22,4.11,2
2025-09-06,paid_search,non_brand,1134,51,28.0,0
2025-09-06,paid_social,prospecting,9819,106,31.83,0
2025-09-06,paid_social,retargeting,3022,44,15.82,0
2025-09-07,affiliate,commission,13482,48,14.44,0
2025-09-07,email,newsletter_platform,15,52,3.3,1
2025-09-07,organic_search,seo_retainer,6010,186,20.0,
2025-09-07,paid_search,brand,108,27,3.9,0
2025-09-07,paid_search,non_brand,1503,64,37.08,0
2025-09-07,paid_social,prospecting,16828,162,50.47,3
2025-09-07,paid_social,retargeting,3466,47,19.22,1
2025-09-08,affiliate,commission,11072,43,6.84,0
2025-09-08,email,newsletter_platform,21,79,3.3,4
2025-09-08,organic_search,seo_retainer,7408,202,20.0,
2025-09-08,paid_search,brand,199,38,6.79,3
2025-09-08,paid_search,non_brand,1438,72,56.77,1
2025-09-08,paid_social,prospecting,16639,161,56.04,0
2025-09-08,paid_social,retargeting,3175,49,20.09,1
2025-09-09,affiliate,commission,9596,31,3.84,0
2025-09-09,email,newsletter_platform,3943,76,3.3,3
2025-09-09,organic_search,seo_retainer,3258,117,20.0,
2025-09-09,paid_search,brand,103,22,3.41,4
2025-09-09,paid_search,non_brand,972,49,28.32,2
2025-09-09,paid_social,prospecting,13854,115,43.27,0
2025-09-09,paid_social,retargeting,2242,40,12.83,4
2025-09-10,affiliate,commission,9196,36,4.88,4
2025-09-10,email,newsletter_platform,21,43,3.3,1
2025-09-10,organic_search,seo_retainer,2443,70,20.0,
2025-09-10,paid_search,brand,86,22,3.72,1
2025-09-10,paid_search,non_brand,784,43,24.05,1
2025-09-10,paid_social,prospecting,13819,115,42.94,2
2025-09-10,paid_social,retargeting,2986,41,16.06,0
2025-09-11,affiliate,commission,8883,39,0.0,1
2025-09-11,email,newsletter_platform,3974,108,3.3,0
2025-09-11,organic_search,seo_retainer,4198,126,20.0,
2025-09-11,paid_search,brand,167,44,7.4,1
2025-09-11,paid_search,non_brand,1468,69,33.77,0
2025-09-11,paid_social,prospecting,20090,193,52.28,1
2025-09-11,paid_social,retargeting,6116,71,36.49,0
2025-09-12,affiliate,commission,6259,25,0.0,0
2025-09-12,email,newsletter_platform,25,52,3.3,3
2025-09-12,organic_search,seo_retainer,2881,89,20.0,
2025-09-12,paid_search,brand,86,16,2.75,2
2025-09-12,paid_search,non_brand,932,41,25.63,2
2025-09-12,paid_social,prospecting,9149,92,28.03,1
2025-09-12,paid_social,retargeting,1434,24,8.9,2
2025-09-13,affiliate,commission,5674,24,0.0,1
2025-09-13,email,newsletter_platform,21,30,3.3,2
2025-09-13,organic_search,seo_retainer,3161,85,20.0,
2025-09-13,paid_search,brand,58,13,2.24,1
2025-09-13,paid_search,non_brand,1127,37,22.07,3
2025-09-13,paid_social,prospecting,10252,104,38.28,0
2025-09-13,paid_social,retargeting,2013,29,10.72,0
2025-09-14,affiliate,commission,6431,24,17.25,1
2025-09-14,email,newsletter_platform,21,18,3.3,0
2025-09-14,organic_search,seo_retainer,3084,93,20.0,
2025-09-14,paid_search,brand,116,21,3.56,0
2025-09-14,paid_search,non_brand,927,35,21.14,1
2025-09-14,paid_social,prospecting,9555,101,30.09,1
2025-09-14,paid_social,retargeting,2679,35,15.6,2
2025-09-15,affiliate,commission,13238,41,0.0,1
2025-09-15,email,newsletter_platform,26,30,3.3,6
2025-09-15,organic_search,seo_retainer,5464,150,20.0,
2025-09-15,paid_search,brand,115,24,4.2,1
2025-09-15,paid_search,non_brand,902,47,31.23,1
2025-09-15,paid_social,prospecting,11775,118,39.84,4
2025-09-15,paid_social,retargeting,3370,50,21.21,3
2025-09-16,affiliate,commission,6735,25,0.0,0
2025-09-16,email,newsletter_platform,3970,84,3.3,2
2025-09-16,organic_search,seo_retainer,4093,119,20.0,
2025-09-16,paid_search,brand,62,16,2.86,1
2025-09-16,paid_search,non_brand,878,36,26.77,4
2025-09-16,paid_social,prospecting,16999,160,56.36,1
2025-09-16,paid_social,retargeting,4499,66,29.39,1
2025-09-17,affiliate,commission,10488,40,0.0,1
2025-09-17,email,newsletter_platform,24,34,3.3,0
2025-09-17,organic_search,seo_retainer,4665,135,20.0,
2025-09-17,paid_search,brand,111,29,4.68,3
2025-09-17,paid_search,non_brand,1666,66,36.52,0
2025-09-17,paid_social,prospecting,10580,104,38.65,2
2025-09-17,paid_social,retargeting,2321,34,13.88,1
2025-09-18,affiliate,commission,8203,33,4.08,0
2025-09-18,email,newsletter_platform,4007,66,3.3,0
2025-09-18,organic_search,seo_retainer,4529,123,20.0,
2025-09-18,paid_search,brand,115,21,3.6,1
2025-09-18,paid_search,non_brand,1080,46,27.45,2
2025-09-18,paid_social,prospecting,9078,95,26.6,2
2025-09-18,paid_social,retargeting,2843,40,18.41,7
2025-09-19,affiliate,commission,6857,27,2.4,0
2025-09-19,email,newsletter_platform,21,52,3.3,0
2025-09-19,organic_search,seo_retainer,3687,117,20.0,
2025-09-19,paid_search,brand,96,22,3.55,2
2025-09-19,paid_search,non_brand,875,42,25.77,2
2025-09-19,paid_social,prospecting,9976,108,33.28,0
2025-09-19,paid_social,retargeting,3361,44,21.47,0
2025-09-20,affiliate,commission,9568,35,0.0,3
2025-09-20,email,newsletter_platform,23,25,3.3,0
2025-09-20,organic_search,seo_retainer,4850,153,20.0,
2025-09-20,paid_search,brand,46,12,2.04,0
2025-09-20,paid_search,non_brand,839,35,18.68,0
2025-09-20,paid_social,prospecting,13568,102,37.58,0
2025-09-20,paid_social,retargeting,2285,36,12.58,0
2025-09-21,affiliate,commission,6621,27,0.0,2
2025-09-21,email,newsletter_platform,30,32,3.3,1
2025-09-21,organic_search,seo_retainer,3868,123,20.0,
2025-09-21,paid_search,brand,157,30,4.76,4
2025-09-21,paid_search,non_brand,1909,64,46.66,0
2025-09-21,paid_social,prospecting,9906,96,28.56,1
2025-09-21,paid_social,retargeting,2756,40,16.55,2
2025-09-22,affiliate,commission,8787,37,0.0,0
2025-09-22,email,newsletter_platform,26,38,3.3,3
2025-09-22,organic_search,seo_retainer,3042,100,20.0,
2025-09-22,paid_search,brand,143,27,4.15,0
2025-09-22,paid_search,non_brand,1216,47,25.22,1
2025-09-22,paid_social,prospecting,11656,121,37.77,0
2025-09-22,paid_social,retargeting,2518,43,15.31,0
2025-09-23,affiliate,commission,8972,31,0.0,0
2025-09-23,email,newsletter_platform,4068,101,3.3,3
2025-09-23,organic_search,seo_retainer,5025,148,20.0,
2025-09-23,paid_search,brand,144,30,4.84,3
2025-09-23,paid_search,non_brand,1254,58,37.08,3
2025-09-23,paid_social,prospecting,18351,136,56.24,2
2025-09-23,paid_social,retargeting,3144,39,18.06,2
2025-09-24,affiliate,commission,12635,40,0.0,0
2025-09-24,email,newsletter_platform,27,36,3.3,0
2025-09-24,organic_search,seo_retainer,3004,104,20.0,
2025-09-24,paid_search,brand,118,27,4.27,1
2025-09-24,paid_search,non_brand,1031,46,27.97,1
2025-09-24,paid_social,prospecting,8318,76,30.41,2
2025-09-24,paid_social,retargeting,1568,29,9.28,2
2025-09-25,affiliate,commission,9630,38,0.0,0
2025-09-25,email,newsletter_platform,4076,74,3.3,2
2025-09-25,organic_search,seo_retainer,3248,109,20.0,
2025-09-25,paid_search,brand,49,12,2.09,2
2025-09-25,paid_search,non_brand,854,40,23.82,3
2025-09-25,paid_social,prospecting,9816,118,33.39,2
2025-09-25,paid_social,retargeting,3159,43,19.68,2
2025-09-26,affiliate,commission,7317,26,1.66,2
2025-09-26,email,newsletter_platform,22,17,3.3,5
2025-09-26,organic_search,seo_retainer,1860,53,20.0,
2025-09-26,paid_search,brand,49,13,2.09,3
2025-09-26,paid_search,non_brand,834,36,21.39,5
2025-09-26,paid_social,prospecting,8728,86,31.37,0
2025-09-26,paid_social,retargeting,1671,23,9.77,0
2025-09-27,affiliate,commission,9927,38,0.0,0
2025-09-27,email,newsletter_platform,30,30,3.3,1
2025-09-27,organic_search,seo_retainer,5587,190,20.0,
2025-09-27,paid_search,brand,97,24,3.74,5
2025-09-27,paid_search,non_brand,1017,54,40.8,1
2025-09-27,paid_social,prospecting,11268,135,41.7,1
2025-09-27,paid_social,retargeting,3605,50,19.08,0
2025-09-28,affiliate,commission,9635,39,2.8,2
2025-09-28,email,newsletter_platform,31,56,3.3,0
2025-09-28,organic_search,seo_retainer,5718,187,20.0,
2025-09-28,paid_search,brand,210,43,6.61,3
2025-09-28,paid_search,non_brand,1453,66,38.72,0
2025-09-28,paid_social,prospecting,18357,157,65.43,3
2025-09-28,paid_social,retargeting,4191,50,25.85,1
2025-09-29,affiliate,commission,9649,40,13.11,0
2025-09-29,email,newsletter_platform,27,42,3.3,1
2025-09-29,organic_search,seo_retainer,4380,152,20.0,
2025-09-29,paid_search,brand,90,22,3.2,0
2025-09-29,paid_search,non_brand,1141,46,29.61,2
2025-09-29,paid_social,prospecting,9383,84,27.13,0
2025-09-29,paid_social,retargeting,1916,31,10.67,0
2025-09-30,affiliate,commission,5431,23,1.8,1
2025-09-30,email,newsletter_platform,4108,46,3.3,0
2025-09-30,organic_search,seo_retainer,1967,57,20.0,
2025-09-30,paid_search,brand,86,15,2.72,2
2025-09-30,paid_search,non_brand,949,37,22.66,0
2025-09-30,paid_social,prospecting,8818,85,33.48,3
2025-09-30,paid_social,retargeting,1913,29,10.8,3
2025-10-01,affiliate,commission,8232,36,3.2,1
2025-10-01,email,newsletter_platform,23,40,4.81,0
2025-10-01,organic_search,seo_retainer,4683,156,19.35,
2025-10-01,paid_search,brand,153,29,4.6,0
2025-10-01,paid_search,non_brand,921,45,27.9,1
2025-10-01,paid_social,prospecting,14215,137,41.33,6
2025-10-01,paid_social,retargeting,2464,37,12.68,1
2025-10-02,affiliate,commission,5747,25,0.0,0
2025-10-02,email,newsletter_platform,4099,76,4.81,0
2025-10-02,organic_search,seo_retainer,4507,154,19.35,
2025-10-02,paid_search,brand,83,22,3.52,1
2025-10-02,paid_search,non_brand,794,40,19.47,3
2025-10-02,paid_social,prospecting,14316,147,45.07,1
2025-10-02,paid_social,retargeting,3051,50,18.83,2
2025-10-03,affiliate,commission,6610,29,4.39,0
2025-10-03,email,newsletter_platform,25,40,4.81,4
2025-10-03,organic_search,seo_retainer,5165,137,19.35,
2025-10-03,paid_search,brand,135,23,4.01,1
2025-10-03,paid_search,non_brand,797,33,20.36,0
2025-10-03,paid_social,prospecting,9323,91,30.44,1
2025-10-03,paid_social,retargeting,1336,23,8.39,2
2025-10-04,affiliate,commission,4457,15,3.04,0
2025-10-04,email,newsletter_platform,19,24,4.81,3
2025-10-04,organic_search,seo_retainer,2479,87,19.35,
2025-10-04,paid_search,brand,63,13,2.36,0
2025-10-04,paid_search,non_brand,609,28,17.95,0
2025-10-04,paid_social,prospecting,10911,112,36.94,1
2025-10-04,paid_social,retargeting,2090,28,12.17,1
2025-10-05,affiliate,commission,9474,34,0.0,0
2025-10-05,email,newsletter_platform,28,24,4.81,1
2025-10-05,organic_search,seo_retainer,4016,139,19.35,
2025-10-05,paid_search,brand,86,22,3.73,2
2025-10-05,paid_search,non_brand,1126,61,47.86,1
2025-10-05,paid_social,prospecting,10757,108,35.59,1
2025-10-05,paid_social,retargeting,3641,41,23.05,2
2025-10-06,affiliate,commission,10566,40,0.0,5
2025-10-06,email,newsletter_platform,29,30,4.81,1
2025-10-06,organic_search,seo_retainer,5209,155,19.35,
2025-10-06,paid_search,brand,108,26,4.08,3
2025-10-06,paid_search,non_brand,1123,47,31.36,2
2025-10-06,paid_social,prospecting,13194,120,47.38,1
2025-10-06,paid_social,retargeting,2622,37,17.13,3
2025-10-07,affiliate,commission,10748,37,0.0,2
2025-10-07,email,newsletter_platform,4170,88,4.81,7
2025-10-07,organic_search,seo_retainer,3881,136,19.35,
2025-10-07,paid_search,brand,110,28,4.24,0
2025-10-07,paid_search,non_brand,1257,56,34.91,2
2025-10-07,paid_social,prospecting,13007,137,42.83,1
2025-10-07,paid_social,retargeting,3093,45,16.66,1
2025-10-08,affiliate,commission,3381,15,1.79,3
2025-10-08,email,newsletter_platform,26,36,4.81,5
2025-10-08,organic_search,seo_retainer,3377,103,19.35,
2025-10-08,paid_search,brand,112,19,3.43,1
2025-10-08,paid_search,non_brand,1212,50,25.83,3
2025-10-08,paid_social,prospecting,10407,118,34.58,0
2025-10-08,paid_social,retargeting,2427,31,14.2,0
2025-10-09,affiliate,commission,5461,18,8.73,0
2025-10-09,email,newsletter_platform,4165,52,4.81,1
2025-10-09,organic_search,seo_retainer,2373,70,19.35,
2025-10-09,paid_search,brand,56,12,2.19,0
2025-10-09,paid_search,non_brand,909,36,22.77,0
2025-10-09,paid_social,prospecting,3427,44,11.02,0
2025-10-09,paid_social,retargeting,1126,14,5.91,0
2025-10-10,affiliate,commission,8221,30,0.0,0
2025-10-10,email,newsletter_platform,20,45,4.81,0
2025-10-10,organic_search,seo_retainer,3725,111,19.35,
2025-10-10,paid_search,brand,122,26,3.69,0
2025-10-10,paid_search,non_brand,1448,58,38.58,0
2025-10-10,paid_social,prospecting,14239,140,54.01,3
2025-10-10,paid_social,retargeting,3929,57,25.16,2
2025-10-11,affiliate,commission,4206,15,8.97,0
2025-10-11,email,newsletter_platform,24,20,4.81,0
2025-10-11,organic_search,seo_retainer,2676,75,19.35,
2025-10-11,paid_search,brand,87,17,2.64,0
2025-10-11,paid_search,non_brand,948,35,20.06,1
2025-10-11,paid_social,prospecting,7547,75,22.08,0
2025-10-11,paid_social,retargeting,2187,30,14.91,2
2025-10-12,affiliate,commission,6945,25,13.72,1
2025-10-12,email,newsletter_platform,24,44,4.81,2
2025-10-12,organic_search,seo_retainer,2953,90,19.35,
2025-10-12,paid_search,brand,133,35,5.25,4
2025-10-12,paid_search,non_brand,1313,55,32.72,1
2025-10-12,paid_social,prospecting,12464,103,42.75,0
2025-10-12,paid_social,retargeting,2828,37,15.64,0
2025-10-13,affiliate,commission,5381,24,0.0,0
2025-10-13,email,newsletter_platform,22,22,4.81,0
2025-10-13,organic_search,seo_retainer,3424,116,19.35,
2025-10-13,paid_search,brand,87,22,3.65,2
2025-10-13,paid_search,non_brand,799,38,22.65,2
2025-10-13,paid_social,prospecting,13682,105,44.54,0
2025-10-13,paid_social,retargeting,1963,27,11.24,1
2025-10-14,affiliate,commission,7908,24,0.0,0
2025-10-14,email,newsletter_platform,4176,52,4.81,7
2025-10-14,organic_search,seo_retainer,3173,92,19.35,
2025-10-14,paid_search,brand,85,15,2.11,1
2025-10-14,paid_search,non_brand,813,36,23.14,1
2025-10-14,paid_social,prospecting,5913,59,16.93,1
2025-10-14,paid_social,retargeting,1608,23,10.94,1
2025-10-15,affiliate,commission,5589,23,0.0,1
2025-10-15,email,newsletter_platform,21,52,4.81,4
2025-10-15,organic_search,seo_retainer,3980,117,19.35,
2025-10-15,paid_search,brand,143,26,4.46,2
2025-10-15,paid_search,non_brand,1075,48,28.21,2
2025-10-15,paid_social,prospecting,8500,84,24.82,1
2025-10-15,paid_social,retargeting,2095,32,13.87,7
2025-10-16,affiliate,commission,5062,17,0.0,0
2025-10-16,email,newsletter_platform,4193,47,4.81,2
2025-10-16,organic_search,seo_retainer,2240,80,19.35,
2025-10-16,paid_search,brand,58,15,2.57,1
2025-10-16,paid_search,non_brand,694,33,18.78,0
2025-10-16,paid_social,prospecting,6915,60,24.12,0
2025-10-16,paid_social,retargeting,1753,24,11.71,3
2025-10-17,affiliate,commission,10510,32,0.0,0
2025-10-17,email,newsletter_platform,19,50,4.81,0
2025-10-17,organic_search,seo_retainer,3616,111,19.35,
2025-10-17,paid_search,brand,128,33,4.99,1
2025-10-17,paid_search,non_brand,1686,63,38.11,0
2025-10-17,paid_social,prospecting,12284,126,38.05,0
2025-10-17,paid_social,retargeting,2505,39,15.8,0
2025-10-18,affiliate,commission,9875,30,13.04,4
2025-10-18,email,newsletter_platform,25,21,4.81,3
2025-10-18,organic_search,seo_retainer,3621,111,19.35,
2025-10-18,paid_search,brand,72,14,2.23,1
2025-10-18,paid_search,non_brand,733,37,20.65,0
2025-10-18,paid_social,prospecting,14595,118,48.0,4
2025-10-18,paid_social,retargeting,3175,39,17.73,4
2025-10-19,affiliate,commission,5215,23,5.74,0
2025-10-19,email,newsletter_platform,26,22,4.81,2
2025-10-19,organic_search,seo_retainer,3441,115,19.35,
2025-10-19,paid_search,brand,67,17,3.03,1
2025-10-19,paid_search,non_brand,700,32,16.71,0
2025-10-19,paid_social,prospecting,7719,84,23.72,0
2025-10-19,paid_social,retargeting,2111,31,11.17,3
2025-10-20,affiliate,commission,11044,44,0.0,0
2025-10-20,email,newsletter_platform,23,47,4.81,0
2025-10-20,organic_search,seo_retainer,4152,146,19.35,
2025-10-20,paid_search,brand,143,28,4.88,2
2025-10-20,paid_search,non_brand,934,47,29.79,1
2025-10-20,paid_social,prospecting,14019,132,39.85,0
2025-10-20,paid_social,retargeting,3057,42,20.15,0
2025-10-21,affiliate,commission,6172,22,9.6,3
2025-10-21,email,newsletter_platform,4225,44,4.81,7
2025-10-21,organic_search,seo_retainer,2823,100,19.35,
2025-10-21,paid_search,brand,65,12,2.01,3
2025-10-21,paid_search,non_brand,691,30,16.82,0
2025-10-21,paid_social,prospecting,8834,91,30.56,2
2025-10-21,paid_social,retargeting,1714,24,11.39,1
2025-10-22,affiliate,commission,4762,17,4.03,0
2025-10-22,email,newsletter_platform,19,33,4.81,1
2025-10-22,organic_search,seo_retainer,2956,102,19.35,
2025-10-22,paid_search,brand,102,21,3.56,2
2025-10-22,paid_search,non_brand,765,34,20.23,2
2025-10-22,paid_social,prospecting,11248,108,34.4,0
2025-10-22,paid_social,retargeting,2103,30,13.09,0
2025-10-23,affiliate,commission,6911,28,0.94,1
2025-10-23,email,newsletter_platform,4282,77,4.81,7
2025-10-23,organic_search,seo_retainer,3212,107,19.35,
2025-10-23,paid_search,brand,72,19,2.86,1
2025-10-23,paid_search,non_brand,885,37,23.1,0
2025-10-23,paid_social,prospecting,8696,76,25.09,0
2025-10-23,paid_social,retargeting,1867,25,10.57,0
2025-10-24,affiliate,commission,8763,28,0.0,0
2025-10-24,email,newsletter_platform,23,55,4.81,0
2025-10-24,organic_search,seo_retainer,3535,113,19.35,
2025-10-24,paid_search,brand,67,15,2.58,0
2025-10-24,paid_search,non_brand,843,33,19.43,2
2025-10-24,paid_social,prospecting,8989,79,29.47,0
2025-10-24,paid_social,retargeting,2084,30,13.75,0
2025-10-25,affiliate,commission,10871,35,1.84,0
2025-10-25,email,newsletter_platform,16,35,4.81,0
2025-10-25,organic_search,seo_retainer,3823,126,19.35,
2025-10-25,paid_search,brand,88,21,3.47,0
2025-10-25,paid_search,non_brand,750,40,21.35,0
2025-10-25,paid_social,prospecting,10853,102,35.55,0
2025-10-25,paid_social,retargeting,2375,34,13.73,0
2025-10-26,affiliate,commission,8990,36,0.0,3
2025-10-26,email,newsletter_platform,17,27,4.81,5
2025-10-26,organic_search,seo_retainer,4943,166,19.35,
2025-10-26,paid_search,brand,129,32,4.8,2
2025-10-26,paid_search,non_brand,1317,59,35.45,0
2025-10-26,paid_social,prospecting,16822,166,59.06,1
2025-10-26,paid_social,retargeting,3219,51,20.74,0
2025-10-27,affiliate,commission,11281,47,0.0,3
2025-10-27,email,newsletter_platform,21,60,4.81,2
2025-10-27,organic_search,seo_retainer,4233,152,19.35,
2025-10-27,paid_search,brand,122,23,4.34,0
2025-10-27,paid_search,non_brand,1800,83,52.15,0
2025-10-27,paid_social,prospecting,16979,161,54.09,0
2025-10-27,paid_social,retargeting,2949,49,17.2,0
2025-10-28,affiliate,commission,7385,31,0.0,0
2025-10-28,email,newsletter_platform,4274,71,4.81,4
2025-10-28,organic_search,seo_retainer,3366,112,19.35,
2025-10-28,paid_search,brand,183,33,5.56,0
2025-10-28,paid_search,non_brand,1214,58,34.72,0
2025-10-28,paid_social,prospecting,13850,115,48.51,2
2025-10-28,paid_social,retargeting,2718,48,18.76,2
2025-10-29,affiliate,commission,9193,34,0.0,0
2025-10-29,email,newsletter_platform,23,38,4.81,1
2025-10-29,organic_search,seo_retainer,4691,137,19.35,
2025-10-29,paid_search,brand,105,26,4.14,1
2025-10-29,paid_search,non_brand,1368,63,40.3,0
2025-10-29,paid_social,prospecting,10997,115,33.29,2
2025-10-29,paid_social,retargeting,2233,31,12.59,2
2025-10-30,affiliate,commission,6743,23,2.4,0
2025-10-30,email,newsletter_platform,4306,56,4.81,3
2025-10-30,organic_search,seo_retainer,2571,87,19.35,
2025-10-30,paid_search,brand,68,15,2.34,1
2025-10-30,paid_search,non_brand,603,26,19.9,0
2025-10-30,paid_social,prospecting,9084,91,30.5,1
2025-10-30,paid_social,retargeting,2650,36,16.25,2
2025-10-31,affiliate,commission,8354,26,6.33,3
2025-10-31,email,newsletter_platform,14,35,4.81,0
2025-10-31,organic_search,seo_retainer,2944,95,19.35,
2025-10-31,paid_search,brand,66,17,3.17,1
2025-10-31,paid_search,non_brand,1173,49,29.64,0
2025-10-31,paid_social,prospecting,9431,95,35.16,0
2025-10-31,paid_social,retargeting,1697,28,9.71,0
2025-11-01,affiliate,commission,9231,31,2.8,0
2025-11-01,email,newsletter_platform,21,31,4.97,0
2025-11-01,organic_search,seo_retainer,5096,134,20.0,
2025-11-01,paid_search,brand,63,15,2.91,0
2025-11-01,paid_search,non_brand,754,39,29.76,0
2025-11-01,paid_social,prospecting,13270,118,65.34,0
2025-11-01,paid_social,retargeting,2480,43,20.66,0
2025-11-02,affiliate,commission,8462,27,0.0,2
2025-11-02,email,newsletter_platform,22,48,4.97,0
2025-11-02,organic_search,seo_retainer,4402,147,20.0,
2025-11-02,paid_search,brand,133,32,6.35,0
2025-11-02,paid_search,non_brand,1198,58,35.27,0
2025-11-02,paid_social,prospecting,16647,170,63.32,1
2025-11-02,paid_social,retargeting,3447,52,27.98,0
2025-11-03,affiliate,commission,11567,37,0.0,1
2025-11-03,email,newsletter_platform,25,43,4.97,4
2025-11-03,organic_search,seo_retainer,5884,162,20.0,
2025-11-03,paid_search,brand,186,44,8.38,3
2025-11-03,paid_search,non_brand,1983,69,50.11,2
2025-11-03,paid_social,prospecting,13636,112,56.24,2
2025-11-03,paid_social,retargeting,3829,48,34.21,5
2025-11-04,affiliate,commission,14529,53,8.74,0
2025-11-04,email,newsletter_platform,4362,90,4.97,4
2025-11-04,organic_search,seo_retainer,4888,165,20.0,
2025-11-04,paid_search,brand,142,35,6.52,3
2025-11-04,paid_search,non_brand,1920,78,56.45,1
2025-11-04,paid_social,prospecting,16148,140,55.57,1
2025-11-04,paid_social,retargeting,3156,49,27.0,1
2025-11-05,affiliate,commission,9711,30,4.38,3
2025-11-05,email,newsletter_platform,29,36,4.97,0
2025-11-05,organic_search,seo_retainer,3744,134,20.0,
2025-11-05,paid_search,brand,101,23,4.98,1
2025-11-05,paid_search,non_brand,902,43,28.57,6
2025-11-05,paid_social,prospecting,11247,122,50.41,2
2025-11-05,paid_social,retargeting,2222,34,17.35,2
2025-11-06,affiliate,commission,9817,43,0.0,0
2025-11-06,email,newsletter_platform,4371,112,4.97,3
2025-11-06,organic_search,seo_retainer,6974,193,20.0,
2025-11-06,paid_search,brand,134,30,5.9,1
2025-11-06,paid_search,non_brand,1322,57,38.12,0
2025-11-06,paid_social,prospecting,22907,182,98.66,1
2025-11-06,paid_social,retargeting,4966,71,40.14,2
2025-11-07,affiliate,commission,10241,38,8.64,3
2025-11-07,email,newsletter_platform,30,75,4.97,1
2025-11-07,organic_search,seo_retainer,4153,145,20.0,
2025-11-07,paid_search,brand,90,24,4.79,3
2025-11-07,paid_search,non_brand,1682,52,36.57,2
2025-11-07,paid_social,prospecting,17838,139,86.16,1
2025-11-07,paid_social,retargeting,3899,55,29.03,1
2025-11-08,affiliate,commission,6027,27,13.04,0
2025-11-08,email,newsletter_platform,35,39,4.97,1
2025-11-08,organic_search,seo_retainer,4956,149,20.0,
2025-11-08,paid_search,brand,133,35,6.8,1
2025-11-08,paid_search,non_brand,1339,61,48.4,1
2025-11-08,paid_social,prospecting,14739,120,56.72,1
2025-11-08,paid_social,retargeting,2143,35,17.47,1
2025-11-09,affiliate,commission,11566,43,10.48,2
2025-11-09,email,newsletter_platform,30,35,4.97,0
2025-11-09,organic_search,seo_retainer,4623,129,20.0,
2025-11-09,paid_search,brand,146,27,5.01,3
2025-11-09,paid_search,non_brand,1184,54,44.41,0
2025-11-09,paid_social,prospecting,14383,161,65.31,4
2025-11-09,paid_social,retargeting,3065,48,20.81,1
2025-11-10,affiliate,commission,10670,47,0.96,0
2025-11-10,email,newsletter_platform,31,42,4.97,0
2025-11-10,organic_search,seo_retainer,4809,171,20.0,
2025-11-10,paid_search,brand,137,30,5.9,5
2025-11-10,paid_search,non_brand,1733,78,70.32,3
2025-11-10,paid_social,prospecting,12237,136,49.45,0
2025-11-10,paid_social,retargeting,2607,40,20.44,0
2025-11-11,affiliate,commission,9481,39,0.0,0
2025-11-11,email,newsletter_platform,4440,139,4.97,8
2025-11-11,organic_search,seo_retainer,5274,180,20.0,
2025-11-11,paid_search,brand,162,29,5.84,1
2025-11-11,paid_search,non_brand,1207,62,44.86,2
2025-11-11,paid_social,prospecting,15793,151,72.42,0
2025-11-11,paid_social,retargeting,3048,47,25.09,0
2025-11-12,affiliate,commission,6934,28,21.3,0
2025-11-12,email,newsletter_platform,26,50,4.97,1
2025-11-12,organic_search,seo_retainer,2815,101,20.0,
2025-11-12,paid_search,brand,79,15,3.06,1
2025-11-12,paid_search,non_brand,779,30,21.23,1
2025-11-12,paid_social,prospecting,8236,72,36.24,0
2025-11-12,paid_social,retargeting,1898,28,14.66,3
2025-11-13,affiliate,commission,5848,22,1.15,0
2025-11-13,email,newsletter_platform,4418,48,4.97,2
2025-11-13,organic_search,seo_retainer,2147,64,20.0,
2025-11-13,paid_search,brand,70,16,2.67,1
2025-11-13,paid_search,non_brand,1061,34,25.21,2
2025-11-13,paid_social,prospecting,5561,53,22.73,0
2025-11-13,paid_social,retargeting,1523,21,11.78,0
2025-11-14,affiliate,commission,11451,35,0.0,0
2025-11-14,email,newsletter_platform,19,51,4.97,3
2025-11-14,organic_search,seo_retainer,3388,114,20.0,
2025-11-14,paid_search,brand,106,24,5.08,2
2025-11-14,paid_search,non_brand,925,41,30.43,0
2025-11-14,paid_social,prospecting,15076,134,55.48,1
2025-11-14,paid_social,retargeting,3637,56,24.87,4
2025-11-15,affiliate,commission,10561,33,0.0,1
2025-11-15,email,newsletter_platform,20,31,4.97,2
2025-11-15,organic_search,seo_retainer,3776,130,20.0,
2025-11-15,paid_search,brand,105,22,4.0,1
2025-11-15,paid_search,non_brand,847,40,26.07,0
2025-11-15,paid_social,prospecting,11774,108,49.99,0
2025-11-15,paid_social,retargeting,2079,35,17.75,0
2025-11-16,affiliate,commission,13829,57,9.11,1
2025-11-16,email,newsletter_platform,23,51,4.97,2
2025-11-16,organic_search,seo_retainer,4706,153,20.0,
2025-11-16,paid_search,brand,103,23,4.49,2
2025-11-16,paid_search,non_brand,1245,64,41.64,1
2025-11-16,paid_social,prospecting,10742,124,39.83,1
2025-11-16,paid_social,retargeting,2364,36,17.01,0
2025-11-17,affiliate,commission,4432,15,0.0,4
2025-11-17,email,newsletter_platform,19,29,4.97,1
2025-11-17,organic_search,seo_retainer,4031,126,20.0,
2025-11-17,paid_search,brand,100,20,3.98,2
2025-11-17,paid_search,non_brand,1042,38,28.64,3
2025-11-17,paid_social,prospecting,9823,112,42.5,0
2025-11-17,paid_social,retargeting,2112,33,17.95,0
2025-11-18,affiliate,commission,12537,39,0.0,0
2025-11-18,email,newsletter_platform,4457,93,4.97,4
2025-11-18,organic_search,seo_retainer,4244,151,20.0,
2025-11-18,paid_search,brand,119,30,5.96,0
2025-11-18,paid_search,non_brand,1352,59,42.92,0
2025-11-18,paid_social,prospecting,11876,127,53.8,3
2025-11-18,paid_social,retargeting,3942,52,29.75,5
2025-11-19,affiliate,commission,8755,33,11.06,0
2025-11-19,email,newsletter_platform,28,50,4.97,1
2025-11-19,organic_search,seo_retainer,3217,92,20.0,
2025-11-19,paid_search,brand,53,13,2.58,0
2025-11-19,paid_search,non_brand,710,36,29.03,0
2025-11-19,paid_social,prospecting,9887,87,42.11,0
2025-11-19,paid_social,retargeting,2049,33,14.44,1
2025-11-20,affiliate,commission,8695,32,6.61,4
2025-11-20,email,newsletter_platform,4499,114,4.97,6
2025-11-20,organic_search,seo_retainer,4848,154,20.0,
2025-11-20,paid_search,brand,96,22,3.62,1
2025-11-20,paid_search,non_brand,1847,65,43.61,0
2025-11-20,paid_social,prospecting,12004,121,55.75,0
2025-11-20,paid_social,retargeting,2946,45,21.34,0
2025-11-21,affiliate,commission,9321,38,0.0,0
2025-11-21,email,newsletter_platform,24,39,4.97,2
2025-11-21,organic_search,seo_retainer,4526,133,20.0,
2025-11-21,paid_search,brand,113,21,3.79,0
2025-11-21,paid_search,non_brand,1071,40,28.66,0
2025-11-21,paid_social,prospecting,9139,91,36.67,2
2025-11-21,paid_social,retargeting,2509,35,18.61,7
2025-11-22,affiliate,commission,9132,34,26.35,0
2025-11-22,email,newsletter_platform,27,33,4.97,6
2025-11-22,organic_search,seo_retainer,3792,111,20.0,
2025-11-22,paid_search,brand,129,27,5.28,1
2025-11-22,paid_search,non_brand,1121,50,39.72,1
2025-11-22,paid_social,prospecting,13000,97,52.96,1
2025-11-22,paid_social,retargeting,3081,39,25.44,1
2025-11-23,affiliate,commission,8945,39,8.64,0
2025-11-23,email,newsletter_platform,31,29,4.97,0
2025-11-23,organic_search,seo_retainer,3563,118,20.0,
2025-11-23,paid_search,brand,156,28,5.4,0
2025-11-23,paid_search,non_brand,1332,59,37.95,0
2025-11-23,paid_social,prospecting,11357,113,48.42,0
2025-11-23,paid_social,retargeting,2784,41,19.61,1
2025-11-24,affiliate,commission,16689,58,0.0,0
2025-11-24,email,newsletter_platform,4517,153,4.97,10
2025-11-24,organic_search,seo_retainer,4954,176,20.0,
2025-11-24,paid_search,brand,300,64,14.42,2
2025-11-24,paid_search,non_brand,2300,118,93.56,5
2025-11-24,paid_social,prospecting,27275,249,138.78,2
2025-11-24,paid_social,retargeting,6215,86,70.1,2
2025-11-25,affiliate,commission,9502,35,9.44,4
2025-11-25,email,newsletter_platform,4496,143,4.97,4
2025-11-25,organic_search,seo_retainer,4833,135,20.0,
2025-11-25,paid_search,brand,167,39,9.28,2
2025-11-25,paid_search,non_brand,2500,75,65.36,5
2025-11-25,paid_social,prospecting,23165,201,129.12,4
2025-11-25,paid_social,retargeting,3254,55,34.58,3
2025-11-26,affiliate,commission,5713,24,0.0,1
2025-11-26,email,newsletter_platform,4544,102,4.97,9
2025-11-26,organic_search,seo_retainer,3433,105,20.0,
2025-11-26,paid_search,brand,91,24,5.45,1
2025-11-26,paid_search,non_brand,1081,50,45.46,0
2025-11-26,paid_social,prospecting,11519,106,59.48,1
2025-11-26,paid_social,retargeting,2889,42,34.9,4
2025-11-27,affiliate,commission,11801,48,0.0,1
2025-11-27,email,newsletter_platform,4525,155,4.97,10
2025-11-27,organic_search,seo_retainer,5257,141,20.0,
2025-11-27,paid_search,brand,209,50,12.02,3
2025-11-27,paid_search,non_brand,1943,80,65.48,3
2025-11-27,paid_social,prospecting,23334,199,120.57,4
2025-11-27,paid_social,retargeting,5810,77,58.26,7
2025-11-28,affiliate,commission,25584,102,0.0,2
2025-11-28,email,newsletter_platform,4559,258,4.97,8
2025-11-28,organic_search,seo_retainer,9500,312,20.0,
2025-11-28,paid_search,brand,270,61,13.55,4
2025-11-28,paid_search,non_brand,3427,138,127.68,7
2025-11-28,paid_social,prospecting,50629,454,274.28,5
2025-11-28,paid_social,retargeting,9977,134,100.37,12
2025-11-29,affiliate,commission,11547,49,0.0,0
2025-11-29,email,newsletter_platform,4596,188,4.97,7
2025-11-29,organic_search,seo_retainer,5802,199,20.0,
2025-11-29,paid_search,brand,274,50,12.92,13
2025-11-29,paid_search,non_brand,2118,86,64.1,3
2025-11-29,paid_social,prospecting,27352,239,152.77,2
2025-11-29,paid_social,retargeting,6803,95,76.54,7
2025-11-30,affiliate,commission,11892,51,0.0,2
2025-11-30,email,newsletter_platform,4597,151,4.97,9
2025-11-30,organic_search,seo_retainer,5124,169,20.0,
2025-11-30,paid_search,brand,195,45,10.93,8
2025-11-30,paid_search,non_brand,2072,93,84.52,5
2025-11-30,paid_social,prospecting,25514,210,160.98,4
2025-11-30,paid_social,retargeting,5436,87,68.45,4
2025-12-01,affiliate,commission,9973,41,4.48,0
2025-12-01,email,newsletter_platform,4595,122,4.81,5
2025-12-01,organic_search,seo_retainer,4479,126,19.35,
2025-12-01,paid_search,brand,172,32,6.86,4
2025-12-01,paid_search,non_brand,1031,59,50.49,2
2025-12-01,paid_social,prospecting,21470,192,124.39,5
2025-12-01,paid_social,retargeting,4438,65,38.01,6
2025-12-02,affiliate,commission,8164,36,0.0,0
2025-12-02,email,newsletter_platform,4601,141,4.81,6
2025-12-02,organic_search,seo_retainer,6104,196,19.35,
2025-12-02,paid_search,brand,223,39,7.92,0
2025-12-02,paid_search,non_brand,1302,73,60.08,0
2025-12-02,paid_social,prospecting,15040,158,71.7,0
2025-12-02,paid_social,retargeting,4463,65,35.3,2
2025-12-03,affiliate,commission,9391,39,10.6,1
2025-12-03,email,newsletter_platform,47,71,4.81,2
2025-12-03,organic_search,seo_retainer,6802,178,19.35,
2025-12-03,paid_search,brand,167,33,6.11,1
2025-12-03,paid_search,non_brand,1711,77,59.68,2
2025-12-03,paid_social,prospecting,19369,209,81.39,2
2025-12-03,paid_social,retargeting,4872,69,44.46,3
2025-12-04,affiliate,commission,8713,31,16.24,0
2025-12-04,email,newsletter_platform,4684,111,4.81,4
2025-12-04,organic_search,seo_retainer,4288,134,19.35,
2025-12-04,paid_search,brand,124,33,6.93,2
2025-12-04,paid_search,non_brand,1034,51,32.93,0
2025-12-04,paid_social,prospecting,14257,156,61.42,1
2025-12-04,paid_social,retargeting,2221,41,17.27,11
2025-12-05,affiliate,commission,10088,40,0.0,0
2025-12-05,email,newsletter_platform,4668,65,4.81,4
2025-12-05,organic_search,seo_retainer,3415,115,19.35,
2025-12-05,paid_search,brand,117,26,5.23,1
2025-12-05,paid_search,non_brand,1578,55,34.74,0
2025-12-05,paid_social,prospecting,16957,172,70.0,0
2025-12-05,paid_social,retargeting,3689,52,31.23,0
2025-12-06,affiliate,commission,8749,37,10.64,0
2025-12-06,email,newsletter_platform,35,58,4.81,2
2025-12-06,organic_search,seo_retainer,4039,123,19.35,
2025-12-06,paid_search,brand,105,23,4.68,5
2025-12-06,paid_search,non_brand,988,47,33.33,2
2025-12-06,paid_social,prospecting,14067,143,61.3,4
2025-12-06,paid_social,retargeting,3709,58,26.34,0
2025-12-07,affiliate,commission,6842,24,3.6,2
2025-12-07,email,newsletter_platform,28,30,4.81,1
2025-12-07,organic_search,seo_retainer,3791,125,19.35,
2025-12-07,paid_search,brand,110,29,6.97,1
2025-12-07,paid_search,non_brand,1727,86,63.13,6
2025-12-07,paid_social,prospecting,15384,138,71.52,1
2025-12-07,paid_social,retargeting,3300,52,26.44,4
2025-12-08,affiliate,commission,7862,27,2.16,1
2025-12-08,email,newsletter_platform,30,63,4.81,9
2025-12-08,organic_search,seo_retainer,6399,192,19.35,
2025-12-08,paid_search,brand,119,32,5.97,5
2025-12-08,paid_search,non_brand,2933,88,67.48,5
2025-12-08,paid_social,prospecting,16082,167,74.7,2
2025-12-08,paid_social,retargeting,4721,68,40.96,2
2025-12-09,affiliate,commission,10822,41,6.64,0
2025-12-09,email,newsletter_platform,4674,83,4.81,7
2025-12-09,organic_search,seo_retainer,3800,112,19.35,
2025-12-09,paid_search,brand,119,31,6.23,0
2025-12-09,paid_search,non_brand,1824,66,48.92,0
2025-12-09,paid_social,prospecting,14084,136,58.92,0
2025-12-09,paid_social,retargeting,2721,39,21.81,2
2025-12-10,affiliate,commission,5894,22,3.6,0
2025-12-10,email,newsletter_platform,33,47,4.81,5
2025-12-10,organic_search,seo_retainer,4920,143,19.35,
2025-12-10,paid_search,brand,136,33,6.36,2
2025-12-10,paid_search,non_brand,1110,53,36.66,3
2025-12-10,paid_social,prospecting,13101,133,59.86,1
2025-12-10,paid_social,retargeting,3308,46,26.85,6
2025-12-11,affiliate,commission,8024,31,0.0,0
2025-12-11,email,newsletter_platform,4684,67,4.81,2
2025-12-11,organic_search,seo_retainer,4192,110,19.35,
2025-12-11,paid_search,brand,105,24,5.25,3
2025-12-11,paid_search,non_brand,1418,51,39.48,2
2025-12-11,paid_social,prospecting,13657,142,70.24,1
2025-12-11,paid_social,retargeting,2579,45,21.33,0
2025-12-12,affiliate,commission,5240,23,0.0,0
2025-12-12,email,newsletter_platform,4707,55,4.81,0
2025-12-12,organic_search,seo_retainer,3879,124,19.35,
2025-12-12,paid_search,brand,108,24,5.02,2
2025-12-12,paid_search,non_brand,1248,62,48.2,4
2025-12-12,paid_social,prospecting,12971,131,54.4,0
2025-12-12,paid_social,retargeting,3624,48,32.86,0
2025-12-13,affiliate,commission,6936,26,0.0,0
2025-12-13,email,newsletter_platform,26,40,4.81,1
2025-12-13,organic_search,seo_retainer,2038,70,19.35,
2025-12-13,paid_search,brand,143,28,5.76,4
2025-12-13,paid_search,non_brand,1296,59,37.92,1
2025-12-13,paid_social,prospecting,8554,92,46.18,1
2025-12-13,paid_social,retargeting,1432,25,11.91,1
2025-12-14,affiliate,commission,12845,55,1.2,3
2025-12-14,email,newsletter_platform,32,33,4.81,6
2025-12-14,organic_search,seo_retainer,6626,191,19.35,
2025-12-14,paid_search,brand,119,31,6.47,1
2025-12-14,paid_search,non_brand,1436,72,56.84,3
2025-12-14,paid_social,prospecting,16938,170,74.94,3
2025-12-14,paid_social,retargeting,2901,43,22.84,0
2025-12-15,affiliate,commission,10940,36,0.0,0
2025-12-15,email,newsletter_platform,30,42,4.81,2
2025-12-15,organic_search,seo_retainer,3615,99,19.35,
2025-12-15,paid_search,brand,78,20,4.7,3
2025-12-15,paid_search,non_brand,1235,51,39.67,6
2025-12-15,paid_social,prospecting,15220,150,74.56,1
2025-12-15,paid_social,retargeting,4564,52,38.69,0
2025-12-16,affiliate,commission,12727,40,9.09,2
2025-12-16,email,newsletter_platform,4741,75,4.81,6
2025-12-16,organic_search,seo_retainer,4520,145,19.35,
2025-12-16,paid_search,brand,114,23,4.59,2
2025-12-16,paid_search,non_brand,1248,50,36.41,4
2025-12-16,paid_social,prospecting,14044,139,72.32,2
2025-12-16,paid_social,retargeting,3639,50,26.73,1
2025-12-17,affiliate,commission,7392,29,1.8,4
2025-12-17,email,newsletter_platform,25,51,4.81,0
2025-12-17,organic_search,seo_retainer,4232,120,19.35,
2025-12-17,paid_search,brand,65,17,3.88,3
2025-12-17,paid_search,non_brand,934,37,25.04,2
2025-12-17,paid_social,prospecting,14958,129,69.92,1
2025-12-17,paid_social,retargeting,2523,39,22.22,1
2025-12-18,affiliate,commission,5939,24,0.0,1
2025-12-18,email,newsletter_platform,4735,74,4.81,2
2025-12-18,organic_search,seo_retainer,3069,86,19.35,
2025-12-18,paid_search,brand,77,19,3.77,3
2025-12-18,paid_search,non_brand,894,46,36.01,3
2025-12-18,paid_social,prospecting,14618,138,58.0,0
2025-12-18,paid_social,retargeting,2878,39,23.9,0
2025-12-19,affiliate,commission,6656,27,2.0,0
2025-12-19,email,newsletter_platform,31,44,4.81,2
2025-12-19,organic_search,seo_retainer,3954,129,19.35,
2025-12-19,paid_search,brand,95,21,4.12,1
2025-12-19,paid_search,non_brand,932,50,36.77,2
2025-12-19,paid_social,prospecting,10838,115,54.39,1
2025-12-19,paid_social,retargeting,2557,37,20.53,5
2025-12-20,affiliate,commission,8477,33,0.0,0
2025-12-20,email,newsletter_platform,26,26,4.81,0
2025-12-20,organic_search,seo_retainer,4149,109,19.35,
2025-12-20,paid_search,brand,68,17,2.99,0
2025-12-20,paid_search,non_brand,983,51,37.68,5
2025-12-20,paid_social,prospecting,19577,159,96.63,1
2025-12-20,paid_social,retargeting,3645,57,32.96,1
2025-12-21,affiliate,commission,8334,37,1.15,0
2025-12-21,email,newsletter_platform,29,49,4.81,1
2025-12-21,organic_search,seo_retainer,4254,149,19.35,
2025-12-21,paid_search,brand,163,28,4.58,1
2025-12-21,paid_search,non_brand,949,49,31.1,3
2025-12-21,paid_social,prospecting,15347,173,51.23,0
2025-12-21,paid_social,retargeting,3017,44,20.24,2
2025-12-22,affiliate,commission,6637,29,0.0,0
2025-12-22,email,newsletter_platform,33,43,4.81,3
2025-12-22,organic_search,seo_retainer,6051,162,19.35,
2025-12-22,paid_search,brand,89,16,2.48,3
2025-12-22,paid_search,non_brand,1441,56,31.68,2
2025-12-22,paid_social,prospecting,11475,136,41.37,0
2025-12-22,paid_social,retargeting,3691,53,23.67,2
2025-12-23,affiliate,commission,8735,38,4.6,0
2025-12-23,email,newsletter_platform,4818,62,4.81,6
2025-12-23,organic_search,seo_retainer,4020,119,19.35,
2025-12-23,paid_search,brand,122,26,4.46,0
2025-12-23,paid_search,non_brand,884,44,24.84,0
2025-12-23,paid_social,prospecting,12152,105,43.76,0
2025-12-23,paid_social,retargeting,2601,33,17.29,2
2025-12-24,affiliate,commission,4385,18,0.0,0
2025-12-24,email,newsletter_platform,26,17,4.81,0
2025-12-24,organic_search,seo_retainer,1583,48,19.35,
2025-12-24,paid_search,brand,68,15,2.44,0
2025-12-24,paid_search,non_brand,761,34,24.15,0
2025-12-24,paid_social,prospecting,7567,67,25.14,0
2025-12-24,paid_social,retargeting,1597,21,10.4,0
2025-12-25,affiliate,commission,3372,11,0.0,0
2025-12-25,email,newsletter_platform,4814,64,4.81,4
2025-12-25,organic_search,seo_retainer,2515,82,19.35,
2025-12-25,paid_search,brand,69,13,2.17,1
2025-12-25,paid_search,non_brand,489,25,13.69,0
2025-12-25,paid_social,prospecting,7654,68,26.86,0
2025-12-25,paid_social,retargeting,1504,23,9.08,0
2025-12-26,affiliate,commission,7627,26,11.68,0
2025-12-26,email,newsletter_platform,19,43,4.81,0
2025-12-26,organic_search,seo_retainer,1898,61,19.35,
2025-12-26,paid_search,brand,49,12,2.28,2
2025-12-26,paid_search,non_brand,504,19,10.3,2
2025-12-26,paid_social,prospecting,6443,56,21.68,2
2025-12-26,paid_social,retargeting,1478,20,8.62,2
2025-12-27,affiliate,commission,7724,25,2.0,0
2025-12-27,email,newsletter_platform,21,25,4.81,2
2025-12-27,organic_search,seo_retainer,2514,89,19.35,
2025-12-27,paid_search,brand,76,16,2.84,2
2025-12-27,paid_search,non_brand,900,39,25.83,1
2025-12-27,paid_social,prospecting,8153,76,27.2,1
2025-12-27,paid_social,retargeting,1740,26,9.38,0
2025-12-28,affiliate,commission,11413,35,9.32,0
2025-12-28,email,newsletter_platform,18,52,4.81,2
2025-12-28,organic_search,seo_retainer,4779,145,19.35,
2025-12-28,paid_search,brand,72,19,3.62,0
2025-12-28,paid_search,non_brand,912,44,31.22,1
2025-12-28,paid_social,prospecting,14413,138,43.81,0
2025-12-28,paid_social,retargeting,3141,38,22.67,0
2025-12-29,affiliate,commission,6760,29,0.0,0
2025-12-29,email,newsletter_platform,15,44,4.81,4
2025-12-29,organic_search,seo_retainer,5131,134,19.35,
2025-12-29,paid_search,brand,71,17,3.23,1
2025-12-29,paid_search,non_brand,734,37,23.67,0
2025-12-29,paid_social,prospecting,11166,92,39.36,4
2025-12-29,paid_social,retargeting,1975,28,10.96,2
2025-12-30,affiliate,commission,6677,26,0.0,0
2025-12-30,email,newsletter_platform,4784,70,4.81,1
2025-12-30,organic_search,seo_retainer,2659,88,19.35,
2025-12-30,paid_search,brand,105,22,3.89,1
2025-12-30,paid_search,non_brand,1159,40,29.17,0
2025-12-30,paid_social,prospecting,11172,100,35.96,0
2025-12-30,paid_social,retargeting,1850,28,10.39,2
2025-12-31,affiliate,commission,6463,29,17.7,4
2025-12-31,email,newsletter_platform,23,57,4.81,3
2025-12-31,organic_search,seo_retainer,3580,124,19.35,
2025-12-31,paid_search,brand,187,40,7.04,0
2025-12-31,paid_search,non_brand,1241,66,40.7,1
2025-12-31,paid_social,prospecting,11062,103,33.55,0
2025-12-31,paid_social,retargeting,2380,35,15.6,0
2026-01-01,affiliate,commission,5588,20,0.0,2
2026-01-01,email,newsletter_platform,4824,76,4.81,0
2026-01-01,organic_search,seo_retainer,3241,90,24.19,
2026-01-01,paid_search,brand,91,17,2.58,0
2026-01-01,paid_search,non_brand,701,27,13.88,0
2026-01-01,paid_social,prospecting,12898,107,33.44,0
2026-01-01,paid_social,retargeting,2475,33,12.84,0
2026-01-02,affiliate,commission,14991,49,1.68,7
2026-01-02,email,newsletter_platform,20,56,4.81,0
2026-01-02,organic_search,seo_retainer,4384,129,24.19,
2026-01-02,paid_search,brand,85,18,2.49,0
2026-01-02,paid_search,non_brand,849,40,21.73,0
2026-01-02,paid_social,prospecting,11941,124,27.25,0
2026-01-02,paid_social,retargeting,2947,42,14.74,0
2026-01-03,affiliate,commission,11546,50,0.0,2
2026-01-03,email,newsletter_platform,23,40,4.81,6
2026-01-03,organic_search,seo_retainer,4080,126,24.19,
2026-01-03,paid_search,brand,94,25,4.22,0
2026-01-03,paid_search,non_brand,841,43,21.49,1
2026-01-03,paid_social,prospecting,8615,113,26.02,0
2026-01-03,paid_social,retargeting,2561,40,16.0,2
2026-01-04,affiliate,commission,8432,34,82.13,0
2026-01-04,email,newsletter_platform,21,31,4.81,0
2026-01-04,organic_search,seo_retainer,3570,106,24.19,
2026-01-04,paid_search,brand,135,27,3.93,1
2026-01-04,paid_search,non_brand,1121,50,30.27,0
2026-01-04,paid_social,prospecting,14475,137,42.17,0
2026-01-04,paid_social,retargeting,2953,36,14.94,0
2026-01-05,affiliate,commission,7874,32,1.8,2
2026-01-05,email,newsletter_platform,27,19,4.81,4
2026-01-05,organic_search,seo_retainer,3648,113,24.19,
2026-01-05,paid_search,brand,104,25,3.84,0
2026-01-05,paid_search,non_brand,943,42,23.44,0
2026-01-05,paid_social,prospecting,12665,111,39.07,0
2026-01-05,paid_social,retargeting,2011,28,11.58,0
2026-01-06,affiliate,commission,10041,38,17.1,1
2026-01-06,email,newsletter_platform,4910,156,4.81,3
2026-01-06,organic_search,seo_retainer,7061,204,24.19,
2026-01-06,paid_search,brand,164,33,4.61,2
2026-01-06,paid_search,non_brand,1331,64,30.75,2
2026-01-06,paid_social,prospecting,19248,206,51.78,0
2026-01-06,paid_social,retargeting,4870,75,25.69,2
2026-01-07,affiliate,commission,9342,30,0.0,1
2026-01-07,email,newsletter_platform,24,51,4.81,0
2026-01-07,organic_search,seo_retainer,4257,114,24.19,
2026-01-07,paid_search,brand,70,18,2.66,1
2026-01-07,paid_search,non_brand,886,43,19.8,0
2026-01-07,paid_social,prospecting,13077,136,38.45,1
2026-01-07,paid_social,retargeting,2485,37,12.89,5
2026-01-08,affiliate,commission,7839,35,0.0,0
2026-01-08,email,newsletter_platform,4917,93,4.81,6
2026-01-08,organic_search,seo_retainer,4090,139,24.19,
2026-01-08,paid_search,brand,118,29,4.71,2
2026-01-08,paid_search,non_brand,1293,53,26.55,1
2026-01-08,paid_social,prospecting,14467,135,38.44,1
2026-01-08,paid_social,retargeting,3561,40,18.39,3
2026-01-09,affiliate,commission,5875,20,8.1,1
2026-01-09,email,newsletter_platform,21,28,4.81,0
2026-01-09,organic_search,seo_retainer,3877,102,24.19,
2026-01-09,paid_search,brand,78,17,2.69,1
2026-01-09,paid_search,non_brand,676,33,17.6,1
2026-01-09,paid_social,prospecting,14104,129,38.8,6
2026-01-09,paid_social,retargeting,2647,43,13.98,4
2026-01-10,affiliate,commission,6035,20,0.0,1
2026-01-10,email,newsletter_platform,23,22,4.81,3
2026-01-10,organic_search,seo_retainer,4390,128,24.19,
2026-01-10,paid_search,brand,81,20,3.11,2
2026-01-10,paid_search,non_brand,1237,47,32.8,0
2026-01-10,paid_social,prospecting,10480,107,28.53,0
2026-01-10,paid_social,retargeting,2328,35,13.59,4
2026-01-11,affiliate,commission,7277,32,0.0,1
2026-01-11,email,newsletter_platform,28,32,4.81,5
2026-01-11,organic_search,seo_retainer,3789,117,24.19,
2026-01-11,paid_search,brand,154,33,4.93,2
2026-01-11,paid_search,non_brand,859,53,27.26,0
2026-01-11,paid_social,prospecting,15008,124,40.81,1
2026-01-11,paid_social,retargeting,4244,53,22.86,2
2026-01-12,affiliate,commission,8022,32,14.64,0
2026-01-12,email,newsletter_platform,30,37,4.81,3
2026-01-12,organic_search,seo_retainer,2983,92,24.19,
2026-01-12,paid_search,brand,68,16,2.28,5
2026-01-12,paid_search,non_brand,1196,41,23.74,2
2026-01-12,paid_social,prospecting,10928,90,32.45,0
2026-01-12,paid_social,retargeting,2164,30,12.1,0
2026-01-13,affiliate,commission,7264,28,0.0,0
2026-01-13,email,newsletter_platform,4910,84,4.81,8
2026-01-13,organic_search,seo_retainer,2872,87,24.19,
2026-01-13,paid_search,brand,97,21,2.98,1
2026-01-13,paid_search,non_brand,898,47,28.22,2
2026-01-13,paid_social,prospecting,11980,93,37.98,0
2026-01-13,paid_social,retargeting,2389,38,11.92,0
2026-01-14,affiliate,commission,4988,22,0.0,0
2026-01-14,email,newsletter_platform,26,41,4.81,0
2026-01-14,organic_search,seo_retainer,2762,98,24.19,
2026-01-14,paid_search,brand,91,20,3.18,1
2026-01-14,paid_search,non_brand,1103,57,28.61,3
2026-01-14,paid_social,prospecting,8828,85,24.99,1
2026-01-14,paid_social,retargeting,1982,29,10.89,1
2026-01-15,affiliate,commission,10396,32,9.61,2
2026-01-15,email,newsletter_platform,4952,73,4.81,2
2026-01-15,organic_search,seo_retainer,3482,109,24.19,
2026-01-15,paid_search,brand,97,26,4.3,4
2026-01-15,paid_search,non_brand,1394,53,30.47,3
2026-01-15,paid_social,prospecting,8867,85,24.57,1
2026-01-15,paid_social,retargeting,1885,26,10.16,2
2026-01-16,affiliate,commission,6406,28,4.4,1
2026-01-16,email,newsletter_platform,25,31,4.81,0
2026-01-16,organic_search,seo_retainer,2139,69,24.19,
2026-01-16,paid_search,brand,53,14,2.21,1
2026-01-16,paid_search,non_brand,1093,40,19.77,0
2026-01-16,paid_social,prospecting,10959,101,31.39,0
2026-01-16,paid_social,retargeting,2216,27,12.1,1
2026-01-17,affiliate,commission,5980,26,2.52,3
2026-01-17,email,newsletter_platform,25,17,4.81,0
2026-01-17,organic_search,seo_retainer,2718,90,24.19,
2026-01-17,paid_search,brand,45,11,1.54,0
2026-01-17,paid_search,non_brand,473,20,11.17,0
2026-01-17,paid_social,prospecting,6248,68,17.14,0
2026-01-17,paid_social,retargeting,1708,26,9.64,1
2026-01-18,affiliate,commission,5989,24,0.0,0
2026-01-18,email,newsletter_platform,23,18,4.81,0
2026-01-18,organic_search,seo_retainer,3458,94,24.19,
2026-01-18,paid_search,brand,69,12,2.0,5
2026-01-18,paid_search,non_brand,716,33,19.19,3
2026-01-18,paid_social,prospecting,10091,86,33.21,1
2026-01-18,paid_social,retargeting,1834,30,10.1,1
2026-01-19,affiliate,commission,5584,20,0.0,0
2026-01-19,email,newsletter_platform,21,23,4.81,0
2026-01-19,organic_search,seo_retainer,2997,90,24.19,
2026-01-19,paid_search,brand,102,23,3.35,1
2026-01-19,paid_search,non_brand,1020,41,23.26,1
2026-01-19,paid_social,prospecting,12089,109,33.85,0
2026-01-19,paid_social,retargeting,2919,44,17.86,2
2026-01-20,affiliate,commission,9167,39,15.1,4
2026-01-20,email,newsletter_platform,4950,73,4.81,2
2026-01-20,organic_search,seo_retainer,3195,103,24.19,
2026-01-20,paid_search,brand,106,23,3.08,2
2026-01-20,paid_search,non_brand,779,43,24.39,7
2026-01-20,paid_social,prospecting,11308,105,31.7,1
2026-01-20,paid_social,retargeting,1701,27,10.31,1
2026-01-21,affiliate,commission,11139,41,0.0,1
2026-01-21,email,newsletter_platform,23,45,4.81,2
2026-01-21,organic_search,seo_retainer,3697,123,24.19,
2026-01-21,paid_search,brand,180,36,5.34,0
2026-01-21,paid_search,non_brand,1117,62,36.51,0
2026-01-21,paid_social,prospecting,16272,140,47.97,0
2026-01-21,paid_social,retargeting,3990,43,18.13,0
2026-01-22,affiliate,commission,9034,39,0.0,0
2026-01-22,email,newsletter_platform,5024,53,4.81,3
2026-01-22,organic_search,seo_retainer,3894,104,24.19,
2026-01-22,paid_search,brand,73,16,2.51,1
2026-01-22,paid_search,non_brand,978,38,20.89,0
2026-01-22,paid_social,prospecting,8792,92,23.86,2
2026-01-22,paid_social,retargeting,1443,25,7.85,0
2026-01-23,affiliate,commission,6844,28,0.0,0
2026-01-23,email,newsletter_platform,25,50,4.81,3
2026-01-23,organic_search,seo_retainer,3012,88,24.19,
2026-01-23,paid_search,brand,90,18,2.71,1
2026-01-23,paid_search,non_brand,1110,44,21.64,0
2026-01-23,paid_social,prospecting,12928,102,34.73,2
2026-01-23,paid_social,retargeting,2556,37,13.89,1
2026-01-24,affiliate,commission,5537,23,2.52,1
2026-01-24,email,newsletter_platform,28,13,4.81,0
2026-01-24,organic_search,seo_retainer,3045,108,24.19,
2026-01-24,paid_search,brand,136,24,3.5,2
2026-01-24,paid_search,non_brand,1080,49,28.81,1
2026-01-24,paid_social,prospecting,11995,100,38.96,0
2026-01-24,paid_social,retargeting,2729,39,14.24,0
2026-01-25,affiliate,commission,10664,33,0.0,0
2026-01-25,email,newsletter_platform,28,30,4.81,3
2026-01-25,organic_search,seo_retainer,3851,120,24.19,
2026-01-25,paid_search,brand,104,23,3.19,1
2026-01-25,paid_search,non_brand,647,35,18.22,2
2026-01-25,paid_social,prospecting,10915,103,34.69,1
2026-01-25,paid_social,retargeting,2838,43,15.42,1
2026-01-26,affiliate,commission,4337,19,0.0,0
2026-01-26,email,newsletter_platform,24,22,4.81,0
2026-01-26,organic_search,seo_retainer,3439,98,24.19,
2026-01-26,paid_search,brand,65,15,2.38,2
2026-01-26,paid_search,non_brand,1215,41,25.37,3
2026-01-26,paid_social,prospecting,10761,112,30.54,0
2026-01-26,paid_social,retargeting,3029,47,18.73,1
2026-01-27,affiliate,commission,5673,18,0.0,0
2026-01-27,email,newsletter_platform,5053,77,4.81,5
2026-01-27,organic_search,seo_retainer,3504,102,24.19,
2026-01-27,paid_search,brand,83,22,3.32,5
2026-01-27,paid_search,non_brand,1077,49,28.98,3
2026-01-27,paid_social,prospecting,10923,97,31.94,0
2026-01-27,paid_social,retargeting,2540,39,13.93,1
2026-01-28,affiliate,commission,12130,42,0.0,0
2026-01-28,email,newsletter_platform,28,45,4.81,6
2026-01-28,organic_search,seo_retainer,4829,150,24.19,
2026-01-28,paid_search,brand,102,26,3.82,4
2026-01-28,paid_search,non_brand,1126,60,37.74,0
2026-01-28,paid_social,prospecting,9935,114,29.74,4
2026-01-28,paid_social,retargeting,2761,42,13.89,1
2026-01-29,affiliate,commission,11204,39,6.48,0
2026-01-29,email,newsletter_platform,5054,43,4.81,0
2026-01-29,organic_search,seo_retainer,2331,81,24.19,
2026-01-29,paid_search,brand,59,14,2.23,3
2026-01-29,paid_search,non_brand,449,26,19.7,1
2026-01-29,paid_social,prospecting,9873,86,29.04,3
2026-01-29,paid_social,retargeting,2286,35,10.51,7
2026-01-30,affiliate,commission,5362,17,2.24,0
2026-01-30,email,newsletter_platform,28,39,4.81,2
2026-01-30,organic_search,seo_retainer,3397,92,24.19,
2026-01-30,paid_search,brand,85,16,2.18,5
2026-01-30,paid_search,non_brand,772,27,17.07,2
2026-01-30,paid_social,prospecting,6829,73,18.89,0
2026-01-30,paid_social,retargeting,2376,31,14.16,0
2026-01-31,affiliate,commission,9508,32,0.0,0
2026-01-31,email,newsletter_platform,25,50,4.81,0
2026-01-31,organic_search,seo_retainer,3331,103,24.19,
2026-01-31,paid_search,brand,107,27,4.56,0
2026-01-31,paid_search,non_brand,1040,45,24.7,2
2026-01-31,paid_social,prospecting,10315,103,28.39,0
2026-01-31,paid_social,retargeting,2455,40,14.25,0
2026-02-01,affiliate,commission,9384,33,6.0,2
2026-02-01,email,newsletter_platform,30,34,5.32,1
2026-02-01,organic_search,seo_retainer,2921,98,26.79,
2026-02-01,paid_search,brand,72,17,2.9,1
2026-02-01,paid_search,non_brand,782,35,21.83,2
2026-02-01,paid_social,prospecting,9832,86,25.99,0
2026-02-01,paid_social,retargeting,2414,36,14.19,1
2026-02-02,affiliate,commission,7978,24,0.0,3
2026-02-02,email,newsletter_platform,31,44,5.32,8
2026-02-02,organic_search,seo_retainer,3725,103,26.79,
2026-02-02,paid_search,brand,105,21,3.82,1
2026-02-02,paid_search,non_brand,1213,49,28.78,2
2026-02-02,paid_social,prospecting,8635,93,23.74,0
2026-02-02,paid_social,retargeting,2048,29,11.88,0
2026-02-03,affiliate,commission,8147,36,0.0,0
2026-02-03,email,newsletter_platform,5094,83,5.32,5
2026-02-03,organic_search,seo_retainer,3245,113,26.79,
2026-02-03,paid_search,brand,84,16,2.58,3
2026-02-03,paid_search,non_brand,560,35,19.2,0
2026-02-03,paid_social,prospecting,12711,119,39.74,0
2026-02-03,paid_social,prospecting,12711,119,39.74,0
2026-02-03,paid_social,retargeting,2416,30,14.97,0
2026-02-03,paid_social,retargeting,2416,30,14.97,0
2026-02-04,affiliate,commission,3351,11,0.0,0
2026-02-04,email,newsletter_platform,24,40,5.32,0
2026-02-04,organic_search,seo_retainer,3193,89,26.79,
2026-02-04,paid_search,brand,82,16,2.76,0
2026-02-04,paid_search,non_brand,706,36,21.93,0
2026-02-04,paid_social,prospecting,11478,85,33.58,0
2026-02-04,paid_social,prospecting,11478,85,33.58,0
2026-02-04,paid_social,retargeting,2022,31,10.87,1
2026-02-04,paid_social,retargeting,2022,31,10.87,1
2026-02-05,affiliate,commission,5592,19,2.38,0
2026-02-05,email,newsletter_platform,5112,62,5.32,13
2026-02-05,organic_search,seo_retainer,2743,94,26.79,
2026-02-05,paid_search,brand,56,10,1.85,3
2026-02-05,paid_search,non_brand,658,30,18.46,1
2026-02-05,paid_social,prospecting,8771,81,24.52,0
2026-02-05,paid_social,retargeting,2265,32,10.51,0
2026-02-06,affiliate,commission,6832,22,15.68,0
2026-02-06,email,newsletter_platform,23,36,5.32,0
2026-02-06,organic_search,seo_retainer,1795,54,26.79,
2026-02-06,paid_search,brand,62,16,2.81,3
2026-02-06,paid_search,non_brand,478,28,18.87,2
2026-02-06,paid_social,prospecting,8315,68,25.71,0
2026-02-06,paid_social,retargeting,1191,20,5.89,0
2026-02-07,affiliate,commission,8022,29,2.42,3
2026-02-07,email,newsletter_platform,20,15,5.32,2
2026-02-07,organic_search,seo_retainer,3389,98,26.79,
2026-02-07,paid_search,brand,111,25,4.49,0
2026-02-07,paid_search,non_brand,954,44,34.24,3
2026-02-07,paid_social,prospecting,10401,99,28.18,1
2026-02-07,paid_social,retargeting,2149,34,11.18,3
2026-02-08,affiliate,commission,5045,19,6.89,0
2026-02-08,email,newsletter_platform,23,20,5.32,0
2026-02-08,organic_search,seo_retainer,5140,140,26.79,
2026-02-08,paid_search,brand,73,13,2.37,0
2026-02-08,paid_search,non_brand,943,34,22.59,0
2026-02-08,paid_social,prospecting,9601,95,23.16,2
2026-02-08,paid_social,retargeting,1879,27,10.05,1
2026-02-09,affiliate,commission,7385,25,0.0,2
2026-02-09,email,newsletter_platform,25,22,5.32,0
2026-02-09,organic_search,seo_retainer,3245,101,26.79,
2026-02-09,paid_search,brand,120,31,5.55,7
2026-02-09,paid_search,non_brand,1411,55,34.27,0
2026-02-09,paid_social,prospecting,7767,63,24.48,2
2026-02-09,paid_social,retargeting,1778,26,10.9,1
2026-02-10,affiliate,commission,5111,18,21.38,0
2026-02-10,email,newsletter_platform,5122,54,5.32,1
2026-02-10,organic_search,seo_retainer,2739,96,26.79,
2026-02-10,paid_search,brand,89,17,2.75,0
2026-02-10,paid_search,non_brand,613,31,16.7,0
2026-02-10,paid_social,prospecting,7871,75,21.66,0
2026-02-10,paid_social,retargeting,1335,21,7.86,0
2026-02-11,affiliate,commission,3102,13,0.0,0
2026-02-11,email,newsletter_platform,22,23,5.32,1
2026-02-11,organic_search,seo_retainer,2452,85,26.79,
2026-02-11,paid_search,brand,117,23,4.03,1
2026-02-11,paid_search,non_brand,1112,41,24.42,0
2026-02-11,paid_social,prospecting,12287,104,42.35,1
2026-02-11,paid_social,retargeting,2526,41,14.71,2
2026-02-12,affiliate,commission,7378,26,2.07,0
2026-02-12,email,newsletter_platform,5177,46,5.32,0
2026-02-12,organic_search,seo_retainer,2293,77,26.79,
2026-02-12,paid_search,brand,79,15,2.38,0
2026-02-12,paid_search,non_brand,555,28,17.36,0
2026-02-12,paid_social,prospecting,6917,77,20.6,0
2026-02-12,paid_social,retargeting,1589,22,9.44,0
2026-02-13,affiliate,commission,3785,15,8.52,0
2026-02-13,email,newsletter_platform,15,39,5.32,2
2026-02-13,organic_search,seo_retainer,2735,75,26.79,
2026-02-13,paid_search,brand,77,20,3.56,1
2026-02-13,paid_search,non_brand,719,37,24.48,2
2026-02-13,paid_social,prospecting,7070,74,18.91,0
2026-02-13,paid_social,retargeting,1391,19,7.56,2
2026-02-14,affiliate,commission,5932,26,2.57,0
2026-02-14,email,newsletter_platform,14,22,5.32,0
2026-02-14,organic_search,seo_retainer,2937,99,26.79,
2026-02-14,paid_search,brand,79,19,3.28,2
2026-02-14,paid_search,non_brand,967,46,35.54,0
2026-02-14,paid_social,prospecting,7339,73,24.27,0
2026-02-14,paid_social,retargeting,1891,23,9.55,1
2026-02-15,affiliate,commission,8746,35,0.0,4
2026-02-15,email,newsletter_platform,17,13,5.32,0
2026-02-15,organic_search,seo_retainer,2487,89,26.79,
2026-02-15,paid_search,brand,85,21,3.28,0
2026-02-15,paid_search,non_brand,979,37,24.67,0
2026-02-15,paid_social,prospecting,13981,111,41.15,1
2026-02-15,paid_social,retargeting,2557,38,12.54,4
2026-02-16,affiliate,commission,6850,29,3.2,0
2026-02-16,email,newsletter_platform,13,23,5.32,0
2026-02-16,organic_search,seo_retainer,5099,169,26.79,
2026-02-16,paid_search,brand,101,21,3.57,0
2026-02-16,paid_search,non_brand,931,43,26.37,0
2026-02-16,paid_social,prospecting,9988,117,27.91,0
2026-02-16,paid_social,retargeting,3414,42,18.87,0
2026-02-17,affiliate,commission,6691,30,0.0,0
2026-02-17,email,newsletter_platform,5180,72,5.32,3
2026-02-17,organic_search,seo_retainer,3227,92,26.79,
2026-02-17,paid_search,brand,106,19,3.37,0
2026-02-17,paid_search,non_brand,810,38,21.58,0
2026-02-17,paid_social,prospecting,10379,107,31.58,0
2026-02-17,paid_social,retargeting,2995,45,15.36,0
2026-02-18,affiliate,commission,7591,25,8.21,0
2026-02-18,email,newsletter_platform,18,57,5.32,4
2026-02-18,organic_search,seo_retainer,3850,122,26.79,
2026-02-18,paid_search,brand,82,21,3.47,2
2026-02-18,paid_search,non_brand,1078,35,21.05,5
2026-02-18,paid_social,prospecting,15895,139,43.93,0
2026-02-18,paid_social,retargeting,2344,38,14.49,0
2026-02-19,affiliate,commission,8247,30,16.1,2
2026-02-19,email,newsletter_platform,5213,88,5.32,10
2026-02-19,organic_search,seo_retainer,4221,128,26.79,
2026-02-19,paid_search,brand,98,23,3.93,1
2026-02-19,paid_search,non_brand,900,39,24.18,0
2026-02-19,paid_social,prospecting,13487,137,40.79,0
2026-02-19,paid_social,retargeting,3438,40,19.26,0
2026-02-20,affiliate,commission,5738,24,0.0,1
2026-02-20,email,newsletter_platform,23,40,5.32,1
2026-02-20,organic_search,seo_retainer,2087,65,26.79,
2026-02-20,paid_search,brand,49,13,1.98,0
2026-02-20,paid_search,non_brand,556,25,12.77,0
2026-02-20,paid_social,prospecting,8489,68,22.17,0
2026-02-20,paid_social,retargeting,1909,24,10.36,2
2026-02-21,affiliate,commission,6027,26,0.0,0
2026-02-21,email,newsletter_platform,19,27,5.32,1
2026-02-21,organic_search,seo_retainer,3044,93,26.79,
2026-02-21,paid_search,brand,153,27,4.61,0
2026-02-21,paid_search,non_brand,785,42,24.68,0
2026-02-21,paid_social,prospecting,9843,98,31.17,0
2026-02-21,paid_social,retargeting,2096,30,10.27,0
2026-02-22,affiliate,commission,5599,21,0.0,0
2026-02-22,email,newsletter_platform,23,27,5.32,0
2026-02-22,organic_search,seo_retainer,3324,118,26.79,
2026-02-22,paid_search,brand,104,25,4.16,2
2026-02-22,paid_search,non_brand,1606,53,30.79,0
2026-02-22,paid_social,prospecting,15347,133,45.27,2
2026-02-22,paid_social,retargeting,3510,49,17.21,2
2026-02-23,affiliate,commission,6453,24,1.81,0
2026-02-23,email,newsletter_platform,20,36,5.32,3
2026-02-23,organic_search,seo_retainer,3427,120,26.79,
2026-02-23,paid_search,brand,95,19,3.81,0
2026-02-23,paid_search,non_brand,873,38,25.69,0
2026-02-23,paid_social,prospecting,12566,118,34.4,0
2026-02-23,paid_social,retargeting,3138,50,13.77,3
2026-02-24,affiliate,commission,6511,22,0.0,0
2026-02-24,email,newsletter_platform,5255,48,5.32,5
2026-02-24,organic_search,seo_retainer,3430,91,26.79,
2026-02-24,paid_search,brand,55,14,2.4,0
2026-02-24,paid_search,non_brand,611,26,17.57,1
2026-02-24,paid_social,prospecting,7199,63,22.09,0
2026-02-24,paid_social,retargeting,1501,24,7.4,0
2026-02-25,affiliate,commission,8892,39,0.0,0
2026-02-25,email,newsletter_platform,20,41,5.32,0
2026-02-25,organic_search,seo_retainer,2133,76,26.79,
2026-02-25,paid_search,brand,72,18,3.15,2
2026-02-25,paid_search,non_brand,657,29,17.76,1
2026-02-25,paid_social,prospecting,9967,102,27.81,3
2026-02-25,paid_social,retargeting,2332,36,11.1,3
2026-02-26,affiliate,commission,6358,21,0.0,1
2026-02-26,email,newsletter_platform,5241,55,5.32,4
2026-02-26,organic_search,seo_retainer,3162,93,26.79,
2026-02-26,paid_search,brand,70,14,2.5,1
2026-02-26,paid_search,non_brand,679,32,21.01,1
2026-02-26,paid_social,prospecting,7180,67,20.53,0
2026-02-26,paid_social,retargeting,1658,26,8.43,0
2026-02-27,affiliate,commission,2439,10,5.73,0
2026-02-27,email,newsletter_platform,19,38,5.32,3
2026-02-27,organic_search,seo_retainer,2247,75,26.79,
2026-02-27,paid_search,brand,67,18,3.09,0
2026-02-27,paid_search,non_brand,597,28,17.63,0
2026-02-27,paid_social,prospecting,7319,83,20.53,1
2026-02-27,paid_social,retargeting,1735,28,9.47,1
2026-02-28,affiliate,commission,3591,14,1.22,0
2026-02-28,email,newsletter_platform,19,16,5.32,1
2026-02-28,organic_search,seo_retainer,1563,41,26.79,
2026-02-28,paid_search,brand,59,12,2.05,2
2026-02-28,paid_search,non_brand,702,28,17.89,0
2026-02-28,paid_social,prospecting,5435,52,17.0,3
2026-02-28,paid_social,retargeting,821,14,4.42,0
2026-03-01,affiliate,commission,14411,45,3.04,1
2026-03-01,email,newsletter_platform,19,53,4.81,2
2026-03-01,organic_search,seo_retainer,3453,111,24.19,
2026-03-01,paid_search,brand,139,30,4.64,0
2026-03-01,paid_search,non_brand,1013,50,38.67,0
2026-03-01,paid_social,prospecting,12269,131,37.08,0
2026-03-01,paid_social,retargeting,4000,40,23.44,2
2026-03-02,affiliate,commission,13021,49,0.0,0
2026-03-02,email,newsletter_platform,16,62,4.81,1
2026-03-02,organic_search,seo_retainer,5411,152,24.19,
2026-03-02,paid_search,brand,149,31,4.99,0
2026-03-02,paid_search,non_brand,1219,57,37.84,1
2026-03-02,paid_social,prospecting,15767,145,51.94,2
2026-03-02,paid_social,retargeting,3151,47,19.0,4
2026-03-03,affiliate,commission,8397,37,7.05,1
2026-03-03,email,newsletter_platform,5296,85,4.81,5
2026-03-03,organic_search,seo_retainer,4359,150,24.19,
2026-03-03,paid_search,brand,80,20,3.51,0
2026-03-03,paid_search,non_brand,1033,46,29.03,0
2026-03-03,paid_social,prospecting,13504,128,46.45,2
2026-03-03,paid_social,retargeting,2729,44,17.89,5
2026-03-04,affiliate,commission,9555,42,0.0,0
2026-03-04,email,newsletter_platform,24,57,4.81,8
2026-03-04,organic_search,seo_retainer,3135,109,24.19,
2026-03-04,paid_search,brand,104,18,2.9,0
2026-03-04,paid_search,non_brand,1160,50,29.3,1
2026-03-04,paid_social,prospecting,10109,98,32.72,2
2026-03-04,paid_social,retargeting,2084,33,12.89,0
2026-03-05,affiliate,commission,5245,17,0.0,0
2026-03-05,email,newsletter_platform,5286,63,4.81,5
2026-03-05,organic_search,seo_retainer,4511,122,24.19,
2026-03-05,paid_search,brand,60,12,2.09,0
2026-03-05,paid_search,non_brand,589,26,15.24,1
2026-03-05,paid_social,prospecting,14080,141,45.65,1
2026-03-05,paid_social,retargeting,2555,38,14.06,1
2026-03-06,affiliate,commission,11540,35,6.72,0
2026-03-06,email,newsletter_platform,27,70,4.81,2
2026-03-06,organic_search,seo_retainer,3157,107,24.19,
2026-03-06,paid_search,brand,78,18,3.13,0
2026-03-06,paid_search,non_brand,996,41,26.25,1
2026-03-06,paid_social,prospecting,11381,120,40.98,0
2026-03-06,paid_social,retargeting,2403,31,16.03,1
2026-03-07,affiliate,commission,8179,30,0.0,1
2026-03-07,email,newsletter_platform,19,18,4.81,1
2026-03-07,organic_search,seo_retainer,2312,69,24.19,
2026-03-07,paid_search,brand,41,10,1.7,0
2026-03-07,paid_search,non_brand,379,16,10.06,3
2026-03-07,paid_social,prospecting,7606,78,24.92,1
2026-03-07,paid_social,retargeting,1851,26,11.3,0
2026-03-08,affiliate,commission,11890,43,0.0,0
2026-03-08,email,newsletter_platform,26,32,4.81,3
2026-03-08,organic_search,seo_retainer,4704,160,24.19,
2026-03-08,paid_search,brand,143,30,5.38,2
2026-03-08,paid_search,non_brand,1354,58,34.18,1
2026-03-08,paid_social,prospecting,16494,155,58.8,5
2026-03-08,paid_social,retargeting,3590,54,20.81,4
2026-03-09,affiliate,commission,10301,43,2.95,0
2026-03-09,email,newsletter_platform,26,42,4.81,0
2026-03-09,organic_search,seo_retainer,4447,121,24.19,
2026-03-09,paid_search,brand,135,31,5.4,0
2026-03-09,paid_search,non_brand,1150,64,41.67,2
2026-03-09,paid_social,prospecting,14649,116,51.1,2
2026-03-09,paid_social,retargeting,2584,40,16.45,5
2026-03-10,affiliate,commission,8596,28,0.0,1
2026-03-10,email,newsletter_platform,5339,75,4.81,5
2026-03-10,organic_search,seo_retainer,3214,103,24.19,
2026-03-10,paid_search,brand,95,21,3.6,0
2026-03-10,paid_search,non_brand,790,37,20.22,0
2026-03-10,paid_social,prospecting,13199,125,42.93,0
2026-03-10,paid_social,retargeting,2982,45,20.09,1
2026-03-11,affiliate,commission,9277,39,4.18,0
2026-03-11,email,newsletter_platform,20,51,4.81,0
2026-03-11,organic_search,seo_retainer,2692,96,24.19,
2026-03-11,paid_search,brand,86,18,2.75,1
2026-03-11,paid_search,non_brand,787,37,18.39,1
2026-03-11,paid_social,prospecting,8610,88,28.31,0
2026-03-11,paid_social,retargeting,1663,24,9.71,0
2026-03-12,affiliate,commission,8086,31,2.4,0
2026-03-12,email,newsletter_platform,5295,65,4.81,2
2026-03-12,organic_search,seo_retainer,2736,92,24.19,
2026-03-12,paid_search,brand,83,20,3.54,1
2026-03-12,paid_search,non_brand,854,41,27.88,2
2026-03-12,paid_social,prospecting,9901,109,33.42,0
2026-03-12,paid_social,retargeting,3681,42,22.03,0
2026-03-13,affiliate,commission,14753,46,0.0,1
2026-03-13,email,newsletter_platform,19,61,4.81,5
2026-03-13,organic_search,seo_retainer,4600,145,24.19,
2026-03-13,paid_search,brand,82,19,2.81,1
2026-03-13,paid_search,non_brand,1066,49,27.69,1
2026-03-13,paid_social,prospecting,15106,135,46.17,1
2026-03-13,paid_social,retargeting,3588,49,21.31,1
2026-03-14,affiliate,commission,6097,23,2.8,0
2026-03-14,email,newsletter_platform,19,30,4.81,2
2026-03-14,organic_search,seo_retainer,3248,115,24.19,
2026-03-14,paid_search,brand,57,12,2.15,0
2026-03-14,paid_search,non_brand,680,38,24.02,0
2026-03-14,paid_social,prospecting,8753,79,25.23,3
2026-03-14,paid_social,retargeting,2081,32,13.85,1
2026-03-15,affiliate,commission,5400,23,0.0,2
2026-03-15,email,newsletter_platform,16,33,4.81,1
2026-03-15,organic_search,seo_retainer,4550,138,24.19,
2026-03-15,paid_search,brand,144,29,4.66,1
2026-03-15,paid_search,non_brand,1155,47,26.87,0
2026-03-15,paid_social,prospecting,17858,146,61.86,2
2026-03-15,paid_social,retargeting,2634,37,17.83,1
2026-03-16,affiliate,commission,6951,27,7.2,0
2026-03-16,email,newsletter_platform,22,49,4.81,0
2026-03-16,organic_search,seo_retainer,4995,149,24.19,
2026-03-16,paid_search,brand,106,28,4.8,1
2026-03-16,paid_search,non_brand,940,51,34.68,0
2026-03-16,paid_social,prospecting,13560,160,48.63,0
2026-03-16,paid_social,retargeting,3499,54,23.51,2
2026-03-17,affiliate,commission,9849,33,6.8,0
2026-03-17,email,newsletter_platform,5357,61,4.81,3
2026-03-17,organic_search,seo_retainer,5314,171,24.19,
2026-03-17,paid_search,brand,90,24,4.34,1
2026-03-17,paid_search,non_brand,994,45,33.17,0
2026-03-17,paid_social,prospecting,11974,115,41.55,1
2026-03-17,paid_social,retargeting,2226,31,15.52,3
2026-03-18,affiliate,commission,6975,23,0.0,4
2026-03-18,email,newsletter_platform,19,36,4.81,0
2026-03-18,organic_search,seo_retainer,4240,117,24.19,
2026-03-18,paid_search,brand,90,19,3.2,0
2026-03-18,paid_search,non_brand,1212,53,33.96,0
2026-03-18,paid_social,prospecting,12649,112,35.64,1
2026-03-18,paid_social,retargeting,2402,30,11.47,5
2026-03-19,affiliate,commission,7852,30,0.0,0
2026-03-19,email,newsletter_platform,5385,90,4.81,4
2026-03-19,organic_search,seo_retainer,4822,132,24.19,
2026-03-19,paid_search,brand,129,27,4.34,0
2026-03-19,paid_search,non_brand,1508,54,39.17,0
2026-03-19,paid_social,prospecting,13583,127,44.36,2
2026-03-19,paid_social,retargeting,3526,50,23.42,2
2026-03-20,affiliate,commission,9961,33,0.0,0
2026-03-20,email,newsletter_platform,20,52,4.81,2
2026-03-20,organic_search,seo_retainer,3143,110,24.19,
2026-03-20,paid_search,brand,127,26,4.01,0
2026-03-20,paid_search,non_brand,1049,53,31.5,0
2026-03-20,paid_social,prospecting,13222,127,38.78,2
2026-03-20,paid_social,retargeting,2234,34,12.93,4
2026-03-21,affiliate,commission,4796,19,0.0,0
2026-03-21,email,newsletter_platform,20,21,4.81,4
2026-03-21,organic_search,seo_retainer,3089,101,24.19,
2026-03-21,paid_search,brand,57,14,2.25,0
2026-03-21,paid_search,non_brand,681,29,21.4,0
2026-03-21,paid_social,prospecting,10445,104,36.43,3
2026-03-21,paid_social,retargeting,2574,38,17.64,3
2026-03-22,affiliate,commission,8386,28,0.0,1
2026-03-22,email,newsletter_platform,23,47,4.81,2
2026-03-22,organic_search,seo_retainer,4578,123,24.19,
2026-03-22,paid_search,brand,77,17,2.98,0
2026-03-22,paid_search,non_brand,818,38,20.9,1
2026-03-22,paid_social,prospecting,10859,111,38.57,1
2026-03-22,paid_social,retargeting,2514,38,14.98,4
2026-03-23,affiliate,commission,9702,33,2.0,3
2026-03-23,email,newsletter_platform,23,39,4.81,0
2026-03-23,organic_search,seo_retainer,3202,113,24.19,
2026-03-23,paid_search,brand,86,23,4.08,0
2026-03-23,paid_search,non_brand,1159,43,26.53,0
2026-03-23,paid_social,prospecting,11856,103,36.16,1
2026-03-23,paid_social,retargeting,2402,37,15.5,0
2026-03-24,affiliate,commission,7774,32,0.0,0
2026-03-24,email,newsletter_platform,5426,94,4.81,5
2026-03-24,organic_search,seo_retainer,3170,103,24.19,
2026-03-24,paid_search,brand,74,19,3.36,0
2026-03-24,paid_search,non_brand,584,27,14.29,0
2026-03-24,paid_social,prospecting,9227,100,28.23,1
2026-03-24,paid_social,retargeting,1611,25,11.42,2
2026-03-25,affiliate,commission,12752,52,0.0,1
2026-03-25,email,newsletter_platform,27,77,4.81,4
2026-03-25,organic_search,seo_retainer,6781,203,24.19,
2026-03-25,paid_search,brand,146,26,4.72,1
2026-03-25,paid_search,non_brand,1331,53,33.95,1
2026-03-25,paid_social,prospecting,20813,188,66.18,0
2026-03-25,paid_social,retargeting,4453,66,26.25,0
2026-03-26,affiliate,commission,9716,35,5.96,0
2026-03-26,email,newsletter_platform,5386,63,4.81,2
2026-03-26,organic_search,seo_retainer,3866,126,24.19,
2026-03-26,paid_search,brand,110,19,3.33,3
2026-03-26,paid_search,non_brand,689,29,19.25,0
2026-03-26,paid_social,prospecting,13553,122,47.22,0
2026-03-26,paid_social,retargeting,4170,52,24.08,0
2026-03-27,affiliate,commission,5266,20,0.0,0
2026-03-27,email,newsletter_platform,26,44,4.81,2
2026-03-27,organic_search,seo_retainer,3231,106,24.19,
2026-03-27,paid_search,brand,60,14,2.29,1
2026-03-27,paid_search,non_brand,690,28,16.58,3
2026-03-27,paid_social,prospecting,10390,102,40.89,0
2026-03-27,paid_social,retargeting,2910,42,17.68,0
2026-03-28,affiliate,commission,9884,43,3.2,0
2026-03-28,email,newsletter_platform,33,56,4.81,5
2026-03-28,organic_search,seo_retainer,5684,157,24.19,
2026-03-28,paid_search,brand,125,26,4.38,1
2026-03-28,paid_search,non_brand,790,46,28.5,0
2026-03-28,paid_social,prospecting,11381,118,37.79,1
2026-03-28,paid_social,retargeting,3228,48,19.7,4
2026-03-29,affiliate,commission,7799,28,0.0,2
2026-03-29,email,newsletter_platform,21,50,4.81,4
2026-03-29,organic_search,seo_retainer,3455,105,24.19,
2026-03-29,paid_search,brand,85,19,3.16,2
2026-03-29,paid_search,non_brand,856,41,23.1,1
2026-03-29,paid_social,prospecting,9094,83,32.11,0
2026-03-29,paid_social,retargeting,2277,28,13.65,1
2026-03-30,affiliate,commission,8504,36,0.0,0
2026-03-30,email,newsletter_platform,27,45,4.81,5
2026-03-30,organic_search,seo_retainer,3255,110,24.19,
2026-03-30,paid_search,brand,112,25,4.08,1
2026-03-30,paid_search,non_brand,1010,48,31.02,4
2026-03-30,paid_social,prospecting,9430,100,33.91,2
2026-03-30,paid_social,retargeting,2501,37,14.69,0
2026-03-31,affiliate,commission,4775,18,1.84,0
2026-03-31,email,newsletter_platform,5466,91,4.81,8
2026-03-31,organic_search,seo_retainer,4359,114,24.19,
2026-03-31,paid_search,brand,93,20,3.22,1
2026-03-31,paid_search,non_brand,805,36,22.53,2
2026-03-31,paid_social,prospecting,9507,102,28.61,0
2026-03-31,paid_social,retargeting,2253,37,16.54,0
2026-04-01,affiliate,commission,9019,32,5.68,0
2026-04-01,email,newsletter_platform,19,36,4.97,4
2026-04-01,organic_search,seo_retainer,3133,91,25.0,
2026-04-01,paid_search,brand,137,26,4.57,0
2026-04-01,paid_search,non_brand,913,40,25.17,0
2026-04-01,paid_social,prospecting,12591,113,37.03,3
2026-04-01,paid_social,retargeting,3194,44,18.42,3
2026-04-02,affiliate,commission,11038,34,0.0,0
2026-04-02,email,newsletter_platform,5470,104,4.97,4
2026-04-02,organic_search,seo_retainer,4505,141,25.0,
2026-04-02,paid_search,brand,123,26,4.34,3
2026-04-02,paid_search,non_brand,1325,56,35.67,4
2026-04-02,paid_social,prospecting,10267,113,31.7,1
2026-04-02,paid_social,retargeting,2487,30,15.61,2
2026-04-03,affiliate,commission,5658,17,0.7,0
2026-04-03,email,newsletter_platform,22,25,4.97,2
2026-04-03,organic_search,seo_retainer,4519,135,25.0,
2026-04-03,paid_search,brand,88,23,4.13,0
2026-04-03,paid_search,non_brand,890,41,25.87,0
2026-04-03,paid_social,prospecting,8694,92,34.1,0
2026-04-03,paid_social,retargeting,1959,28,13.02,0
2026-04-04,affiliate,commission,7129,29,0.0,2
2026-04-04,email,newsletter_platform,22,16,4.97,0
2026-04-04,organic_search,seo_retainer,2785,98,25.0,
2026-04-04,paid_search,brand,101,23,3.88,2
2026-04-04,paid_search,non_brand,950,48,26.97,0
2026-04-04,paid_social,prospecting,12181,126,41.04,0
2026-04-04,paid_social,retargeting,2777,36,18.77,2
2026-04-05,affiliate,commission,10378,38,0.0,0
2026-04-05,email,newsletter_platform,23,37,4.97,0
2026-04-05,organic_search,seo_retainer,4189,145,25.0,
2026-04-05,paid_search,brand,129,23,3.83,2
2026-04-05,paid_search,non_brand,1303,48,30.97,2
2026-04-05,paid_social,prospecting,17407,175,67.69,1
2026-04-05,paid_social,retargeting,3151,49,20.07,2
2026-04-06,affiliate,commission,14908,51,8.7,0
2026-04-06,email,newsletter_platform,27,42,4.97,2
2026-04-06,organic_search,seo_retainer,4566,163,25.0,
2026-04-06,paid_search,brand,71,17,3.0,1
2026-04-06,paid_search,non_brand,1046,56,38.72,0
2026-04-06,paid_social,prospecting,13662,116,45.09,1
2026-04-06,paid_social,retargeting,3256,45,21.57,1
2026-04-07,affiliate,commission,9397,34,0.0,1
2026-04-07,email,newsletter_platform,5527,57,4.97,0
2026-04-07,organic_search,seo_retainer,2619,92,25.0,
2026-04-07,paid_search,brand,89,18,2.89,1
2026-04-07,paid_search,non_brand,1089,40,27.26,1
2026-04-07,paid_social,prospecting,11994,114,37.76,0
2026-04-07,paid_social,retargeting,2584,33,17.66,1
2026-04-08,affiliate,commission,8074,32,0.0,0
2026-04-08,email,newsletter_platform,25,39,4.97,0
2026-04-08,organic_search,seo_retainer,4015,107,25.0,
2026-04-08,paid_search,brand,73,17,3.17,1
2026-04-08,paid_search,non_brand,912,45,31.69,4
2026-04-08,paid_social,prospecting,9412,90,33.97,0
2026-04-08,paid_social,retargeting,2545,36,15.02,0
2026-04-09,affiliate,commission,7940,32,0.0,0
2026-04-09,email,newsletter_platform,5489,88,4.97,2
2026-04-09,organic_search,seo_retainer,4276,148,25.0,
2026-04-09,paid_search,brand,102,24,4.27,2
2026-04-09,paid_search,non_brand,1199,57,35.31,2
2026-04-09,paid_social,prospecting,10794,122,33.42,0
2026-04-09,paid_social,retargeting,3645,51,23.57,2
2026-04-10,affiliate,commission,7669,28,1.52,0
2026-04-10,email,newsletter_platform,27,61,4.97,3
2026-04-10,organic_search,seo_retainer,4146,113,25.0,
2026-04-10,paid_search,brand,120,24,3.86,2
2026-04-10,paid_search,non_brand,1193,52,32.34,1
2026-04-10,paid_social,prospecting,11339,117,33.51,5
2026-04-10,paid_social,retargeting,2268,34,12.64,1
2026-04-11,affiliate,commission,9558,35,4.88,0
2026-04-11,email,newsletter_platform,26,56,4.97,2
2026-04-11,organic_search,seo_retainer,3917,113,25.0,
2026-04-11,paid_search,brand,94,24,4.1,2
2026-04-11,paid_search,non_brand,1157,54,32.06,1
2026-04-11,paid_social,prospecting,16025,141,55.83,3
2026-04-11,paid_social,retargeting,2617,38,15.37,4
2026-04-12,affiliate,commission,10780,38,0.0,0
2026-04-12,email,newsletter_platform,21,17,4.97,0
2026-04-12,organic_search,seo_retainer,3733,130,25.0,
2026-04-12,paid_search,brand,106,19,3.44,2
2026-04-12,paid_search,non_brand,1260,46,22.15,1
2026-04-12,paid_social,prospecting,12748,123,40.5,3
2026-04-12,paid_social,retargeting,3151,50,16.15,1
2026-04-13,affiliate,commission,11216,41,0.0,2
2026-04-13,email,newsletter_platform,23,40,4.97,3
2026-04-13,organic_search,seo_retainer,3954,142,25.0,
2026-04-13,paid_search,brand,201,35,6.14,0
2026-04-13,paid_search,non_brand,1830,77,42.01,1
2026-04-13,paid_social,prospecting,16048,141,53.58,0
2026-04-13,paid_social,retargeting,2587,41,16.18,2
2026-04-14,affiliate,commission,8888,29,2.4,2
2026-04-14,email,newsletter_platform,5526,63,4.97,2
2026-04-14,organic_search,seo_retainer,4071,125,25.0,
2026-04-14,paid_search,brand,81,20,3.34,6
2026-04-14,paid_search,non_brand,778,40,25.59,1
2026-04-14,paid_social,prospecting,11162,112,40.72,1
2026-04-14,paid_social,retargeting,1980,30,12.58,3
2026-04-15,affiliate,commission,6253,26,0.0,0
2026-04-15,email,newsletter_platform,23,48,4.97,2
2026-04-15,organic_search,seo_retainer,2448,82,25.0,
2026-04-15,paid_search,brand,90,23,4.05,2
2026-04-15,paid_search,non_brand,968,35,24.58,0
2026-04-15,paid_social,prospecting,10973,89,39.08,0
2026-04-15,paid_social,retargeting,1788,33,10.22,0
2026-04-16,affiliate,commission,7100,27,0.0,3
2026-04-16,email,newsletter_platform,5584,86,4.97,1
2026-04-16,organic_search,seo_retainer,3824,112,25.0,
2026-04-16,paid_search,brand,117,20,3.41,0
2026-04-16,paid_search,non_brand,1058,40,27.24,1
2026-04-16,paid_social,prospecting,10645,99,35.19,0
2026-04-16,paid_social,retargeting,2622,35,16.2,1
2026-04-17,affiliate,commission,8779,31,0.0,0
2026-04-17,email,newsletter_platform,23,67,4.97,0
2026-04-17,organic_search,seo_retainer,4350,121,25.0,
2026-04-17,paid_search,brand,71,18,3.44,0
2026-04-17,paid_search,non_brand,993,46,28.09,1
2026-04-17,paid_social,prospecting,17259,155,54.6,1
2026-04-17,paid_social,retargeting,4424,56,29.61,2
2026-04-18,affiliate,commission,13966,45,7.56,5
2026-04-18,email,newsletter_platform,25,22,4.97,4
2026-04-18,organic_search,seo_retainer,3559,126,25.0,
2026-04-18,paid_search,brand,102,23,4.17,0
2026-04-18,paid_search,non_brand,1061,47,32.92,1
2026-04-18,paid_social,prospecting,9496,113,30.94,0
2026-04-18,paid_social,retargeting,3133,41,22.38,3
2026-04-19,affiliate,commission,5348,19,0.0,0
2026-04-19,email,newsletter_platform,22,39,4.97,5
2026-04-19,organic_search,seo_retainer,3241,108,25.0,
2026-04-19,paid_search,brand,82,21,3.42,2
2026-04-19,paid_search,non_brand,576,32,20.75,2
2026-04-19,paid_social,prospecting,10655,108,35.01,2
2026-04-19,paid_social,retargeting,3070,44,17.13,5
2026-04-20,affiliate,commission,9917,36,0.0,1
2026-04-20,email,newsletter_platform,28,37,4.97,1
2026-04-20,organic_search,seo_retainer,5723,152,25.0,
2026-04-20,paid_search,brand,124,28,4.7,7
2026-04-20,paid_search,non_brand,1333,57,41.42,1
2026-04-20,paid_social,prospecting,12294,113,38.2,0
2026-04-20,paid_social,retargeting,2497,43,15.77,1
2026-04-21,affiliate,commission,9595,34,9.28,0
2026-04-21,email,newsletter_platform,5641,77,4.97,8
2026-04-21,organic_search,seo_retainer,3211,100,25.0,
2026-04-21,paid_search,brand,86,17,3.11,0
2026-04-21,paid_search,non_brand,631,30,17.92,0
2026-04-21,paid_social,prospecting,10694,96,35.04,6
2026-04-21,paid_social,retargeting,2015,29,11.39,1
2026-04-22,affiliate,commission,13383,45,14.04,1
2026-04-22,email,newsletter_platform,30,21,4.97,0
2026-04-22,organic_search,seo_retainer,3669,131,25.0,
2026-04-22,paid_search,brand,198,34,5.61,0
2026-04-22,paid_search,non_brand,1272,55,30.79,0
2026-04-22,paid_social,prospecting,11010,104,33.36,1
2026-04-22,paid_social,retargeting,2056,30,15.39,4
2026-04-23,affiliate,commission,5371,21,5.4,2
2026-04-23,email,newsletter_platform,5648,82,4.97,8
2026-04-23,organic_search,seo_retainer,3926,125,25.0,
2026-04-23,paid_search,brand,106,26,4.53,2
2026-04-23,paid_search,non_brand,896,53,33.14,1
2026-04-23,paid_social,prospecting,9857,106,30.38,0
2026-04-23,paid_social,retargeting,2314,39,15.67,0
2026-04-24,affiliate,commission,8737,31,0.0,0
2026-04-24,email,newsletter_platform,24,20,4.97,0
2026-04-24,organic_search,seo_retainer,2266,74,25.0,
2026-04-24,paid_search,brand,71,14,2.33,1
2026-04-24,paid_search,non_brand,1093,40,21.72,0
2026-04-24,paid_social,prospecting,8078,66,26.72,0
2026-04-24,paid_social,retargeting,1842,25,11.6,0
2026-04-25,affiliate,commission,5841,23,3.6,0
2026-04-25,email,newsletter_platform,30,27,4.97,0
2026-04-25,organic_search,seo_retainer,2182,77,25.0,
2026-04-25,paid_search,brand,141,27,4.61,0
2026-04-25,paid_search,non_brand,1343,56,26.14,0
2026-04-25,paid_social,prospecting,6447,67,18.78,0
2026-04-25,paid_social,retargeting,1793,27,10.12,0
2026-04-26,affiliate,commission,9802,36,7.24,0
2026-04-26,email,newsletter_platform,31,45,4.97,3
2026-04-26,organic_search,seo_retainer,4058,128,25.0,
2026-04-26,paid_search,brand,176,34,5.44,3
2026-04-26,paid_search,non_brand,1085,60,38.38,2
2026-04-26,paid_social,prospecting,15751,125,52.96,5
2026-04-26,paid_social,retargeting,2781,37,20.37,5
2026-04-27,affiliate,commission,11675,36,0.94,0
2026-04-27,email,newsletter_platform,29,33,4.97,3
2026-04-27,organic_search,seo_retainer,4251,137,25.0,
2026-04-27,paid_search,brand,120,23,3.6,2
2026-04-27,paid_search,non_brand,931,43,28.28,10
2026-04-27,paid_social,prospecting,11317,128,44.21,0
2026-04-27,paid_social,retargeting,3142,43,18.4,2
2026-04-28,affiliate,commission,8269,37,4.56,1
2026-04-28,email,newsletter_platform,5639,60,4.97,4
2026-04-28,organic_search,seo_retainer,3926,106,25.0,
2026-04-28,paid_search,brand,84,19,3.37,1
2026-04-28,paid_search,non_brand,940,46,29.99,2
2026-04-28,paid_social,prospecting,7671,89,27.47,3
2026-04-28,paid_social,retargeting,2295,36,14.89,1
2026-04-29,affiliate,commission,9645,39,4.8,1
2026-04-29,email,newsletter_platform,23,37,4.97,0
2026-04-29,organic_search,seo_retainer,3060,94,25.0,
2026-04-29,paid_search,brand,66,12,2.06,2
2026-04-29,paid_search,non_brand,747,24,13.74,2
2026-04-29,paid_social,prospecting,9340,75,27.66,2
2026-04-29,paid_social,retargeting,1560,20,9.39,5
2026-04-30,affiliate,commission,8477,37,5.92,2
2026-04-30,email,newsletter_platform,5665,110,4.97,4
2026-04-30,organic_search,seo_retainer,5968,167,25.0,
2026-04-30,paid_search,brand,97,25,5.29,6
2026-04-30,paid_search,non_brand,1166,53,30.91,0
2026-04-30,paid_social,prospecting,11296,106,35.21,0
2026-04-30,paid_social,retargeting,3177,43,18.59,0
2026-05-01,affiliate,commission,5898,23,0.0,0
2026-05-01,email,newsletter_platform,29,36,4.81,1
2026-05-01,organic_search,seo_retainer,4009,115,24.19,
2026-05-01,paid_search,brand,74,16,2.81,0
2026-05-01,paid_search,non_brand,551,27,20.34,0
2026-05-01,paid_social,prospecting,8236,83,27.62,2
2026-05-01,paid_social,retargeting,1664,26,8.8,1
2026-05-02,affiliate,commission,15315,59,6.0,0
2026-05-02,email,newsletter_platform,23,42,4.81,1
2026-05-02,organic_search,seo_retainer,5414,177,24.19,
2026-05-02,paid_search,brand,117,30,5.28,0
2026-05-02,paid_search,non_brand,1229,61,37.67,0
2026-05-02,paid_social,prospecting,15398,155,52.45,0
2026-05-02,paid_social,retargeting,4815,62,30.76,1
2026-05-03,affiliate,commission,8262,32,0.0,4
2026-05-03,email,newsletter_platform,33,43,4.81,1
2026-05-03,organic_search,seo_retainer,6596,175,24.19,
2026-05-03,paid_search,brand,93,20,3.46,1
2026-05-03,paid_search,non_brand,1182,59,38.41,4
2026-05-03,paid_social,prospecting,12610,117,44.82,0
2026-05-03,paid_social,retargeting,2912,47,21.72,7
2026-05-04,affiliate,commission,8825,27,0.0,3
2026-05-04,email,newsletter_platform,20,19,4.81,0
2026-05-04,organic_search,seo_retainer,3118,104,24.19,
2026-05-04,paid_search,brand,69,15,2.67,0
2026-05-04,paid_search,non_brand,715,35,19.07,0
2026-05-04,paid_social,prospecting,16847,128,60.52,1
2026-05-04,paid_social,retargeting,2159,34,12.43,3
2026-05-05,affiliate,commission,6424,25,5.2,0
2026-05-05,email,newsletter_platform,5698,58,4.81,2
2026-05-05,organic_search,seo_retainer,2426,83,24.19,
2026-05-05,paid_search,brand,80,16,2.82,1
2026-05-05,paid_search,non_brand,1039,45,24.38,0
2026-05-05,paid_social,prospecting,6514,62,22.3,0
2026-05-05,paid_social,retargeting,1598,24,8.77,3
2026-05-06,affiliate,commission,8064,32,3.92,0
2026-05-06,email,newsletter_platform,22,36,4.81,3
2026-05-06,organic_search,seo_retainer,3406,111,24.19,
2026-05-06,paid_search,brand,79,19,3.01,3
2026-05-06,paid_search,non_brand,858,42,27.73,1
2026-05-06,paid_social,prospecting,9020,86,27.88,0
2026-05-06,paid_social,retargeting,1990,28,11.73,0
2026-05-07,affiliate,commission,5766,20,2.64,0
2026-05-07,email,newsletter_platform,5713,64,4.81,4
2026-05-07,organic_search,seo_retainer,2863,99,24.19,
2026-05-07,paid_search,brand,57,11,1.98,0
2026-05-07,paid_search,non_brand,753,33,19.84,0
2026-05-07,paid_social,prospecting,13262,114,49.81,0
2026-05-07,paid_social,retargeting,2399,38,14.94,0
2026-05-08,affiliate,commission,5692,25,3.24,0
2026-05-08,email,newsletter_platform,19,39,4.81,9
2026-05-08,organic_search,seo_retainer,3528,99,24.19,
2026-05-08,paid_search,brand,63,14,2.25,1
2026-05-08,paid_search,non_brand,617,27,19.91,0
2026-05-08,paid_social,prospecting,8369,75,25.96,0
2026-05-08,paid_social,retargeting,1859,29,9.96,0
2026-05-09,affiliate,commission,11720,36,0.0,2
2026-05-09,email,newsletter_platform,19,35,4.81,0
2026-05-09,organic_search,seo_retainer,3493,117,24.19,
2026-05-09,paid_search,brand,84,15,2.55,0
2026-05-09,paid_search,non_brand,1307,53,23.77,1
2026-05-09,paid_social,prospecting,14970,118,48.34,3
2026-05-09,paid_social,retargeting,2532,31,16.58,1
2026-05-10,affiliate,commission,8583,38,9.12,1
2026-05-10,email,newsletter_platform,20,31,4.81,4
2026-05-10,organic_search,seo_retainer,4538,130,24.19,
2026-05-10,paid_search,brand,148,30,5.34,1
2026-05-10,paid_search,non_brand,1381,67,39.5,1
2026-05-10,paid_social,prospecting,10102,99,36.03,1
2026-05-10,paid_social,retargeting,3669,42,22.14,2
2026-05-11,affiliate,commission,6518,26,0.0,3
2026-05-11,email,newsletter_platform,22,44,4.81,3
2026-05-11,organic_search,seo_retainer,3077,109,24.19,
2026-05-11,paid_search,brand,74,20,3.5,1
2026-05-11,paid_search,non_brand,899,46,25.56,0
2026-05-11,paid_social,prospecting,12057,114,39.42,0
2026-05-11,paid_social,retargeting,2244,36,12.52,1
2026-05-12,affiliate,commission,7651,31,0.0,2
2026-05-12,email,newsletter_platform,5716,88,4.81,3
2026-05-12,organic_search,seo_retainer,3701,113,24.19,
2026-05-12,paid_search,brand,135,25,4.3,3
2026-05-12,paid_search,non_brand,1118,48,28.86,1
2026-05-12,paid_social,prospecting,12645,117,43.26,0
2026-05-12,paid_social,retargeting,2773,47,19.87,0
2026-05-13,affiliate,commission,8110,35,0.0,2
2026-05-13,email,newsletter_platform,29,57,4.81,3
2026-05-13,organic_search,seo_retainer,5354,142,24.19,
2026-05-13,paid_search,brand,119,30,4.99,2
2026-05-13,paid_search,non_brand,1107,48,26.84,1
2026-05-13,paid_social,prospecting,12421,132,43.85,0
2026-05-13,paid_social,retargeting,3311,40,20.59,1
2026-05-14,affiliate,commission,7834,28,0.0,0
2026-05-14,email,newsletter_platform,5766,69,4.81,2
2026-05-14,organic_search,seo_retainer,3677,106,24.19,
2026-05-14,paid_search,brand,55,13,2.28,1
2026-05-14,paid_search,non_brand,611,32,15.44,0
2026-05-14,paid_social,prospecting,7709,80,23.57,0
2026-05-14,paid_social,retargeting,1786,24,11.97,0
2026-05-15,affiliate,commission,8283,34,0.0,2
2026-05-15,email,newsletter_platform,24,50,4.81,1
2026-05-15,organic_search,seo_retainer,5259,160,24.19,
2026-05-15,paid_search,brand,89,23,3.66,0
2026-05-15,paid_search,non_brand,1004,44,27.75,0
2026-05-15,paid_social,prospecting,8109,98,23.08,0
2026-05-15,paid_social,retargeting,2660,40,15.2,2
2026-05-16,affiliate,commission,13159,49,0.0,5
2026-05-16,email,newsletter_platform,24,31,4.81,0
2026-05-16,organic_search,seo_retainer,3386,111,24.19,
2026-05-16,paid_search,brand,145,27,4.45,4
2026-05-16,paid_search,non_brand,1473,59,33.81,5
2026-05-16,paid_social,prospecting,10753,117,34.25,2
2026-05-16,paid_social,retargeting,2442,32,13.87,0
2026-05-17,affiliate,commission,9563,43,2.08,2
2026-05-17,email,newsletter_platform,22,29,4.81,2
2026-05-17,organic_search,seo_retainer,3620,120,24.19,
2026-05-17,paid_search,brand,92,21,3.6,1
2026-05-17,paid_search,non_brand,895,45,24.23,1
2026-05-17,paid_social,prospecting,11130,121,37.58,0
2026-05-17,paid_social,retargeting,2812,34,16.15,0
2026-05-18,affiliate,commission,17225,52,0.0,2
2026-05-18,email,newsletter_platform,32,61,4.81,1
2026-05-18,organic_search,seo_retainer,6121,205,24.19,
2026-05-18,paid_search,brand,109,29,5.39,2
2026-05-18,paid_search,non_brand,1431,64,38.33,1
2026-05-18,paid_social,prospecting,13560,132,45.39,2
2026-05-18,paid_social,retargeting,2526,38,16.05,2
2026-05-19,affiliate,commission,7644,29,3.04,2
2026-05-19,email,newsletter_platform,5823,131,4.81,7
2026-05-19,organic_search,seo_retainer,6657,202,24.19,
2026-05-19,paid_search,brand,151,39,7.3,3
2026-05-19,paid_search,non_brand,1506,71,46.81,5
2026-05-19,paid_social,prospecting,14823,134,52.92,0
2026-05-19,paid_social,retargeting,2276,42,16.92,0
2026-05-20,affiliate,commission,11615,40,2.48,0
2026-05-20,email,newsletter_platform,25,49,4.81,1
2026-05-20,organic_search,seo_retainer,3805,122,24.19,
2026-05-20,paid_search,brand,138,24,4.58,6
2026-05-20,paid_search,non_brand,1150,59,39.19,3
2026-05-20,paid_social,prospecting,10979,116,40.47,0
2026-05-20,paid_social,retargeting,2746,43,15.89,0
2026-05-21,affiliate,commission,7977,28,7.32,2
2026-05-21,email,newsletter_platform,5816,68,4.81,0
2026-05-21,organic_search,seo_retainer,4088,128,24.19,
2026-05-21,paid_search,brand,109,25,4.26,2
2026-05-21,paid_search,non_brand,983,41,24.22,3
2026-05-21,paid_social,prospecting,9867,94,35.62,1
2026-05-21,paid_social,retargeting,2194,29,15.65,6
2026-05-22,affiliate,commission,6500,26,3.2,0
2026-05-22,email,newsletter_platform,25,44,4.81,0
2026-05-22,organic_search,seo_retainer,4019,111,24.19,
2026-05-22,paid_search,brand,97,23,3.85,0
2026-05-22,paid_search,non_brand,1159,54,28.92,0
2026-05-22,paid_social,prospecting,9766,105,29.68,3
2026-05-22,paid_social,retargeting,1935,30,11.97,2
2026-05-23,affiliate,commission,5728,21,4.79,3
2026-05-23,email,newsletter_platform,25,22,4.81,0
2026-05-23,organic_search,seo_retainer,4030,119,24.19,
2026-05-23,paid_search,brand,107,26,4.36,1
2026-05-23,paid_search,non_brand,1073,47,31.03,0
2026-05-23,paid_social,prospecting,9686,92,32.5,0
2026-05-23,paid_social,retargeting,2263,30,14.34,4
2026-05-24,affiliate,commission,17756,70,0.0,0
2026-05-24,email,newsletter_platform,26,66,4.81,3
2026-05-24,organic_search,seo_retainer,9080,237,24.19,
2026-05-24,paid_search,brand,259,46,8.41,0
2026-05-24,paid_search,non_brand,3132,117,77.78,1
2026-05-24,paid_social,prospecting,22272,196,72.98,0
2026-05-24,paid_social,retargeting,4742,74,28.13,1
2026-05-25,affiliate,commission,4606,18,0.0,0
2026-05-25,email,newsletter_platform,23,26,4.81,2
2026-05-25,organic_search,seo_retainer,2042,65,24.19,
2026-05-25,paid_search,brand,86,21,3.61,1
2026-05-25,paid_search,non_brand,871,47,29.93,1
2026-05-25,paid_social,prospecting,5761,57,17.94,0
2026-05-25,paid_social,retargeting,1458,23,9.09,0
2026-05-26,affiliate,commission,4581,18,28.0,0
2026-05-26,email,newsletter_platform,5895,53,4.81,3
2026-05-26,organic_search,seo_retainer,2743,79,24.19,
2026-05-26,paid_search,brand,78,19,3.2,3
2026-05-26,paid_search,non_brand,830,40,23.65,0
2026-05-26,paid_social,prospecting,7188,59,22.88,1
2026-05-26,paid_social,retargeting,1787,25,10.61,1
2026-05-27,affiliate,commission,4037,18,0.79,1
2026-05-27,email,newsletter_platform,26,41,4.81,4
2026-05-27,organic_search,seo_retainer,3651,101,24.19,
2026-05-27,paid_search,brand,84,19,3.13,2
2026-05-27,paid_search,non_brand,937,47,35.37,5
2026-05-27,paid_social,prospecting,12006,93,39.59,0
2026-05-27,paid_social,retargeting,2458,37,14.76,0
2026-05-28,affiliate,commission,4491,17,2.88,0
2026-05-28,email,newsletter_platform,5867,72,4.81,2
2026-05-28,organic_search,seo_retainer,2590,89,24.19,
2026-05-28,paid_search,brand,91,22,3.8,0
2026-05-28,paid_search,non_brand,1347,42,29.48,0
2026-05-28,paid_social,prospecting,11853,92,38.83,2
2026-05-28,paid_social,retargeting,1596,24,11.06,3
2026-05-29,affiliate,commission,8151,28,0.0,1
2026-05-29,email,newsletter_platform,21,33,4.81,1
2026-05-29,organic_search,seo_retainer,2056,65,24.19,
2026-05-29,paid_search,brand,58,12,2.18,0
2026-05-29,paid_search,non_brand,470,25,17.91,0
2026-05-29,paid_social,prospecting,12130,80,41.75,0
2026-05-29,paid_social,retargeting,1682,25,11.03,0
2026-05-30,affiliate,commission,15393,59,1.01,7
2026-05-30,email,newsletter_platform,24,36,4.81,1
2026-05-30,organic_search,seo_retainer,4370,151,24.19,
2026-05-30,paid_search,brand,163,32,4.78,0
2026-05-30,paid_search,non_brand,1335,65,43.52,1
2026-05-30,paid_social,prospecting,15844,137,52.46,0
2026-05-30,paid_social,retargeting,2824,42,17.37,0
2026-05-31,affiliate,commission,6226,27,10.4,0
2026-05-31,email,newsletter_platform,27,43,4.81,2
2026-05-31,organic_search,seo_retainer,5079,155,24.19,
2026-05-31,paid_search,brand,177,34,5.88,3
2026-05-31,paid_search,non_brand,1339,58,38.99,1
2026-05-31,paid_social,prospecting,15292,136,52.92,1
2026-05-31,paid_social,retargeting,3949,58,22.82,3
2026-06-01,affiliate,commission,8650,30,4.24,0
2026-06-01,email,newsletter_platform,25,36,4.97,1
2026-06-01,organic_search,seo_retainer,3732,126,25.0,
2026-06-01,paid_search,brand,108,24,3.99,0
2026-06-01,paid_search,non_brand,802,44,32.32,0
2026-06-01,paid_social,prospecting,17607,119,60.2,0
2026-06-01,paid_social,retargeting,1981,30,12.36,3
2026-06-02,affiliate,commission,9646,29,0.0,1
2026-06-02,email,newsletter_platform,5934,77,4.97,2
2026-06-02,organic_search,seo_retainer,5834,157,25.0,
2026-06-02,paid_search,brand,116,27,5.39,0
2026-06-02,paid_search,non_brand,1448,52,40.15,0
2026-06-02,paid_social,prospecting,14427,144,45.6,1
2026-06-02,paid_social,retargeting,2620,48,15.83,2
2026-06-03,affiliate,commission,6062,23,0.0,2
2026-06-03,email,newsletter_platform,23,39,4.97,1
2026-06-03,organic_search,seo_retainer,3131,111,25.0,
2026-06-03,paid_search,brand,113,24,4.15,4
2026-06-03,paid_search,non_brand,1068,47,30.43,0
2026-06-03,paid_social,prospecting,12413,102,46.53,0
2026-06-03,paid_social,retargeting,2630,35,14.89,0
2026-06-04,affiliate,commission,6474,26,2.16,2
2026-06-04,email,newsletter_platform,5880,68,4.97,2
2026-06-04,organic_search,seo_retainer,2761,93,25.0,
2026-06-04,paid_search,brand,85,16,2.66,3
2026-06-04,paid_search,non_brand,807,33,19.06,1
2026-06-04,paid_social,prospecting,9306,80,32.26,0
2026-06-04,paid_social,retargeting,2171,33,13.99,2
2026-06-05,affiliate,commission,8717,33,20.36,0
2026-06-05,email,newsletter_platform,20,51,4.97,1
2026-06-05,organic_search,seo_retainer,3349,112,25.0,
2026-06-05,paid_search,brand,107,23,3.89,1
2026-06-05,paid_search,non_brand,1408,55,26.87,0
2026-06-05,paid_social,prospecting,11143,107,34.15,1
2026-06-05,paid_social,retargeting,2426,36,13.93,1
2026-06-06,affiliate,commission,3844,16,0.96,1
2026-06-06,email,newsletter_platform,22,37,4.97,0
2026-06-06,organic_search,seo_retainer,3032,87,25.0,
2026-06-06,paid_search,brand,70,15,2.36,2
2026-06-06,paid_search,non_brand,744,32,20.3,0
2026-06-06,paid_social,prospecting,7262,73,25.21,0
2026-06-06,paid_social,retargeting,2093,30,12.7,0
2026-06-07,affiliate,commission,7084,23,0.0,0
2026-06-07,email,newsletter_platform,19,22,4.97,3
2026-06-07,organic_search,seo_retainer,2268,79,25.0,
2026-06-07,paid_search,brand,63,13,2.18,0
2026-06-07,paid_search,non_brand,639,28,14.13,0
2026-06-07,paid_social,prospecting,8888,86,31.38,4
2026-06-07,paid_social,retargeting,2461,33,15.67,1
2026-06-08,affiliate,commission,10403,41,0.0,2
2026-06-08,email,newsletter_platform,21,39,4.97,2
2026-06-08,organic_search,seo_retainer,3774,133,25.0,
2026-06-08,paid_search,brand,105,20,3.21,3
2026-06-08,paid_search,non_brand,887,42,24.76,0
2026-06-08,paid_social,prospecting,12212,125,36.08,1
2026-06-08,paid_social,retargeting,2708,42,16.3,0
2026-06-09,affiliate,commission,11265,37,7.6,3
2026-06-09,email,newsletter_platform,5942,75,4.97,8
2026-06-09,organic_search,seo_retainer,4602,137,25.0,
2026-06-09,paid_search,brand,98,25,4.03,0
2026-06-09,paid_search,non_brand,903,45,24.52,0
2026-06-09,paid_social,prospecting,14143,150,45.39,3
2026-06-09,paid_social,retargeting,3519,52,20.96,5
2026-06-10,affiliate,commission,7661,31,0.0,0
2026-06-10,email,newsletter_platform,19,71,4.97,1
2026-06-10,organic_search,seo_retainer,5271,163,25.0,
2026-06-10,paid_search,brand,84,20,3.15,1
2026-06-10,paid_search,non_brand,1050,46,28.7,2
2026-06-10,paid_social,prospecting,15661,127,48.33,3
2026-06-10,paid_social,retargeting,2771,38,16.38,2
2026-06-11,affiliate,commission,6475,25,1.52,0
2026-06-11,email,newsletter_platform,5939,70,4.97,3
2026-06-11,organic_search,seo_retainer,5038,146,25.0,
2026-06-11,paid_search,brand,121,26,4.68,0
2026-06-11,paid_search,non_brand,1076,50,28.38,1
2026-06-11,paid_social,prospecting,11136,111,41.68,0
2026-06-11,paid_social,retargeting,2275,37,12.88,0
2026-06-12,affiliate,commission,3828,16,0.0,0
2026-06-12,email,newsletter_platform,22,49,4.97,0
2026-06-12,organic_search,seo_retainer,3080,104,25.0,
2026-06-12,paid_search,brand,88,20,3.72,1
2026-06-12,paid_search,non_brand,1095,47,29.99,3
2026-06-12,paid_social,prospecting,11026,100,36.85,1
2026-06-12,paid_social,retargeting,1587,27,9.18,1
2026-06-13,affiliate,commission,10444,44,5.98,0
2026-06-13,email,newsletter_platform,22,27,4.97,0
2026-06-13,organic_search,seo_retainer,5534,149,25.0,
2026-06-13,paid_search,brand,118,30,5.59,0
2026-06-13,paid_search,non_brand,1231,61,39.85,3
2026-06-13,paid_social,prospecting,12363,131,40.63,0
2026-06-13,paid_social,retargeting,3438,52,21.93,0
2026-06-14,affiliate,commission,5448,20,7.23,0
2026-06-14,email,newsletter_platform,17,32,4.97,3
2026-06-14,organic_search,seo_retainer,2763,99,25.0,
2026-06-14,paid_search,brand,58,12,2.24,1
2026-06-14,paid_search,non_brand,785,31,17.38,1
2026-06-14,paid_social,prospecting,8418,85,28.64,0
2026-06-14,paid_social,retargeting,1764,27,11.72,0
2026-06-15,affiliate,commission,11551,43,0.0,1
2026-06-15,email,newsletter_platform,26,42,4.97,2
2026-06-15,organic_search,seo_retainer,5415,164,25.0,
2026-06-15,paid_search,brand,100,22,3.81,0
2026-06-15,paid_search,non_brand,1388,63,40.41,2
2026-06-15,paid_social,prospecting,16298,125,49.77,2
2026-06-15,paid_social,retargeting,4398,52,25.44,1
2026-06-16,affiliate,commission,6540,25,86.66,0
2026-06-16,email,newsletter_platform,6016,77,4.97,3
2026-06-16,organic_search,seo_retainer,3576,110,25.0,
2026-06-16,paid_search,brand,78,14,2.9,0
2026-06-16,paid_search,non_brand,725,36,23.6,2
2026-06-16,paid_social,prospecting,6533,75,19.46,0
2026-06-16,paid_social,retargeting,1206,20,7.09,0
2026-06-17,affiliate,commission,12346,52,5.96,0
2026-06-17,email,newsletter_platform,26,74,4.97,3
2026-06-17,organic_search,seo_retainer,3632,129,25.0,
2026-06-17,paid_search,brand,108,28,4.9,2
2026-06-17,paid_search,non_brand,1090,50,29.9,3
2026-06-17,paid_social,prospecting,16202,159,46.9,0
2026-06-17,paid_social,retargeting,3295,47,17.84,0
2026-06-18,affiliate,commission,8613,33,1.52,0
2026-06-18,email,newsletter_platform,5980,132,4.97,5
2026-06-18,organic_search,seo_retainer,4506,142,25.0,
2026-06-18,paid_search,brand,138,32,5.6,0
2026-06-18,paid_search,non_brand,1070,54,36.28,0
2026-06-18,paid_social,prospecting,21092,162,70.1,2
2026-06-18,paid_social,retargeting,3223,48,18.92,3
2026-06-19,affiliate,commission,7612,29,0.0,0
2026-06-19,email,newsletter_platform,31,54,4.97,5
2026-06-19,organic_search,seo_retainer,5267,146,25.0,
2026-06-19,paid_search,brand,86,19,3.65,1
2026-06-19,paid_search,non_brand,1320,46,31.33,0
2026-06-19,paid_social,prospecting,16908,133,51.42,3
2026-06-19,paid_social,retargeting,2739,41,16.02,1
2026-06-20,affiliate,commission,8054,32,4.8,0
2026-06-20,email,newsletter_platform,29,23,4.97,0
2026-06-20,organic_search,seo_retainer,3169,104,25.0,
2026-06-20,paid_search,brand,88,16,2.73,1
2026-06-20,paid_search,non_brand,786,32,19.92,2
2026-06-20,paid_social,prospecting,10177,68,35.83,0
2026-06-20,paid_social,retargeting,1695,26,9.49,0
2026-06-21,affiliate,commission,11667,40,0.0,0
2026-06-21,email,newsletter_platform,32,31,4.97,4
2026-06-21,organic_search,seo_retainer,4225,119,25.0,
2026-06-21,paid_search,brand,98,25,3.84,0
2026-06-21,paid_search,non_brand,1367,55,32.54,0
2026-06-21,paid_social,prospecting,12942,122,39.35,1
2026-06-21,paid_social,retargeting,2750,46,15.95,7
2026-06-22,affiliate,commission,5670,21,7.84,0
2026-06-22,email,newsletter_platform,29,38,4.97,0
2026-06-22,organic_search,seo_retainer,3170,99,25.0,
2026-06-22,paid_search,brand,86,16,3.05,2
2026-06-22,paid_search,non_brand,997,38,25.18,1
2026-06-22,paid_social,prospecting,12451,100,37.07,2
2026-06-22,paid_social,retargeting,1503,25,9.51,5
2026-06-23,affiliate,commission,5713,25,0.0,0
2026-06-23,email,newsletter_platform,6060,85,4.97,5
2026-06-23,organic_search,seo_retainer,3360,116,25.0,
2026-06-23,paid_search,brand,70,16,2.77,0
2026-06-23,paid_search,non_brand,843,39,23.05,2
2026-06-23,paid_social,prospecting,11696,130,37.2,2
2026-06-23,paid_social,retargeting,2672,34,15.56,3
2026-06-24,affiliate,commission,13905,50,14.57,0
2026-06-24,email,newsletter_platform,34,84,4.97,0
2026-06-24,organic_search,seo_retainer,8052,227,25.0,
2026-06-24,paid_search,brand,116,28,5.08,0
2026-06-24,paid_search,non_brand,1553,73,41.53,1
2026-06-24,paid_social,prospecting,18682,160,55.89,1
2026-06-24,paid_social,retargeting,4930,68,29.06,0
2026-06-25,affiliate,commission,7312,22,2.0,0
2026-06-25,email,newsletter_platform,6100,60,4.97,0
2026-06-25,organic_search,seo_retainer,3842,102,25.0,
2026-06-25,paid_search,brand,45,9,1.47,2
2026-06-25,paid_search,non_brand,511,21,11.15,0
2026-06-25,paid_social,prospecting,9767,85,33.82,1
2026-06-25,paid_social,retargeting,1644,23,9.63,2
2026-06-26,affiliate,commission,8201,25,2.48,0
2026-06-26,email,newsletter_platform,26,70,4.97,0
2026-06-26,organic_search,seo_retainer,4801,134,25.0,
2026-06-26,paid_search,brand,83,16,2.59,1
2026-06-26,paid_search,non_brand,785,38,22.84,1
2026-06-26,paid_social,prospecting,10459,109,36.5,3
2026-06-26,paid_social,retargeting,2229,37,14.27,0
2026-06-27,affiliate,commission,5607,17,9.23,0
2026-06-27,email,newsletter_platform,17,11,4.97,0
2026-06-27,organic_search,seo_retainer,2312,76,25.0,
2026-06-27,paid_search,brand,68,18,2.75,0
2026-06-27,paid_search,non_brand,770,34,22.64,0
2026-06-27,paid_social,prospecting,6225,55,22.08,0
2026-06-27,paid_social,retargeting,1173,17,7.17,0
2026-06-28,affiliate,commission,13764,53,16.96,2
2026-06-28,email,newsletter_platform,28,38,4.97,3
2026-06-28,organic_search,seo_retainer,7466,214,25.0,
2026-06-28,paid_search,brand,160,40,6.62,4
2026-06-28,paid_search,non_brand,2338,88,49.1,3
2026-06-28,paid_social,prospecting,26454,182,87.9,0
2026-06-28,paid_social,retargeting,4040,62,25.6,0
2026-06-29,affiliate,commission,3432,15,0.0,1
2026-06-29,email,newsletter_platform,24,32,4.97,0
2026-06-29,organic_search,seo_retainer,3742,120,25.0,
2026-06-29,paid_search,brand,76,17,2.94,2
2026-06-29,paid_search,non_brand,960,38,27.29,2
2026-06-29,paid_social,prospecting,13021,116,46.42,0
2026-06-29,paid_social,retargeting,2770,42,18.22,0
2026-06-30,affiliate,commission,17429,62,4.64,1
2026-06-30,email,newsletter_platform,6102,104,4.97,5
2026-06-30,organic_search,seo_retainer,7128,204,25.0,
2026-06-30,paid_search,brand,122,30,5.05,1
2026-06-30,paid_search,non_brand,1626,54,42.02,0
2026-06-30,paid_social,prospecting,27691,205,90.29,1
2026-06-30,paid_social,retargeting,4231,64,26.27,4
2026-07-01,affiliate,commission,8706,34,0.0,5
2026-07-01,email,newsletter_platform,26,64,4.81,5
2026-07-01,organic_search,seo_retainer,4204,139,24.19,
2026-07-01,paid_search,brand,113,27,4.71,1
2026-07-01,paid_search,non_brand,1335,60,34.18,0
2026-07-01,paid_social,prospecting,14062,146,56.54,1
2026-07-01,paid_social,retargeting,2536,38,17.72,4
2026-07-02,affiliate,commission,11932,50,0.0,2
2026-07-02,email,newsletter_platform,6073,116,4.81,3
2026-07-02,organic_search,seo_retainer,5205,143,24.19,
2026-07-02,paid_search,brand,101,24,4.62,1
2026-07-02,paid_search,non_brand,1018,44,26.84,2
2026-07-02,paid_social,prospecting,17172,168,58.65,0
2026-07-02,paid_social,retargeting,3652,58,24.12,0
2026-07-03,affiliate,commission,7348,32,6.26,0
2026-07-03,email,newsletter_platform,23,47,4.81,0
2026-07-03,organic_search,seo_retainer,3507,94,24.19,
2026-07-03,paid_search,brand,115,28,4.44,0
2026-07-03,paid_search,non_brand,1344,46,25.77,1
2026-07-03,paid_social,prospecting,11130,112,38.49,0
2026-07-03,paid_social,retargeting,2009,33,11.09,0
2026-07-04,affiliate,commission,6040,27,4.94,0
2026-07-04,email,newsletter_platform,29,39,4.81,0
2026-07-04,organic_search,seo_retainer,5005,161,24.19,
2026-07-04,paid_search,brand,60,14,2.35,0
2026-07-04,paid_search,non_brand,1284,51,30.79,0
2026-07-04,paid_social,prospecting,14893,147,49.51,0
2026-07-04,paid_social,retargeting,2795,40,15.18,2
2026-07-05,affiliate,commission,12496,46,0.0,1
2026-07-05,email,newsletter_platform,33,64,4.81,3
2026-07-05,organic_search,seo_retainer,7325,247,24.19,
2026-07-05,paid_search,brand,155,36,4.95,4
2026-07-05,paid_search,non_brand,2427,109,59.87,2
2026-07-05,paid_social,prospecting,23954,211,87.73,1
2026-07-05,paid_social,retargeting,4745,77,28.18,3
2026-07-06,affiliate,commission,8552,29,0.0,0
2026-07-06,email,newsletter_platform,28,33,4.81,0
2026-07-06,organic_search,seo_retainer,3315,114,24.19,
2026-07-06,paid_search,brand,71,17,2.77,5
2026-07-06,paid_search,non_brand,793,43,26.44,3
2026-07-06,paid_social,prospecting,6703,64,24.03,0
2026-07-06,paid_social,retargeting,1720,24,10.57,0
2026-07-07,affiliate,commission,8612,30,8.12,2
2026-07-07,email,newsletter_platform,6179,70,4.81,0
2026-07-07,organic_search,seo_retainer,3210,104,24.19,
2026-07-07,paid_search,brand,60,15,2.42,0
2026-07-07,paid_search,non_brand,1203,37,22.59,0
2026-07-07,paid_social,prospecting,9460,108,33.55,0
2026-07-07,paid_social,retargeting,2230,28,13.87,0
2026-07-08,affiliate,commission,8305,33,2.4,2
2026-07-08,email,newsletter_platform,31,83,4.81,1
2026-07-08,organic_search,seo_retainer,7373,197,24.19,
2026-07-08,paid_search,brand,156,29,4.64,0
2026-07-08,paid_search,non_brand,1426,56,37.58,0
2026-07-08,paid_social,prospecting,17259,182,56.7,1
2026-07-08,paid_social,retargeting,4109,63,24.83,3
2026-07-09,affiliate,commission,7044,30,11.37,1
2026-07-09,email,newsletter_platform,6127,71,4.81,3
2026-07-09,organic_search,seo_retainer,1908,68,24.19,
2026-07-09,paid_search,brand,61,15,2.53,0
2026-07-09,paid_search,non_brand,1019,34,22.11,0
2026-07-09,paid_social,prospecting,9940,92,33.98,1
2026-07-09,paid_social,retargeting,1677,23,8.79,6
2026-07-10,affiliate,commission,8476,32,0.0,3
2026-07-10,email,newsletter_platform,23,65,4.81,0
2026-07-10,organic_search,seo_retainer,4550,156,24.19,
2026-07-10,paid_search,brand,97,20,3.3,0
2026-07-10,paid_search,non_brand,1001,45,22.48,0
2026-07-10,paid_social,prospecting,14669,145,51.14,0
2026-07-10,paid_social,retargeting,3275,44,19.13,1
2026-07-11,affiliate,commission,7522,29,8.86,1
2026-07-11,email,newsletter_platform,25,16,4.81,0
2026-07-11,organic_search,seo_retainer,3133,105,24.19,
2026-07-11,paid_search,brand,62,16,2.7,0
2026-07-11,paid_search,non_brand,802,36,19.05,0
2026-07-11,paid_social,prospecting,6523,66,23.36,7
2026-07-11,paid_social,retargeting,1858,28,12.13,4
2026-07-12,affiliate,commission,11433,44,8.72,0
2026-07-12,email,newsletter_platform,24,34,4.81,2
2026-07-12,organic_search,seo_retainer,3639,126,24.19,
2026-07-12,paid_search,brand,127,24,4.19,0
2026-07-12,paid_search,non_brand,1387,51,33.58,1
2026-07-12,paid_social,prospecting,20536,172,62.17,0
2026-07-12,paid_social,retargeting,2942,43,20.21,0
2026-07-13,affiliate,commission,14195,44,0.0,1
2026-07-13,email,newsletter_platform,27,48,4.81,8
2026-07-13,organic_search,seo_retainer,5850,200,24.19,
2026-07-13,paid_search,brand,197,34,5.79,0
2026-07-13,paid_search,non_brand,1314,54,29.08,0
2026-07-13,paid_social,prospecting,14132,121,54.36,1
2026-07-13,paid_social,retargeting,4183,47,26.63,1
2026-07-14,affiliate,commission,10173,37,35.2,1
2026-07-14,email,newsletter_platform,6242,88,4.81,5
2026-07-14,organic_search,seo_retainer,5241,151,24.19,
2026-07-14,paid_search,brand,83,19,3.26,0
2026-07-14,paid_search,non_brand,1134,50,26.94,0
2026-07-14,paid_social,prospecting,13457,148,39.93,0
2026-07-14,paid_social,retargeting,4187,55,25.09,2
2026-07-15,affiliate,commission,8072,29,4.25,1
2026-07-15,email,newsletter_platform,27,44,4.81,0
2026-07-15,organic_search,seo_retainer,3334,98,24.19,
2026-07-15,paid_search,brand,69,18,2.58,4
2026-07-15,paid_search,non_brand,737,32,20.8,0
2026-07-15,paid_social,prospecting,9196,94,31.94,1
2026-07-15,paid_social,retargeting,2126,26,12.91,0
2026-07-16,affiliate,commission,13638,51,3.2,3
2026-07-16,email,newsletter_platform,6198,83,4.81,1
2026-07-16,organic_search,seo_retainer,4656,145,24.19,
2026-07-16,paid_search,brand,150,33,5.19,1
2026-07-16,paid_search,non_brand,1203,51,32.79,0
2026-07-16,paid_social,prospecting,12006,130,38.17,0
2026-07-16,paid_social,retargeting,2986,45,19.44,0
2026-07-17,affiliate,commission,9142,36,0.0,1
2026-07-17,email,newsletter_platform,31,59,4.81,0
2026-07-17,organic_search,seo_retainer,4923,145,24.19,
2026-07-17,paid_search,brand,109,19,3.4,3
2026-07-17,paid_search,non_brand,947,41,27.17,0
2026-07-17,paid_social,prospecting,10685,116,32.57,0
2026-07-17,paid_social,retargeting,2631,39,19.2,0
2026-07-18,affiliate,commission,11286,39,9.36,0
2026-07-18,email,newsletter_platform,26,43,4.81,3
2026-07-18,organic_search,seo_retainer,3561,128,24.19,
2026-07-18,paid_search,brand,85,16,2.53,3
2026-07-18,paid_search,non_brand,761,36,26.81,1
2026-07-18,paid_social,prospecting,14193,124,49.17,0
2026-07-18,paid_social,retargeting,2971,45,18.29,3
2026-07-19,affiliate,commission,6035,23,0.0,0
2026-07-19,email,newsletter_platform,24,22,4.81,0
2026-07-19,organic_search,seo_retainer,2027,62,24.19,
2026-07-19,paid_search,brand,56,13,2.08,0
2026-07-19,paid_search,non_brand,968,33,20.93,0
2026-07-19,paid_social,prospecting,8494,81,33.07,1
2026-07-19,paid_social,retargeting,1910,28,10.87,5
2026-07-20,affiliate,commission,13970,56,0.0,0
2026-07-20,email,newsletter_platform,28,43,4.81,2
2026-07-20,organic_search,seo_retainer,4788,167,24.19,
2026-07-20,paid_search,brand,166,38,6.97,2
2026-07-20,paid_search,non_brand,1507,62,33.2,2
2026-07-20,paid_social,prospecting,15285,141,49.34,0
2026-07-20,paid_social,retargeting,3179,48,19.08,2
2026-07-21,affiliate,commission,7347,29,3.2,2
2026-07-21,email,newsletter_platform,6213,53,4.81,2
2026-07-21,organic_search,seo_retainer,2250,68,24.19,
2026-07-21,paid_search,brand,124,22,3.74,6
2026-07-21,paid_search,non_brand,1122,42,24.77,5
2026-07-21,paid_social,prospecting,8452,78,27.08,1
2026-07-21,paid_social,retargeting,2084,30,12.51,5
2026-07-22,affiliate,commission,15249,49,4.8,1
2026-07-22,email,newsletter_platform,33,87,4.81,2
2026-07-22,organic_search,seo_retainer,6040,187,24.19,
2026-07-22,paid_search,brand,202,37,5.78,1
2026-07-22,paid_search,non_brand,2431,87,61.78,0
2026-07-22,paid_social,prospecting,18177,173,55.84,0
2026-07-22,paid_social,retargeting,3929,56,24.76,2
2026-07-23,affiliate,commission,8807,33,0.0,0
2026-07-23,email,newsletter_platform,6236,101,4.81,7
2026-07-23,organic_search,seo_retainer,4487,126,24.19,
2026-07-23,paid_search,brand,113,28,4.89,1
2026-07-23,paid_search,non_brand,766,39,24.11,0
2026-07-23,paid_social,prospecting,9751,94,34.91,0
2026-07-23,paid_social,retargeting,2869,35,17.29,0
2026-07-24,affiliate,commission,8720,29,9.84,2
2026-07-24,email,newsletter_platform,33,72,4.81,3
2026-07-24,organic_search,seo_retainer,4564,143,24.19,
2026-07-24,paid_search,brand,119,31,5.33,1
2026-07-24,paid_search,non_brand,1331,63,37.7,3
2026-07-24,paid_social,prospecting,11551,110,36.0,3
2026-07-24,paid_social,retargeting,2708,40,15.45,2
2026-07-25,affiliate,commission,10387,45,0.0,0
2026-07-25,email,newsletter_platform,29,26,4.81,0
2026-07-25,organic_search,seo_retainer,3557,123,24.19,
2026-07-25,paid_search,brand,130,23,3.74,1
2026-07-25,paid_search,non_brand,1240,61,33.29,0
2026-07-25,paid_social,prospecting,13611,119,47.44,0
2026-07-25,paid_social,retargeting,2288,38,12.03,0
2026-07-26,affiliate,commission,10663,41,0.0,2
2026-07-26,email,newsletter_platform,33,45,4.81,0
2026-07-26,organic_search,seo_retainer,7489,208,24.19,
2026-07-26,paid_search,brand,151,32,5.84,2
2026-07-26,paid_search,non_brand,1554,73,54.38,6
2026-07-26,paid_social,prospecting,16641,149,50.71,2
2026-07-26,paid_social,retargeting,3329,59,22.16,2
2026-07-27,affiliate,commission,9626,38,8.64,3
2026-07-27,email,newsletter_platform,37,40,4.81,0
2026-07-27,organic_search,seo_retainer,4755,138,24.19,
2026-07-27,paid_search,brand,120,31,5.41,0
2026-07-27,paid_search,non_brand,1384,57,34.16,0
2026-07-27,paid_social,prospecting,15288,164,46.16,0
2026-07-27,paid_social,retargeting,3581,62,21.94,0
2026-07-28,affiliate,commission,7622,34,7.68,0
2026-07-28,email,newsletter_platform,6298,71,4.81,5
2026-07-28,organic_search,seo_retainer,3217,108,24.19,
2026-07-28,paid_search,brand,73,18,2.72,0
2026-07-28,paid_search,non_brand,676,40,21.36,0
2026-07-28,paid_social,prospecting,9455,100,35.49,2
2026-07-28,paid_social,retargeting,1571,25,10.0,3
2026-07-29,affiliate,commission,9684,33,0.0,1
2026-07-29,email,newsletter_platform,30,42,4.81,0
2026-07-29,organic_search,seo_retainer,3686,117,24.19,
2026-07-29,paid_search,brand,148,28,4.45,0
2026-07-29,paid_search,non_brand,1358,49,32.75,1
2026-07-29,paid_social,prospecting,13113,119,42.6,0
2026-07-29,paid_social,retargeting,2398,38,13.56,0
2026-07-30,affiliate,commission,6734,29,0.0,3
2026-07-30,email,newsletter_platform,6313,48,4.81,1
2026-07-30,organic_search,seo_retainer,3247,96,24.19,
2026-07-30,paid_search,brand,87,15,2.51,0
2026-07-30,paid_search,non_brand,634,31,17.48,0
2026-07-30,paid_social,prospecting,11890,99,40.46,0
2026-07-30,paid_social,retargeting,1715,29,12.85,0
2026-07-31,affiliate,commission,10697,41,2.8,0
2026-07-31,email,newsletter_platform,25,56,4.81,2
2026-07-31,organic_search,seo_retainer,4070,122,24.19,
2026-07-31,paid_search,brand,129,30,5.39,0
2026-07-31,paid_search,non_brand,898,40,26.21,0
2026-07-31,paid_social,prospecting,8392,89,28.02,0
2026-07-31,paid_social,retargeting,1904,27,13.47,0
2026-08-01,affiliate,commission,6192,20,0.0,0
2026-08-01,email,newsletter_platform,20,15,4.81,0
2026-08-01,organic_search,seo_retainer,2748,80,24.19,
2026-08-01,paid_search,brand,90,21,3.54,0
2026-08-01,paid_search,non_brand,828,29,19.68,1
2026-08-01,paid_social,prospecting,5704,63,18.33,4
2026-08-01,paid_social,retargeting,1162,17,7.67,2
2026-08-02,affiliate,commission,8731,39,2.24,0
2026-08-02,email,newsletter_platform,20,50,4.81,3
2026-08-02,organic_search,seo_retainer,4108,142,24.19,
2026-08-02,paid_search,brand,108,24,4.3,2
2026-08-02,paid_search,non_brand,1073,51,32.09,2
2026-08-02,paid_social,prospecting,15221,151,48.83,0
2026-08-02,paid_social,retargeting,3422,49,18.94,0
2026-08-03,affiliate,commission,7359,31,14.04,2
2026-08-03,email,newsletter_platform,21,20,4.81,0
2026-08-03,organic_search,seo_retainer,3611,102,24.19,
2026-08-03,paid_search,brand,80,17,3.11,3
2026-08-03,paid_search,non_brand,698,35,20.27,3
2026-08-03,paid_social,prospecting,7750,63,23.08,0
2026-08-03,paid_social,retargeting,1545,23,9.88,0
2026-08-04,affiliate,commission,7209,24,0.0,0
2026-08-04,email,newsletter_platform,6333,73,4.81,1
2026-08-04,organic_search,seo_retainer,2979,103,24.19,
2026-08-04,paid_search,brand,100,20,3.77,3
2026-08-04,paid_search,non_brand,1013,51,38.97,0
2026-08-04,paid_social,prospecting,13672,126,44.91,1
2026-08-04,paid_social,retargeting,2744,42,18.12,1
2026-08-05,affiliate,commission,8656,38,6.69,1
2026-08-05,email,newsletter_platform,17,45,4.81,4
2026-08-05,organic_search,seo_retainer,4434,149,24.19,
2026-08-05,paid_search,brand,189,35,6.33,0
2026-08-05,paid_search,non_brand,1816,92,67.12,4
2026-08-05,paid_social,prospecting,12865,105,41.83,3
2026-08-05,paid_social,retargeting,2069,29,13.65,4
2026-08-06,affiliate,commission,8410,35,0.0,0
2026-08-06,email,newsletter_platform,6401,84,4.81,4
2026-08-06,organic_search,seo_retainer,3221,97,24.19,
2026-08-06,paid_search,brand,86,20,3.14,0
2026-08-06,paid_search,non_brand,1289,47,27.47,0
2026-08-06,paid_social,prospecting,9003,89,31.11,1
2026-08-06,paid_social,retargeting,2511,37,15.36,0
2026-08-07,affiliate,commission,9779,30,8.63,0
2026-08-07,email,newsletter_platform,19,33,4.81,1
2026-08-07,organic_search,seo_retainer,3021,105,24.19,
2026-08-07,paid_search,brand,123,29,5.42,3
2026-08-07,paid_search,non_brand,1082,47,30.01,4
2026-08-07,paid_social,prospecting,10181,91,31.33,0
2026-08-07,paid_social,retargeting,2296,31,15.96,1
2026-08-08,affiliate,commission,8490,29,6.46,0
2026-08-08,email,newsletter_platform,20,20,4.81,0
2026-08-08,organic_search,seo_retainer,4122,138,24.19,
2026-08-08,paid_search,brand,86,19,3.05,2
2026-08-08,paid_search,non_brand,1538,59,40.08,1
2026-08-08,paid_social,prospecting,11198,102,36.17,0
2026-08-08,paid_social,retargeting,1911,29,13.23,0
2026-08-09,affiliate,commission,11440,45,11.84,0
2026-08-09,email,newsletter_platform,36,48,4.81,6
2026-08-09,organic_search,seo_retainer,7398,197,24.19,
2026-08-09,paid_search,brand,147,32,5.32,1
2026-08-09,paid_search,non_brand,1356,60,38.82,1
2026-08-09,paid_social,prospecting,17760,170,52.08,0
2026-08-09,paid_social,retargeting,4461,69,29.56,0
2026-08-10,affiliate,commission,12328,55,6.68,0
2026-08-10,email,newsletter_platform,30,56,4.81,2
2026-08-10,organic_search,seo_retainer,5569,182,24.19,
2026-08-10,paid_search,brand,136,25,4.07,4
2026-08-10,paid_search,non_brand,1210,52,27.09,7
2026-08-10,paid_social,prospecting,18270,139,72.99,2
2026-08-10,paid_social,retargeting,4036,59,27.39,4
2026-08-11,affiliate,commission,8480,34,0.0,0
2026-08-11,email,newsletter_platform,6471,78,4.81,3
2026-08-11,organic_search,seo_retainer,4560,151,24.19,
2026-08-11,paid_search,brand,205,35,5.99,0
2026-08-11,paid_search,non_brand,1222,63,36.82,0
2026-08-11,paid_social,prospecting,16966,102,57.41,2
2026-08-11,paid_social,retargeting,2441,37,14.74,2
2026-08-12,affiliate,commission,18088,62,12.11,2
2026-08-12,email,newsletter_platform,30,43,4.81,1
2026-08-12,organic_search,seo_retainer,4713,148,24.19,
2026-08-12,paid_search,brand,82,20,3.47,0
2026-08-12,paid_search,non_brand,1328,66,41.41,0
2026-08-12,paid_social,prospecting,15160,136,51.77,1
2026-08-12,paid_social,retargeting,3034,36,19.17,5
2026-08-13,affiliate,commission,9288,37,1.08,0
2026-08-13,email,newsletter_platform,6405,79,4.81,4
2026-08-13,organic_search,seo_retainer,3765,114,24.19,
2026-08-13,paid_search,brand,104,20,3.11,0
2026-08-13,paid_search,non_brand,1003,44,27.04,0
2026-08-13,paid_social,prospecting,13711,101,43.19,0
2026-08-13,paid_social,retargeting,3053,39,15.86,0
2026-08-14,affiliate,commission,4957,21,2.38,0
2026-08-14,email,newsletter_platform,27,52,4.81,6
2026-08-14,organic_search,seo_retainer,4837,138,24.19,
2026-08-14,paid_search,brand,124,28,5.51,2
2026-08-14,paid_search,non_brand,1100,51,28.89,0
2026-08-14,paid_social,prospecting,12858,112,43.07,2
2026-08-14,paid_social,retargeting,3328,47,19.07,4
2026-08-15,affiliate,commission,4247,19,0.0,2
2026-08-15,email,newsletter_platform,31,27,4.81,0
2026-08-15,organic_search,seo_retainer,2865,88,24.19,
2026-08-15,paid_search,brand,98,20,3.04,6
2026-08-15,paid_search,non_brand,872,45,30.81,2
2026-08-15,paid_social,prospecting,9225,78,27.94,0
2026-08-15,paid_social,retargeting,2034,27,13.48,0
2026-08-16,affiliate,commission,7929,30,0.0,0
2026-08-16,email,newsletter_platform,23,42,4.81,0
2026-08-16,organic_search,seo_retainer,4647,127,24.19,
2026-08-16,paid_search,brand,119,27,5.21,0
2026-08-16,paid_search,non_brand,928,48,34.64,4
2026-08-16,paid_social,prospecting,10207,105,35.5,0
2026-08-16,paid_social,retargeting,3443,43,24.58,0
2026-08-17,affiliate,commission,7755,28,9.84,1
2026-08-17,email,newsletter_platform,19,35,4.81,0
2026-08-17,organic_search,seo_retainer,5140,144,24.19,
2026-08-17,paid_search,brand,103,26,4.79,0
2026-08-17,paid_search,non_brand,1081,52,31.24,0
2026-08-17,paid_social,prospecting,10458,105,39.66,5
2026-08-17,paid_social,retargeting,2037,32,14.2,1
2026-08-18,affiliate,commission,10165,41,9.12,0
2026-08-18,email,newsletter_platform,6443,114,4.81,2
2026-08-18,organic_search,seo_retainer,5908,172,24.19,
2026-08-18,paid_search,brand,143,32,4.93,1
2026-08-18,paid_search,non_brand,1418,65,34.06,1
2026-08-18,paid_social,prospecting,17267,162,59.45,1
2026-08-18,paid_social,retargeting,3353,55,22.14,0
2026-08-19,affiliate,commission,9389,29,2.44,0
2026-08-19,email,newsletter_platform,17,33,4.81,4
2026-08-19,organic_search,seo_retainer,2802,88,24.19,
2026-08-19,paid_search,brand,62,14,2.48,0
2026-08-19,paid_search,non_brand,544,27,16.48,0
2026-08-19,paid_social,prospecting,8315,92,28.97,1
2026-08-19,paid_social,retargeting,2134,31,13.68,0
2026-08-20,affiliate,commission,9854,34,17.21,2
2026-08-20,email,newsletter_platform,6484,81,4.81,0
2026-08-20,organic_search,seo_retainer,4057,122,24.19,
2026-08-20,paid_search,brand,117,22,3.64,0
2026-08-20,paid_search,non_brand,1520,51,33.86,0
2026-08-20,paid_social,prospecting,11283,104,34.55,0
2026-08-20,paid_social,retargeting,3124,44,19.4,0
2026-08-21,affiliate,commission,7690,28,0.0,0
2026-08-21,email,newsletter_platform,17,64,4.81,1
2026-08-21,organic_search,seo_retainer,5362,153,24.19,
2026-08-21,paid_search,brand,108,23,4.07,1
2026-08-21,paid_search,non_brand,798,39,25.37,1
2026-08-21,paid_social,prospecting,14814,132,52.13,2
2026-08-21,paid_social,retargeting,3344,55,20.93,1
2026-08-22,affiliate,commission,9859,34,2.64,0
2026-08-22,email,newsletter_platform,19,38,4.81,4
2026-08-22,organic_search,seo_retainer,6542,176,24.19,
2026-08-22,paid_search,brand,88,19,3.19,0
2026-08-22,paid_search,non_brand,779,40,30.18,0
2026-08-22,paid_social,prospecting,11962,99,38.82,1
2026-08-22,paid_social,retargeting,2838,39,18.08,3
2026-08-23,affiliate,commission,6515,27,2.4,2
2026-08-23,email,newsletter_platform,21,36,4.81,2
2026-08-23,organic_search,seo_retainer,3663,119,24.19,
2026-08-23,paid_search,brand,60,12,2.08,1
2026-08-23,paid_search,non_brand,864,35,28.01,1
2026-08-23,paid_social,prospecting,9787,89,31.08,0
2026-08-23,paid_social,retargeting,2289,33,12.63,0
2026-08-24,affiliate,commission,9094,35,6.02,0
2026-08-24,email,newsletter_platform,21,36,4.81,3
2026-08-24,organic_search,seo_retainer,4523,125,24.19,
2026-08-24,paid_search,brand,106,22,4.25,0
2026-08-24,paid_search,non_brand,841,36,24.38,0
2026-08-24,paid_social,prospecting,10938,98,34.51,0
2026-08-24,paid_social,retargeting,3025,42,15.71,0
2026-08-25,affiliate,commission,7659,29,7.46,2
2026-08-25,email,newsletter_platform,6492,82,4.81,10
2026-08-25,organic_search,seo_retainer,4341,121,24.19,
2026-08-25,paid_search,brand,132,27,4.64,1
2026-08-25,paid_search,non_brand,1339,53,35.07,0
2026-08-25,paid_social,prospecting,16857,141,58.07,4
2026-08-25,paid_social,retargeting,2658,42,17.46,2
2026-08-26,affiliate,commission,6811,30,0.0,1
2026-08-26,email,newsletter_platform,25,62,4.81,2
2026-08-26,organic_search,seo_retainer,4942,131,24.19,
2026-08-26,paid_search,brand,66,17,2.73,1
2026-08-26,paid_search,non_brand,805,41,32.08,2
2026-08-26,paid_social,prospecting,11648,91,36.94,0
2026-08-26,paid_social,retargeting,2407,35,13.98,1
2026-08-27,affiliate,commission,6380,25,0.0,0
2026-08-27,email,newsletter_platform,6473,93,4.81,3
2026-08-27,organic_search,seo_retainer,3953,130,24.19,
2026-08-27,paid_search,brand,107,26,4.29,2
2026-08-27,paid_search,non_brand,1574,56,42.06,2
2026-08-27,paid_social,prospecting,11721,126,42.83,1
2026-08-27,paid_social,retargeting,2406,34,14.73,4
2026-08-28,affiliate,commission,6077,26,6.5,0
2026-08-28,email,newsletter_platform,20,49,4.81,2
2026-08-28,organic_search,seo_retainer,4272,125,24.19,
2026-08-28,paid_search,brand,122,27,4.69,1
2026-08-28,paid_search,non_brand,1095,48,32.77,0
2026-08-28,paid_social,prospecting,12108,122,39.74,5
2026-08-28,paid_social,retargeting,2881,45,17.49,3
2026-08-29,affiliate,commission,7454,29,5.52,1
2026-08-29,email,newsletter_platform,24,28,4.81,1
2026-08-29,organic_search,seo_retainer,4194,144,24.19,
2026-08-29,paid_search,brand,154,31,5.63,1
2026-08-29,paid_search,non_brand,1142,56,36.21,1
2026-08-29,paid_social,prospecting,11489,129,32.19,0
2026-08-29,paid_social,retargeting,3243,45,21.51,0
2026-08-30,affiliate,commission,7582,34,0.9,2
2026-08-30,email,newsletter_platform,20,35,4.81,0
2026-08-30,organic_search,seo_retainer,6157,192,24.19,
2026-08-30,paid_search,brand,145,32,5.69,5
2026-08-30,paid_search,non_brand,1052,57,36.63,1
2026-08-30,paid_social,prospecting,17203,132,72.53,0
2026-08-30,paid_social,retargeting,2638,46,14.19,0
2026-08-31,affiliate,commission,12009,44,0.0,0
2026-08-31,email,newsletter_platform,30,48,4.81,10
2026-08-31,organic_search,seo_retainer,5033,147,24.19,
2026-08-31,paid_search,brand,203,45,8.17,5
2026-08-31,paid_search,non_brand,1416,56,38.72,2
2026-08-31,paid_social,prospecting,15000,137,50.14,1
2026-08-31,paid_social,retargeting,2542,43,15.25,0
2026-09-01,affiliate,commission,9929,36,0.0,0
2026-09-01,email,newsletter_platform,6563,111,4.97,10
2026-09-01,organic_search,seo_retainer,6491,169,25.0,
2026-09-01,paid_search,brand,122,28,4.85,3
2026-09-01,paid_search,non_brand,1343,65,45.51,1
2026-09-01,paid_social,prospecting,15948,128,59.98,0
2026-09-01,paid_social,retargeting,2964,47,18.5,0
2026-09-02,affiliate,commission,10008,45,2.4,2
2026-09-02,email,newsletter_platform,27,53,4.97,7
2026-09-02,organic_search,seo_retainer,4540,124,25.0,
2026-09-02,paid_search,brand,102,22,4.32,3
2026-09-02,paid_search,non_brand,765,42,21.67,2
2026-09-02,paid_social,prospecting,12390,128,41.37,1
2026-09-02,paid_social,retargeting,2900,44,16.91,4
2026-09-03,affiliate,commission,4341,16,9.44,0
2026-09-03,email,newsletter_platform,6612,100,4.97,7
2026-09-03,organic_search,seo_retainer,3619,113,25.0,
2026-09-03,paid_search,brand,75,20,3.39,2
2026-09-03,paid_search,non_brand,780,34,21.08,0
2026-09-03,paid_social,prospecting,9945,94,34.55,0
2026-09-03,paid_social,retargeting,2048,31,15.31,2
2026-09-04,affiliate,commission,7240,22,6.26,0
2026-09-04,email,newsletter_platform,28,38,4.97,0
2026-09-04,organic_search,seo_retainer,3221,115,25.0,
2026-09-04,paid_search,brand,75,19,3.08,4
2026-09-04,paid_search,non_brand,857,43,24.88,3
2026-09-04,paid_social,prospecting,14183,124,43.91,1
2026-09-04,paid_social,retargeting,3574,50,19.76,1
2026-09-05,affiliate,commission,9307,30,0.0,0
2026-09-05,email,newsletter_platform,26,28,4.97,2
2026-09-05,organic_search,seo_retainer,3548,98,25.0,
2026-09-05,paid_search,brand,90,20,3.64,7
2026-09-05,paid_search,non_brand,685,38,22.49,3
2026-09-05,paid_social,prospecting,12616,119,42.24,3
2026-09-05,paid_social,retargeting,2594,44,17.85,1
2026-09-06,affiliate,commission,7496,26,2.24,3
2026-09-06,email,newsletter_platform,34,45,4.97,0
2026-09-06,organic_search,seo_retainer,4487,154,25.0,
2026-09-06,paid_search,brand,156,27,4.52,0
2026-09-06,paid_search,non_brand,943,50,31.55,1
2026-09-06,paid_social,prospecting,16222,129,46.71,0
2026-09-06,paid_social,retargeting,2635,44,18.83,1
2026-09-07,affiliate,commission,7411,27,3.36,0
2026-09-07,email,newsletter_platform,33,40,4.97,0
2026-09-07,organic_search,seo_retainer,6602,188,25.0,
2026-09-07,paid_search,brand,142,34,4.8,9
2026-09-07,paid_search,non_brand,1206,60,46.76,3
2026-09-07,paid_social,prospecting,16545,150,48.48,3
2026-09-07,paid_social,retargeting,3448,54,20.79,2
2026-09-08,affiliate,commission,9588,43,0.0,0
2026-09-08,email,newsletter_platform,6604,100,4.97,0
2026-09-08,organic_search,seo_retainer,4210,142,25.0,
2026-09-08,paid_search,brand,114,26,5.1,1
2026-09-08,paid_search,non_brand,1499,58,38.14,6
2026-09-08,paid_social,prospecting,19908,156,65.36,3
2026-09-08,paid_social,retargeting,3258,42,21.16,5
2026-09-09,affiliate,commission,11635,42,0.0,2
2026-09-09,email,newsletter_platform,29,88,4.97,0
2026-09-09,organic_search,seo_retainer,6051,180,25.0,
2026-09-09,paid_search,brand,164,40,7.34,0
2026-09-09,paid_search,non_brand,1573,88,66.49,1
2026-09-09,paid_social,prospecting,22689,170,79.06,1
2026-09-09,paid_social,retargeting,4718,62,28.38,1
2026-09-10,affiliate,commission,4389,18,0.0,0
2026-09-10,email,newsletter_platform,6616,108,4.97,2
2026-09-10,organic_search,seo_retainer,3853,136,25.0,
2026-09-10,paid_search,brand,93,20,3.35,0
2026-09-10,paid_search,non_brand,793,30,16.85,0
2026-09-10,paid_social,prospecting,13430,122,45.62,2
2026-09-10,paid_social,retargeting,2561,35,13.81,4
2026-09-11,affiliate,commission,8101,34,1.92,0
2026-09-11,email,newsletter_platform,26,40,4.97,2
2026-09-11,organic_search,seo_retainer,3655,128,25.0,
2026-09-11,paid_search,brand,85,22,3.74,2
2026-09-11,paid_search,non_brand,981,41,27.99,0
2026-09-11,paid_social,prospecting,17241,134,52.35,1
2026-09-11,paid_social,retargeting,3266,46,20.45,1
2026-09-12,affiliate,commission,6096,25,0.0,0
2026-09-12,email,newsletter_platform,25,22,4.97,0
2026-09-12,organic_search,seo_retainer,3435,102,25.0,
2026-09-12,paid_search,brand,84,18,2.98,0
2026-09-12,paid_search,non_brand,753,34,19.99,0
2026-09-12,paid_social,prospecting,9843,97,34.57,0
2026-09-12,paid_social,retargeting,1574,27,9.28,0
2026-09-13,affiliate,commission,5949,23,5.76,0
2026-09-13,email,newsletter_platform,28,32,4.97,1
2026-09-13,organic_search,seo_retainer,4327,124,25.0,
2026-09-13,paid_search,brand,110,29,5.14,1
2026-09-13,paid_search,non_brand,939,48,34.44,0
2026-09-13,paid_social,prospecting,14468,124,48.23,1
2026-09-13,paid_social,retargeting,3680,49,22.62,1
2026-09-14,affiliate,commission,13504,48,5.61,0
2026-09-14,email,newsletter_platform,26,51,4.97,3
2026-09-14,organic_search,seo_retainer,5329,181,25.0,
2026-09-14,paid_search,brand,145,28,4.38,6
2026-09-14,paid_search,non_brand,1196,59,42.37,4
2026-09-14,paid_social,prospecting,15687,142,46.54,1
2026-09-14,paid_social,retargeting,2827,38,17.51,1
2026-09-15,affiliate,commission,18326,55,2.02,7
2026-09-15,email,newsletter_platform,6666,105,4.97,7
2026-09-15,organic_search,seo_retainer,6998,205,25.0,
2026-09-15,paid_search,brand,134,36,6.22,4
2026-09-15,paid_search,non_brand,1726,78,54.25,3
2026-09-15,paid_social,prospecting,21029,191,62.27,0
2026-09-15,paid_social,retargeting,4888,65,30.65,1
2026-09-16,affiliate,commission,7118,29,0.0,0
2026-09-16,email,newsletter_platform,30,73,4.97,5
2026-09-16,organic_search,seo_retainer,4428,147,25.0,
2026-09-16,paid_search,brand,179,33,5.84,1
2026-09-16,paid_search,non_brand,1602,78,42.31,1
2026-09-16,paid_social,prospecting,17232,143,61.98,1
2026-09-16,paid_social,retargeting,4174,58,28.16,2
2026-09-17,affiliate,commission,13210,57,4.68,0
2026-09-17,email,newsletter_platform,6655,90,4.97,1
2026-09-17,organic_search,seo_retainer,4475,134,25.0,
2026-09-17,paid_search,brand,117,23,4.04,0
2026-09-17,paid_search,non_brand,991,45,29.55,1
2026-09-17,paid_social,prospecting,13025,112,46.61,0
2026-09-17,paid_social,retargeting,2182,30,15.65,1
2026-09-18,affiliate,commission,6575,25,0.0,0
2026-09-18,email,newsletter_platform,21,34,4.97,0
2026-09-18,organic_search,seo_retainer,1877,66,25.0,
2026-09-18,paid_search,brand,56,13,2.34,0
2026-09-18,paid_search,non_brand,646,26,17.18,0
2026-09-18,paid_social,prospecting,5775,66,19.57,0
2026-09-18,paid_social,retargeting,1774,26,12.64,0
2026-09-19,affiliate,commission,8363,35,0.0,0
2026-09-19,email,newsletter_platform,29,33,4.97,1
2026-09-19,organic_search,seo_retainer,6047,178,25.0,
2026-09-19,paid_search,brand,81,18,3.17,2
2026-09-19,paid_search,non_brand,1195,53,34.03,4
2026-09-19,paid_social,prospecting,17336,148,67.58,3
2026-09-19,paid_social,retargeting,2720,37,16.76,4
2026-09-20,affiliate,commission,13791,43,2.16,0
2026-09-20,email,newsletter_platform,27,27,4.97,1
2026-09-20,organic_search,seo_retainer,3989,116,25.0,
2026-09-20,paid_search,brand,94,24,4.26,0
2026-09-20,paid_search,non_brand,1266,53,28.48,1
2026-09-20,paid_social,prospecting,9705,101,32.7,1
2026-09-20,paid_social,retargeting,1964,27,14.24,1
2026-09-21,affiliate,commission,8596,26,0.0,1
2026-09-21,email,newsletter_platform,27,38,4.97,1
2026-09-21,organic_search,seo_retainer,4567,133,25.0,
2026-09-21,paid_search,brand,93,24,4.36,0
2026-09-21,paid_search,non_brand,918,51,33.06,1
2026-09-21,paid_social,prospecting,12414,135,45.92,0
2026-09-21,paid_social,retargeting,2579,36,14.16,0
2026-09-22,affiliate,commission,9042,37,34.92,0
2026-09-22,email,newsletter_platform,6690,104,4.97,14
2026-09-22,organic_search,seo_retainer,2988,106,25.0,
2026-09-22,paid_search,brand,114,23,4.37,2
2026-09-22,paid_search,non_brand,1373,75,55.79,6
2026-09-22,paid_social,prospecting,13458,136,43.67,0
2026-09-22,paid_social,retargeting,3561,54,21.21,2
2026-09-23,affiliate,commission,8461,31,0.0,2
2026-09-23,email,newsletter_platform,21,33,4.97,0
2026-09-23,organic_search,seo_retainer,4169,137,25.0,
2026-09-23,paid_search,brand,134,31,4.99,1
2026-09-23,paid_search,non_brand,1668,60,46.6,2
2026-09-23,paid_social,prospecting,8682,89,29.89,0
2026-09-23,paid_social,retargeting,2504,36,16.34,1
2026-09-24,affiliate,commission,10706,34,0.0,0
2026-09-24,email,newsletter_platform,6723,94,4.97,3
2026-09-24,organic_search,seo_retainer,4666,149,25.0,
2026-09-24,paid_search,brand,163,40,6.29,6
2026-09-24,paid_search,non_brand,1148,48,30.52,2
2026-09-24,paid_social,prospecting,18107,174,55.55,0
2026-09-24,paid_social,retargeting,3906,57,26.18,0
2026-09-25,affiliate,commission,6850,27,0.0,3
2026-09-25,email,newsletter_platform,21,47,4.97,5
2026-09-25,organic_search,seo_retainer,2928,91,25.0,
2026-09-25,paid_search,brand,84,16,2.76,0
2026-09-25,paid_search,non_brand,1500,45,27.75,4
2026-09-25,paid_social,prospecting,11882,118,40.4,0
2026-09-25,paid_social,retargeting,2804,40,16.84,0
2026-09-26,affiliate,commission,9192,29,0.0,1
2026-09-26,email,newsletter_platform,27,27,4.97,0
2026-09-26,organic_search,seo_retainer,3886,109,25.0,
2026-09-26,paid_search,brand,104,20,3.32,1
2026-09-26,paid_search,non_brand,845,32,22.32,1
2026-09-26,paid_social,prospecting,15261,136,47.26,1
2026-09-26,paid_social,retargeting,2598,42,19.45,2
2026-09-27,affiliate,commission,5612,21,2.8,0
2026-09-27,email,newsletter_platform,22,32,4.97,2
2026-09-27,organic_search,seo_retainer,2972,94,25.0,
2026-09-27,paid_search,brand,99,25,4.26,0
2026-09-27,paid_search,non_brand,1024,47,30.55,0
2026-09-27,paid_social,prospecting,11305,113,35.73,0
2026-09-27,paid_social,retargeting,2056,29,13.36,0
2026-09-28,affiliate,commission,9664,35,0.0,0
2026-09-28,email,newsletter_platform,24,36,4.97,9
2026-09-28,organic_search,seo_retainer,2791,92,25.0,
2026-09-28,paid_search,brand,70,13,2.09,0
2026-09-28,paid_search,non_brand,524,25,13.95,1
2026-09-28,paid_social,prospecting,7999,77,24.92,3
2026-09-28,paid_social,retargeting,2028,31,13.34,0
2026-09-29,affiliate,commission,6834,26,0.0,2
2026-09-29,email,newsletter_platform,6789,75,4.97,8
2026-09-29,organic_search,seo_retainer,2325,71,25.0,
2026-09-29,paid_search,brand,123,21,4.0,2
2026-09-29,paid_search,non_brand,944,39,26.97,2
2026-09-29,paid_social,prospecting,8714,89,29.53,3
2026-09-29,paid_social,retargeting,2300,35,13.21,9
2026-09-30,affiliate,commission,8875,29,0.0,0
2026-09-30,email,newsletter_platform,30,72,4.97,1
2026-09-30,organic_search,seo_retainer,4638,135,25.0,
2026-09-30,paid_search,brand,141,27,4.89,2
2026-09-30,paid_search,non_brand,1459,60,42.82,1
2026-09-30,paid_social,prospecting,16617,129,57.16,4
2026-09-30,paid_social,retargeting,3112,48,16.6,5
