order_item_id,order_id,product_id,quantity,unit_price,discount_pct,is_returned,return_reason,return_date
1,1,31,1,24.99,0,0,,
2,2,111,1,0.01,0,0,,
3,3,136,1,0.01,0,0,,
4,4,7,1,119.99,0,0,,
5,4,85,1,24.99,0,0,,
6,5,78,1,11.99,10,0,,
7,5,132,1,11.99,10,0,,
8,6,7,1,119.99,10,0,,
9,6,41,1,19.99,10,1,changed_mind,2024-01-06
10,6,109,1,44.99,10,0,,
11,6,111,1,16.99,10,0,,
12,7,51,1,24.99,10,0,,
13,8,121,1,0.01,0,0,,
14,9,58,1,17.99,0,0,,
15,9,29,1,34.99,0,0,,
16,10,17,1,12.99,0,0,,
17,10,36,1,12.99,0,0,,
18,10,59,1,9.99,0,0,,
19,11,36,1,12.99,0,0,,
20,12,140,1,9.99,0,0,,
21,12,39,1,34.99,0,0,,
22,13,124,1,64.99,0,0,,
23,14,88,1,34.99,0,0,,
24,15,59,1,9.99,10,0,,
25,16,132,1,11.99,0,0,,
26,16,120,1,89.99,0,0,,
27,17,85,1,24.99,0,0,,
28,17,141,1,24.99,0,0,,
29,18,92,1,24.99,0,0,,
30,18,113,1,39.99,0,0,,
31,18,64,1,9.99,0,0,,
32,19,30,1,19.99,0,0,,
33,19,33,1,34.99,0,0,,
34,20,136,3,12.99,0,0,,
35,20,28,1,34.99,0,0,,
36,21,36,1,12.99,0,0,,
37,21,11,1,49.99,0,0,,
38,21,45,1,29.99,0,0,,
39,22,131,1,24.99,10,0,,
40,23,41,1,19.99,0,0,,
41,24,65,2,34.99,0,0,,
42,24,112,1,44.99,0,0,,
43,25,103,1,19.99,0,0,,
44,25,102,1,59.99,0,0,,
45,25,41,1,19.99,0,0,,
46,26,98,1,7.99,0,0,,
47,27,126,1,49.99,10,0,,
48,28,95,1,27.99,0,0,,
49,29,118,1,149.99,0,0,,
50,29,17,1,12.99,0,0,,
51,29,87,1,89.99,0,0,,
52,30,68,1,99.99,0,0,,
53,30,95,2,27.99,0,0,,
54,31,125,1,12.99,0,0,,
55,31,41,1,19.99,0,0,,
56,31,64,1,9.99,0,0,,
57,32,68,1,99.99,0,0,,
58,32,39,1,34.99,0,0,,
59,32,111,1,16.99,0,0,,
60,33,111,1,16.99,0,0,,
61,33,98,1,7.99,0,0,,
62,33,63,1,89.99,0,0,,
63,33,136,1,12.99,0,0,,
64,33,43,1,17.99,0,0,,
65,34,41,1,19.99,10,0,,
66,35,138,1,59.99,0,0,,
67,35,67,1,34.99,0,0,,
68,36,79,1,54.99,0,0,,
69,37,136,1,12.99,0,0,,
70,37,24,1,34.99,0,0,,
71,37,95,1,27.99,0,0,,
72,37,107,1,8.99,0,1,arrived_late,2024-01-22
73,38,106,1,279.99,0,0,,
74,38,140,1,9.99,0,0,,
75,38,30,1,19.99,0,0,,
76,38,141,1,24.99,0,0,,
77,39,82,1,9.99,0,0,,
78,39,83,1,24.99,0,0,,
79,39,64,1,9.99,0,0,,
80,40,128,1,69.99,0,0,,
81,41,87,1,89.99,0,0,,
82,41,3,1,199.99,0,0,,
83,42,111,1,16.99,10,1,changed_mind,2024-02-01
84,43,41,1,19.99,0,0,,
85,44,113,1,39.99,10,0,,
86,45,42,1,19.99,0,0,,
87,46,125,1,12.99,10,0,,
88,46,93,1,12.99,10,0,,
89,47,141,1,24.99,10,0,,
90,47,41,1,19.99,10,0,,
91,47,111,1,16.99,10,0,,
92,47,84,1,39.99,10,0,,
93,48,111,1,16.99,0,0,,
94,48,88,1,34.99,0,0,,
95,48,118,1,149.99,0,0,,
96,49,78,1,11.99,0,0,,
97,49,110,1,19.99,0,0,,
98,49,59,1,9.99,0,0,,
99,50,51,1,24.99,0,0,,
100,51,39,1,34.99,0,0,,
101,51,22,1,89.99,0,0,,
102,52,125,1,12.99,10,1,defective,2024-03-07
103,53,130,1,14.99,10,0,,
104,54,141,1,24.99,0,0,,
105,54,121,1,24.99,0,0,,
106,55,33,1,34.99,0,0,,
107,55,79,1,54.99,0,0,,
108,56,111,1,16.99,0,0,,
109,57,72,1,24.99,10,0,,
110,57,11,1,49.99,10,1,size_too_small,2024-02-04
111,57,113,1,39.99,10,0,,
112,58,117,1,6.99,10,0,,
113,59,62,1,29.99,0,0,,
114,60,17,1,12.99,10,0,,
115,61,39,1,34.99,0,0,,
116,62,88,1,34.99,10,0,,
117,62,36,1,12.99,10,0,,
118,62,110,1,19.99,10,0,,
119,63,112,1,44.99,0,0,,
120,64,125,1,12.99,0,0,,
121,64,41,1,19.99,0,0,,
122,64,136,1,12.99,0,0,,
123,65,30,1,19.99,0,0,,
124,66,125,1,12.99,0,0,,
125,67,70,2,12.99,0,0,,
126,67,57,1,19.99,0,0,,
127,68,125,1,12.99,0,1,size_too_small,2024-02-05
128,68,110,1,19.99,0,0,,
129,68,7,1,119.99,0,0,,
130,68,102,1,59.99,0,0,,
131,69,98,2,7.99,0,0,,
132,70,111,1,16.99,0,0,,
133,71,23,1,34.99,0,1,defective,2024-02-23
134,71,139,1,29.99,0,0,,
135,72,111,1,16.99,0,0,,
136,73,110,1,19.99,10,0,,
137,74,50,2,24.99,0,0,,
138,75,41,1,19.99,0,0,,
139,75,134,1,12.99,0,0,,
140,76,104,1,49.99,10,0,,
141,77,111,1,16.99,10,0,,
142,78,62,1,29.99,0,1,changed_mind,2024-02-09
143,78,125,1,12.99,0,0,,
144,79,68,1,99.99,10,0,,
145,79,62,2,29.99,10,0,,
146,79,25,1,19.99,10,0,,
147,79,30,1,19.99,10,0,,
148,80,143,1,19.99,10,0,,
149,81,96,1,34.99,0,0,,
150,82,81,1,179.99,0,0,,
151,82,136,1,12.99,0,0,,
152,83,111,1,16.99,10,0,,
153,84,5,1,44.99,0,0,,
154,85,96,1,34.99,0,0,,
155,85,79,1,54.99,0,1,changed_mind,2024-02-14
156,86,9,1,24.99,0,0,,
157,87,33,1,34.99,0,0,,
158,88,91,1,44.99,10,0,,
159,89,102,1,59.99,0,0,,
160,89,98,1,7.99,0,0,,
161,89,87,1,89.99,0,0,,
162,90,136,1,12.99,0,1,,2024-02-12
163,91,95,1,27.99,0,0,,
164,92,33,1,34.99,0,0,,
165,92,82,1,9.99,0,0,,
166,92,124,1,64.99,0,1,size_too_large,2024-02-17
167,93,27,1,24.99,10,0,,
168,93,36,1,12.99,10,0,,
169,94,48,1,89.99,10,0,,
170,94,82,1,9.99,10,0,,
171,95,5,1,44.99,10,0,,
172,96,20,1,34.99,0,0,,
173,96,136,1,12.99,0,0,,
174,97,78,1,11.99,0,0,,
175,98,117,1,6.99,0,0,,
176,98,105,1,34.99,0,0,,
177,99,139,2,29.99,0,0,,
178,99,64,1,9.99,0,0,,
179,100,42,1,19.99,0,0,,
180,100,119,1,34.99,0,0,,
181,100,17,2,12.99,0,0,,
182,101,79,1,54.99,10,0,,
183,102,87,1,89.99,0,0,,
184,103,51,1,24.99,0,0,,
185,103,13,1,89.99,0,0,,
186,104,77,1,44.99,0,0,,
187,105,74,1,16.99,0,0,,
188,105,86,1,9.99,0,0,,
189,105,110,1,19.99,0,0,,
190,106,83,1,24.99,10,0,,
191,106,64,1,9.99,10,0,,
192,106,130,1,14.99,10,0,,
193,107,62,1,29.99,0,0,,
194,107,145,1,14.99,0,0,,
195,108,33,1,34.99,0,0,,
196,108,140,1,9.99,0,0,,
197,109,110,1,19.99,10,0,,
198,109,144,1,69.99,10,1,,2024-02-17
199,110,124,1,64.99,10,0,,
200,110,75,1,39.99,10,0,,
201,111,23,1,34.99,0,0,,
202,111,77,1,44.99,0,0,,
203,112,116,1,34.99,0,0,,
204,112,12,1,12.99,0,1,arrived_late,2024-02-20
205,113,58,1,17.99,0,0,,
206,114,27,1,24.99,0,0,,
207,115,111,1,16.99,10,0,,
208,116,140,1,9.99,0,0,,
209,117,58,1,17.99,0,0,,
210,117,62,1,29.99,0,0,,
211,118,62,1,29.99,10,0,,
212,119,36,2,12.99,10,0,,
213,120,39,1,34.99,10,0,,
214,121,145,1,14.99,10,0,,
215,121,5,1,44.99,10,0,,
216,121,125,1,12.99,10,1,changed_mind,2024-02-25
217,122,84,1,39.99,0,0,,
218,122,140,1,9.99,0,0,,
219,123,70,1,12.99,0,0,,
220,123,64,1,9.99,0,0,,
221,124,74,1,16.99,10,0,,
222,124,85,1,24.99,10,0,,
223,124,59,1,9.99,10,0,,
224,125,83,1,24.99,0,0,,
225,125,7,1,119.99,0,0,,
226,126,45,1,29.99,10,1,wrong_item,2024-02-23
227,126,133,1,12.99,10,0,,
228,127,32,1,34.99,0,0,,
229,127,58,1,17.99,0,0,,
230,128,85,1,24.99,0,0,,
231,129,111,1,16.99,0,0,,
232,129,51,1,24.99,0,1,not_as_described,2024-02-29
233,129,39,1,34.99,0,0,,
234,130,26,1,14.99,10,0,,
235,130,51,1,24.99,10,0,,
236,131,111,1,16.99,0,0,,
237,132,59,1,9.99,10,0,,
238,132,96,1,34.99,10,0,,
239,133,9,1,24.99,10,0,,
240,133,73,1,49.99,10,0,,
241,134,17,1,12.99,0,0,,
242,134,4,1,14.99,0,0,,
243,135,33,1,34.99,10,0,,
244,135,21,1,19.99,10,0,,
245,136,111,1,16.99,0,1,,2024-02-25
246,136,62,1,29.99,0,0,,
247,136,39,1,34.99,0,0,,
248,137,41,1,19.99,0,0,,
249,138,36,1,12.99,10,0,,
250,138,131,2,24.99,10,1,changed_mind,2024-03-07
251,139,72,1,24.99,10,0,,
252,139,96,1,34.99,10,0,,
253,140,94,2,12.99,0,0,,
254,140,119,1,34.99,0,0,,
255,141,60,1,79.99,0,1,changed_mind,2024-03-04
256,142,62,1,29.99,0,0,,
257,143,85,1,24.99,0,0,,
258,144,21,1,19.99,0,0,,
259,145,138,1,59.99,0,0,,
260,146,84,1,39.99,0,0,,
261,146,82,1,9.99,0,0,,
262,147,5,1,44.99,0,0,,
263,147,146,1,21.99,0,0,,
264,148,78,1,11.99,0,0,,
265,149,6,1,59.99,10,0,,
266,150,75,1,39.99,10,0,,
267,151,18,1,34.99,0,0,,
268,151,59,1,9.99,0,0,,
269,152,145,1,14.99,10,0,,
270,152,108,1,89.99,10,0,,
271,152,98,1,7.99,10,0,,
272,153,109,1,44.99,0,1,size_too_large,2024-03-07
273,154,47,1,89.99,0,0,,
274,154,9,1,24.99,0,0,,
275,154,39,3,34.99,0,0,,
276,154,29,1,34.99,0,0,,
277,154,65,1,34.99,0,0,,
278,155,64,1,9.99,0,0,,
279,156,146,1,21.99,0,0,,
280,157,108,3,89.99,0,0,,
281,157,24,1,34.99,0,0,,
282,158,86,1,9.99,0,0,,
283,159,119,1,34.99,10,0,,
284,160,87,1,89.99,10,0,,
285,161,125,1,12.99,0,0,,
286,162,73,1,49.99,0,0,,
287,163,17,1,12.99,10,0,,
288,164,137,1,89.99,0,0,,
289,165,146,1,21.99,10,0,,
290,166,62,1,29.99,0,0,,
291,167,39,1,34.99,10,0,,
292,167,142,1,49.99,10,0,,
293,168,23,1,34.99,20,0,,
294,168,117,1,6.99,0,0,,
295,169,66,1,69.99,0,0,,
296,170,136,1,12.99,0,0,,
297,170,97,1,44.99,0,0,,
298,170,63,1,89.99,0,1,size_too_small,2024-03-10
299,171,141,1,24.99,10,0,,
300,172,80,1,69.99,0,0,,
301,172,145,1,14.99,0,0,,
302,173,69,1,149.99,10,0,,
303,173,46,1,159.99,10,0,,
304,173,106,1,279.99,0,0,,
305,173,30,1,19.99,10,0,,
306,174,145,2,14.99,0,0,,
307,175,59,1,9.99,15,0,,
308,175,109,1,44.99,0,0,,
309,176,148,1,24.99,0,1,changed_mind,2024-03-08
310,176,125,1,12.99,0,0,,
311,177,51,1,24.99,0,0,,
312,178,39,2,34.99,10,0,,
313,178,13,1,89.99,10,0,,
314,179,132,1,11.99,20,0,,
315,179,64,1,9.99,20,0,,
316,179,66,1,69.99,0,0,,
317,179,58,1,17.99,0,0,,
318,180,64,1,9.99,20,0,,
319,181,17,1,12.99,0,0,,
320,181,136,1,12.99,0,0,,
321,181,41,1,19.99,0,1,changed_mind,2024-03-14
322,182,79,1,54.99,0,0,,
323,183,148,1,24.99,0,0,,
324,184,82,2,9.99,0,0,,
325,184,39,1,34.99,0,0,,
326,184,130,1,16.49,0,0,,
327,185,98,1,7.99,10,0,,
328,185,62,1,29.99,10,0,,
329,185,21,1,19.99,10,0,,
330,186,70,1,13.99,15,0,,
331,187,45,1,29.99,0,0,,
332,187,125,1,12.99,0,1,not_as_described,2024-03-10
333,187,141,2,24.99,0,0,,
334,188,143,1,19.99,20,0,,
335,189,79,1,54.99,0,0,,
336,190,145,1,14.99,0,0,,
337,191,145,1,14.99,10,0,,
338,192,21,1,19.99,0,1,wrong_item,2024-03-13
339,193,23,1,34.99,25,0,,
340,193,65,1,34.99,0,0,,
341,194,126,1,49.99,0,1,arrived_late,2024-03-14
342,194,42,1,19.99,0,0,,
343,195,33,1,34.99,25,0,,
344,195,111,1,17.99,0,0,,
345,196,52,1,15.49,0,0,,
346,197,12,3,13.49,10,0,,
347,198,144,1,69.99,10,1,arrived_late,2024-03-18
348,199,78,1,11.99,0,0,,
349,199,122,1,29.99,0,0,,
350,200,70,1,13.99,0,0,,
351,200,41,1,22.99,0,0,,
352,200,140,1,9.99,0,0,,
353,201,88,1,34.99,0,0,,
354,202,33,1,34.99,25,0,,
355,203,22,1,99.99,0,0,,
356,204,43,1,17.99,0,0,,
357,205,26,1,14.99,10,0,,
358,206,105,1,34.99,10,0,,
359,206,111,1,17.99,10,0,,
360,207,58,1,16.99,0,0,,
361,208,117,1,6.49,10,0,,
362,208,140,1,9.99,10,0,,
363,209,36,1,11.99,10,0,,
364,210,110,1,19.99,0,0,,
365,210,116,1,34.99,0,0,,
366,210,66,1,69.99,0,1,defective,2024-04-09
367,210,42,1,19.99,0,0,,
368,210,132,1,11.99,0,0,,
369,210,148,1,24.99,0,0,,
370,211,43,1,17.99,0,0,,
371,212,17,1,12.99,0,0,,
372,213,111,1,17.99,0,0,,
373,214,39,1,34.99,0,0,,
374,215,12,1,13.49,0,0,,
375,216,51,1,24.99,0,0,,
376,217,84,1,39.99,0,0,,
377,217,72,1,24.99,0,0,,
378,218,133,1,13.99,0,0,,
379,219,78,1,11.99,10,0,,
380,220,147,1,19.99,0,1,size_too_small,2024-03-23
381,220,3,1,199.99,0,0,,
382,221,19,1,329.99,0,1,changed_mind,2024-03-25
383,222,102,1,59.99,0,0,,
384,223,125,1,12.99,0,1,size_too_small,2024-03-22
385,223,134,1,12.99,0,0,,
386,223,137,2,89.99,0,0,,
387,224,12,1,13.49,0,0,,
388,224,140,1,9.99,0,0,,
389,225,96,1,34.99,0,0,,
390,225,145,1,14.99,0,0,,
391,226,4,1,14.99,10,0,,
392,226,64,1,9.99,10,0,,
393,227,45,1,29.99,10,0,,
394,228,100,1,79.99,0,0,,
395,228,123,1,49.99,0,0,,
396,229,146,1,21.99,0,0,,
397,229,17,1,12.99,0,0,,
398,230,148,1,24.99,0,0,,
399,231,17,2,12.99,0,0,,
400,231,21,1,19.99,0,0,,
401,232,64,1,9.99,10,0,,
402,233,108,1,89.99,0,0,,
403,234,62,1,29.99,0,0,,
404,234,95,1,29.99,0,0,,
405,235,36,1,11.99,0,0,,
406,236,51,1,24.99,10,0,,
407,237,88,1,34.99,0,0,,
408,237,83,1,24.99,0,0,,
409,238,42,1,19.99,0,0,,
410,239,17,2,12.99,10,0,,
411,240,93,2,12.99,10,0,,
412,240,30,1,22.99,10,0,,
413,240,111,1,17.99,10,0,,
414,240,79,1,54.99,10,1,size_too_small,2024-03-24
415,241,47,1,89.99,0,0,,
416,241,39,1,34.99,0,0,,
417,242,79,1,54.99,0,0,,
418,243,26,1,14.99,0,0,,
419,243,70,2,13.99,0,0,,
420,244,5,1,47.99,0,0,,
421,245,146,1,21.99,0,0,,
422,246,150,1,14.99,0,0,,
423,247,59,1,9.99,15,0,,
424,248,24,1,34.99,0,0,,
425,249,123,1,49.99,0,0,,
426,249,140,1,9.99,0,0,,
427,250,30,1,22.99,0,0,,
428,250,111,1,17.99,0,0,,
429,251,126,1,49.99,0,0,,
430,251,119,1,34.99,0,1,wrong_item,2024-03-31
431,252,51,1,24.99,10,0,,
432,253,24,1,34.99,0,0,,
433,253,95,1,29.99,20,0,,
434,254,152,1,19.99,10,0,,
435,255,148,1,24.99,0,1,size_too_small,2024-03-29
436,255,99,1,29.99,0,0,,
437,255,110,1,19.99,0,0,,
438,255,113,1,39.99,0,0,,
439,256,36,1,11.99,10,0,,
440,256,139,1,29.99,10,0,,
441,256,59,1,9.99,10,0,,
442,257,58,1,16.99,20,0,,
443,257,105,1,34.99,0,0,,
444,258,77,1,44.99,0,0,,
445,259,117,1,6.49,0,0,,
446,259,82,2,10.49,0,0,,
447,260,136,2,12.99,0,0,,
448,261,111,1,17.99,0,0,,
449,262,134,1,12.99,0,0,,
450,263,134,1,12.99,0,0,,
451,264,23,1,37.99,10,0,,
452,265,47,1,89.99,10,0,,
453,266,95,1,29.99,0,0,,
454,266,101,1,42.99,0,0,,
455,266,68,1,99.99,0,0,,
456,267,141,1,24.99,0,0,,
457,268,61,1,14.99,10,0,,
458,268,51,2,24.99,10,0,,
459,268,130,1,16.49,10,0,,
460,269,41,1,22.99,0,0,,
461,269,153,1,14.99,0,0,,
462,269,112,1,44.99,0,0,,
463,269,51,1,24.99,0,0,,
464,269,138,1,59.99,0,0,,
465,269,148,1,24.99,0,1,changed_mind,2024-04-07
466,270,5,1,47.99,0,0,,
467,271,111,1,17.99,0,0,,
468,271,24,1,34.99,0,0,,
469,272,23,1,37.99,0,0,,
470,272,143,1,19.99,0,0,,
471,272,130,1,16.49,0,0,,
472,273,58,1,16.99,20,0,,
473,274,21,1,19.99,0,0,,
474,275,30,1,22.99,0,0,,
475,275,108,1,89.99,0,0,,
476,275,54,1,129.99,0,0,,
477,276,140,1,9.99,10,0,,
478,277,134,2,12.99,0,0,,
479,278,41,1,22.99,0,0,,
480,278,17,1,12.99,0,0,,
481,278,102,1,59.99,0,0,,
482,279,145,2,14.99,10,0,,
483,279,98,1,7.99,10,0,,
484,279,72,1,24.99,10,0,,
485,280,59,1,9.99,10,0,,
486,281,97,1,47.99,0,1,changed_mind,2024-04-06
487,282,61,1,14.99,0,0,,
488,283,105,1,34.99,0,0,,
489,284,121,3,27.99,0,1,changed_mind,2024-04-06
490,285,53,1,84.99,0,1,changed_mind,2024-04-06
491,285,52,1,15.49,0,0,,
492,286,42,1,19.99,0,0,,
493,287,129,1,24.99,0,0,,
494,288,109,2,44.99,0,0,,
495,289,109,1,44.99,0,0,,
496,290,153,1,14.99,0,0,,
497,291,73,1,49.99,10,0,,
498,292,114,1,24.99,0,0,,
499,292,79,1,54.99,0,0,,
500,292,32,1,37.99,0,0,,
501,292,154,1,29.99,0,0,,
502,293,88,1,34.99,0,0,,
503,293,153,1,14.99,0,0,,
504,293,41,1,22.99,0,0,,
505,294,59,1,9.99,0,0,,
506,295,130,1,16.49,0,0,,
507,296,70,1,13.99,10,0,,
508,297,134,1,12.99,10,0,,
509,297,50,1,24.99,10,0,,
510,297,52,1,15.49,10,0,,
511,298,103,1,19.99,0,0,,
512,299,36,1,11.99,0,0,,
513,299,153,1,14.99,0,0,,
514,300,107,2,8.99,10,0,,
515,301,14,1,22.99,0,0,,
516,302,56,1,19.99,10,0,,
517,302,98,1,7.99,25,0,,
518,303,126,1,49.99,20,0,,
519,303,119,1,34.99,0,0,,
520,304,134,3,12.99,0,0,,
521,305,113,1,39.99,0,1,changed_mind,2024-04-11
522,305,53,1,84.99,0,1,size_too_small,2024-04-17
523,306,62,1,29.99,0,0,,
524,307,14,1,22.99,10,0,,
525,307,39,1,34.99,10,0,,
526,308,115,1,79.99,10,0,,
527,309,91,1,44.99,0,0,,
528,309,98,1,7.99,25,0,,
529,310,82,1,10.49,10,0,,
530,311,89,1,29.99,0,0,,
531,311,104,1,54.99,0,0,,
532,311,121,1,27.99,0,0,,
533,312,25,1,19.99,10,1,not_as_described,2024-04-16
534,313,14,1,22.99,0,0,,
535,314,134,2,12.99,10,0,,
536,315,85,1,24.99,0,0,,
537,316,65,1,34.99,0,0,,
538,316,150,1,14.99,0,0,,
539,317,115,1,79.99,0,0,,
540,318,111,1,17.99,10,0,,
541,318,147,1,19.99,10,0,,
542,318,140,1,9.99,10,0,,
543,319,113,1,39.99,10,0,,
544,320,58,1,16.99,0,0,,
545,320,147,1,19.99,0,0,,
546,321,88,1,34.99,0,0,,
547,322,41,1,22.99,0,0,,
548,323,121,1,27.99,0,0,,
549,323,92,1,24.99,0,0,,
550,323,150,1,14.99,0,0,,
551,324,25,1,19.99,0,0,,
552,325,45,1,29.99,10,0,,
553,325,12,1,13.49,10,0,,
554,325,51,1,24.99,10,1,changed_mind,2024-04-13
555,326,103,1,19.99,0,0,,
556,327,30,1,22.99,0,0,,
557,328,82,1,10.49,0,0,,
558,329,147,1,19.99,0,0,,
559,329,103,1,19.99,0,0,,
560,330,142,1,49.99,0,1,changed_mind,2024-04-17
561,330,129,1,24.99,0,0,,
562,330,138,1,59.99,0,0,,
563,330,107,1,8.99,0,0,,
564,331,153,1,14.99,0,0,,
565,331,64,1,9.99,0,0,,
566,332,17,2,12.99,0,0,,
567,332,96,1,34.99,0,0,,
568,333,110,1,19.99,0,0,,
569,334,21,1,19.99,0,0,,
570,334,42,1,19.99,0,0,,
571,335,84,1,39.99,10,0,,
572,336,33,1,34.99,0,0,,
573,337,68,1,99.99,0,0,,
574,338,150,2,14.99,10,0,,
575,339,121,1,27.99,0,0,,
576,339,111,1,17.99,0,0,,
577,339,103,2,19.99,0,0,,
578,340,109,1,44.99,0,0,,
579,340,24,1,34.99,0,0,,
580,341,34,1,27.99,0,0,,
581,341,52,1,15.49,0,0,,
582,342,97,1,47.99,0,0,,
583,343,95,1,29.99,10,0,,
584,344,94,1,12.99,0,0,,
585,345,108,1,89.99,0,0,,
586,346,70,1,13.99,10,0,,
587,346,129,1,24.99,10,1,not_as_described,2024-05-01
588,346,93,1,12.99,10,1,,2024-04-20
589,347,121,1,27.99,0,0,,
590,347,14,1,22.99,0,0,,
591,348,94,1,12.99,10,0,,
592,349,8,1,11.99,10,0,,
593,350,106,1,279.99,0,0,,
594,350,140,1,9.99,10,0,,
595,351,21,1,19.99,0,0,,
596,352,155,1,129.99,10,0,,
597,352,89,1,29.99,10,0,,
598,352,126,1,49.99,10,0,,
599,353,97,1,47.99,0,0,,
600,353,94,1,12.99,0,0,,
601,353,30,1,22.99,0,0,,
602,354,131,1,24.99,10,0,,
603,354,33,1,34.99,10,0,,
604,354,111,1,17.99,10,0,,
605,355,94,1,12.99,0,0,,
606,356,157,1,89.99,0,0,,
607,357,109,1,44.99,0,1,size_too_large,2024-04-23
608,357,148,1,24.99,0,0,,
609,357,147,1,19.99,0,1,not_as_described,2024-04-17
610,357,131,1,24.99,0,0,,
611,358,42,1,19.99,0,0,,
612,358,52,1,15.49,0,1,changed_mind,2024-04-24
613,358,119,1,34.99,0,0,,
614,358,73,1,49.99,0,0,,
615,359,14,1,22.99,0,0,,
616,359,119,2,34.99,0,0,,
617,360,111,1,17.99,10,0,,
618,361,29,1,34.99,0,0,,
619,362,125,1,12.99,0,1,size_too_large,2024-04-22
620,363,26,1,14.99,0,0,,
621,363,50,1,24.99,0,0,,
622,363,109,1,44.99,0,0,,
623,364,127,1,69.99,10,0,,
624,364,14,1,22.99,10,0,,
625,365,43,1,17.99,0,0,,
626,366,113,1,39.99,10,0,,
627,367,43,1,17.99,0,0,,
628,367,151,1,24.99,0,1,defective,2024-04-26
629,368,14,1,22.99,10,0,,
630,369,145,1,14.99,0,0,,
631,369,89,1,29.99,0,0,,
632,370,70,2,13.99,0,0,,
633,370,43,3,17.99,0,0,,
634,371,95,1,29.99,0,0,,
635,372,17,1,12.99,0,0,,
636,372,98,1,7.99,0,0,,
637,373,121,1,27.99,10,0,,
638,374,142,1,49.99,0,0,,
639,374,156,1,29.99,0,1,size_too_small,2024-04-26
640,374,93,1,12.99,0,0,,
641,375,145,1,14.99,0,0,,
642,375,121,1,27.99,0,0,,
643,376,111,1,17.99,0,0,,
644,377,6,1,59.99,10,0,,
645,377,132,1,11.99,10,0,,
646,378,108,1,89.99,0,0,,
647,379,122,1,29.99,0,0,,
648,380,150,1,14.99,10,0,,
649,381,111,1,17.99,0,1,arrived_late,2024-04-27
650,382,61,1,14.99,0,0,,
651,383,51,1,24.99,10,1,defective,2024-05-19
652,384,73,1,49.99,10,0,,
653,385,30,1,22.99,0,0,,
654,386,122,1,29.99,0,0,,
655,386,25,1,19.99,0,0,,
656,386,17,3,12.99,0,0,,
657,386,52,1,15.49,0,0,,
658,387,152,1,19.99,10,0,,
659,388,50,1,24.99,10,0,,
660,388,27,1,27.99,10,0,,
661,388,121,1,27.99,10,0,,
662,388,33,1,34.99,10,0,,
663,389,8,1,11.99,10,0,,
664,389,51,1,24.99,10,0,,
665,390,1,1,19.99,0,0,,
666,390,140,1,9.99,20,0,,
667,390,41,1,22.99,0,0,,
668,390,134,1,12.99,0,0,,
669,391,62,1,29.99,0,1,defective,2024-05-08
670,391,52,1,15.49,0,0,,
671,392,122,1,29.99,10,0,,
672,392,14,1,22.99,10,0,,
673,393,119,1,34.99,10,1,,2024-04-27
674,393,51,1,24.99,10,0,,
675,393,1,1,19.99,10,0,,
676,394,100,1,79.99,0,0,,
677,395,122,1,29.99,10,0,,
678,395,153,1,14.99,10,0,,
679,396,138,1,59.99,10,0,,
680,397,102,2,59.99,0,0,,
681,398,27,1,27.99,0,0,,
682,398,89,1,29.99,0,0,,
683,398,76,1,79.99,0,0,,
684,398,118,1,149.99,0,0,,
685,399,25,2,19.99,0,0,,
686,400,52,1,15.49,0,0,,
687,400,34,1,27.99,0,0,,
688,400,61,1,14.99,0,0,,
689,401,47,1,89.99,10,0,,
690,402,148,1,24.99,0,0,,
691,402,103,1,19.99,0,0,,
692,403,106,1,279.99,0,1,changed_mind,2024-04-30
693,404,31,1,24.99,0,0,,
694,404,146,1,21.99,0,0,,
695,405,134,1,12.99,10,0,,
696,406,158,1,29.99,0,0,,
697,406,59,1,9.99,0,0,,
698,407,134,3,12.99,10,0,,
699,407,120,1,89.99,10,0,,
700,407,141,1,24.99,10,0,,
701,407,111,2,17.99,10,0,,
702,408,125,1,12.99,10,0,,
703,409,111,1,17.99,0,0,,
704,409,122,1,29.99,0,0,,
705,410,26,1,14.99,10,0,,
706,410,47,1,89.99,10,0,,
707,411,21,1,19.99,0,0,,
708,412,14,1,22.99,0,0,,
709,413,24,1,34.99,10,0,,
710,413,95,1,29.99,10,0,,
711,413,91,1,44.99,10,0,,
712,414,134,1,12.99,0,0,,
713,415,41,1,22.99,0,0,,
714,416,42,1,19.99,0,0,,
715,416,25,1,19.99,0,0,,
716,416,33,1,34.99,0,0,,
717,416,119,1,34.99,0,0,,
718,417,122,1,29.99,0,0,,
719,417,157,1,89.99,0,0,,
720,418,142,1,49.99,10,1,size_too_large,2024-05-03
721,419,40,1,699.99,0,0,,
722,420,62,1,29.99,0,0,,
723,421,34,1,27.99,10,0,,
724,422,118,1,149.99,0,0,,
725,422,59,1,9.99,0,0,,
726,423,30,1,22.99,10,0,,
727,424,58,1,16.99,0,0,,
728,424,109,1,44.99,0,1,changed_mind,2024-05-09
729,424,143,1,19.99,0,0,,
730,425,37,1,199.99,0,0,,
731,425,123,1,49.99,10,0,,
732,425,145,1,14.99,10,0,,
733,426,134,1,12.99,0,0,,
734,427,26,1,14.99,0,0,,
735,427,143,1,19.99,0,0,,
736,428,142,1,49.99,0,1,not_as_described,2024-05-03
737,428,12,1,13.49,0,0,,
738,429,123,1,49.99,10,0,,
739,429,12,3,13.49,10,0,,
740,430,32,1,37.99,0,0,,
741,430,151,1,24.99,0,0,,
742,430,114,1,24.99,0,0,,
743,430,33,1,34.99,0,0,,
744,430,123,1,49.99,0,0,,
745,431,130,1,16.49,0,0,,
746,431,150,1,14.99,0,0,,
747,431,56,1,19.99,0,0,,
748,432,14,1,22.99,10,0,,
749,432,115,1,79.99,10,0,,
750,433,136,1,12.99,0,0,,
751,434,21,1,19.99,0,0,,
752,435,93,1,12.99,0,0,,
753,435,112,1,44.99,0,0,,
754,436,33,1,34.99,0,0,,
755,436,9,1,24.99,0,0,,
756,437,140,1,9.99,0,0,,
757,438,111,1,17.99,0,0,,
758,439,134,1,12.99,15,0,,
759,440,145,1,14.99,0,0,,
760,441,59,1,9.99,0,0,,
761,442,133,1,13.99,0,0,,
762,442,7,1,119.99,0,0,,
763,443,159,1,29.99,10,1,arrived_late,2024-05-11
764,443,153,1,14.99,10,0,,
765,444,17,1,12.99,0,0,,
766,445,21,1,19.99,10,0,,
767,445,130,1,16.49,10,0,,
768,446,13,1,89.99,0,0,,
769,447,8,1,11.99,0,0,,
770,448,78,1,11.99,10,0,,
771,449,122,1,29.99,0,0,,
772,449,134,1,12.99,15,0,,
773,450,43,1,17.99,10,0,,
774,450,70,1,13.99,10,0,,
775,451,90,1,34.99,10,0,,
776,451,43,1,17.99,10,0,,
777,452,129,1,24.99,0,1,defective,2024-06-20
778,452,159,1,29.99,0,0,,
779,453,147,1,19.99,0,0,,
780,454,58,1,16.99,0,0,,
781,455,132,1,11.99,0,0,,
782,456,109,1,44.99,0,0,,
783,457,108,1,89.99,0,0,,
784,458,126,1,49.99,0,0,,
785,458,151,1,24.99,0,0,,
786,459,122,1,29.99,10,0,,
787,460,78,1,11.99,0,0,,
788,460,148,1,24.99,0,0,,
789,460,153,1,14.99,0,0,,
790,461,58,1,16.99,0,0,,
791,462,33,1,34.99,0,0,,
792,463,25,1,19.99,0,0,,
793,464,126,1,49.99,0,0,,
794,464,151,1,24.99,0,0,,
795,465,79,1,54.99,10,1,not_as_described,2024-05-13
796,465,94,1,12.99,10,0,,
797,466,111,1,17.99,0,0,,
798,466,136,2,12.99,0,0,,
799,467,15,1,34.99,0,0,,
800,467,136,3,12.99,0,0,,
801,467,134,1,12.99,0,0,,
802,468,59,1,9.99,0,0,,
803,469,136,2,12.99,0,0,,
804,470,1,1,19.99,0,0,,
805,471,62,1,29.99,0,0,,
806,471,153,1,14.99,0,0,,
807,472,39,1,34.99,0,0,,
808,472,12,1,13.49,0,0,,
809,473,77,1,44.99,10,0,,
810,473,129,1,24.99,10,0,,
811,474,2,1,69.99,0,0,,
812,474,33,1,34.99,0,0,,
813,475,56,1,19.99,0,0,,
814,476,141,1,24.99,0,0,,
815,476,140,1,9.99,0,0,,
816,476,130,1,16.49,0,0,,
817,477,82,1,10.49,10,0,,
818,478,82,1,10.49,0,0,,
819,479,140,1,9.99,0,0,,
820,479,14,1,22.99,0,0,,
821,480,98,1,7.99,0,0,,
822,480,122,1,29.99,0,1,defective,2024-06-04
823,481,39,1,34.99,0,1,changed_mind,2024-05-19
824,482,7,1,119.99,0,0,,
825,483,157,1,89.99,0,0,,
826,483,55,1,39.99,0,0,,
827,484,143,1,19.99,0,0,,
828,484,130,1,16.49,0,0,,
829,484,139,1,29.99,0,0,,
830,484,33,1,34.99,0,0,,
831,485,9,1,24.99,0,0,,
832,486,154,1,29.99,20,0,,
833,487,43,1,17.99,0,0,,
834,488,12,1,13.49,0,0,,
835,489,90,1,34.99,0,0,,
836,489,26,1,14.99,0,0,,
837,490,50,1,24.99,0,0,,
838,491,111,1,17.99,10,0,,
839,492,12,2,13.49,0,0,,
840,493,144,1,69.99,10,0,,
841,493,58,1,16.99,10,0,,
842,494,153,1,14.99,15,0,,
843,494,79,1,54.99,15,1,arrived_late,2024-05-31
844,495,34,1,27.99,0,0,,
845,495,90,1,34.99,0,0,,
846,496,20,1,34.99,0,0,,
847,496,111,1,17.99,0,0,,
848,497,90,1,34.99,0,0,,
849,497,104,2,54.99,0,0,,
850,497,17,1,12.99,0,0,,
851,498,121,1,27.99,0,0,,
852,498,93,1,12.99,0,0,,
853,499,144,1,69.99,0,0,,
854,499,41,1,22.99,0,0,,
855,500,150,1,14.99,0,0,,
856,501,23,1,37.99,0,0,,
857,502,119,1,34.99,0,0,,
858,503,138,1,59.99,0,0,,
859,504,151,1,24.99,0,0,,
860,504,153,1,14.99,0,0,,
861,504,26,1,14.99,25,0,,
862,505,104,1,54.99,10,0,,
863,505,98,1,7.99,10,0,,
864,506,115,1,79.99,0,0,,
865,506,134,1,12.99,0,0,,
866,507,97,1,47.99,0,0,,
867,508,62,1,29.99,10,0,,
868,509,145,1,14.99,0,0,,
869,509,42,1,19.99,0,0,,
870,510,96,1,34.99,0,0,,
871,510,141,1,24.99,0,0,,
872,511,137,1,89.99,0,0,,
873,512,51,1,24.99,10,0,,
874,513,46,1,159.99,0,0,,
875,513,97,1,47.99,0,0,,
876,514,45,1,29.99,0,0,,
877,514,51,1,24.99,0,0,,
878,515,48,1,89.99,0,0,,
879,516,16,1,69.99,10,0,,
880,516,147,1,19.99,10,1,size_too_large,2024-05-17
881,517,146,1,21.99,10,0,,
882,517,154,1,29.99,10,0,,
883,517,89,1,29.99,10,0,,
884,518,29,1,34.99,0,0,,
885,519,49,1,34.99,10,0,,
886,519,89,1,29.99,10,0,,
887,520,126,1,49.99,10,0,,
888,520,125,1,12.99,10,0,,
889,521,130,1,16.49,0,0,,
890,522,14,1,22.99,0,0,,
891,523,70,1,13.99,0,0,,
892,524,59,1,9.99,0,0,,
893,525,15,1,34.99,10,0,,
894,525,153,1,14.99,10,0,,
895,526,103,1,19.99,0,0,,
896,527,98,1,7.99,0,0,,
897,528,153,1,14.99,10,0,,
898,529,134,2,12.99,0,0,,
899,530,106,1,259.99,0,0,,
900,530,30,1,22.99,0,0,,
901,531,130,1,16.49,0,0,,
902,532,152,1,19.99,10,0,,
903,532,41,1,22.99,10,0,,
904,533,24,1,34.99,0,0,,
905,534,108,1,89.99,0,0,,
906,534,117,1,6.49,0,0,,
907,535,17,1,12.99,0,0,,
908,535,159,1,29.99,0,0,,
909,536,159,1,29.99,0,0,,
910,537,95,1,29.99,0,0,,
911,537,112,1,44.99,0,0,,
912,537,62,1,29.99,0,0,,
913,538,78,2,11.99,0,0,,
914,539,134,1,12.99,0,0,,
915,539,25,1,19.99,0,0,,
916,539,8,2,11.99,0,0,,
917,540,32,1,37.99,0,0,,
918,540,133,1,13.99,0,0,,
919,541,153,2,14.99,0,0,,
920,541,74,1,16.99,25,0,,
921,542,12,1,13.49,0,0,,
922,542,34,1,27.99,0,0,,
923,543,64,2,9.99,0,0,,
924,544,130,1,16.49,0,0,,
925,545,158,1,29.99,0,0,,
926,545,1,1,19.99,0,0,,
927,546,141,1,24.99,0,0,,
928,547,91,1,44.99,0,0,,
929,547,47,1,89.99,0,0,,
930,548,51,1,24.99,0,0,,
931,549,88,1,34.99,10,0,,
932,550,93,1,12.99,10,0,,
933,551,12,1,13.49,0,0,,
934,551,126,1,49.99,0,0,,
935,551,137,1,89.99,0,0,,
936,551,154,1,29.99,0,1,not_as_described,2024-05-26
937,552,121,1,27.99,0,0,,
938,553,43,1,17.99,10,0,,
939,554,156,1,29.99,0,1,changed_mind,2024-05-30
940,554,136,1,12.99,0,0,,
941,554,100,1,79.99,0,0,,
942,555,144,1,69.99,0,1,not_as_described,2024-06-10
943,555,28,1,34.99,0,0,,
944,555,126,1,49.99,0,0,,
945,556,116,1,34.99,0,0,,
946,557,138,1,59.99,0,0,,
947,557,33,1,34.99,0,0,,
948,557,66,1,69.99,0,0,,
949,558,156,1,29.99,10,1,size_too_small,2024-06-01
950,558,84,1,39.99,10,0,,
951,559,50,1,24.99,0,0,,
952,560,140,1,9.99,0,0,,
953,560,41,1,22.99,0,0,,
954,560,98,1,7.99,0,0,,
955,561,106,1,259.99,0,0,,
956,561,30,1,22.99,0,0,,
957,562,113,1,39.99,0,0,,
958,563,79,1,54.99,0,1,size_too_small,2024-05-31
959,563,30,1,22.99,0,0,,
960,564,111,1,17.99,0,0,,
961,565,144,1,69.99,0,0,,
962,566,136,1,12.99,0,0,,
963,567,12,1,13.49,0,0,,
964,568,97,1,47.99,0,0,,
965,568,117,2,6.49,0,0,,
966,568,34,1,27.99,0,0,,
967,569,9,2,24.99,0,0,,
968,569,114,1,24.99,0,0,,
969,570,73,1,49.99,0,0,,
970,570,109,1,44.99,20,0,,
971,571,53,1,84.99,0,1,wrong_item,2024-05-31
972,571,108,1,89.99,0,0,,
973,572,15,1,34.99,0,1,changed_mind,2024-05-31
974,572,142,1,49.99,0,0,,
975,572,129,1,24.99,0,1,not_as_described,2024-05-30
976,573,123,1,49.99,10,0,,
977,573,40,1,599.99,0,0,,
978,574,149,1,119.99,10,0,,
979,575,89,1,29.99,10,0,,
980,575,147,1,19.99,10,0,,
981,576,58,1,16.99,0,1,defective,2024-06-25
982,576,42,1,19.99,0,0,,
983,576,15,1,34.99,0,0,,
984,577,45,1,29.99,0,0,,
985,577,52,1,15.49,0,0,,
986,578,129,1,24.99,0,1,size_too_small,2024-06-10
987,579,119,1,34.99,10,0,,
988,580,99,1,29.99,0,0,,
989,581,148,1,24.99,0,0,,
990,582,58,1,16.99,0,0,,
991,582,34,1,27.99,0,0,,
992,583,140,1,9.99,0,0,,
993,583,51,1,24.99,0,0,,
994,583,28,1,34.99,0,0,,
995,584,89,1,29.99,0,0,,
996,585,85,1,24.99,10,0,,
997,585,111,1,17.99,10,1,changed_mind,2024-06-10
998,586,151,1,24.99,0,0,,
999,587,42,1,19.99,0,0,,
1000,588,42,1,19.99,0,0,,
1001,588,97,1,47.99,20,0,,
1002,589,97,1,47.99,20,0,,
1003,590,25,1,19.99,0,0,,
1004,591,111,1,17.99,10,0,,
1005,592,83,1,24.99,0,0,,
1006,592,158,1,29.99,0,0,,
1007,592,39,1,34.99,0,0,,
1008,593,51,1,24.99,0,0,,
1009,594,82,2,10.49,0,0,,
1010,594,128,1,69.99,0,0,,
1011,594,119,1,34.99,0,0,,
1012,595,129,1,24.99,10,1,size_too_small,2024-06-02
1013,595,103,1,19.99,15,0,,
1014,595,132,1,11.99,10,0,,
1015,596,78,2,11.99,0,0,,
1016,597,90,1,34.99,0,0,,
1017,598,93,2,12.99,0,0,,
1018,598,114,1,24.99,0,0,,
1019,599,23,1,37.99,10,0,,
1020,599,136,1,12.99,10,0,,
1021,600,84,1,39.99,0,0,,
1022,600,140,1,9.99,15,0,,
1023,601,159,1,29.99,0,0,,
1024,601,52,1,15.49,0,0,,
1025,602,134,1,12.99,0,0,,
1026,602,84,1,39.99,0,0,,
1027,602,12,1,13.49,0,0,,
1028,603,52,1,15.49,0,1,defective,2024-06-07
1029,604,79,1,54.99,10,0,,
1030,605,146,1,21.99,0,0,,
1031,605,5,1,47.99,0,0,,
1032,606,62,1,29.99,0,0,,
1033,606,7,1,119.99,0,0,,
1034,607,30,1,22.99,0,0,,
1035,608,52,1,15.49,0,0,,
1036,608,157,1,89.99,0,1,defective,2024-06-25
1037,609,42,1,19.99,0,0,,
1038,610,134,2,12.99,10,0,,
1039,610,25,1,19.99,10,0,,
1040,611,90,1,34.99,0,0,,
1041,612,52,2,15.49,0,0,,
1042,612,140,1,9.99,15,0,,
1043,613,12,1,13.49,0,1,not_as_described,2024-06-11
1044,614,150,1,14.99,10,0,,
1045,615,70,2,13.99,10,0,,
1046,615,129,1,24.99,10,0,,
1047,616,140,1,9.99,15,0,,
1048,616,122,1,29.99,0,0,,
1049,616,98,1,7.99,0,0,,
1050,617,95,1,29.99,0,0,,
1051,618,140,2,9.99,15,0,,
1052,618,84,1,39.99,0,0,,
1053,619,72,1,24.99,0,0,,
1054,620,134,1,12.99,0,0,,
1055,620,20,1,34.99,0,0,,
1056,621,126,1,49.99,0,0,,
1057,622,98,1,7.99,0,0,,
1058,623,103,1,19.99,0,0,,
1059,624,85,1,24.99,0,0,,
1060,625,130,1,16.49,10,0,,
1061,626,58,1,16.99,0,0,,
1062,626,148,1,24.99,0,0,,
1063,627,90,1,34.99,0,0,,
1064,627,58,1,16.99,0,0,,
1065,628,104,1,54.99,0,0,,
1066,628,86,1,9.99,0,0,,
1067,629,95,1,29.99,0,0,,
1068,629,43,1,17.99,0,0,,
1069,630,147,1,19.99,0,0,,
1070,631,59,1,9.99,10,0,,
1071,631,79,1,54.99,10,0,,
1072,632,41,1,22.99,0,0,,
1073,633,36,1,11.99,0,0,,
1074,634,52,1,15.49,0,0,,
1075,634,2,1,69.99,0,1,size_too_large,2024-06-07
1076,635,113,1,39.99,0,0,,
1077,635,119,1,34.99,0,0,,
1078,636,121,1,27.99,10,0,,
1079,636,150,1,14.99,10,0,,
1080,636,3,1,199.99,10,0,,
1081,636,95,1,29.99,10,0,,
1082,637,156,1,29.99,0,1,not_as_described,2024-06-11
1083,638,85,1,24.99,0,0,,
1084,639,147,1,19.99,0,0,,
1085,640,95,1,29.99,0,1,not_as_described,2024-06-11
1086,640,146,1,21.99,0,0,,
1087,641,119,1,34.99,0,0,,
1088,641,73,1,49.99,0,0,,
1089,641,32,1,37.99,0,0,,
1090,641,9,1,24.99,0,0,,
1091,642,5,1,47.99,0,0,,
1092,643,119,1,34.99,0,0,,
1093,644,136,1,12.99,0,0,,
1094,645,127,1,69.99,0,0,,
1095,645,144,1,69.99,0,1,not_as_described,2024-06-12
1096,646,39,1,34.99,0,0,,
1097,646,70,1,13.99,0,0,,
1098,646,51,1,24.99,0,0,,
1099,646,148,1,24.99,0,0,,
1100,646,109,1,44.99,0,0,,
1101,647,145,1,14.99,10,0,,
1102,647,141,1,24.99,10,0,,
1103,648,129,1,24.99,0,1,,2024-06-15
1104,648,32,1,37.99,0,0,,
1105,649,121,1,27.99,0,0,,
1106,649,58,1,16.99,0,0,,
1107,650,150,3,14.99,0,0,,
1108,651,149,1,119.99,0,0,,
1109,651,134,1,12.99,0,0,,
1110,652,94,1,12.99,0,0,,
1111,653,134,1,12.99,0,0,,
1112,653,122,1,29.99,0,0,,
1113,654,70,1,13.99,10,0,,
1114,654,161,1,74.99,10,0,,
1115,655,147,1,19.99,0,0,,
1116,656,5,1,47.99,0,0,,
1117,656,103,1,19.99,0,0,,
1118,657,62,1,29.99,10,1,not_as_described,2024-06-25
1119,657,64,2,9.99,10,0,,
1120,658,11,1,49.99,0,0,,
1121,659,91,1,44.99,0,0,,
1122,660,148,1,24.99,0,0,,
1123,660,43,1,17.99,0,0,,
1124,661,125,1,12.99,0,0,,
1125,661,21,1,19.99,0,0,,
1126,662,116,1,34.99,0,0,,
1127,662,12,1,13.49,0,0,,
1128,663,21,1,19.99,0,0,,
1129,663,97,1,47.99,0,0,,
1130,664,139,1,29.99,0,0,,
1131,664,134,1,12.99,0,0,,
1132,665,140,1,9.99,0,0,,
1133,665,84,1,39.99,0,0,,
1134,666,134,1,12.99,0,0,,
1135,666,117,1,6.49,0,0,,
1136,667,5,1,47.99,0,0,,
1137,667,133,1,13.99,0,0,,
1138,667,30,1,22.99,0,0,,
1139,668,136,1,12.99,0,0,,
1140,668,148,1,24.99,0,1,size_too_small,2024-06-15
1141,669,145,1,14.99,0,0,,
1142,670,148,1,24.99,0,0,,
1143,671,148,1,24.99,0,0,,
1144,672,100,1,79.99,0,1,arrived_late,2024-06-20
1145,672,79,1,54.99,25,0,,
1146,673,89,1,29.99,0,0,,
1147,674,148,1,24.99,10,0,,
1148,675,114,1,24.99,0,0,,
1149,676,16,1,69.99,0,0,,
1150,676,111,1,17.99,0,0,,
1151,677,111,1,17.99,0,1,not_as_described,2024-06-16
1152,678,128,1,69.99,0,0,,
1153,679,134,1,12.99,0,0,,
1154,680,25,1,19.99,0,0,,
1155,680,97,1,47.99,0,1,,2024-06-19
1156,680,94,1,12.99,0,0,,
1157,681,92,1,24.99,0,0,,
1158,682,78,2,11.99,0,0,,
1159,682,158,1,29.99,0,0,,
1160,683,85,1,24.99,0,0,,
1161,683,58,1,16.99,0,0,,
1162,684,152,1,19.99,10,1,size_too_large,2024-06-17
1163,684,111,1,17.99,10,0,,
1164,684,134,1,12.99,10,0,,
1165,685,152,1,19.99,0,0,,
1166,685,156,2,29.99,0,1,changed_mind,2024-06-17
1167,686,43,1,17.99,0,0,,
1168,686,65,1,34.99,0,0,,
1169,687,141,1,24.99,0,0,,
1170,688,85,1,24.99,0,0,,
1171,688,42,1,19.99,25,0,,
1172,689,136,1,12.99,10,0,,
1173,689,150,2,14.99,10,0,,
1174,689,134,1,12.99,10,0,,
1175,690,87,2,89.99,0,0,,
1176,691,121,1,27.99,10,0,,
1177,692,19,1,329.99,0,0,,
1178,692,95,1,29.99,0,0,,
1179,693,79,1,54.99,25,0,,
1180,693,128,1,69.99,10,0,,
1181,693,14,1,22.99,10,0,,
1182,694,24,1,34.99,0,0,,
1183,694,95,1,29.99,0,0,,
1184,694,130,1,16.49,0,0,,
1185,695,56,1,19.99,0,0,,
1186,695,35,1,49.99,0,0,,
1187,696,163,1,29.99,0,0,,
1188,696,107,1,8.99,0,0,,
1189,697,105,1,34.99,0,0,,
1190,697,58,1,16.99,0,1,changed_mind,2024-06-25
1191,697,134,1,12.99,0,0,,
1192,697,61,1,14.99,0,0,,
1193,698,95,1,29.99,0,0,,
1194,698,61,1,14.99,0,0,,
1195,699,52,1,15.49,0,0,,
1196,700,125,1,12.99,10,1,defective,2024-06-25
1197,700,156,1,29.99,10,0,,
1198,701,101,1,42.99,0,0,,
1199,702,130,1,16.49,0,0,,
1200,702,98,1,7.99,0,0,,
1201,703,51,1,24.99,0,0,,
1202,704,144,1,69.99,10,0,,
1203,705,147,3,19.99,0,0,,
1204,705,26,1,14.99,0,0,,
1205,706,59,1,9.99,0,0,,
1206,707,144,1,69.99,0,0,,
1207,708,121,1,27.99,0,0,,
1208,708,98,1,7.99,0,0,,
1209,708,150,1,14.99,0,0,,
1210,709,97,1,47.99,0,0,,
1211,710,59,1,9.99,0,0,,
1212,710,109,1,44.99,0,0,,
1213,711,22,1,99.99,0,0,,
1214,711,14,1,22.99,0,0,,
1215,712,138,1,59.99,0,1,arrived_late,2024-06-24
1216,712,36,1,11.99,0,0,,
1217,713,7,1,119.99,0,0,,
1218,713,51,1,24.99,0,0,,
1219,714,33,1,34.99,0,0,,
1220,714,45,1,29.99,0,0,,
1221,715,111,1,17.99,10,0,,
1222,716,23,1,37.99,10,0,,
1223,716,33,1,34.99,10,0,,
1224,717,159,1,29.99,10,0,,
1225,718,88,2,34.99,0,0,,
1226,719,156,1,29.99,0,0,,
1227,720,51,1,24.99,0,0,,
1228,720,42,1,19.99,0,0,,
1229,721,12,1,13.49,0,0,,
1230,721,103,1,19.99,0,0,,
1231,722,136,1,12.99,10,0,,
1232,722,12,1,13.49,10,0,,
1233,723,148,1,24.99,0,0,,
1234,723,129,1,24.99,0,0,,
1235,724,55,1,39.99,10,0,,
1236,724,60,1,89.99,10,0,,
1237,725,98,1,7.99,0,0,,
1238,726,50,1,24.99,0,0,,
1239,726,80,1,74.99,0,0,,
1240,726,41,1,22.99,0,0,,
1241,726,90,1,34.99,0,0,,
1242,726,79,1,54.99,0,0,,
1243,727,23,1,37.99,0,0,,
1244,727,162,1,16.99,0,0,,
1245,728,88,1,34.99,0,1,changed_mind,2024-07-03
1246,729,159,1,29.99,0,0,,
1247,729,125,2,12.99,0,1,defective,2024-07-19
1248,730,165,1,13.99,0,0,,
1249,731,105,1,34.99,0,0,,
1250,731,58,1,16.99,0,0,,
1251,732,33,1,34.99,10,0,,
1252,733,21,1,19.99,0,0,,
1253,733,150,1,14.99,0,0,,
1254,733,133,1,13.99,0,0,,
1255,734,44,1,79.99,0,0,,
1256,734,88,1,34.99,0,0,,
1257,735,20,1,34.99,10,0,,
1258,736,89,1,29.99,0,0,,
1259,737,33,1,34.99,0,1,changed_mind,2024-07-02
1260,738,9,1,24.99,10,0,,
1261,738,111,1,17.99,10,0,,
1262,739,94,2,12.99,0,0,,
1263,739,135,1,24.99,0,0,,
1264,740,122,1,29.99,0,0,,
1265,740,138,1,59.99,0,0,,
1266,741,20,1,34.99,0,0,,
1267,741,98,1,7.99,0,0,,
1268,742,164,1,29.99,10,0,,
1269,742,42,1,19.99,10,0,,
1270,743,16,1,69.99,0,0,,
1271,744,84,1,34.99,0,0,,
1272,745,42,1,19.99,0,0,,
1273,746,141,1,24.99,20,1,not_as_described,2024-06-30
1274,746,140,1,9.99,0,0,,
1275,747,148,1,24.99,0,1,arrived_late,2024-07-04
1276,748,131,1,24.99,0,1,arrived_late,2024-07-01
1277,749,27,1,27.99,10,0,,
1278,749,92,1,24.99,10,0,,
1279,750,130,1,16.49,0,0,,
1280,751,7,1,119.99,25,0,,
1281,751,41,1,22.99,0,0,,
1282,751,150,1,14.99,0,0,,
1283,752,16,1,69.99,0,0,,
1284,753,58,1,16.99,0,0,,
1285,754,121,1,27.99,10,1,not_as_described,2024-06-30
1286,755,143,1,19.99,0,0,,
1287,756,111,1,17.99,10,0,,
1288,757,136,1,12.99,0,0,,
1289,758,118,1,149.99,0,0,,
1290,758,122,1,29.99,0,0,,
1291,759,58,1,16.99,0,0,,
1292,760,130,1,16.49,0,0,,
1293,760,165,3,13.99,0,0,,
1294,760,132,1,11.99,0,0,,
1295,760,33,1,34.99,0,0,,
1296,760,14,1,22.99,0,0,,
1297,761,58,1,16.99,0,0,,
1298,762,89,1,29.99,0,0,,
1299,763,136,2,12.99,0,0,,
1300,763,153,1,14.99,0,0,,
1301,764,141,1,24.99,20,0,,
1302,765,12,1,13.49,0,0,,
1303,765,135,1,24.99,0,0,,
1304,765,134,1,12.99,0,0,,
1305,765,128,1,69.99,0,0,,
1306,765,73,1,49.99,0,0,,
1307,766,113,1,39.99,0,0,,
1308,766,59,1,9.99,0,0,,
1309,767,58,1,16.99,0,0,,
1310,768,151,1,24.99,10,0,,
1311,768,52,1,15.49,10,0,,
1312,769,129,1,24.99,10,0,,
1313,769,148,1,24.99,10,0,,
1314,770,23,1,37.99,0,1,not_as_described,2024-07-01
1315,770,94,1,12.99,0,0,,
1316,771,149,1,119.99,0,0,,
1317,771,50,1,24.99,25,0,,
1318,772,160,1,169.99,0,0,,
1319,772,145,1,14.99,0,0,,
1320,773,96,1,34.99,0,0,,
1321,773,58,1,16.99,0,0,,
1322,774,68,1,99.99,0,0,,
1323,774,107,1,8.99,0,0,,
1324,775,50,1,24.99,25,0,,
1325,775,42,1,19.99,0,0,,
1326,776,166,1,34.99,0,0,,
1327,776,103,1,19.99,0,0,,
1328,776,121,1,27.99,0,0,,
1329,777,50,1,24.99,25,0,,
1330,778,97,1,47.99,0,1,defective,2024-07-18
1331,778,153,2,14.99,0,1,,2024-07-08
1332,778,154,1,29.99,0,1,size_too_large,2024-07-01
1333,779,166,1,34.99,0,0,,
1334,780,33,1,34.99,10,0,,
1335,780,125,1,12.99,10,0,,
1336,781,58,1,16.99,0,0,,
1337,782,90,1,34.99,0,0,,
1338,783,153,1,14.99,10,0,,
1339,783,111,1,17.99,10,0,,
1340,784,167,1,44.99,10,1,changed_mind,2024-07-04
1341,784,109,1,44.99,10,1,changed_mind,2024-07-05
1342,784,148,1,24.99,10,1,size_too_large,2024-07-12
1343,785,42,1,19.99,10,0,,
1344,786,142,1,49.99,0,0,,
1345,786,85,1,24.99,0,0,,
1346,787,98,1,7.99,0,0,,
1347,787,139,1,29.99,0,0,,
1348,787,12,1,13.49,0,0,,
1349,788,103,1,19.99,10,0,,
1350,789,150,1,14.99,0,0,,
1351,789,14,1,22.99,0,0,,
1352,790,97,1,47.99,0,0,,
1353,791,145,2,14.99,0,0,,
1354,791,112,1,44.99,0,0,,
1355,792,141,1,24.99,20,0,,
1356,793,49,1,34.99,0,0,,
1357,793,97,1,47.99,0,0,,
1358,794,62,2,29.99,10,0,,
1359,795,107,3,8.99,0,0,,
1360,796,142,1,49.99,0,0,,
1361,796,129,1,24.99,0,1,size_too_small,2024-07-12
1362,797,166,1,34.99,0,0,,
1363,797,43,1,17.99,0,0,,
1364,798,98,1,7.99,0,0,,
1365,798,139,1,29.99,0,0,,
1366,798,8,1,11.99,0,0,,
1367,799,153,1,14.99,0,0,,
1368,800,58,1,16.99,0,1,changed_mind,2024-07-05
1369,801,134,1,12.99,0,0,,
1370,801,142,1,49.99,40,0,,
1371,802,148,1,24.99,20,0,,
1372,802,43,1,17.99,20,0,,
1373,802,129,1,24.99,30,0,,
1374,802,82,1,10.49,0,0,,
1375,802,165,1,13.99,0,0,,
1376,802,167,1,44.99,0,0,,
1377,803,144,1,69.99,50,0,,
1378,804,164,1,29.99,0,0,,
1379,805,65,1,34.99,30,0,,
1380,806,52,1,15.49,20,0,,
1381,806,129,1,24.99,30,1,size_too_large,2024-07-07
1382,807,52,1,15.49,20,0,,
1383,807,111,1,17.99,0,0,,
1384,807,78,1,11.99,0,0,,
1385,808,129,1,24.99,30,0,,
1386,808,124,1,64.99,30,1,size_too_small,2024-07-09
1387,809,136,1,12.99,40,0,,
1388,810,52,1,15.49,20,0,,
1389,811,29,1,34.99,0,0,,
1390,811,26,1,14.99,0,0,,
1391,812,104,1,54.99,0,0,,
1392,813,145,1,14.99,10,0,,
1393,813,92,1,24.99,10,0,,
1394,813,65,1,34.99,30,0,,
1395,814,143,1,19.99,15,0,,
1396,814,165,2,13.99,10,0,,
1397,815,93,2,12.99,10,0,,
1398,815,99,1,29.99,10,0,,
1399,816,94,1,12.99,10,0,,
1400,816,58,1,16.99,10,0,,
1401,816,93,1,12.99,10,0,,
1402,816,132,1,11.99,10,0,,
1403,817,43,1,17.99,20,0,,
1404,818,153,2,14.99,0,0,,
1405,819,43,1,17.99,20,0,,
1406,819,111,1,17.99,0,0,,
1407,819,82,1,10.49,0,1,,2024-07-10
1408,819,89,1,29.99,15,0,,
1409,820,139,1,29.99,0,0,,
1410,820,143,1,19.99,15,0,,
1411,821,136,1,12.99,40,0,,
1412,821,21,1,19.99,0,0,,
1413,822,82,1,10.49,10,0,,
1414,822,125,1,12.99,20,1,wrong_item,2024-07-12
1415,823,142,1,49.99,40,0,,
1416,823,58,1,16.99,0,0,,
1417,824,111,1,17.99,0,0,,
1418,825,2,1,69.99,0,1,not_as_described,2024-07-21
1419,825,56,1,19.99,0,0,,
1420,825,159,1,29.99,0,0,,
1421,825,119,1,34.99,20,0,,
1422,826,111,1,17.99,0,0,,
1423,826,156,1,29.99,50,0,,
1424,826,41,1,22.99,0,0,,
1425,827,45,1,29.99,10,0,,
1426,828,16,1,69.99,0,0,,
1427,828,153,1,14.99,0,0,,
1428,828,69,1,149.99,0,0,,
1429,829,50,1,24.99,0,0,,
1430,830,142,1,49.99,40,1,size_too_large,2024-07-13
1431,830,148,1,24.99,20,0,,
1432,831,167,1,44.99,0,0,,
1433,832,121,1,27.99,0,0,,
1434,832,15,1,34.99,30,1,size_too_large,2024-07-12
1435,833,67,1,34.99,0,0,,
1436,834,90,1,34.99,0,0,,
1437,835,33,1,34.99,0,0,,
1438,836,153,1,14.99,0,0,,
1439,836,139,1,29.99,0,0,,
1440,836,109,1,44.99,0,0,,
1441,837,159,1,29.99,0,0,,
1442,838,58,1,16.99,10,0,,
1443,838,125,1,12.99,20,0,,
1444,838,134,1,12.99,10,0,,
1445,838,98,1,7.99,10,0,,
1446,839,95,1,29.99,0,0,,
1447,840,163,1,29.99,10,0,,
1448,840,148,1,24.99,20,0,,
1449,841,129,1,24.99,30,0,,
1450,841,143,1,19.99,15,0,,
1451,842,158,1,29.99,0,0,,
1452,842,148,1,24.99,20,1,changed_mind,2024-07-15
1453,843,93,1,12.99,20,0,,
1454,843,142,1,49.99,40,0,,
1455,844,87,1,89.99,0,0,,
1456,844,162,1,16.99,0,0,,
1457,845,166,1,34.99,40,1,not_as_described,2024-07-11
1458,846,21,1,19.99,0,0,,
1459,846,23,1,37.99,0,0,,
1460,846,138,1,59.99,20,0,,
1461,846,42,1,19.99,0,0,,
1462,847,17,1,12.99,15,0,,
1463,847,48,1,89.99,0,0,,
1464,848,156,1,29.99,50,0,,
1465,849,1,1,19.99,0,0,,
1466,850,141,1,24.99,10,1,wrong_item,2024-07-22
1467,851,121,1,27.99,0,0,,
1468,852,51,1,24.99,0,0,,
1469,853,12,1,13.49,0,0,,
1470,854,107,3,8.99,0,0,,
1471,854,119,1,34.99,20,0,,
1472,855,129,1,24.99,30,0,,
1473,855,65,1,34.99,30,0,,
1474,856,13,1,89.99,0,0,,
1475,856,111,1,17.99,0,0,,
1476,857,104,1,54.99,0,0,,
1477,858,119,1,34.99,20,0,,
1478,858,90,1,34.99,0,1,wrong_item,2024-07-15
1479,859,130,1,16.49,0,0,,
1480,860,168,1,29.99,30,0,,
1481,860,153,1,14.99,0,0,,
1482,861,50,1,24.99,10,0,,
1483,861,26,1,14.99,10,0,,
1484,862,14,1,22.99,0,0,,
1485,863,51,2,24.99,0,0,,
1486,864,114,1,24.99,0,0,,
1487,865,119,1,34.99,20,0,,
1488,865,36,1,11.99,0,0,,
1489,865,155,1,129.99,20,0,,
1490,866,167,1,44.99,0,0,,
1491,867,153,2,14.99,0,0,,
1492,868,17,1,12.99,15,0,,
1493,868,165,1,13.99,0,0,,
1494,869,129,1,24.99,30,0,,
1495,870,79,1,54.99,0,0,,
1496,871,160,1,169.99,0,0,,
1497,872,99,1,29.99,10,0,,
1498,873,144,1,69.99,50,1,size_too_small,2024-07-25
1499,873,33,1,34.99,0,0,,
1500,874,52,1,15.49,20,0,,
1501,874,16,1,69.99,10,0,,
1502,875,152,1,19.99,20,0,,
1503,876,59,1,9.99,15,0,,
1504,876,65,1,34.99,30,1,changed_mind,2024-07-18
1505,877,37,1,199.99,0,1,not_as_described,2024-07-19
1506,877,77,2,44.99,0,0,,
1507,877,144,1,69.99,50,0,,
1508,878,72,1,24.99,10,0,,
1509,878,167,1,44.99,10,0,,
1510,879,124,1,64.99,30,0,,
1511,879,45,1,29.99,0,0,,
1512,879,165,1,13.99,0,0,,
1513,879,4,1,14.99,0,0,,
1514,880,96,1,34.99,0,0,,
1515,881,164,1,29.99,0,0,,
1516,881,104,2,54.99,0,0,,
1517,881,145,2,14.99,0,0,,
1518,882,58,1,16.99,10,0,,
1519,882,52,1,15.49,20,0,,
1520,883,31,1,24.99,15,0,,
1521,883,73,2,49.99,20,0,,
1522,884,50,1,24.99,0,0,,
1523,885,123,1,49.99,0,0,,
1524,885,145,1,14.99,0,0,,
1525,885,62,1,29.99,0,0,,
1526,885,156,1,29.99,50,0,,
1527,885,168,1,29.99,30,0,,
1528,886,43,1,17.99,20,0,,
1529,887,75,1,39.99,0,0,,
1530,887,70,2,13.99,15,0,,
1531,888,25,1,19.99,0,0,,
1532,888,58,1,16.99,0,0,,
1533,889,150,1,14.99,0,0,,
1534,890,156,1,29.99,50,0,,
1535,891,80,2,74.99,40,1,not_as_described,2024-07-21
1536,891,121,1,27.99,0,0,,
1537,891,156,1,29.99,50,0,,
1538,892,82,1,10.49,10,0,,
1539,892,124,1,64.99,30,0,,
1540,893,97,1,47.99,0,0,,
1541,893,119,1,34.99,20,0,,
1542,893,73,1,49.99,20,0,,
1543,893,34,1,27.99,20,0,,
1544,894,166,1,34.99,40,1,size_too_large,2024-07-21
1545,895,51,1,24.99,0,1,defective,2024-08-06
1546,895,138,1,59.99,20,0,,
1547,896,142,1,49.99,40,0,,
1548,897,34,1,27.99,20,0,,
1549,898,163,1,29.99,10,0,,
1550,899,136,1,12.99,40,0,,
1551,900,166,1,34.99,40,0,,
1552,901,105,1,34.99,15,0,,
1553,901,163,1,29.99,0,0,,
1554,902,88,1,34.99,0,0,,
1555,903,5,1,47.99,10,0,,
1556,904,129,1,24.99,30,0,,
1557,905,134,2,12.99,10,0,,
1558,905,39,1,34.99,10,0,,
1559,906,119,1,34.99,20,0,,
1560,907,147,1,19.99,30,0,,
1561,908,86,1,9.99,10,0,,
1562,908,33,1,34.99,10,0,,
1563,908,20,1,34.99,10,0,,
1564,909,136,1,12.99,40,0,,
1565,910,164,1,29.99,10,0,,
1566,910,142,1,49.99,40,1,changed_mind,2024-07-30
1567,911,64,2,9.99,0,0,,
1568,912,89,1,29.99,15,0,,
1569,912,73,1,49.99,20,0,,
1570,913,14,1,22.99,0,0,,
1571,913,114,1,24.99,0,0,,
1572,914,9,1,24.99,20,0,,
1573,914,145,1,14.99,0,0,,
1574,914,58,1,16.99,0,0,,
1575,915,88,1,34.99,0,0,,
1576,916,78,3,11.99,0,0,,
1577,917,73,1,49.99,20,0,,
1578,917,132,1,11.99,0,0,,
1579,918,34,1,27.99,20,0,,
1580,918,64,1,9.99,0,0,,
1581,919,17,1,12.99,15,0,,
1582,920,52,1,15.49,20,0,,
1583,921,64,1,9.99,0,0,,
1584,921,89,1,29.99,15,0,,
1585,922,124,1,64.99,30,0,,
1586,923,7,1,119.99,0,0,,
1587,924,70,1,13.99,15,0,,
1588,924,98,2,7.99,0,0,,
1589,925,145,3,14.99,0,0,,
1590,925,62,1,29.99,0,0,,
1591,925,82,1,10.49,0,0,,
1592,925,148,1,24.99,20,0,,
1593,926,7,1,119.99,0,0,,
1594,926,58,1,16.99,0,0,,
1595,927,51,1,24.99,10,0,,
1596,928,64,1,9.99,0,0,,
1597,929,119,1,34.99,20,0,,
1598,929,87,1,89.99,0,0,,
1599,930,162,1,16.99,0,0,,
1600,930,126,1,49.99,0,0,,
1601,931,141,1,24.99,0,0,,
1602,931,163,1,29.99,0,0,,
1603,932,103,1,19.99,0,0,,
1604,933,15,1,34.99,30,0,,
1605,933,130,1,16.49,0,0,,
1606,933,129,1,24.99,30,0,,
1607,934,49,1,34.99,50,0,,
1608,934,98,1,7.99,0,0,,
1609,934,92,1,24.99,0,0,,
1610,935,68,1,99.99,0,0,,
1611,935,4,3,14.99,0,1,changed_mind,2024-07-29
1612,936,93,1,12.99,0,0,,
1613,937,167,1,44.99,0,1,not_as_described,2024-07-27
1614,937,43,1,17.99,20,0,,
1615,937,128,1,69.99,0,0,,
1616,938,45,2,29.99,0,0,,
1617,939,52,1,15.49,20,0,,
1618,940,58,1,16.99,0,0,,
1619,941,70,1,13.99,15,0,,
1620,942,89,1,29.99,15,0,,
1621,943,130,1,16.49,10,0,,
1622,944,111,1,17.99,0,0,,
1623,944,17,1,12.99,15,0,,
1624,944,55,1,39.99,0,0,,
1625,945,129,1,24.99,30,0,,
1626,945,140,1,9.99,0,0,,
1627,945,34,1,27.99,20,0,,
1628,946,142,1,49.99,40,0,,
1629,946,84,1,34.99,0,0,,
1630,947,129,1,24.99,30,0,,
1631,947,64,1,9.99,15,1,changed_mind,2024-07-30
1632,948,153,1,14.99,10,1,not_as_described,2024-07-25
1633,949,103,1,19.99,0,0,,
1634,949,49,1,34.99,50,0,,
1635,950,90,1,34.99,0,0,,
1636,950,73,1,49.99,20,0,,
1637,951,113,1,39.99,30,1,size_too_small,2024-07-28
1638,951,162,1,16.99,0,0,,
1639,952,89,1,29.99,15,0,,
1640,952,156,1,29.99,50,1,not_as_described,2024-07-31
1641,953,12,1,13.49,0,0,,
1642,954,154,1,29.99,15,1,,2024-07-28
1643,955,73,1,49.99,20,0,,
1644,955,96,1,34.99,0,0,,
1645,956,129,1,24.99,30,0,,
1646,957,78,1,11.99,0,0,,
1647,957,158,1,29.99,0,0,,
1648,957,159,1,29.99,0,0,,
1649,958,150,1,14.99,0,0,,
1650,959,64,1,9.99,15,0,,
1651,959,143,1,19.99,15,0,,
1652,960,53,1,84.99,40,0,,
1653,961,166,1,34.99,40,0,,
1654,961,167,1,44.99,0,0,,
1655,961,15,1,34.99,30,0,,
1656,961,62,1,29.99,0,0,,
1657,962,128,2,69.99,0,0,,
1658,962,73,1,49.99,20,0,,
1659,963,142,1,49.99,40,0,,
1660,963,58,1,16.99,0,0,,
1661,964,105,1,34.99,15,0,,
1662,964,148,1,24.99,20,0,,
1663,965,130,1,16.49,0,0,,
1664,965,110,1,19.99,20,0,,
1665,966,144,1,69.99,50,1,size_too_large,2024-07-31
1666,967,92,1,24.99,0,1,defective,2024-08-15
1667,967,117,1,6.49,0,0,,
1668,967,119,1,34.99,20,0,,
1669,968,153,1,14.99,0,1,not_as_described,2024-08-03
1670,968,129,1,24.99,30,0,,
1671,968,12,1,13.49,0,0,,
1672,969,105,1,34.99,15,0,,
1673,969,112,1,44.99,0,0,,
1674,969,166,1,34.99,40,0,,
1675,970,148,1,24.99,20,0,,
1676,971,132,1,11.99,10,0,,
1677,971,136,1,12.99,40,0,,
1678,972,98,1,7.99,0,0,,
1679,973,129,1,24.99,30,1,size_too_large,2024-08-01
1680,974,43,3,17.99,20,0,,
1681,975,34,1,27.99,20,0,,
1682,976,28,1,34.99,20,0,,
1683,977,115,1,79.99,10,0,,
1684,977,134,2,12.99,10,0,,
1685,978,58,1,16.99,0,0,,
1686,979,107,1,8.99,0,0,,
1687,980,32,1,37.99,15,1,defective,2024-08-05
1688,980,17,1,12.99,15,1,changed_mind,2024-08-05
1689,980,65,1,34.99,30,0,,
1690,980,70,1,13.99,15,0,,
1691,981,130,1,16.49,0,0,,
1692,982,155,1,129.99,20,0,,
1693,983,12,1,13.49,0,0,,
1694,984,119,1,34.99,20,0,,
1695,985,79,1,54.99,10,0,,
1696,985,60,1,89.99,40,0,,
1697,986,149,1,119.99,0,0,,
1698,987,145,1,14.99,0,0,,
1699,988,148,1,24.99,20,1,size_too_small,2024-08-02
1700,988,82,1,10.49,0,0,,
1701,988,62,1,29.99,0,0,,
1702,988,95,1,29.99,0,0,,
1703,989,94,1,12.99,15,0,,
1704,990,33,1,34.99,0,1,not_as_described,2024-08-01
1705,990,7,1,119.99,0,1,wrong_item,2024-08-03
1706,991,167,1,44.99,10,0,,
1707,991,43,1,17.99,20,1,not_as_described,2024-08-02
1708,992,115,1,79.99,0,0,,
1709,992,134,3,12.99,0,0,,
1710,993,14,1,22.99,0,0,,
1711,994,137,1,89.99,0,0,,
1712,994,31,1,24.99,15,0,,
1713,994,131,1,24.99,0,1,not_as_described,2024-08-05
1714,995,92,1,24.99,10,0,,
1715,996,59,1,9.99,15,0,,
1716,997,33,2,34.99,0,0,,
1717,997,146,1,21.99,0,0,,
1718,998,68,1,99.99,0,0,,
1719,998,90,2,34.99,0,0,,
1720,999,43,1,17.99,20,1,changed_mind,2024-08-16
1721,1000,16,1,69.99,0,0,,
1722,1000,136,3,12.99,40,0,,
1723,1001,37,1,199.99,0,0,,
1724,1001,39,1,34.99,0,0,,
1725,1002,102,1,59.99,50,0,,
1726,1003,98,3,7.99,0,0,,
1727,1004,59,1,9.99,15,0,,
1728,1005,43,1,17.99,20,0,,
1729,1006,121,1,27.99,0,0,,
1730,1006,25,1,19.99,0,0,,
1731,1007,4,1,14.99,0,0,,
1732,1007,137,1,89.99,0,1,arrived_late,2024-08-07
1733,1008,64,1,9.99,10,0,,
1734,1008,110,1,19.99,20,0,,
1735,1008,59,1,9.99,15,0,,
1736,1009,70,2,13.99,15,0,,
1737,1009,32,1,37.99,0,1,changed_mind,2024-08-07
1738,1009,14,1,22.99,0,0,,
1739,1010,11,1,49.99,50,0,,
1740,1010,49,1,34.99,50,0,,
1741,1011,156,1,29.99,50,0,,
1742,1012,34,1,27.99,20,0,,
1743,1012,136,1,12.99,40,0,,
1744,1012,153,1,14.99,0,0,,
1745,1013,33,1,34.99,0,0,,
1746,1013,58,1,16.99,0,0,,
1747,1013,150,1,14.99,0,0,,
1748,1013,37,1,199.99,0,0,,
1749,1013,167,1,44.99,0,0,,
1750,1014,58,1,16.99,0,0,,
1751,1015,101,1,42.99,10,1,defective,2024-08-14
1752,1015,134,1,12.99,10,0,,
1753,1016,168,2,29.99,0,0,,
1754,1017,155,1,129.99,0,0,,
1755,1018,31,1,24.99,0,0,,
1756,1019,33,1,34.99,0,0,,
1757,1020,70,1,13.99,0,0,,
1758,1021,162,1,16.99,0,0,,
1759,1022,111,1,17.99,0,0,,
1760,1023,75,1,39.99,0,0,,
1761,1023,135,1,24.99,0,0,,
1762,1024,93,1,12.99,10,0,,
1763,1024,161,1,74.99,10,0,,
1764,1025,84,1,34.99,0,1,changed_mind,2024-08-12
1765,1026,12,1,13.49,10,0,,
1766,1026,103,1,19.99,10,0,,
1767,1026,25,1,19.99,10,0,,
1768,1027,111,1,17.99,0,0,,
1769,1028,163,1,29.99,0,0,,
1770,1028,150,3,14.99,0,0,,
1771,1029,122,1,29.99,0,0,,
1772,1029,121,1,27.99,0,0,,
1773,1030,144,1,69.99,0,0,,
1774,1031,153,1,14.99,0,0,,
1775,1031,47,1,89.99,0,0,,
1776,1032,43,1,17.99,0,0,,
1777,1032,102,1,59.99,0,0,,
1778,1032,148,1,24.99,0,1,not_as_described,2024-08-12
1779,1033,166,1,34.99,0,1,not_as_described,2024-08-11
1780,1034,124,1,64.99,0,1,,2024-08-13
1781,1035,97,1,47.99,0,0,,
1782,1035,137,1,89.99,0,0,,
1783,1036,93,1,12.99,0,0,,
1784,1036,39,1,34.99,0,0,,
1785,1037,47,1,89.99,0,0,,
1786,1038,43,1,17.99,0,0,,
1787,1038,167,1,44.99,0,0,,
1788,1039,98,1,7.99,0,0,,
1789,1039,153,2,14.99,0,0,,
1790,1040,140,1,9.99,10,0,,
1791,1041,36,1,11.99,0,0,,
1792,1041,72,1,24.99,0,0,,
1793,1042,121,1,27.99,0,1,arrived_late,2024-08-10
1794,1042,58,1,16.99,0,0,,
1795,1043,62,1,29.99,0,0,,
1796,1044,141,1,24.99,0,0,,
1797,1044,54,1,129.99,0,0,,
1798,1045,130,1,16.49,0,0,,
1799,1046,31,1,24.99,0,0,,
1800,1046,148,1,24.99,0,0,,
1801,1047,141,1,24.99,0,0,,
1802,1048,145,1,14.99,0,0,,
1803,1049,51,1,24.99,0,0,,
1804,1049,164,1,29.99,0,0,,
1805,1049,115,1,79.99,0,0,,
1806,1049,134,1,12.99,0,0,,
1807,1050,52,1,15.49,0,0,,
1808,1050,106,1,259.99,0,0,,
1809,1050,140,1,9.99,0,0,,
1810,1050,73,1,49.99,0,0,,
1811,1051,9,2,24.99,0,0,,
1812,1052,144,1,69.99,0,0,,
1813,1053,131,1,24.99,0,0,,
1814,1053,17,1,12.99,0,0,,
1815,1053,59,1,9.99,0,0,,
1816,1054,95,1,29.99,10,1,wrong_item,2024-08-16
1817,1054,111,1,17.99,10,0,,
1818,1055,127,1,69.99,0,0,,
1819,1055,19,1,329.99,0,0,,
1820,1056,158,1,29.99,10,0,,
1821,1056,58,1,16.99,10,0,,
1822,1057,160,1,169.99,0,0,,
1823,1057,145,1,14.99,10,0,,
1824,1058,134,2,12.99,10,1,defective,2024-08-15
1825,1059,65,1,34.99,10,0,,
1826,1060,58,1,16.99,10,0,,
1827,1060,169,1,39.99,10,1,defective,2024-08-29
1828,1061,70,1,13.99,10,0,,
1829,1062,43,1,17.99,0,0,,
1830,1062,21,1,19.99,0,0,,
1831,1062,165,1,13.99,0,0,,
1832,1063,85,1,24.99,0,0,,
1833,1064,140,1,9.99,0,0,,
1834,1065,12,1,13.49,0,0,,
1835,1066,167,1,44.99,0,1,size_too_large,2024-08-22
1836,1067,150,1,14.99,10,0,,
1837,1068,90,2,34.99,0,0,,
1838,1068,42,2,19.99,0,0,,
1839,1068,126,1,49.99,0,0,,
1840,1069,39,1,34.99,0,0,,
1841,1069,80,1,74.99,0,1,defective,2024-08-19
1842,1070,117,1,6.49,0,0,,
1843,1070,124,1,64.99,0,0,,
1844,1070,167,1,44.99,0,0,,
1845,1070,109,1,44.99,0,0,,
1846,1070,32,1,37.99,0,0,,
1847,1071,4,1,14.99,0,0,,
1848,1072,74,1,16.99,0,0,,
1849,1073,122,1,29.99,0,0,,
1850,1073,103,1,19.99,0,0,,
1851,1074,129,1,24.99,0,0,,
1852,1074,43,1,17.99,0,0,,
1853,1075,171,1,29.99,10,0,,
1854,1075,123,1,49.99,10,0,,
1855,1076,62,1,29.99,0,0,,
1856,1077,96,1,34.99,0,0,,
1857,1078,91,1,44.99,0,0,,
1858,1078,111,1,17.99,0,0,,
1859,1078,157,1,89.99,0,0,,
1860,1078,43,1,17.99,0,0,,
1861,1078,145,1,14.99,0,0,,
1862,1079,144,1,69.99,0,1,wrong_item,2024-08-16
1863,1080,129,1,24.99,10,0,,
1864,1080,70,1,13.99,10,0,,
1865,1081,159,1,29.99,0,0,,
1866,1081,42,2,19.99,0,0,,
1867,1082,21,1,19.99,0,1,defective,2024-09-01
1868,1083,58,1,16.99,0,0,,
1869,1083,130,1,16.49,0,0,,
1870,1083,33,1,34.99,0,0,,
1871,1084,150,1,14.99,0,0,,
1872,1085,129,1,24.99,0,0,,
1873,1086,85,1,24.99,0,0,,
1874,1087,14,1,22.99,0,0,,
1875,1087,61,1,14.99,0,0,,
1876,1087,41,1,22.99,0,0,,
1877,1088,34,1,27.99,0,0,,
1878,1089,39,1,34.99,0,0,,
1879,1090,111,1,17.99,0,0,,
1880,1091,77,1,44.99,10,0,,
1881,1091,142,1,49.99,10,0,,
1882,1091,82,1,10.49,10,0,,
1883,1092,129,1,24.99,0,0,,
1884,1093,24,1,34.99,20,0,,
1885,1094,42,1,19.99,10,0,,
1886,1094,90,1,34.99,10,0,,
1887,1095,170,1,29.99,10,0,,
1888,1095,85,1,24.99,10,0,,
1889,1095,5,1,47.99,10,0,,
1890,1096,98,1,7.99,0,0,,
1891,1096,50,1,24.99,20,0,,
1892,1096,147,1,19.99,0,0,,
1893,1097,117,1,6.49,0,0,,
1894,1097,39,1,34.99,0,0,,
1895,1097,25,1,19.99,40,0,,
1896,1097,108,1,89.99,0,0,,
1897,1097,139,1,29.99,0,0,,
1898,1097,8,1,11.99,0,1,not_as_described,2024-08-19
1899,1098,66,1,69.99,0,0,,
1900,1099,72,1,24.99,10,0,,
1901,1100,142,1,49.99,0,0,,
1902,1100,24,1,34.99,20,0,,
1903,1100,95,1,29.99,0,0,,
1904,1101,136,1,12.99,0,1,changed_mind,2024-08-17
1905,1101,41,1,22.99,0,0,,
1906,1102,52,1,15.49,0,0,,
1907,1103,42,1,19.99,10,0,,
1908,1103,159,1,29.99,15,0,,
1909,1103,51,1,24.99,10,0,,
1910,1104,151,1,24.99,0,0,,
1911,1105,111,1,17.99,10,1,not_as_described,2024-08-18
1912,1106,90,1,34.99,10,0,,
1913,1106,17,1,12.99,10,0,,
1914,1107,121,1,27.99,20,0,,
1915,1108,27,1,27.99,0,0,,
1916,1109,148,1,24.99,0,1,not_as_described,2024-08-30
1917,1110,61,2,14.99,0,0,,
1918,1111,166,1,34.99,10,1,,2024-08-21
1919,1111,129,1,24.99,10,0,,
1920,1112,153,1,14.99,30,0,,
1921,1112,158,1,29.99,0,0,,
1922,1113,100,1,79.99,0,0,,
1923,1113,152,1,19.99,0,0,,
1924,1114,41,1,22.99,0,0,,
1925,1115,137,1,89.99,0,1,not_as_described,2024-08-22
1926,1115,128,1,69.99,0,0,,
1927,1116,159,1,29.99,15,0,,
1928,1117,39,1,34.99,10,0,,
1929,1117,159,2,29.99,15,0,,
1930,1118,7,1,119.99,10,0,,
1931,1118,151,1,24.99,10,0,,
1932,1119,14,1,22.99,30,1,wrong_item,2024-09-01
1933,1119,33,1,34.99,10,0,,
1934,1120,29,1,34.99,0,0,,
1935,1120,129,2,24.99,0,1,size_too_large,2024-08-24
1936,1120,17,1,12.99,0,0,,
1937,1121,58,2,16.99,0,0,,
1938,1121,114,3,24.99,0,0,,
1939,1121,153,1,14.99,30,0,,
1940,1122,58,1,16.99,0,0,,
1941,1123,171,1,29.99,10,0,,
1942,1124,159,1,29.99,15,0,,
1943,1124,152,1,19.99,10,0,,
1944,1125,122,1,29.99,30,0,,
1945,1125,58,1,16.99,0,0,,
1946,1125,117,1,6.49,0,0,,
1947,1126,24,1,34.99,20,0,,
1948,1126,95,1,29.99,0,0,,
1949,1126,138,1,59.99,0,0,,
1950,1126,12,1,13.49,30,0,,
1951,1127,58,1,16.99,0,0,,
1952,1127,25,1,19.99,40,0,,
1953,1128,126,1,49.99,0,0,,
1954,1128,90,1,34.99,0,1,changed_mind,2024-08-25
1955,1129,42,1,19.99,0,0,,
1956,1130,67,1,34.99,0,0,,
1957,1131,45,2,29.99,0,0,,
1958,1132,150,1,14.99,40,0,,
1959,1132,54,1,129.99,0,0,,
1960,1133,64,1,9.99,0,0,,
1961,1133,93,1,12.99,0,0,,
1962,1134,134,1,12.99,20,0,,
1963,1134,34,1,27.99,0,0,,
1964,1134,36,1,11.99,0,0,,
1965,1135,36,1,11.99,0,0,,
1966,1135,145,1,14.99,0,0,,
1967,1136,33,1,34.99,10,0,,
1968,1137,167,1,44.99,0,0,,
1969,1137,129,1,24.99,0,0,,
1970,1137,12,2,13.49,30,0,,
1971,1138,43,1,17.99,0,0,,
1972,1138,175,1,14.99,0,1,size_too_large,2024-08-26
1973,1139,142,1,49.99,0,0,,
1974,1139,156,1,29.99,0,0,,
1975,1140,108,1,89.99,0,0,,
1976,1141,97,1,47.99,0,0,,
1977,1141,50,1,24.99,20,0,,
1978,1142,17,1,12.99,10,0,,
1979,1142,157,1,89.99,10,1,changed_mind,2024-08-25
1980,1143,17,1,12.99,15,0,,
1981,1144,136,2,12.99,0,0,,
1982,1145,123,1,49.99,15,1,,2024-08-28
1983,1145,140,1,9.99,10,0,,
1984,1146,58,1,16.99,10,0,,
1985,1147,18,1,34.99,10,0,,
1986,1147,12,1,13.49,30,0,,
1987,1148,58,1,16.99,0,0,,
1988,1148,7,1,119.99,0,0,,
1989,1148,166,1,34.99,0,1,not_as_described,2024-08-29
1990,1148,4,2,14.99,0,0,,
1991,1148,148,1,24.99,0,0,,
1992,1149,70,1,13.99,0,0,,
1993,1149,165,1,13.99,0,0,,
1994,1149,121,1,27.99,20,0,,
1995,1150,51,1,24.99,0,0,,
1996,1151,101,1,42.99,0,0,,
1997,1152,36,1,11.99,10,0,,
1998,1153,175,1,14.99,0,0,,
1999,1153,139,1,29.99,0,0,,
2000,1153,8,1,11.99,0,0,,
2001,1153,136,1,12.99,0,0,,
2002,1154,121,1,27.99,20,0,,
2003,1154,104,1,54.99,0,0,,
2004,1155,1,1,19.99,0,0,,
2005,1156,148,1,24.99,0,0,,
2006,1157,107,1,8.99,0,0,,
2007,1158,70,1,13.99,0,0,,
2008,1159,148,1,24.99,0,0,,
2009,1159,62,1,29.99,0,0,,
2010,1160,153,1,14.99,30,0,,
2011,1161,142,1,49.99,10,0,,
2012,1162,109,1,44.99,0,0,,
2013,1163,33,1,34.99,10,0,,
2014,1163,145,1,14.99,10,0,,
2015,1164,76,1,79.99,0,0,,
2016,1164,140,1,9.99,0,0,,
2017,1164,167,1,44.99,0,0,,
2018,1164,163,1,29.99,0,0,,
2019,1164,97,1,47.99,0,0,,
2020,1165,123,1,49.99,15,1,defective,2024-09-05
2021,1165,145,1,14.99,0,0,,
2022,1166,25,1,19.99,40,0,,
2023,1167,19,1,329.99,0,0,,
2024,1168,70,1,13.99,0,0,,
2025,1168,83,1,24.99,0,0,,
2026,1169,34,1,27.99,0,0,,
2027,1169,90,1,34.99,0,1,changed_mind,2024-08-31
2028,1169,17,1,12.99,0,0,,
2029,1170,28,1,34.99,0,1,not_as_described,2024-09-05
2030,1170,21,1,19.99,25,0,,
2031,1171,123,1,49.99,15,0,,
2032,1172,119,1,34.99,0,0,,
2033,1172,82,1,10.49,0,0,,
2034,1173,136,2,12.99,0,0,,
2035,1173,61,1,14.99,0,0,,
2036,1174,63,1,89.99,10,0,,
2037,1175,137,1,89.99,10,0,,
2038,1175,42,1,19.99,10,0,,
2039,1175,90,1,34.99,10,0,,
2040,1176,147,1,19.99,10,1,size_too_large,2024-09-04
2041,1177,164,1,29.99,0,0,,
2042,1177,119,1,34.99,0,0,,
2043,1178,155,1,129.99,0,0,,
2044,1178,90,1,34.99,0,0,,
2045,1178,89,1,29.99,0,0,,
2046,1178,128,1,69.99,0,0,,
2047,1178,109,1,44.99,0,0,,
2048,1179,93,2,12.99,0,0,,
2049,1180,165,1,13.99,0,0,,
2050,1180,90,1,34.99,0,0,,
2051,1181,12,1,13.49,30,0,,
2052,1181,55,1,39.99,0,0,,
2053,1182,95,1,29.99,0,0,,
2054,1183,17,2,12.99,0,0,,
2055,1184,148,1,24.99,0,0,,
2056,1184,22,2,99.99,0,0,,
2057,1185,19,1,329.99,0,0,,
2058,1186,154,1,29.99,10,0,,
2059,1187,79,1,54.99,10,0,,
2060,1187,108,1,89.99,10,0,,
2061,1187,175,1,14.99,10,0,,
2062,1187,121,1,27.99,20,1,defective,2024-09-10
2063,1188,153,1,14.99,30,0,,
2064,1189,162,1,16.99,0,1,defective,2024-09-03
2065,1190,135,1,24.99,0,0,,
2066,1190,58,1,16.99,0,0,,
2067,1190,93,1,12.99,0,0,,
2068,1191,117,3,6.49,0,0,,
2069,1191,14,1,22.99,30,0,,
2070,1191,158,1,29.99,0,0,,
2071,1192,150,1,14.99,40,0,,
2072,1193,108,1,89.99,10,0,,
2073,1194,12,1,13.49,30,0,,
2074,1194,58,1,16.99,0,0,,
2075,1195,4,1,14.99,0,0,,
2076,1196,35,1,49.99,0,0,,
2077,1197,16,1,69.99,15,0,,
2078,1197,156,2,29.99,10,1,,2024-09-01
2079,1197,72,1,24.99,10,0,,
2080,1198,14,2,22.99,30,0,,
2081,1198,94,1,12.99,0,0,,
2082,1199,69,1,149.99,0,0,,
2083,1199,150,1,14.99,40,0,,
2084,1200,34,1,27.99,0,0,,
2085,1200,58,1,16.99,0,0,,
2086,1201,98,1,7.99,0,1,arrived_late,2024-08-31
2087,1201,12,1,13.49,30,0,,
2088,1202,39,1,34.99,0,0,,
2089,1202,95,1,29.99,0,0,,
2090,1203,90,1,34.99,0,0,,
2091,1203,119,1,34.99,0,0,,
2092,1204,12,1,13.49,30,0,,
2093,1205,109,1,44.99,10,0,,
2094,1205,149,1,119.99,20,0,,
2095,1206,94,1,12.99,0,0,,
2096,1207,51,1,24.99,0,0,,
2097,1208,94,1,12.99,0,0,,
2098,1209,153,1,14.99,30,1,changed_mind,2024-09-08
2099,1210,167,1,44.99,0,0,,
2100,1210,96,1,34.99,0,0,,
2101,1210,125,2,11.99,0,0,,
2102,1210,152,1,19.99,0,0,,
2103,1211,78,1,11.99,10,0,,
2104,1211,165,1,13.99,10,0,,
2105,1212,138,1,59.99,0,0,,
2106,1213,164,1,29.99,0,0,,
2107,1214,94,1,12.99,0,0,,
2108,1214,22,1,99.99,0,0,,
2109,1215,110,1,19.99,0,0,,
2110,1215,102,1,59.99,0,0,,
2111,1216,96,1,34.99,10,0,,
2112,1216,150,1,14.99,40,0,,
2113,1217,75,1,39.99,10,0,,
2114,1217,82,1,10.49,0,0,,
2115,1218,70,1,13.99,0,0,,
2116,1219,100,1,79.99,0,0,,
2117,1220,109,1,44.99,0,0,,
2118,1221,136,1,12.99,0,0,,
2119,1222,27,1,27.99,0,0,,
2120,1223,163,1,29.99,10,0,,
2121,1224,9,1,24.99,0,0,,
2122,1225,164,1,29.99,10,0,,
2123,1225,116,1,34.99,10,0,,
2124,1225,98,1,7.99,10,0,,
2125,1226,175,1,14.99,0,0,,
2126,1227,62,1,29.99,0,0,,
2127,1228,107,2,8.99,0,0,,
2128,1229,167,1,44.99,0,0,,
2129,1230,170,1,29.99,0,0,,
2130,1230,116,1,34.99,0,0,,
2131,1231,42,1,19.99,0,0,,
2132,1232,42,1,19.99,0,1,changed_mind,2024-09-17
2133,1232,103,1,19.99,0,0,,
2134,1232,8,1,11.99,0,0,,
2135,1233,106,1,259.99,0,0,,
2136,1233,140,1,9.99,0,0,,
2137,1234,111,1,17.99,0,0,,
2138,1234,173,1,99.99,15,0,,
2139,1235,60,1,89.99,10,0,,
2140,1235,148,1,24.99,10,0,,
2141,1236,39,1,34.99,0,0,,
2142,1236,107,1,8.99,0,0,,
2143,1237,139,1,29.99,0,0,,
2144,1237,8,1,11.99,0,0,,
2145,1238,34,1,27.99,0,0,,
2146,1239,83,1,24.99,0,0,,
2147,1239,158,1,29.99,0,0,,
2148,1240,223,12,0.0,0,0,,
2149,1240,259,10,0.0,0,0,,
2150,1241,125,1,11.99,0,0,,
2151,1242,43,1,17.99,10,0,,
2152,1242,167,1,44.99,10,0,,
2153,1243,18,1,34.99,0,0,,
2154,1244,125,1,11.99,0,0,,
2155,1245,84,1,34.99,0,0,,
2156,1245,59,1,9.99,0,0,,
2157,1246,124,1,64.99,0,0,,
2158,1247,62,1,29.99,0,0,,
2159,1247,110,1,19.99,0,0,,
2160,1247,65,1,34.99,0,0,,
2161,1248,111,1,17.99,0,0,,
2162,1249,168,1,29.99,0,0,,
2163,1250,40,1,599.99,0,0,,
2164,1251,117,1,6.49,10,0,,
2165,1251,65,1,34.99,10,0,,
2166,1251,59,1,9.99,10,0,,
2167,1252,162,1,16.99,0,1,defective,2024-09-24
2168,1252,159,1,29.99,15,0,,
2169,1253,92,1,24.99,10,0,,
2170,1254,108,1,89.99,0,0,,
2171,1254,12,1,13.49,30,0,,
2172,1254,41,1,22.99,0,0,,
2173,1254,36,1,11.99,0,0,,
2174,1255,153,1,14.99,30,0,,
2175,1255,97,1,47.99,0,0,,
2176,1255,26,2,14.99,0,0,,
2177,1256,51,1,24.99,0,0,,
2178,1256,95,1,29.99,0,0,,
2179,1256,25,1,19.99,40,0,,
2180,1257,162,1,16.99,0,0,,
2181,1257,21,3,19.99,0,0,,
2182,1257,176,1,1099.99,0,0,,
2183,1257,144,1,69.99,0,1,wrong_item,2024-09-14
2184,1258,167,1,44.99,0,0,,
2185,1259,136,2,12.99,0,0,,
2186,1260,139,1,29.99,0,0,,
2187,1260,8,1,11.99,0,0,,
2188,1261,42,1,19.99,0,0,,
2189,1262,94,1,12.99,0,0,,
2190,1263,150,1,14.99,40,0,,
2191,1264,150,2,14.99,40,0,,
2192,1264,31,1,24.99,0,0,,
2193,1265,174,1,19.99,10,0,,
2194,1265,98,1,7.99,10,0,,
2195,1266,90,1,34.99,0,0,,
2196,1266,152,1,19.99,20,0,,
2197,1267,58,1,16.99,0,0,,
2198,1268,95,1,29.99,10,0,,
2199,1268,114,1,24.99,10,0,,
2200,1269,166,1,34.99,0,0,,
2201,1270,132,1,11.99,0,0,,
2202,1271,150,1,14.99,40,0,,
2203,1272,113,1,39.99,0,0,,
2204,1272,109,1,44.99,0,1,changed_mind,2024-09-13
2205,1273,129,1,24.99,0,0,,
2206,1273,138,1,64.99,0,0,,
2207,1274,25,1,19.99,40,0,,
2208,1274,7,1,119.99,0,1,not_as_described,2024-09-14
2209,1275,152,1,19.99,20,0,,
2210,1276,21,1,19.99,0,0,,
2211,1277,140,1,9.99,0,0,,
2212,1278,49,1,34.99,10,0,,
2213,1278,130,1,16.49,10,0,,
2214,1279,153,1,14.99,30,0,,
2215,1279,105,1,34.99,0,0,,
2216,1280,76,1,79.99,0,0,,
2217,1281,169,1,39.99,0,0,,
2218,1282,98,1,7.99,10,0,,
2219,1282,164,2,29.99,10,0,,
2220,1283,70,1,13.99,10,0,,
2221,1284,27,1,27.99,0,0,,
2222,1285,98,1,7.99,10,0,,
2223,1286,29,1,34.99,0,0,,
2224,1286,171,1,29.99,0,0,,
2225,1287,16,1,69.99,0,0,,
2226,1288,39,1,34.99,0,0,,
2227,1288,62,1,29.99,0,0,,
2228,1289,54,2,129.99,0,0,,
2229,1289,155,1,129.99,0,0,,
2230,1290,26,1,14.99,10,0,,
2231,1291,45,1,29.99,0,0,,
2232,1292,88,1,34.99,0,0,,
2233,1292,111,1,17.99,0,0,,
2234,1293,37,1,199.99,0,0,,
2235,1294,82,1,10.49,20,0,,
2236,1294,138,1,64.99,15,1,defective,2024-10-13
2237,1294,62,1,29.99,15,0,,
2238,1294,170,1,29.99,15,0,,
2239,1294,106,2,259.99,0,0,,
2240,1295,164,1,29.99,0,0,,
2241,1295,93,2,12.99,0,1,defective,2024-09-21
2242,1296,120,1,89.99,0,0,,
2243,1296,66,1,69.99,0,0,,
2244,1296,14,1,22.99,30,0,,
2245,1296,112,1,44.99,0,0,,
2246,1297,64,2,9.99,0,0,,
2247,1298,109,1,44.99,0,0,,
2248,1298,15,1,34.99,0,0,,
2249,1299,30,1,22.99,10,0,,
2250,1299,138,1,64.99,10,0,,
2251,1300,79,1,54.99,0,0,,
2252,1300,110,1,19.99,0,0,,
2253,1300,144,1,69.99,0,0,,
2254,1301,110,1,19.99,0,0,,
2255,1302,150,1,14.99,40,0,,
2256,1303,150,1,14.99,40,0,,
2257,1304,145,2,14.99,0,0,,
2258,1304,130,1,16.49,0,0,,
2259,1305,62,1,29.99,0,0,,
2260,1306,51,1,24.99,0,0,,
2261,1306,64,1,9.99,0,0,,
2262,1306,131,1,24.99,0,0,,
2263,1306,33,1,34.99,25,0,,
2264,1306,54,1,129.99,0,0,,
2265,1306,66,1,69.99,0,0,,
2266,1307,8,1,11.99,10,0,,
2267,1307,167,1,44.99,10,0,,
2268,1308,167,1,44.99,0,0,,
2269,1308,18,1,34.99,0,1,changed_mind,2024-09-16
2270,1308,168,1,29.99,0,1,not_as_described,2024-09-18
2271,1309,82,1,10.49,20,0,,
2272,1309,70,1,13.99,10,0,,
2273,1309,140,1,9.99,10,0,,
2274,1309,156,1,29.99,10,1,not_as_described,2024-09-24
2275,1309,123,1,49.99,10,0,,
2276,1310,25,1,19.99,40,0,,
2277,1311,42,1,19.99,0,0,,
2278,1312,9,1,24.99,0,0,,
2279,1313,28,1,34.99,0,0,,
2280,1313,39,1,34.99,0,0,,
2281,1313,126,1,49.99,0,0,,
2282,1313,18,1,34.99,0,1,changed_mind,2024-09-20
2283,1314,159,1,29.99,0,0,,
2284,1314,116,1,34.99,0,0,,
2285,1315,17,1,12.99,0,0,,
2286,1316,110,1,19.99,0,0,,
2287,1316,164,1,29.99,0,0,,
2288,1317,150,1,14.99,40,0,,
2289,1318,145,2,14.99,0,0,,
2290,1319,92,1,24.99,0,0,,
2291,1319,74,1,16.99,0,0,,
2292,1320,128,1,69.99,0,0,,
2293,1320,109,1,44.99,0,0,,
2294,1320,73,1,49.99,0,0,,
2295,1321,25,1,19.99,40,0,,
2296,1321,150,1,14.99,40,0,,
2297,1322,24,1,34.99,0,0,,
2298,1322,95,2,29.99,0,0,,
2299,1323,86,1,9.99,0,0,,
2300,1323,75,1,39.99,0,0,,
2301,1323,134,1,12.99,20,0,,
2302,1324,41,1,22.99,0,1,changed_mind,2024-09-22
2303,1324,66,1,69.99,0,0,,
2304,1325,25,1,19.99,40,0,,
2305,1326,109,1,44.99,0,0,,
2306,1327,25,1,19.99,40,0,,
2307,1328,148,1,24.99,0,0,,
2308,1328,157,1,89.99,0,1,defective,2024-10-12
2309,1329,111,1,17.99,10,0,,
2310,1330,173,1,99.99,0,0,,
2311,1331,138,1,64.99,10,0,,
2312,1331,39,1,34.99,10,0,,
2313,1332,31,1,24.99,0,0,,
2314,1333,141,1,24.99,10,0,,
2315,1333,88,1,34.99,10,0,,
2316,1334,162,1,16.99,10,0,,
2317,1335,141,1,24.99,0,0,,
2318,1336,57,1,19.99,0,0,,
2319,1337,120,1,89.99,0,1,size_too_small,2024-09-25
2320,1337,148,1,24.99,0,0,,
2321,1338,13,1,89.99,10,0,,
2322,1338,36,1,11.99,10,0,,
2323,1339,41,1,22.99,0,0,,
2324,1339,76,1,79.99,0,0,,
2325,1340,28,1,34.99,0,0,,
2326,1341,88,1,34.99,0,0,,
2327,1342,147,1,19.99,0,0,,
2328,1342,111,1,17.99,0,0,,
2329,1342,46,1,159.99,0,0,,
2330,1343,148,1,24.99,0,0,,
2331,1343,49,1,34.99,0,0,,
2332,1344,88,1,34.99,0,0,,
2333,1345,177,1,64.99,0,1,size_too_small,2024-09-29
2334,1346,43,1,17.99,0,0,,
2335,1346,101,1,42.99,0,0,,
2336,1347,62,1,29.99,10,0,,
2337,1347,82,1,10.49,10,0,,
2338,1347,25,1,19.99,40,0,,
2339,1348,159,1,29.99,0,0,,
2340,1349,28,1,34.99,0,0,,
2341,1350,51,1,24.99,0,0,,
2342,1351,58,1,16.99,0,0,,
2343,1352,72,1,24.99,0,0,,
2344,1353,11,1,49.99,10,0,,
2345,1354,25,2,19.99,40,0,,
2346,1355,133,2,13.99,0,0,,
2347,1355,111,1,17.99,0,0,,
2348,1356,125,1,11.99,10,0,,
2349,1357,121,1,27.99,20,0,,
2350,1358,88,1,34.99,10,0,,
2351,1358,140,1,9.99,10,0,,
2352,1359,125,2,11.99,10,0,,
2353,1360,139,1,29.99,0,0,,
2354,1360,58,1,16.99,0,0,,
2355,1361,51,1,24.99,0,0,,
2356,1361,41,1,22.99,0,0,,
2357,1361,89,1,29.99,0,1,defective,2024-10-15
2358,1362,16,1,69.99,0,0,,
2359,1363,72,1,24.99,0,0,,
2360,1364,139,1,29.99,10,0,,
2361,1365,97,1,47.99,0,0,,
2362,1365,159,1,29.99,0,0,,
2363,1366,167,1,44.99,0,0,,
2364,1366,25,1,19.99,40,0,,
2365,1367,164,1,29.99,0,0,,
2366,1367,112,1,44.99,0,0,,
2367,1367,157,1,89.99,0,0,,
2368,1367,115,1,79.99,40,0,,
2369,1368,17,1,12.99,0,0,,
2370,1369,112,1,44.99,0,0,,
2371,1370,168,1,29.99,0,0,,
2372,1371,13,1,89.99,10,0,,
2373,1371,103,1,19.99,10,0,,
2374,1371,18,1,34.99,10,0,,
2375,1371,65,1,34.99,10,1,not_as_described,2024-09-28
2376,1371,75,1,39.99,10,0,,
2377,1372,123,1,49.99,10,0,,
2378,1372,144,1,69.99,10,1,size_too_small,2024-10-01
2379,1373,59,1,9.99,0,0,,
2380,1373,153,3,14.99,30,0,,
2381,1373,58,1,16.99,0,0,,
2382,1374,146,1,21.99,0,0,,
2383,1374,92,1,24.99,0,0,,
2384,1374,141,1,24.99,0,0,,
2385,1374,162,1,16.99,0,0,,
2386,1375,65,2,34.99,0,0,,
2387,1376,64,2,9.99,0,0,,
2388,1376,167,1,44.99,0,0,,
2389,1376,36,1,11.99,0,0,,
2390,1377,79,1,54.99,0,0,,
2391,1377,131,1,24.99,0,1,changed_mind,2024-09-26
2392,1377,21,1,19.99,0,0,,
2393,1377,31,1,24.99,0,0,,
2394,1377,146,1,21.99,0,0,,
2395,1378,74,1,16.99,0,0,,
2396,1379,148,1,24.99,0,1,size_too_small,2024-09-27
2397,1379,142,1,49.99,0,1,not_as_described,2024-09-28
2398,1380,175,1,14.99,0,0,,
2399,1381,94,1,12.99,0,0,,
2400,1382,98,1,7.99,0,0,,
2401,1383,62,1,29.99,10,0,,
2402,1383,51,1,24.99,10,0,,
2403,1384,52,1,15.49,0,0,,
2404,1385,33,1,34.99,10,0,,
2405,1385,156,1,29.99,10,0,,
2406,1386,95,1,29.99,10,0,,
2407,1386,25,1,19.99,40,1,not_as_described,2024-09-29
2408,1386,166,1,34.99,10,0,,
2409,1387,88,1,34.99,0,0,,
2410,1388,165,1,13.99,0,0,,
2411,1389,58,1,16.99,0,0,,
2412,1389,88,1,34.99,0,0,,
2413,1390,59,1,9.99,20,0,,
2414,1391,33,1,34.99,10,0,,
2415,1392,88,1,34.99,0,0,,
2416,1393,39,1,34.99,0,0,,
2417,1393,164,1,29.99,0,0,,
2418,1394,146,1,21.99,0,0,,
2419,1394,135,1,24.99,0,0,,
2420,1395,150,1,14.99,40,0,,
2421,1395,159,1,29.99,0,0,,
2422,1395,167,1,44.99,0,0,,
2423,1395,13,1,89.99,0,0,,
2424,1395,164,1,29.99,0,0,,
2425,1396,119,1,34.99,0,0,,
2426,1396,126,1,49.99,0,0,,
2427,1397,119,1,34.99,0,0,,
2428,1397,110,1,19.99,0,1,defective,2024-10-07
2429,1397,52,1,15.49,0,0,,
2430,1397,169,1,39.99,0,0,,
2431,1398,45,1,29.99,0,0,,
2432,1398,138,1,64.99,0,0,,
2433,1399,36,1,11.99,10,0,,
2434,1400,141,1,24.99,0,0,,
2435,1401,177,1,64.99,0,0,,
2436,1401,168,1,29.99,0,0,,
2437,1402,120,1,89.99,0,0,,
2438,1402,43,1,17.99,0,0,,
2439,1403,7,1,119.99,10,0,,
2440,1404,152,1,19.99,10,1,not_as_described,2024-09-29
2441,1405,167,1,44.99,0,0,,
2442,1406,2,1,69.99,0,0,,
2443,1407,110,1,19.99,0,0,,
2444,1408,129,1,24.99,0,1,changed_mind,2024-09-29
2445,1409,110,1,19.99,0,1,changed_mind,2024-10-02
2446,1409,148,1,24.99,0,0,,
2447,1409,104,2,54.99,0,0,,
2448,1409,95,1,29.99,0,0,,
2449,1410,109,1,44.99,0,1,size_too_large,2024-09-30
2450,1411,91,1,44.99,0,0,,
2451,1412,162,1,16.99,15,0,,
2452,1413,66,1,69.99,0,0,,
2453,1413,110,1,19.99,0,1,not_as_described,2024-10-13
2454,1414,145,1,14.99,10,0,,
2455,1415,27,1,27.99,0,0,,
2456,1416,84,1,34.99,10,0,,
2457,1416,44,1,79.99,10,0,,
2458,1416,30,1,22.99,25,0,,
2459,1416,140,1,9.99,10,0,,
2460,1416,163,1,29.99,10,0,,
2461,1416,111,1,17.99,10,0,,
2462,1417,130,1,16.49,0,0,,
2463,1418,102,1,59.99,10,0,,
2464,1418,158,1,29.99,10,0,,
2465,1419,148,1,24.99,10,0,,
2466,1420,33,1,34.99,0,0,,
2467,1420,72,1,24.99,0,0,,
2468,1421,92,2,24.99,10,0,,
2469,1422,136,1,12.99,10,0,,
2470,1423,160,2,169.99,0,1,changed_mind,2024-09-30
2471,1423,30,1,22.99,25,0,,
2472,1423,170,1,29.99,0,0,,
2473,1424,62,1,29.99,0,0,,
2474,1424,110,1,19.99,0,0,,
2475,1425,183,1,59.99,10,0,,
2476,1426,21,1,19.99,0,0,,
2477,1427,119,1,34.99,0,0,,
2478,1427,25,1,19.99,40,0,,
2479,1428,73,1,49.99,0,0,,
2480,1429,50,1,24.99,20,0,,
2481,1430,51,1,24.99,10,0,,
2482,1431,62,1,29.99,10,0,,
2483,1431,51,1,24.99,10,0,,
2484,1432,140,1,9.99,10,0,,
2485,1432,6,1,59.99,10,0,,
2486,1432,132,2,11.99,10,0,,
2487,1433,25,1,19.99,40,0,,
2488,1433,42,2,19.99,10,0,,
2489,1433,108,1,89.99,10,0,,
2490,1434,44,1,79.99,0,0,,
2491,1435,137,1,89.99,10,0,,
2492,1436,78,1,11.99,0,0,,
2493,1437,111,1,17.99,0,0,,
2494,1437,100,1,79.99,0,0,,
2495,1438,30,1,22.99,25,0,,
2496,1439,138,1,64.99,0,1,arrived_late,2024-10-10
2497,1440,177,1,64.99,0,0,,
2498,1441,97,1,47.99,0,0,,
2499,1441,132,1,11.99,0,0,,
2500,1442,12,1,13.49,30,0,,
2501,1442,36,1,11.99,0,0,,
2502,1443,145,1,14.99,0,0,,
2503,1444,32,1,37.99,0,0,,
2504,1444,13,1,89.99,0,0,,
2505,1445,139,1,29.99,0,0,,
2506,1446,36,1,11.99,0,0,,
2507,1447,33,1,34.99,0,0,,
2508,1447,162,1,16.99,15,0,,
2509,1448,36,1,11.99,10,0,,
2510,1448,110,1,19.99,10,0,,
2511,1449,148,1,24.99,0,0,,
2512,1449,122,1,29.99,30,0,,
2513,1450,51,1,24.99,0,0,,
2514,1451,167,1,44.99,0,0,,
2515,1452,111,1,17.99,0,1,,2024-10-07
2516,1452,20,1,34.99,0,0,,
2517,1453,36,1,11.99,0,0,,
2518,1454,58,1,16.99,0,0,,
2519,1454,94,1,12.99,0,1,changed_mind,2024-10-08
2520,1455,119,1,34.99,0,0,,
2521,1456,162,1,16.99,15,0,,
2522,1457,180,1,14.99,0,0,,
2523,1458,183,2,59.99,0,0,,
2524,1458,166,1,34.99,0,0,,
2525,1459,129,1,24.99,10,1,size_too_large,2024-10-04
2526,1459,70,1,13.99,10,0,,
2527,1460,36,2,11.99,0,0,,
2528,1461,33,1,34.99,10,0,,
2529,1461,65,1,34.99,10,0,,
2530,1462,126,1,49.99,10,0,,
2531,1462,42,1,19.99,10,0,,
2532,1463,58,1,16.99,0,0,,
2533,1463,68,1,99.99,0,0,,
2534,1464,49,1,34.99,0,0,,
2535,1465,72,1,24.99,10,0,,
2536,1466,184,1,16.99,0,0,,
2537,1466,36,2,11.99,0,0,,
2538,1466,95,1,29.99,0,0,,
2539,1466,115,1,79.99,40,0,,
2540,1467,75,1,39.99,0,0,,
2541,1467,170,1,29.99,0,0,,
2542,1468,52,1,15.49,0,0,,
2543,1468,5,1,47.99,0,0,,
2544,1469,68,1,99.99,0,0,,
2545,1469,167,1,44.99,0,0,,
2546,1470,148,1,24.99,0,0,,
2547,1471,134,2,12.99,20,0,,
2548,1472,23,1,37.99,0,0,,
2549,1472,62,1,29.99,0,1,not_as_described,2024-10-06
2550,1473,79,1,54.99,0,0,,
2551,1474,96,1,34.99,0,0,,
2552,1475,153,2,14.99,30,0,,
2553,1476,54,1,129.99,0,1,changed_mind,2024-10-05
2554,1477,148,1,24.99,0,1,changed_mind,2024-10-05
2555,1478,169,1,39.99,0,0,,
2556,1479,152,1,19.99,0,0,,
2557,1479,105,1,34.99,0,0,,
2558,1480,184,1,16.99,10,0,,
2559,1481,74,1,16.99,10,1,,2024-10-07
2560,1482,102,1,59.99,0,0,,
2561,1482,17,1,12.99,0,0,,
2562,1483,26,1,14.99,10,0,,
2563,1483,36,1,11.99,10,0,,
2564,1484,111,1,17.99,0,0,,
2565,1485,41,1,22.99,0,0,,
2566,1485,148,1,24.99,0,1,not_as_described,2024-10-09
2567,1485,184,1,16.99,0,0,,
2568,1486,130,1,16.49,0,0,,
2569,1486,46,1,159.99,0,0,,
2570,1486,39,1,34.99,0,0,,
2571,1487,153,1,14.99,0,1,changed_mind,2024-10-20
2572,1487,5,1,47.99,0,0,,
2573,1488,110,1,19.99,0,0,,
2574,1488,31,1,24.99,0,0,,
2575,1489,132,1,11.99,0,0,,
2576,1490,14,1,22.99,10,0,,
2577,1491,122,1,29.99,0,0,,
2578,1491,33,1,34.99,0,0,,
2579,1492,36,1,11.99,0,0,,
2580,1492,123,1,49.99,0,0,,
2581,1492,47,1,89.99,0,0,,
2582,1493,70,2,13.99,10,0,,
2583,1493,18,1,34.99,10,0,,
2584,1493,94,1,12.99,10,0,,
2585,1494,20,1,34.99,10,0,,
2586,1494,50,1,24.99,10,1,arrived_late,2024-10-16
2587,1495,36,1,11.99,0,0,,
2588,1495,141,1,24.99,0,0,,
2589,1496,80,1,74.99,0,0,,
2590,1497,159,1,29.99,0,0,,
2591,1498,44,1,79.99,0,0,,
2592,1498,157,1,89.99,0,0,,
2593,1499,33,1,34.99,10,0,,
2594,1499,163,1,29.99,10,0,,
2595,1500,64,1,9.99,0,0,,
2596,1501,80,1,74.99,10,0,,
2597,1502,101,1,42.99,0,0,,
2598,1503,166,1,34.99,10,0,,
2599,1504,26,1,14.99,0,0,,
2600,1505,167,1,44.99,0,0,,
2601,1506,110,1,19.99,0,0,,
2602,1507,47,1,89.99,0,0,,
2603,1507,39,1,34.99,0,0,,
2604,1508,97,1,47.99,0,0,,
2605,1508,24,1,34.99,0,0,,
2606,1509,36,1,11.99,0,0,,
2607,1509,121,1,27.99,0,0,,
2608,1509,24,1,34.99,0,0,,
2609,1509,95,1,29.99,0,0,,
2610,1510,132,1,11.99,0,0,,
2611,1510,171,1,29.99,0,0,,
2612,1511,42,1,19.99,0,0,,
2613,1511,12,2,13.49,0,0,,
2614,1511,146,1,21.99,0,0,,
2615,1512,39,1,34.99,0,0,,
2616,1512,95,1,29.99,0,0,,
2617,1512,166,1,34.99,0,0,,
2618,1512,180,1,14.99,0,0,,
2619,1513,51,1,24.99,10,0,,
2620,1513,138,1,64.99,10,0,,
2621,1513,47,1,89.99,10,0,,
2622,1514,163,1,29.99,10,0,,
2623,1514,178,1,119.99,10,0,,
2624,1515,39,1,34.99,0,0,,
2625,1516,26,1,14.99,0,0,,
2626,1517,171,1,29.99,0,0,,
2627,1518,136,1,12.99,10,0,,
2628,1519,36,1,11.99,0,0,,
2629,1519,172,1,149.99,0,0,,
2630,1520,109,1,44.99,0,0,,
2631,1521,93,1,12.99,0,0,,
2632,1522,140,1,9.99,0,0,,
2633,1523,136,2,12.99,0,0,,
2634,1523,110,1,19.99,0,0,,
2635,1524,58,1,16.99,0,0,,
2636,1524,23,1,37.99,0,0,,
2637,1524,92,1,24.99,0,0,,
2638,1525,102,1,59.99,0,0,,
2639,1525,59,1,9.99,0,0,,
2640,1526,49,1,34.99,0,0,,
2641,1526,64,2,9.99,0,0,,
2642,1527,52,1,15.49,0,0,,
2643,1527,84,1,34.99,0,0,,
2644,1528,165,1,13.99,10,0,,
2645,1528,143,1,19.99,10,0,,
2646,1528,166,1,34.99,10,0,,
2647,1528,130,1,16.49,10,0,,
2648,1528,135,1,24.99,10,0,,
2649,1529,79,1,54.99,0,0,,
2650,1530,21,1,19.99,0,0,,
2651,1530,73,1,49.99,0,1,changed_mind,2024-10-15
2652,1531,70,2,13.99,0,0,,
2653,1532,165,1,13.99,0,0,,
2654,1533,39,1,34.99,10,0,,
2655,1533,12,1,13.49,10,0,,
2656,1534,52,1,15.49,0,0,,
2657,1534,165,2,13.99,0,1,not_as_described,2024-10-12
2658,1534,17,2,12.99,0,1,changed_mind,2024-10-17
2659,1535,148,1,24.99,10,0,,
2660,1536,98,1,7.99,10,0,,
2661,1537,7,1,119.99,0,0,,
2662,1537,47,1,89.99,0,0,,
2663,1538,14,1,22.99,0,0,,
2664,1539,178,1,119.99,0,0,,
2665,1540,45,1,29.99,0,0,,
2666,1541,7,1,119.99,0,0,,
2667,1541,170,2,29.99,0,0,,
2668,1542,139,1,29.99,0,0,,
2669,1543,88,1,34.99,0,0,,
2670,1543,121,1,27.99,0,1,,2024-10-14
2671,1544,72,1,24.99,0,0,,
2672,1545,68,1,99.99,0,0,,
2673,1546,123,1,49.99,10,0,,
2674,1546,39,1,34.99,10,0,,
2675,1547,80,1,74.99,0,1,size_too_large,2024-10-14
2676,1547,134,1,12.99,0,0,,
2677,1547,68,1,99.99,0,0,,
2678,1548,117,1,6.49,0,0,,
2679,1548,184,1,16.99,0,0,,
2680,1549,102,1,59.99,0,0,,
2681,1549,36,2,11.99,0,0,,
2682,1549,98,1,7.99,0,0,,
2683,1549,72,1,24.99,0,0,,
2684,1550,168,1,29.99,0,0,,
2685,1551,169,1,39.99,0,0,,
2686,1551,140,1,9.99,0,0,,
2687,1552,148,1,24.99,0,1,size_too_large,2024-10-19
2688,1553,39,1,34.99,0,1,arrived_late,2024-10-14
2689,1554,26,2,14.99,0,0,,
2690,1555,159,1,29.99,0,0,,
2691,1555,21,1,19.99,0,0,,
2692,1556,177,1,64.99,0,0,,
2693,1557,167,1,44.99,0,1,changed_mind,2024-10-17
2694,1557,89,1,29.99,0,0,,
2695,1558,145,1,14.99,0,0,,
2696,1559,96,1,34.99,0,0,,
2697,1559,141,1,24.99,0,0,,
2698,1559,117,1,6.49,0,0,,
2699,1560,68,1,99.99,0,0,,
2700,1560,133,1,13.99,0,0,,
2701,1561,8,1,11.99,0,0,,
2702,1562,33,1,34.99,0,0,,
2703,1563,26,1,14.99,10,1,wrong_item,2024-10-20
2704,1563,120,1,89.99,10,1,not_as_described,2024-10-16
2705,1563,86,1,9.99,10,0,,
2706,1563,78,1,11.99,10,0,,
2707,1564,83,1,24.99,0,0,,
2708,1564,158,1,29.99,0,0,,
2709,1564,108,1,89.99,0,0,,
2710,1565,74,1,16.99,0,0,,
2711,1565,88,1,34.99,0,0,,
2712,1566,158,1,29.99,0,0,,
2713,1566,132,1,11.99,0,0,,
2714,1566,130,1,16.49,0,0,,
2715,1567,33,1,34.99,0,0,,
2716,1567,159,1,29.99,0,0,,
2717,1568,130,1,16.49,0,0,,
2718,1569,148,1,24.99,0,0,,
2719,1570,125,1,11.99,0,0,,
2720,1571,111,1,17.99,0,0,,
2721,1571,7,1,119.99,0,0,,
2722,1571,159,2,29.99,0,0,,
2723,1572,169,1,39.99,10,0,,
2724,1572,26,1,14.99,10,0,,
2725,1573,95,1,29.99,10,0,,
2726,1573,148,1,24.99,10,0,,
2727,1574,119,1,34.99,0,0,,
2728,1575,39,1,34.99,0,0,,
2729,1575,66,1,69.99,0,0,,
2730,1576,45,1,29.99,0,0,,
2731,1577,95,1,29.99,0,0,,
2732,1577,91,1,44.99,0,0,,
2733,1578,88,1,34.99,10,0,,
2734,1578,43,1,17.99,20,0,,
2735,1579,98,2,7.99,0,0,,
2736,1579,7,1,119.99,0,0,,
2737,1580,26,1,14.99,0,0,,
2738,1581,76,1,79.99,0,0,,
2739,1581,183,1,59.99,0,1,size_too_large,2024-10-25
2740,1582,93,1,12.99,0,0,,
2741,1583,138,1,64.99,0,0,,
2742,1583,111,1,17.99,0,0,,
2743,1583,150,1,14.99,0,0,,
2744,1583,169,1,39.99,0,0,,
2745,1584,65,1,34.99,0,0,,
2746,1585,93,1,12.99,0,0,,
2747,1586,174,1,19.99,0,1,,2024-10-23
2748,1586,13,1,89.99,0,0,,
2749,1587,49,1,34.99,0,0,,
2750,1588,30,1,22.99,0,0,,
2751,1588,106,1,259.99,0,0,,
2752,1589,184,1,16.99,0,0,,
2753,1589,58,1,16.99,0,0,,
2754,1589,66,1,69.99,0,0,,
2755,1590,166,1,34.99,0,0,,
2756,1591,110,1,19.99,0,0,,
2757,1592,41,1,22.99,0,0,,
2758,1592,74,1,16.99,0,0,,
2759,1592,51,1,24.99,0,0,,
2760,1593,148,1,24.99,0,1,defective,2025-01-09
2761,1594,46,1,159.99,0,0,,
2762,1595,98,2,7.99,0,0,,
2763,1596,111,1,17.99,0,0,,
2764,1597,169,1,39.99,0,0,,
2765,1597,78,1,11.99,0,0,,
2766,1597,103,1,19.99,0,0,,
2767,1598,177,1,64.99,0,0,,
2768,1599,70,1,13.99,0,0,,
2769,1599,161,2,74.99,0,0,,
2770,1600,47,1,89.99,0,0,,
2771,1600,5,1,47.99,0,0,,
2772,1601,57,1,19.99,0,0,,
2773,1602,107,1,8.99,0,0,,
2774,1603,26,1,14.99,0,0,,
2775,1604,130,1,16.49,0,0,,
2776,1604,59,1,9.99,0,1,changed_mind,2024-10-28
2777,1605,102,1,59.99,0,0,,
2778,1606,18,2,34.99,0,0,,
2779,1606,166,1,34.99,0,0,,
2780,1607,86,1,9.99,0,0,,
2781,1608,109,1,44.99,0,0,,
2782,1608,91,1,44.99,0,0,,
2783,1609,185,1,99.99,10,1,not_as_described,2024-10-20
2784,1610,49,1,34.99,0,0,,
2785,1611,34,1,27.99,0,0,,
2786,1611,92,1,24.99,0,0,,
2787,1612,12,1,13.49,0,0,,
2788,1612,184,1,16.99,0,0,,
2789,1613,157,1,89.99,0,0,,
2790,1614,133,2,13.99,0,0,,
2791,1614,96,1,34.99,0,0,,
2792,1615,101,1,42.99,0,1,size_too_small,2024-10-26
2793,1616,30,1,22.99,10,0,,
2794,1617,84,1,34.99,0,1,changed_mind,2024-10-30
2795,1617,70,1,13.99,0,0,,
2796,1618,103,1,19.99,0,0,,
2797,1618,45,1,29.99,0,0,,
2798,1619,108,1,89.99,0,0,,
2799,1620,105,1,34.99,0,0,,
2800,1621,83,2,24.99,10,0,,
2801,1621,158,1,29.99,10,0,,
2802,1622,33,1,34.99,0,0,,
2803,1623,145,1,14.99,10,0,,
2804,1624,109,1,44.99,10,0,,
2805,1624,166,1,34.99,10,1,size_too_large,2024-10-26
2806,1625,161,1,74.99,0,0,,
2807,1625,51,1,24.99,0,0,,
2808,1626,30,2,22.99,0,0,,
2809,1626,49,1,34.99,0,0,,
2810,1627,98,3,7.99,0,0,,
2811,1627,82,1,10.49,0,0,,
2812,1628,39,1,34.99,0,0,,
2813,1628,91,1,44.99,0,0,,
2814,1629,39,1,34.99,0,1,changed_mind,2024-10-25
2815,1629,184,1,16.99,0,0,,
2816,1630,26,1,14.99,0,0,,
2817,1630,165,1,13.99,0,0,,
2818,1630,153,1,14.99,0,0,,
2819,1631,111,1,17.99,0,0,,
2820,1631,99,1,29.99,0,0,,
2821,1632,18,1,34.99,0,0,,
2822,1632,141,1,24.99,0,0,,
2823,1633,179,1,49.99,0,0,,
2824,1633,165,1,13.99,0,0,,
2825,1634,89,1,29.99,0,0,,
2826,1635,136,1,12.99,0,0,,
2827,1636,125,1,11.99,0,0,,
2828,1637,41,1,22.99,0,0,,
2829,1638,183,1,59.99,0,0,,
2830,1639,160,1,169.99,0,0,,
2831,1640,162,1,16.99,0,1,changed_mind,2024-10-24
2832,1641,79,1,54.99,0,1,size_too_small,2024-10-24
2833,1641,136,1,12.99,0,0,,
2834,1642,167,1,44.99,0,0,,
2835,1643,148,1,24.99,10,0,,
2836,1644,165,1,13.99,0,0,,
2837,1645,39,1,34.99,0,0,,
2838,1645,184,1,16.99,0,0,,
2839,1646,129,1,24.99,0,0,,
2840,1647,51,1,24.99,0,0,,
2841,1647,111,1,17.99,0,0,,
2842,1647,85,1,24.99,0,0,,
2843,1647,47,1,89.99,0,0,,
2844,1647,39,1,34.99,0,0,,
2845,1647,131,1,24.99,0,1,changed_mind,2024-10-26
2846,1648,98,1,7.99,0,0,,
2847,1649,96,1,34.99,0,0,,
2848,1650,132,1,11.99,10,0,,
2849,1650,56,1,19.99,10,0,,
2850,1650,111,1,17.99,10,0,,
2851,1651,14,1,22.99,0,0,,
2852,1652,17,1,12.99,0,0,,
2853,1652,113,1,39.99,0,0,,
2854,1653,26,1,14.99,0,0,,
2855,1654,39,1,34.99,0,0,,
2856,1654,141,1,24.99,0,0,,
2857,1655,182,1,99.99,0,1,size_too_small,2024-10-30
2858,1656,52,1,15.49,15,0,,
2859,1656,51,1,24.99,15,0,,
2860,1657,82,1,10.49,0,0,,
2861,1658,125,1,11.99,0,0,,
2862,1659,167,1,44.99,0,0,,
2863,1659,59,1,9.99,0,0,,
2864,1659,113,1,39.99,0,1,size_too_large,2024-11-03
2865,1659,111,1,17.99,0,0,,
2866,1660,109,1,44.99,10,0,,
2867,1661,179,1,49.99,10,0,,
2868,1661,132,1,11.99,10,0,,
2869,1662,34,2,27.99,0,0,,
2870,1662,136,3,12.99,0,0,,
2871,1663,135,1,24.99,0,0,,
2872,1664,62,1,29.99,0,0,,
2873,1665,153,2,14.99,0,0,,
2874,1665,31,1,24.99,0,0,,
2875,1666,144,1,69.99,0,1,size_too_small,2024-11-02
2876,1667,100,1,79.99,0,0,,
2877,1667,70,1,13.99,0,0,,
2878,1668,92,1,24.99,10,0,,
2879,1668,65,1,34.99,10,1,changed_mind,2024-11-07
2880,1668,173,1,99.99,10,0,,
2881,1669,131,1,24.99,0,0,,
2882,1670,134,2,12.99,0,0,,
2883,1670,136,1,12.99,0,0,,
2884,1670,85,1,24.99,0,0,,
2885,1671,152,1,19.99,0,0,,
2886,1671,129,1,24.99,0,0,,
2887,1671,177,1,64.99,0,0,,
2888,1672,148,1,24.99,0,0,,
2889,1672,102,1,59.99,0,0,,
2890,1673,36,1,11.99,0,0,,
2891,1673,74,1,16.99,0,0,,
2892,1674,168,1,29.99,0,0,,
2893,1674,166,1,34.99,0,0,,
2894,1674,79,1,54.99,0,1,size_too_large,2024-11-03
2895,1675,21,1,19.99,0,0,,
2896,1676,136,1,12.99,0,1,changed_mind,2024-11-01
2897,1677,29,1,34.99,0,0,,
2898,1677,162,1,16.99,0,0,,
2899,1678,27,1,27.99,0,0,,
2900,1679,39,1,34.99,0,0,,
2901,1679,98,1,7.99,0,0,,
2902,1680,9,1,24.99,0,0,,
2903,1680,75,1,39.99,0,0,,
2904,1680,26,1,14.99,0,1,not_as_described,2024-10-31
2905,1681,7,1,119.99,0,0,,
2906,1681,133,1,13.99,0,0,,
2907,1681,56,1,19.99,0,0,,
2908,1682,112,2,44.99,10,0,,
2909,1683,36,1,11.99,0,0,,
2910,1683,184,1,16.99,0,0,,
2911,1683,35,1,49.99,20,0,,
2912,1683,92,1,24.99,0,1,,2024-10-28
2913,1683,24,1,34.99,0,0,,
2914,1684,133,1,13.99,0,0,,
2915,1685,67,1,34.99,0,0,,
2916,1685,33,1,34.99,0,0,,
2917,1686,26,1,14.99,0,0,,
2918,1686,138,1,64.99,0,0,,
2919,1686,47,1,89.99,0,0,,
2920,1686,180,3,14.99,0,0,,
2921,1686,39,1,34.99,0,0,,
2922,1687,105,2,34.99,10,0,,
2923,1688,125,1,11.99,0,1,size_too_small,2024-11-01
2924,1688,33,1,34.99,0,0,,
2925,1689,8,1,11.99,0,0,,
2926,1690,110,1,19.99,0,0,,
2927,1691,6,1,59.99,0,0,,
2928,1692,167,2,44.99,0,0,,
2929,1693,131,1,24.99,0,0,,
2930,1694,132,1,11.99,0,0,,
2931,1695,36,1,11.99,10,0,,
2932,1696,96,2,34.99,10,0,,
2933,1696,169,1,39.99,10,0,,
2934,1697,54,1,129.99,0,0,,
2935,1697,13,1,89.99,0,0,,
2936,1697,40,1,599.99,0,0,,
2937,1698,59,2,9.99,0,0,,
2938,1698,34,1,27.99,0,0,,
2939,1698,70,1,13.99,0,0,,
2940,1699,8,1,11.99,0,0,,
2941,1700,159,1,29.99,0,0,,
2942,1701,98,1,7.99,0,0,,
2943,1702,124,1,64.99,0,0,,
2944,1702,85,1,24.99,0,0,,
2945,1702,130,1,16.49,0,0,,
2946,1702,102,1,59.99,0,0,,
2947,1702,167,1,44.99,0,0,,
2948,1703,60,1,89.99,0,0,,
2949,1704,88,1,34.99,0,0,,
2950,1705,36,1,11.99,10,0,,
2951,1705,108,1,89.99,10,0,,
2952,1706,98,1,7.99,0,0,,
2953,1706,117,1,6.49,0,0,,
2954,1707,62,1,29.99,0,0,,
2955,1707,111,1,17.99,0,0,,
2956,1707,7,1,119.99,0,0,,
2957,1707,47,1,89.99,0,0,,
2958,1708,165,1,13.99,10,0,,
2959,1709,148,1,24.99,15,1,size_too_small,2024-10-29
2960,1710,62,1,29.99,10,0,,
2961,1711,82,1,10.49,10,0,,
2962,1712,110,1,19.99,0,0,,
2963,1713,24,1,34.99,0,0,,
2964,1714,111,1,17.99,0,0,,
2965,1715,112,1,44.99,0,0,,
2966,1716,29,1,34.99,0,0,,
2967,1716,125,1,11.99,0,0,,
2968,1717,135,1,24.99,10,0,,
2969,1718,110,1,19.99,0,0,,
2970,1719,140,1,9.99,10,0,,
2971,1719,97,1,47.99,10,0,,
2972,1720,48,2,89.99,0,0,,
2973,1720,159,1,29.99,0,0,,
2974,1721,148,2,24.99,0,0,,
2975,1722,70,1,13.99,0,0,,
2976,1723,125,1,11.99,0,0,,
2977,1723,136,2,12.99,0,0,,
2978,1724,111,1,17.99,0,1,changed_mind,2024-11-06
2979,1725,136,2,12.99,15,0,,
2980,1725,39,1,34.99,15,0,,
2981,1726,56,1,19.99,10,0,,
2982,1727,111,1,17.99,0,0,,
2983,1727,47,1,89.99,0,0,,
2984,1728,111,1,17.99,0,0,,
2985,1729,145,1,14.99,15,0,,
2986,1730,54,1,129.99,0,0,,
2987,1730,140,1,9.99,0,1,defective,2024-11-16
2988,1730,39,2,34.99,0,0,,
2989,1730,188,1,24.99,0,0,,
2990,1731,113,1,39.99,0,1,size_too_large,2024-11-03
2991,1731,102,1,59.99,0,0,,
2992,1731,25,1,19.99,0,0,,
2993,1732,94,1,12.99,0,0,,
2994,1733,88,1,34.99,0,0,,
2995,1733,4,1,14.99,0,0,,
2996,1734,36,1,11.99,0,0,,
2997,1734,136,1,12.99,0,0,,
2998,1734,189,1,34.99,0,0,,
2999,1735,5,1,47.99,0,0,,
3000,1736,79,1,54.99,0,0,,
3001,1737,190,1,11.99,0,0,,
3002,1737,24,1,34.99,0,0,,
3003,1737,1,1,19.99,0,0,,
3004,1738,50,1,24.99,0,0,,
3005,1738,45,1,29.99,0,0,,
3006,1739,130,1,16.49,10,0,,
3007,1739,33,1,34.99,10,0,,
3008,1740,159,1,29.99,0,0,,
3009,1740,9,1,24.99,0,0,,
3010,1741,189,1,34.99,10,0,,
3011,1742,79,1,54.99,0,1,size_too_large,2024-11-11
3012,1742,110,1,19.99,0,0,,
3013,1743,100,1,79.99,0,0,,
3014,1744,39,1,34.99,10,0,,
3015,1744,159,1,29.99,10,0,,
3016,1745,167,1,44.99,0,1,not_as_described,2024-11-09
3017,1745,187,1,749.99,0,0,,
3018,1745,31,1,24.99,0,0,,
3019,1745,30,1,22.99,0,0,,
3020,1746,36,1,11.99,0,1,arrived_late,2024-11-08
3021,1747,180,1,14.99,0,0,,
3022,1748,111,1,17.99,0,0,,
3023,1748,129,1,24.99,0,0,,
3024,1749,84,1,34.99,0,0,,
3025,1749,72,1,24.99,0,0,,
3026,1749,100,1,79.99,0,0,,
3027,1749,111,1,17.99,0,0,,
3028,1750,190,1,11.99,0,0,,
3029,1751,26,1,14.99,10,0,,
3030,1752,178,1,119.99,0,0,,
3031,1753,141,1,24.99,0,0,,
3032,1754,107,1,8.99,10,0,,
3033,1754,143,1,19.99,10,0,,
3034,1755,173,1,99.99,0,0,,
3035,1756,131,1,24.99,0,0,,
3036,1756,26,1,14.99,0,0,,
3037,1757,144,1,69.99,10,1,size_too_small,2024-11-07
3038,1758,132,1,11.99,0,0,,
3039,1759,105,1,34.99,0,0,,
3040,1759,148,1,24.99,0,1,size_too_large,2024-11-14
3041,1760,26,1,14.99,10,0,,
3042,1760,36,1,11.99,10,0,,
3043,1761,132,1,11.99,0,0,,
3044,1762,110,1,19.99,0,0,,
3045,1763,132,1,11.99,0,0,,
3046,1764,99,1,29.99,0,0,,
3047,1764,64,2,9.99,0,0,,
3048,1765,140,1,9.99,10,0,,
3049,1765,130,1,16.49,10,0,,
3050,1766,30,1,22.99,0,0,,
3051,1766,182,1,99.99,0,0,,
3052,1767,148,1,24.99,10,0,,
3053,1768,62,1,29.99,10,0,,
3054,1769,13,1,89.99,10,0,,
3055,1770,76,1,79.99,0,0,,
3056,1770,63,1,89.99,0,1,size_too_large,2024-11-08
3057,1770,152,1,19.99,0,0,,
3058,1770,39,1,34.99,0,1,changed_mind,2024-11-06
3059,1771,148,1,24.99,10,0,,
3060,1772,13,1,89.99,0,0,,
3061,1772,120,1,89.99,0,0,,
3062,1773,168,1,29.99,0,0,,
3063,1773,188,1,24.99,0,0,,
3064,1773,56,1,19.99,0,1,arrived_late,2024-11-10
3065,1773,144,1,69.99,0,0,,
3066,1774,49,1,34.99,0,0,,
3067,1775,95,1,29.99,0,0,,
3068,1776,93,2,12.99,0,0,,
3069,1776,120,1,89.99,0,0,,
3070,1776,110,1,19.99,0,0,,
3071,1777,150,1,14.99,0,0,,
3072,1778,71,1,129.99,25,1,arrived_late,2024-11-09
3073,1778,79,1,54.99,0,0,,
3074,1778,109,1,44.99,0,0,,
3075,1778,168,1,29.99,0,0,,
3076,1779,126,1,49.99,10,0,,
3077,1779,150,1,14.99,10,1,changed_mind,2024-11-11
3078,1779,119,1,34.99,10,0,,
3079,1780,96,1,34.99,0,0,,
3080,1780,191,1,24.99,0,0,,
3081,1780,9,1,24.99,0,0,,
3082,1780,187,1,749.99,0,0,,
3083,1781,43,1,17.99,0,1,defective,2024-11-30
3084,1781,129,1,24.99,0,1,size_too_large,2024-11-09
3085,1782,177,3,64.99,10,0,,
3086,1782,110,1,19.99,10,0,,
3087,1782,186,1,24.99,10,0,,
3088,1783,188,1,24.99,0,0,,
3089,1784,136,1,12.99,0,0,,
3090,1785,111,1,17.99,0,0,,
3091,1786,104,1,54.99,0,0,,
3092,1787,136,2,12.99,0,0,,
3093,1788,121,2,27.99,0,1,changed_mind,2024-11-08
3094,1789,136,1,12.99,0,0,,
3095,1790,191,1,24.99,0,0,,
3096,1790,171,1,29.99,0,0,,
3097,1790,173,1,99.99,0,0,,
3098,1790,26,1,14.99,0,0,,
3099,1790,112,1,44.99,0,0,,
3100,1791,110,1,19.99,0,0,,
3101,1792,59,1,9.99,0,0,,
3102,1793,51,1,24.99,0,0,,
3103,1793,136,2,12.99,0,0,,
3104,1793,114,1,24.99,0,0,,
3105,1794,93,1,12.99,10,0,,
3106,1794,78,1,11.99,10,0,,
3107,1795,82,1,10.49,0,0,,
3108,1796,30,1,22.99,10,0,,
3109,1797,148,1,24.99,0,0,,
3110,1798,13,1,89.99,10,0,,
3111,1799,58,1,16.99,0,0,,
3112,1799,64,3,9.99,0,0,,
3113,1799,173,1,99.99,0,0,,
3114,1800,79,1,54.99,0,0,,
3115,1801,90,1,34.99,0,0,,
3116,1801,97,1,47.99,0,1,defective,2024-11-14
3117,1802,159,1,29.99,0,0,,
3118,1802,185,1,99.99,25,1,size_too_small,2024-11-14
3119,1802,162,1,16.99,0,0,,
3120,1803,74,1,16.99,0,0,,
3121,1804,83,1,24.99,10,0,,
3122,1805,100,1,79.99,20,0,,
3123,1806,157,1,89.99,0,0,,
3124,1807,184,1,16.99,0,0,,
3125,1808,188,1,24.99,10,0,,
3126,1809,111,1,17.99,10,0,,
3127,1810,36,1,11.99,0,0,,
3128,1811,107,1,8.99,0,1,not_as_described,2024-11-14
3129,1811,114,1,24.99,0,0,,
3130,1811,84,1,34.99,0,0,,
3131,1811,192,1,19.99,0,0,,
3132,1812,26,1,14.99,0,0,,
3133,1813,140,1,9.99,15,0,,
3134,1813,111,1,17.99,15,0,,
3135,1813,68,1,99.99,15,0,,
3136,1814,136,1,12.99,0,1,wrong_item,2024-11-13
3137,1814,110,1,19.99,0,0,,
3138,1815,75,1,39.99,15,0,,
3139,1815,7,1,119.99,15,1,wrong_item,2024-11-16
3140,1816,41,1,22.99,0,0,,
3141,1817,64,1,9.99,0,0,,
3142,1817,191,1,24.99,0,0,,
3143,1817,130,1,16.49,0,0,,
3144,1818,108,1,89.99,10,0,,
3145,1818,26,1,14.99,10,0,,
3146,1819,26,1,14.99,0,0,,
3147,1819,175,1,14.99,0,0,,
3148,1820,51,1,24.99,0,0,,
3149,1820,106,1,259.99,0,0,,
3150,1820,140,2,9.99,0,0,,
3151,1821,134,2,12.99,0,0,,
3152,1821,64,1,9.99,0,0,,
3153,1821,98,1,7.99,0,0,,
3154,1822,93,1,12.99,10,0,,
3155,1823,64,1,9.99,0,0,,
3156,1824,176,1,1099.99,0,0,,
3157,1824,141,1,24.99,10,0,,
3158,1825,95,1,29.99,0,0,,
3159,1826,131,1,24.99,0,1,changed_mind,2024-11-17
3160,1826,45,1,29.99,0,0,,
3161,1827,110,1,19.99,0,0,,
3162,1827,166,1,34.99,0,0,,
3163,1828,45,1,29.99,0,0,,
3164,1828,26,1,14.99,0,0,,
3165,1829,189,1,34.99,0,0,,
3166,1830,74,1,16.99,0,0,,
3167,1830,188,1,24.99,0,0,,
3168,1830,184,1,16.99,0,0,,
3169,1831,87,1,89.99,0,0,,
3170,1831,23,1,37.99,0,0,,
3171,1831,111,1,17.99,0,0,,
3172,1831,148,1,24.99,0,1,changed_mind,2024-11-15
3173,1831,130,1,16.49,0,0,,
3174,1832,96,1,34.99,0,0,,
3175,1832,59,1,9.99,0,0,,
3176,1833,157,1,89.99,0,0,,
3177,1834,191,1,24.99,0,0,,
3178,1834,106,1,259.99,0,0,,
3179,1835,24,1,34.99,0,0,,
3180,1835,111,1,17.99,0,0,,
3181,1835,95,1,29.99,0,0,,
3182,1836,192,1,19.99,10,0,,
3183,1837,93,1,12.99,0,0,,
3184,1837,119,1,34.99,0,0,,
3185,1838,172,1,149.99,0,0,,
3186,1839,78,1,11.99,0,0,,
3187,1840,65,2,34.99,0,0,,
3188,1841,36,1,11.99,10,0,,
3189,1842,110,1,19.99,0,0,,
3190,1843,13,1,89.99,10,0,,
3191,1843,111,1,17.99,10,0,,
3192,1843,22,1,99.99,10,0,,
3193,1843,171,1,29.99,10,0,,
3194,1843,61,1,14.99,10,0,,
3195,1844,70,3,13.99,0,0,,
3196,1845,24,1,34.99,0,0,,
3197,1845,98,1,7.99,0,0,,
3198,1846,94,1,12.99,0,0,,
3199,1847,56,1,19.99,0,0,,
3200,1848,96,1,34.99,0,0,,
3201,1848,108,1,89.99,0,0,,
3202,1849,49,1,34.99,0,0,,
3203,1849,110,1,19.99,0,0,,
3204,1850,5,1,47.99,10,0,,
3205,1851,80,1,74.99,0,1,changed_mind,2024-11-16
3206,1852,72,1,24.99,10,0,,
3207,1853,115,1,79.99,10,1,not_as_described,2024-11-15
3208,1854,96,1,34.99,0,0,,
3209,1854,86,1,9.99,0,0,,
3210,1855,186,1,24.99,0,0,,
3211,1855,148,1,24.99,0,1,size_too_small,2024-11-16
3212,1856,138,1,64.99,0,0,,
3213,1857,173,1,99.99,0,0,,
3214,1857,8,1,11.99,0,0,,
3215,1858,31,1,24.99,0,0,,
3216,1858,21,1,19.99,0,0,,
3217,1859,158,1,29.99,10,0,,
3218,1860,111,1,17.99,0,0,,
3219,1861,107,1,8.99,0,0,,
3220,1862,136,1,12.99,0,0,,
3221,1862,145,3,14.99,0,0,,
3222,1863,33,1,34.99,10,0,,
3223,1864,165,2,13.99,0,0,,
3224,1864,52,1,15.49,0,0,,
3225,1865,161,1,74.99,0,0,,
3226,1865,45,1,29.99,0,0,,
3227,1865,31,1,24.99,0,0,,
3228,1866,111,1,17.99,0,0,,
3229,1867,114,1,24.99,0,0,,
3230,1868,62,1,29.99,0,0,,
3231,1869,189,1,34.99,0,0,,
3232,1870,33,1,34.99,0,0,,
3233,1870,59,1,9.99,0,0,,
3234,1871,134,1,12.99,0,0,,
3235,1871,40,1,599.99,10,0,,
3236,1871,30,1,22.99,0,0,,
3237,1872,95,1,29.99,0,0,,
3238,1873,189,1,34.99,0,0,,
3239,1873,107,1,8.99,0,0,,
3240,1874,1,1,19.99,0,0,,
3241,1875,94,1,12.99,0,0,,
3242,1875,138,1,64.99,0,1,defective,2024-12-17
3243,1876,175,2,14.99,0,0,,
3244,1877,63,2,89.99,10,0,,
3245,1878,177,1,64.99,0,1,not_as_described,2024-11-27
3246,1878,167,1,44.99,0,0,,
3247,1878,180,1,14.99,0,0,,
3248,1878,189,1,34.99,0,0,,
3249,1878,47,1,89.99,20,0,,
3250,1879,62,1,29.99,10,0,,
3251,1879,98,1,7.99,10,0,,
3252,1880,47,1,89.99,20,0,,
3253,1881,111,1,17.99,0,0,,
3254,1882,39,1,34.99,0,0,,
3255,1882,85,1,24.99,0,0,,
3256,1883,64,1,9.99,10,0,,
3257,1883,80,1,74.99,10,0,,
3258,1883,182,1,99.99,10,0,,
3259,1884,23,1,37.99,10,0,,
3260,1885,47,1,89.99,20,0,,
3261,1885,39,1,34.99,10,0,,
3262,1886,17,1,12.99,0,0,,
3263,1886,49,1,34.99,0,0,,
3264,1887,76,1,79.99,0,0,,
3265,1887,145,1,14.99,0,0,,
3266,1887,17,1,12.99,0,1,changed_mind,2024-11-20
3267,1887,33,1,34.99,0,0,,
3268,1888,143,1,19.99,10,0,,
3269,1888,130,1,16.49,10,0,,
3270,1889,106,1,259.99,0,0,,
3271,1889,140,1,9.99,0,0,,
3272,1890,140,1,9.99,10,0,,
3273,1890,30,1,22.99,10,0,,
3274,1891,98,1,7.99,0,0,,
3275,1891,185,1,99.99,0,0,,
3276,1892,59,1,9.99,0,0,,
3277,1893,66,1,69.99,10,0,,
3278,1894,11,1,49.99,10,0,,
3279,1894,165,1,13.99,10,0,,
3280,1895,180,1,14.99,0,0,,
3281,1895,39,1,34.99,0,0,,
3282,1896,145,1,14.99,0,0,,
3283,1897,98,1,7.99,0,0,,
3284,1898,148,1,24.99,0,1,size_too_small,2024-11-22
3285,1899,187,1,749.99,0,0,,
3286,1899,76,1,79.99,0,1,size_too_small,2024-11-18
3287,1900,129,1,24.99,0,1,size_too_small,2024-11-18
3288,1900,155,1,129.99,0,0,,
3289,1901,45,1,29.99,0,0,,
3290,1902,121,1,27.99,0,0,,
3291,1902,130,1,16.49,0,0,,
3292,1903,166,1,34.99,10,0,,
3293,1903,152,1,19.99,10,0,,
3294,1903,31,1,24.99,10,0,,
3295,1903,120,1,89.99,10,0,,
3296,1903,146,1,21.99,10,0,,
3297,1904,110,1,19.99,0,0,,
3298,1904,95,1,29.99,0,0,,
3299,1905,36,1,11.99,0,0,,
3300,1906,144,1,69.99,0,1,not_as_described,2024-11-27
3301,1906,131,1,24.99,0,1,not_as_described,2024-11-23
3302,1907,13,2,89.99,0,0,,
3303,1907,84,1,34.99,0,0,,
3304,1908,54,1,129.99,10,0,,
3305,1908,140,1,9.99,10,0,,
3306,1908,33,1,34.99,10,0,,
3307,1909,178,1,119.99,10,0,,
3308,1910,28,1,34.99,10,0,,
3309,1911,159,1,29.99,0,0,,
3310,1912,191,1,24.99,0,0,,
3311,1913,148,1,24.99,10,0,,
3312,1914,134,1,12.99,0,0,,
3313,1914,157,1,89.99,0,0,,
3314,1915,174,1,19.99,0,0,,
3315,1915,136,2,12.99,0,0,,
3316,1916,139,1,29.99,10,0,,
3317,1916,8,1,11.99,10,0,,
3318,1917,102,1,59.99,0,0,,
3319,1917,110,1,19.99,0,0,,
3320,1918,165,1,13.99,0,0,,
3321,1918,132,1,11.99,0,0,,
3322,1918,148,1,24.99,0,0,,
3323,1919,36,1,11.99,10,0,,
3324,1919,141,1,24.99,10,0,,
3325,1919,191,1,24.99,10,0,,
3326,1920,184,1,16.99,10,0,,
3327,1920,72,1,24.99,10,0,,
3328,1921,136,1,12.99,0,0,,
3329,1921,82,3,10.49,0,0,,
3330,1921,153,1,14.99,0,0,,
3331,1922,171,1,29.99,10,0,,
3332,1922,117,1,6.49,10,0,,
3333,1922,26,1,14.99,10,0,,
3334,1923,70,1,13.99,0,0,,
3335,1924,46,1,159.99,10,0,,
3336,1925,37,1,199.99,0,1,defective,2024-11-24
3337,1925,166,1,34.99,0,1,not_as_described,2024-12-05
3338,1926,74,1,16.99,0,0,,
3339,1927,187,1,749.99,0,0,,
3340,1927,16,1,69.99,0,1,defective,2025-03-08
3341,1928,45,1,29.99,0,0,,
3342,1929,36,1,11.99,0,0,,
3343,1930,33,1,34.99,0,0,,
3344,1931,145,1,14.99,0,0,,
3345,1932,133,1,13.99,0,0,,
3346,1933,64,2,9.99,10,0,,
3347,1933,148,1,24.99,10,0,,
3348,1934,58,1,16.99,0,0,,
3349,1935,132,1,11.99,0,0,,
3350,1936,165,1,13.99,0,0,,
3351,1937,43,1,17.99,0,0,,
3352,1938,26,2,14.99,0,0,,
3353,1938,176,1,1099.99,0,0,,
3354,1939,39,1,34.99,0,0,,
3355,1940,84,1,34.99,10,0,,
3356,1940,17,1,12.99,10,0,,
3357,1941,58,1,16.99,0,0,,
3358,1942,124,1,64.99,0,0,,
3359,1943,26,1,14.99,0,0,,
3360,1943,143,1,19.99,0,0,,
3361,1943,136,2,12.99,0,0,,
3362,1943,165,1,13.99,0,0,,
3363,1944,134,1,12.99,0,0,,
3364,1944,30,1,22.99,0,0,,
3365,1944,93,1,12.99,0,0,,
3366,1945,100,1,79.99,0,0,,
3367,1945,145,1,14.99,0,0,,
3368,1946,124,1,64.99,10,0,,
3369,1947,45,1,29.99,0,0,,
3370,1947,111,1,17.99,0,0,,
3371,1948,49,1,34.99,0,0,,
3372,1949,84,1,34.99,10,0,,
3373,1949,33,1,34.99,10,0,,
3374,1950,191,1,24.99,0,0,,
3375,1951,148,2,24.99,0,0,,
3376,1951,3,1,199.99,0,0,,
3377,1951,39,1,34.99,0,0,,
3378,1951,177,1,64.99,0,1,not_as_described,2024-11-26
3379,1951,31,1,24.99,0,0,,
3380,1952,110,1,19.99,0,0,,
3381,1953,17,1,12.99,10,0,,
3382,1954,14,1,22.99,0,0,,
3383,1955,79,1,54.99,0,0,,
3384,1955,62,1,29.99,0,0,,
3385,1955,182,1,99.99,0,0,,
3386,1956,110,1,19.99,0,1,defective,2024-12-05
3387,1957,120,2,89.99,0,0,,
3388,1958,111,1,17.99,0,0,,
3389,1958,24,1,34.99,0,0,,
3390,1958,68,1,99.99,0,0,,
3391,1959,150,1,14.99,10,0,,
3392,1960,176,1,1099.99,0,0,,
3393,1961,100,1,79.99,0,1,defective,2024-12-06
3394,1962,144,1,69.99,0,1,not_as_described,2024-11-22
3395,1962,175,1,14.99,20,0,,
3396,1963,134,3,12.99,0,0,,
3397,1964,125,1,11.99,0,0,,
3398,1965,14,1,22.99,0,0,,
3399,1966,125,1,11.99,0,0,,
3400,1966,28,1,34.99,0,0,,
3401,1967,36,1,11.99,0,0,,
3402,1968,189,1,34.99,0,1,not_as_described,2024-11-26
3403,1968,126,1,49.99,0,0,,
3404,1968,117,2,6.49,0,0,,
3405,1969,117,1,6.49,0,0,,
3406,1970,94,1,12.99,0,0,,
3407,1970,59,1,9.99,0,0,,
3408,1971,171,1,29.99,10,0,,
3409,1972,31,1,24.99,0,0,,
3410,1972,111,2,17.99,0,0,,
3411,1973,15,1,34.99,0,0,,
3412,1973,136,1,12.99,0,1,defective,2024-12-07
3413,1974,29,1,34.99,0,0,,
3414,1974,36,1,11.99,0,0,,
3415,1974,59,1,9.99,0,0,,
3416,1975,153,1,14.99,0,0,,
3417,1976,58,1,16.99,0,0,,
3418,1977,95,1,29.99,0,0,,
3419,1977,26,1,14.99,0,0,,
3420,1978,167,1,44.99,0,1,not_as_described,2024-11-26
3421,1979,140,2,9.99,0,0,,
3422,1979,94,1,12.99,0,0,,
3423,1979,130,1,16.49,0,0,,
3424,1980,138,1,64.99,0,0,,
3425,1980,95,1,29.99,0,0,,
3426,1980,7,1,119.99,0,0,,
3427,1980,59,1,9.99,0,0,,
3428,1981,17,1,12.99,0,0,,
3429,1981,66,1,69.99,0,0,,
3430,1982,111,1,17.99,0,0,,
3431,1983,96,1,34.99,0,0,,
3432,1983,163,1,29.99,0,0,,
3433,1983,74,1,16.99,0,0,,
3434,1983,63,1,89.99,0,0,,
3435,1984,125,1,11.99,0,0,,
3436,1985,146,1,21.99,0,0,,
3437,1985,111,1,17.99,0,0,,
3438,1985,36,1,11.99,0,0,,
3439,1986,145,1,14.99,0,0,,
3440,1986,123,1,49.99,0,0,,
3441,1987,74,1,16.99,0,0,,
3442,1988,25,1,19.99,0,0,,
3443,1989,37,1,199.99,0,0,,
3444,1989,108,1,89.99,0,0,,
3445,1990,10,1,16.99,0,0,,
3446,1991,144,1,69.99,10,1,size_too_large,2024-11-26
3447,1991,124,1,64.99,10,0,,
3448,1992,175,1,14.99,20,0,,
3449,1993,84,1,34.99,10,0,,
3450,1994,187,1,749.99,0,0,,
3451,1994,145,1,14.99,0,0,,
3452,1995,148,1,24.99,0,0,,
3453,1996,141,1,24.99,0,0,,
3454,1996,111,1,17.99,0,0,,
3455,1997,49,1,34.99,0,0,,
3456,1997,36,1,11.99,0,0,,
3457,1998,148,1,24.99,0,0,,
3458,1999,82,2,10.49,0,0,,
3459,2000,17,1,12.99,0,0,,
3460,2000,59,1,9.99,0,0,,
3461,2000,117,1,6.49,0,0,,
3462,2001,24,1,34.99,0,0,,
3463,2001,60,3,89.99,0,0,,
3464,2002,132,1,11.99,0,0,,
3465,2003,184,1,16.99,0,0,,
3466,2004,62,1,29.99,0,0,,
3467,2005,45,1,29.99,0,0,,
3468,2005,145,1,14.99,0,0,,
3469,2006,45,1,29.99,0,0,,
3470,2006,55,1,39.99,0,0,,
3471,2007,84,1,34.99,0,0,,
3472,2007,125,1,11.99,0,0,,
3473,2007,86,1,9.99,0,0,,
3474,2008,91,1,44.99,0,0,,
3475,2009,189,1,34.99,15,1,,2024-12-08
3476,2010,70,1,13.99,0,0,,
3477,2011,63,1,89.99,0,0,,
3478,2012,51,1,24.99,10,0,,
3479,2012,70,2,13.99,10,0,,
3480,2012,183,1,59.99,10,0,,
3481,2013,24,1,34.99,0,0,,
3482,2013,95,1,29.99,0,0,,
3483,2014,58,1,16.99,0,0,,
3484,2015,158,1,29.99,0,0,,
3485,2015,111,1,17.99,0,1,defective,2024-12-04
3486,2016,125,1,11.99,0,0,,
3487,2017,135,1,24.99,15,0,,
3488,2018,143,1,19.99,10,0,,
3489,2019,56,1,19.99,15,0,,
3490,2019,110,1,19.99,10,0,,
3491,2019,142,1,49.99,30,0,,
3492,2020,106,1,259.99,0,1,defective,2024-12-01
3493,2020,140,2,9.99,10,0,,
3494,2021,79,1,54.99,10,0,,
3495,2022,33,1,34.99,15,1,defective,2024-12-06
3496,2023,165,2,13.99,0,0,,
3497,2023,168,1,29.99,30,0,,
3498,2024,189,1,34.99,25,0,,
3499,2025,177,1,64.99,30,1,size_too_large,2024-12-02
3500,2025,109,1,44.99,30,0,,
3501,2026,111,1,17.99,25,0,,
3502,2027,109,1,44.99,30,0,,
3503,2028,90,1,34.99,30,0,,
3504,2028,163,1,29.99,0,0,,
3505,2029,62,1,29.99,15,0,,
3506,2029,91,1,44.99,15,0,,
3507,2030,21,1,19.99,10,0,,
3508,2030,94,1,12.99,25,0,,
3509,2030,26,1,14.99,20,0,,
3510,2031,63,1,89.99,0,0,,
3511,2032,123,1,49.99,0,1,defective,2024-12-25
3512,2033,111,1,17.99,25,0,,
3513,2034,111,1,17.99,25,0,,
3514,2034,189,1,34.99,25,0,,
3515,2035,98,1,7.99,0,0,,
3516,2035,152,1,19.99,40,0,,
3517,2036,168,1,29.99,30,0,,
3518,2037,75,1,39.99,25,0,,
3519,2038,41,1,22.99,30,0,,
3520,2039,51,1,24.99,0,0,,
3521,2039,191,1,24.99,15,0,,
3522,2040,51,1,24.99,0,0,,
3523,2041,134,1,12.99,0,0,,
3524,2042,13,1,89.99,10,0,,
3525,2043,136,1,12.99,20,1,changed_mind,2024-11-29
3526,2043,80,1,74.99,30,1,changed_mind,2024-12-01
3527,2044,99,2,29.99,20,0,,
3528,2045,170,1,29.99,25,0,,
3529,2045,39,1,34.99,15,0,,
3530,2045,94,2,12.99,25,0,,
3531,2046,125,1,11.99,20,0,,
3532,2046,136,1,12.99,20,0,,
3533,2046,55,1,39.99,25,0,,
3534,2046,18,1,34.99,20,0,,
3535,2046,110,1,19.99,0,0,,
3536,2046,156,1,29.99,30,0,,
3537,2047,158,1,29.99,15,0,,
3538,2047,61,1,14.99,0,0,,
3539,2047,46,1,159.99,20,1,changed_mind,2024-12-03
3540,2048,89,1,29.99,15,0,,
3541,2049,41,1,22.99,30,0,,
3542,2050,189,1,34.99,25,0,,
3543,2051,131,1,24.99,0,0,,
3544,2052,141,1,24.99,0,0,,
3545,2052,17,1,12.99,25,0,,
3546,2053,110,1,19.99,0,0,,
3547,2054,7,1,119.99,25,0,,
3548,2054,178,1,119.99,10,0,,
3549,2055,5,1,47.99,0,0,,
3550,2056,70,1,13.99,25,0,,
3551,2056,23,1,37.99,0,0,,
3552,2057,94,1,12.99,25,0,,
3553,2058,113,1,39.99,30,0,,
3554,2059,22,1,99.99,20,0,,
3555,2059,102,1,59.99,0,0,,
3556,2060,75,1,39.99,25,0,,
3557,2061,98,1,7.99,0,0,,
3558,2062,191,1,24.99,15,0,,
3559,2063,100,1,79.99,10,0,,
3560,2064,75,1,39.99,25,0,,
3561,2064,111,1,17.99,25,0,,
3562,2064,83,1,24.99,15,0,,
3563,2064,9,1,24.99,30,0,,
3564,2065,93,1,12.99,25,1,defective,2025-01-03
3565,2066,188,1,24.99,10,0,,
3566,2067,165,1,13.99,0,0,,
3567,2068,45,1,29.99,25,0,,
3568,2069,166,1,34.99,30,0,,
3569,2069,59,1,9.99,0,1,arrived_late,2024-12-03
3570,2069,136,1,12.99,20,0,,
3571,2070,178,1,119.99,0,1,size_too_small,2024-12-06
3572,2071,125,1,11.99,20,0,,
3573,2071,65,1,34.99,40,0,,
3574,2071,168,1,29.99,30,0,,
3575,2071,18,1,34.99,20,0,,
3576,2071,136,1,12.99,20,0,,
3577,2072,136,1,12.99,20,0,,
3578,2073,59,1,9.99,0,1,arrived_late,2024-12-08
3579,2073,94,2,12.99,25,0,,
3580,2073,111,1,17.99,25,0,,
3581,2074,102,1,59.99,0,0,,
3582,2075,62,2,29.99,15,0,,
3583,2075,30,1,22.99,10,0,,
3584,2076,26,1,14.99,20,0,,
3585,2077,45,1,29.99,25,0,,
3586,2078,33,1,34.99,15,0,,
3587,2078,19,1,299.99,5,0,,
3588,2079,146,1,21.99,30,0,,
3589,2079,188,1,24.99,0,0,,
3590,2080,116,1,34.99,10,1,defective,2024-12-14
3591,2081,140,1,9.99,0,0,,
3592,2081,3,1,199.99,0,1,size_too_small,2024-12-02
3593,2082,148,1,24.99,0,0,,
3594,2083,1,1,19.99,20,0,,
3595,2083,109,1,44.99,30,1,size_too_small,2024-12-13
3596,2083,58,1,16.99,15,0,,
3597,2083,96,1,34.99,25,1,changed_mind,2024-12-08
3598,2084,99,1,29.99,20,0,,
3599,2085,111,1,17.99,25,0,,
3600,2085,24,1,34.99,0,1,defective,2024-12-05
3601,2085,91,1,44.99,15,0,,
3602,2086,78,1,11.99,0,0,,
3603,2087,110,1,19.99,0,0,,
3604,2087,75,1,39.99,25,0,,
3605,2088,108,1,89.99,15,0,,
3606,2088,39,1,34.99,15,0,,
3607,2089,167,1,44.99,20,0,,
3608,2089,136,1,12.99,20,0,,
3609,2090,136,1,12.99,20,0,,
3610,2091,95,1,29.99,15,0,,
3611,2092,116,1,34.99,0,0,,
3612,2092,39,2,34.99,15,0,,
3613,2093,78,1,11.99,0,0,,
3614,2093,36,2,11.99,20,0,,
3615,2094,36,2,11.99,20,0,,
3616,2095,188,1,24.99,0,0,,
3617,2096,111,1,17.99,25,0,,
3618,2097,31,1,24.99,20,0,,
3619,2097,21,1,19.99,0,0,,
3620,2098,158,1,29.99,15,0,,
3621,2098,89,1,29.99,15,0,,
3622,2098,128,1,69.99,0,0,,
3623,2098,73,1,49.99,0,0,,
3624,2098,30,1,22.99,0,0,,
3625,2099,148,1,24.99,0,0,,
3626,2100,21,1,19.99,0,0,,
3627,2101,165,1,13.99,0,0,,
3628,2101,59,1,9.99,0,0,,
3629,2102,7,1,119.99,25,0,,
3630,2103,73,1,49.99,10,1,arrived_late,2024-12-04
3631,2103,69,1,149.99,20,0,,
3632,2104,45,1,29.99,25,0,,
3633,2104,33,1,34.99,15,0,,
3634,2104,94,1,12.99,25,0,,
3635,2105,188,1,24.99,0,0,,
3636,2106,187,1,749.99,0,0,,
3637,2107,36,1,11.99,20,0,,
3638,2108,145,1,14.99,20,0,,
3639,2109,62,2,29.99,15,0,,
3640,2109,111,1,17.99,25,0,,
3641,2110,140,1,9.99,0,0,,
3642,2110,136,2,12.99,20,0,,
3643,2111,111,1,17.99,25,0,,
3644,2112,110,1,19.99,0,0,,
3645,2112,165,1,13.99,0,0,,
3646,2112,26,1,14.99,20,0,,
3647,2113,134,1,12.99,0,0,,
3648,2113,170,1,29.99,25,0,,
3649,2113,136,1,12.99,20,0,,
3650,2114,178,1,119.99,0,0,,
3651,2115,189,1,34.99,25,0,,
3652,2115,136,1,12.99,20,0,,
3653,2116,97,2,47.99,25,0,,
3654,2117,89,1,29.99,15,0,,
3655,2117,189,1,34.99,25,0,,
3656,2118,42,1,19.99,0,0,,
3657,2119,113,1,39.99,30,1,arrived_late,2024-12-13
3658,2119,165,1,13.99,0,0,,
3659,2120,22,1,99.99,20,0,,
3660,2120,45,1,29.99,25,0,,
3661,2121,148,1,24.99,0,0,,
3662,2122,17,1,12.99,25,0,,
3663,2123,125,1,11.99,20,1,size_too_large,2024-12-05
3664,2123,33,1,34.99,15,0,,
3665,2123,145,1,14.99,20,0,,
3666,2124,58,1,16.99,15,0,,
3667,2124,148,1,24.99,0,0,,
3668,2125,26,1,14.99,20,0,,
3669,2126,70,1,13.99,25,0,,
3670,2127,145,1,14.99,20,0,,
3671,2128,23,1,37.99,0,0,,
3672,2128,94,1,12.99,25,0,,
3673,2129,68,1,99.99,10,0,,
3674,2129,178,1,119.99,10,1,defective,2025-06-10
3675,2129,191,1,24.99,15,0,,
3676,2130,33,1,34.99,15,0,,
3677,2130,148,1,24.99,0,1,size_too_small,2024-12-10
3678,2131,58,1,16.99,15,0,,
3679,2132,18,2,34.99,20,0,,
3680,2132,125,1,11.99,20,0,,
3681,2132,3,1,199.99,0,1,,2024-12-06
3682,2132,63,2,89.99,0,1,size_too_large,2024-12-10
3683,2132,144,1,69.99,20,0,,
3684,2132,192,1,19.99,10,0,,
3685,2133,26,1,14.99,20,0,,
3686,2134,167,1,44.99,20,1,size_too_large,2024-12-22
3687,2134,145,1,14.99,20,0,,
3688,2135,170,1,29.99,25,1,changed_mind,2024-12-08
3689,2136,7,1,119.99,25,0,,
3690,2137,33,1,34.99,15,0,,
3691,2138,116,2,34.99,0,0,,
3692,2139,66,1,69.99,25,0,,
3693,2140,155,1,129.99,25,0,,
3694,2140,128,1,69.99,0,0,,
3695,2141,136,1,12.99,20,1,changed_mind,2024-12-09
3696,2141,182,1,99.99,15,0,,
3697,2142,136,1,12.99,20,0,,
3698,2142,26,2,14.99,20,0,,
3699,2142,111,1,17.99,25,0,,
3700,2143,189,2,34.99,25,0,,
3701,2144,40,1,599.99,10,0,,
3702,2145,86,1,9.99,15,0,,
3703,2145,171,1,29.99,0,0,,
3704,2146,56,1,19.99,15,0,,
3705,2147,126,1,49.99,0,0,,
3706,2147,119,1,34.99,30,0,,
3707,2148,110,1,19.99,0,0,,
3708,2149,104,1,54.99,15,0,,
3709,2149,98,1,7.99,10,0,,
3710,2150,73,1,49.99,10,0,,
3711,2151,110,1,19.99,0,0,,
3712,2151,138,1,64.99,15,1,defective,2024-12-23
3713,2152,31,1,24.99,20,0,,
3714,2152,138,1,64.99,15,1,arrived_late,2024-12-08
3715,2152,146,1,21.99,30,0,,
3716,2153,42,1,19.99,0,0,,
3717,2154,111,1,17.99,25,0,,
3718,2155,178,2,119.99,0,1,size_too_small,2024-12-07
3719,2156,62,1,29.99,15,0,,
3720,2157,28,1,34.99,10,0,,
3721,2157,161,1,74.99,10,0,,
3722,2158,27,1,27.99,0,0,,
3723,2159,164,1,29.99,0,0,,
3724,2159,96,1,34.99,25,0,,
3725,2159,188,1,24.99,0,0,,
3726,2159,111,1,17.99,25,0,,
3727,2160,188,1,24.99,0,0,,
3728,2161,189,1,34.99,25,0,,
3729,2162,161,1,74.99,0,0,,
3730,2162,7,1,119.99,25,0,,
3731,2163,148,1,24.99,0,1,not_as_described,2024-12-12
3732,2164,60,1,89.99,30,1,wrong_item,2024-12-15
3733,2164,95,1,29.99,15,1,not_as_described,2024-12-06
3734,2164,104,1,54.99,15,0,,
3735,2165,45,3,29.99,25,0,,
3736,2165,170,1,29.99,25,0,,
3737,2166,7,1,119.99,25,0,,
3738,2167,69,1,149.99,20,0,,
3739,2167,54,1,129.99,0,0,,
3740,2168,180,1,14.99,15,0,,
3741,2168,77,1,44.99,0,0,,
3742,2168,111,1,17.99,25,0,,
3743,2169,95,1,29.99,15,0,,
3744,2170,125,1,11.99,20,0,,
3745,2170,39,1,34.99,15,0,,
3746,2171,26,1,14.99,20,0,,
3747,2172,7,1,119.99,25,0,,
3748,2172,111,1,17.99,25,0,,
3749,2173,109,1,44.99,30,1,size_too_small,2024-12-10
3750,2173,177,1,64.99,30,1,size_too_large,2024-12-09
3751,2174,191,1,24.99,15,1,wrong_item,2024-12-05
3752,2175,110,1,19.99,0,0,,
3753,2176,142,1,49.99,30,0,,
3754,2177,165,1,13.99,0,0,,
3755,2178,71,1,129.99,20,1,changed_mind,2024-12-09
3756,2178,68,1,99.99,0,1,defective,2024-12-18
3757,2179,111,1,17.99,25,0,,
3758,2180,121,1,27.99,10,0,,
3759,2181,51,1,24.99,0,0,,
3760,2181,169,1,39.99,15,0,,
3761,2182,189,1,34.99,25,0,,
3762,2183,117,1,6.49,10,1,changed_mind,2024-12-15
3763,2183,5,1,47.99,10,0,,
3764,2184,182,1,99.99,0,0,,
3765,2184,125,1,11.99,20,1,not_as_described,2024-12-07
3766,2184,136,1,12.99,20,0,,
3767,2184,36,1,11.99,20,0,,
3768,2185,36,1,11.99,20,0,,
3769,2186,167,1,44.99,20,0,,
3770,2186,184,1,16.99,15,0,,
3771,2187,109,1,44.99,30,1,not_as_described,2024-12-10
3772,2187,93,1,12.99,25,0,,
3773,2187,24,1,34.99,0,0,,
3774,2188,135,1,24.99,25,0,,
3775,2189,163,1,29.99,0,0,,
3776,2190,138,1,64.99,15,0,,
3777,2190,56,1,19.99,15,0,,
3778,2191,6,1,59.99,15,0,,
3779,2192,116,1,34.99,10,0,,
3780,2193,152,1,19.99,40,1,,2024-12-09
3781,2193,171,1,29.99,10,0,,
3782,2194,26,1,14.99,20,0,,
3783,2195,188,1,24.99,0,0,,
3784,2195,36,1,11.99,20,0,,
3785,2195,74,1,16.99,0,0,,
3786,2196,148,1,24.99,10,1,size_too_small,2024-12-08
3787,2197,146,1,21.99,30,0,,
3788,2198,49,1,34.99,0,0,,
3789,2198,182,1,99.99,0,0,,
3790,2199,191,1,24.99,0,0,,
3791,2199,186,1,24.99,0,0,,
3792,2200,188,1,24.99,0,0,,
3793,2201,109,1,44.99,0,0,,
3794,2202,130,1,16.49,10,0,,
3795,2202,158,1,29.99,10,0,,
3796,2202,32,1,37.99,10,0,,
3797,2203,27,1,27.99,10,0,,
3798,2203,65,1,34.99,10,1,size_too_large,2024-12-09
3799,2204,24,1,34.99,10,0,,
3800,2205,20,1,34.99,10,0,,
3801,2205,109,1,44.99,10,1,changed_mind,2024-12-11
3802,2205,78,1,11.99,10,0,,
3803,2206,98,1,7.99,15,0,,
3804,2207,110,1,19.99,10,1,defective,2024-12-09
3805,2207,96,1,34.99,10,0,,
3806,2208,111,1,17.99,0,0,,
3807,2209,191,1,24.99,10,0,,
3808,2210,167,1,44.99,0,0,,
3809,2210,135,1,24.99,25,0,,
3810,2210,45,1,29.99,0,0,,
3811,2210,104,2,54.99,0,0,,
3812,2211,26,1,14.99,0,0,,
3813,2212,117,2,6.49,0,0,,
3814,2212,61,1,14.99,0,1,,2024-12-16
3815,2212,77,1,44.99,0,0,,
3816,2213,9,1,24.99,0,1,changed_mind,2024-12-11
3817,2214,140,1,9.99,0,0,,
3818,2215,146,1,21.99,10,0,,
3819,2215,167,1,44.99,10,0,,
3820,2215,84,1,34.99,10,0,,
3821,2215,168,1,29.99,10,0,,
3822,2216,49,1,34.99,0,0,,
3823,2217,33,1,34.99,0,0,,
3824,2218,148,1,24.99,0,0,,
3825,2219,94,1,12.99,0,0,,
3826,2220,143,1,19.99,0,0,,
3827,2220,165,1,13.99,0,0,,
3828,2220,190,1,11.99,0,0,,
3829,2221,130,1,16.49,0,0,,
3830,2221,70,2,13.99,0,0,,
3831,2222,192,1,19.99,0,0,,
3832,2222,167,1,44.99,0,0,,
3833,2223,59,2,9.99,15,0,,
3834,2223,64,1,9.99,0,0,,
3835,2224,62,1,29.99,0,0,,
3836,2224,26,1,14.99,0,0,,
3837,2224,172,1,149.99,0,0,,
3838,2224,186,1,24.99,0,0,,
3839,2225,39,1,34.99,0,1,defective,2024-12-18
3840,2225,110,1,19.99,0,0,,
3841,2225,96,1,34.99,0,1,defective,2024-12-26
3842,2225,145,2,14.99,0,0,,
3843,2226,168,1,29.99,0,0,,
3844,2226,47,1,89.99,0,0,,
3845,2226,33,1,34.99,0,0,,
3846,2227,115,1,79.99,0,0,,
3847,2228,186,1,24.99,15,0,,
3848,2229,88,1,34.99,0,0,,
3849,2230,130,1,16.49,0,0,,
3850,2231,36,1,11.99,0,0,,
3851,2232,18,1,34.99,0,0,,
3852,2233,74,1,16.99,0,0,,
3853,2234,40,1,599.99,10,0,,
3854,2234,65,1,34.99,0,1,changed_mind,2024-12-13
3855,2235,145,2,14.99,0,0,,
3856,2235,141,1,24.99,0,0,,
3857,2236,36,1,11.99,10,0,,
3858,2237,98,1,7.99,0,0,,
3859,2238,139,1,29.99,0,0,,
3860,2238,8,2,11.99,0,0,,
3861,2239,85,1,24.99,0,0,,
3862,2239,71,1,129.99,0,0,,
3863,2239,33,1,34.99,0,0,,
3864,2240,147,1,19.99,0,0,,
3865,2241,144,1,69.99,0,0,,
3866,2241,136,1,12.99,0,0,,
3867,2241,168,1,29.99,0,0,,
3868,2242,55,1,39.99,0,0,,
3869,2242,110,1,19.99,0,0,,
3870,2242,42,1,19.99,0,0,,
3871,2243,58,1,16.99,15,0,,
3872,2243,72,1,24.99,0,1,arrived_late,2024-12-17
3873,2243,190,1,11.99,0,0,,
3874,2244,52,1,15.49,0,0,,
3875,2245,143,1,19.99,0,0,,
3876,2245,45,1,29.99,0,0,,
3877,2246,12,1,13.49,10,0,,
3878,2246,45,1,29.99,10,0,,
3879,2246,190,1,11.99,10,0,,
3880,2247,26,1,14.99,0,0,,
3881,2248,145,1,14.99,0,1,not_as_described,2024-12-16
3882,2249,140,1,9.99,0,0,,
3883,2250,110,1,19.99,10,0,,
3884,2251,150,1,14.99,0,0,,
3885,2252,138,1,64.99,0,0,,
3886,2253,107,1,8.99,0,0,,
3887,2253,16,1,69.99,0,0,,
3888,2254,180,1,14.99,0,0,,
3889,2254,28,1,34.99,0,1,size_too_small,2024-12-16
3890,2255,79,1,54.99,0,0,,
3891,2256,36,1,11.99,0,0,,
3892,2256,30,2,22.99,0,0,,
3893,2257,94,1,12.99,10,0,,
3894,2258,46,1,159.99,0,0,,
3895,2259,36,1,11.99,0,0,,
3896,2260,189,1,34.99,10,0,,
3897,2260,192,1,19.99,10,0,,
3898,2261,131,1,24.99,0,0,,
3899,2261,94,1,12.99,0,0,,
3900,2261,98,1,7.99,0,0,,
3901,2262,5,1,47.99,10,1,defective,2024-12-30
3902,2263,36,1,11.99,0,0,,
3903,2264,96,1,34.99,10,0,,
3904,2264,125,1,11.99,10,0,,
3905,2265,64,1,9.99,0,0,,
3906,2266,111,1,17.99,0,0,,
3907,2267,124,1,64.99,0,0,,
3908,2268,41,1,22.99,0,0,,
3909,2268,47,1,89.99,0,0,,
3910,2269,77,1,44.99,10,0,,
3911,2270,63,1,89.99,0,0,,
3912,2270,30,1,22.99,0,0,,
3913,2271,78,1,11.99,0,0,,
3914,2271,7,1,119.99,0,0,,
3915,2272,113,1,39.99,0,0,,
3916,2273,148,1,24.99,0,0,,
3917,2273,142,1,49.99,0,0,,
3918,2274,84,1,34.99,0,0,,
3919,2274,111,1,17.99,0,0,,
3920,2274,58,1,16.99,0,0,,
3921,2275,48,1,89.99,0,0,,
3922,2276,36,1,11.99,10,1,defective,2024-12-18
3923,2276,75,1,39.99,10,0,,
3924,2277,5,1,47.99,0,0,,
3925,2277,140,1,9.99,0,0,,
3926,2278,75,1,39.99,0,0,,
3927,2279,39,1,34.99,0,0,,
3928,2279,177,1,64.99,0,0,,
3929,2280,46,1,159.99,0,0,,
3930,2280,111,1,17.99,0,0,,
3931,2281,56,1,19.99,10,0,,
3932,2282,13,1,89.99,0,0,,
3933,2283,61,1,14.99,10,0,,
3934,2284,11,1,49.99,10,0,,
3935,2285,188,1,24.99,10,0,,
3936,2285,166,1,34.99,10,1,changed_mind,2024-12-22
3937,2286,45,1,29.99,0,0,,
3938,2286,177,1,64.99,0,0,,
3939,2287,110,1,19.99,0,0,,
3940,2287,111,1,17.99,0,0,,
3941,2287,78,1,11.99,0,0,,
3942,2288,134,1,12.99,0,0,,
3943,2288,108,1,89.99,0,0,,
3944,2289,18,1,34.99,0,0,,
3945,2289,10,1,16.99,0,0,,
3946,2290,148,1,24.99,10,0,,
3947,2291,85,1,24.99,0,1,changed_mind,2024-12-17
3948,2292,148,1,24.99,15,0,,
3949,2293,137,1,89.99,0,0,,
3950,2293,155,2,129.99,0,0,,
3951,2294,33,1,34.99,10,0,,
3952,2294,145,1,14.99,10,0,,
3953,2295,30,1,22.99,0,0,,
3954,2296,33,1,34.99,0,0,,
3955,2296,34,1,27.99,0,0,,
3956,2296,159,1,29.99,0,0,,
3957,2297,131,1,24.99,0,0,,
3958,2298,24,1,34.99,0,0,,
3959,2298,26,1,14.99,0,0,,
3960,2299,7,1,119.99,0,0,,
3961,2300,69,1,149.99,0,1,defective,2024-12-22
3962,2301,168,1,29.99,0,0,,
3963,2302,19,1,299.99,0,0,,
3964,2303,95,1,29.99,0,0,,
3965,2304,162,1,16.99,0,0,,
3966,2305,70,1,13.99,10,0,,
3967,2305,57,1,19.99,10,0,,
3968,2306,62,1,29.99,0,0,,
3969,2306,26,2,14.99,0,0,,
3970,2307,74,1,16.99,0,0,,
3971,2308,189,1,34.99,10,0,,
3972,2309,111,1,17.99,0,0,,
3973,2310,158,1,29.99,0,0,,
3974,2310,111,1,17.99,0,0,,
3975,2311,119,1,34.99,0,0,,
3976,2311,111,1,17.99,0,0,,
3977,2311,118,1,149.99,0,0,,
3978,2312,34,1,27.99,0,0,,
3979,2312,156,1,29.99,0,1,size_too_small,2024-12-16
3980,2313,136,1,12.99,0,1,defective,2025-01-08
3981,2314,77,1,44.99,0,0,,
3982,2315,17,1,12.99,0,0,,
3983,2316,86,1,9.99,0,0,,
3984,2316,36,2,11.99,0,0,,
3985,2316,132,1,11.99,0,0,,
3986,2317,92,1,24.99,0,0,,
3987,2318,140,1,9.99,10,0,,
3988,2319,26,1,14.99,0,0,,
3989,2320,111,1,17.99,0,0,,
3990,2320,53,1,84.99,0,0,,
3991,2321,13,1,89.99,10,0,,
3992,2322,36,1,11.99,0,0,,
3993,2323,159,1,29.99,0,0,,
3994,2324,59,1,9.99,20,0,,
3995,2324,88,1,34.99,0,0,,
3996,2325,27,1,27.99,10,0,,
3997,2326,58,1,16.99,0,0,,
3998,2326,86,1,9.99,0,0,,
3999,2327,44,1,79.99,0,0,,
4000,2328,108,1,89.99,0,1,,2024-12-20
4001,2328,66,1,69.99,0,0,,
4002,2328,33,1,34.99,0,0,,
4003,2329,22,1,99.99,0,0,,
4004,2330,119,1,34.99,10,0,,
4005,2330,36,1,11.99,10,0,,
4006,2331,66,1,69.99,0,0,,
4007,2332,175,3,14.99,10,0,,
4008,2332,63,1,89.99,10,1,size_too_large,2024-12-26
4009,2332,136,1,12.99,10,0,,
4010,2332,94,1,12.99,10,0,,
4011,2333,129,1,24.99,0,1,,2024-12-20
4012,2334,98,1,7.99,0,0,,
4013,2334,111,1,17.99,0,0,,
4014,2334,191,1,24.99,0,0,,
4015,2334,189,1,34.99,0,0,,
4016,2334,172,1,149.99,0,1,changed_mind,2024-12-26
4017,2334,33,1,34.99,0,0,,
4018,2335,26,2,14.99,0,0,,
4019,2335,55,1,39.99,0,0,,
4020,2336,59,1,9.99,20,0,,
4021,2337,18,1,34.99,0,0,,
4022,2337,69,1,149.99,0,0,,
4023,2337,77,1,44.99,0,0,,
4024,2338,70,1,13.99,0,0,,
4025,2338,165,1,13.99,0,0,,
4026,2339,36,1,11.99,0,0,,
4027,2340,109,1,44.99,0,1,size_too_small,2024-12-25
4028,2341,62,1,29.99,0,0,,
4029,2341,75,1,39.99,0,0,,
4030,2341,39,1,34.99,0,0,,
4031,2342,64,1,9.99,0,0,,
4032,2343,134,1,12.99,0,0,,
4033,2343,122,1,29.99,0,0,,
4034,2343,36,1,11.99,0,0,,
4035,2343,42,1,19.99,0,0,,
4036,2343,145,1,14.99,0,0,,
4037,2344,138,1,64.99,0,0,,
4038,2345,18,1,34.99,0,0,,
4039,2346,24,1,34.99,0,0,,
4040,2346,33,1,34.99,0,0,,
4041,2346,95,1,29.99,0,0,,
4042,2346,91,1,44.99,0,0,,
4043,2347,1,1,19.99,0,0,,
4044,2347,140,1,9.99,0,0,,
4045,2348,94,1,12.99,10,0,,
4046,2348,173,3,99.99,10,0,,
4047,2349,44,1,79.99,10,0,,
4048,2349,74,1,16.99,10,0,,
4049,2350,161,1,74.99,0,0,,
4050,2351,70,2,13.99,0,0,,
4051,2351,113,2,39.99,0,1,not_as_described,2024-12-22
4052,2351,152,1,19.99,0,0,,
4053,2352,124,1,64.99,0,0,,
4054,2353,26,1,14.99,0,0,,
4055,2353,150,1,14.99,0,0,,
4056,2353,61,1,14.99,0,0,,
4057,2354,49,1,37.99,0,0,,
4058,2354,102,1,59.99,0,0,,
4059,2355,72,1,24.99,10,0,,
4060,2355,28,1,34.99,10,0,,
4061,2356,95,1,29.99,10,0,,
4062,2357,148,1,24.99,0,0,,
4063,2357,45,1,29.99,0,0,,
4064,2357,156,1,29.99,0,0,,
4065,2358,170,1,29.99,0,0,,
4066,2359,178,1,119.99,0,0,,
4067,2360,124,1,64.99,0,0,,
4068,2361,114,1,24.99,10,0,,
4069,2362,37,1,199.99,0,0,,
4070,2362,44,1,79.99,10,0,,
4071,2363,129,1,24.99,10,0,,
4072,2364,26,1,14.99,0,0,,
4073,2365,150,2,14.99,0,0,,
4074,2366,94,1,12.99,10,0,,
4075,2367,131,1,24.99,0,0,,
4076,2367,146,1,21.99,0,0,,
4077,2368,136,1,12.99,0,0,,
4078,2369,145,1,14.99,10,0,,
4079,2369,185,1,99.99,10,0,,
4080,2370,175,1,14.99,0,0,,
4081,2371,144,1,69.99,0,1,not_as_described,2024-12-22
4082,2372,96,2,34.99,0,0,,
4083,2373,132,1,11.99,10,0,,
4084,2373,110,1,19.99,10,0,,
4085,2373,64,1,9.99,10,0,,
4086,2374,190,1,11.99,0,0,,
4087,2375,93,1,12.99,0,0,,
4088,2375,33,1,34.99,0,0,,
4089,2375,148,1,24.99,0,1,changed_mind,2024-12-23
4090,2376,179,1,49.99,10,0,,
4091,2377,131,1,24.99,0,0,,
4092,2377,136,1,12.99,0,0,,
4093,2378,37,1,199.99,0,0,,
4094,2378,49,1,37.99,0,0,,
4095,2378,123,1,49.99,0,1,defective,2024-12-27
4096,2379,4,1,14.99,0,0,,
4097,2379,177,2,64.99,0,0,,
4098,2380,188,1,24.99,0,0,,
4099,2380,36,1,11.99,0,0,,
4100,2381,63,1,89.99,10,1,changed_mind,2024-12-23
4101,2382,21,1,19.99,0,0,,
4102,2383,13,1,89.99,10,0,,
4103,2384,162,1,16.99,0,0,,
4104,2384,140,1,9.99,0,0,,
4105,2384,89,1,29.99,0,0,,
4106,2385,110,1,19.99,10,0,,
4107,2386,87,1,89.99,0,0,,
4108,2386,36,1,11.99,0,0,,
4109,2387,190,1,11.99,0,0,,
4110,2388,111,1,17.99,10,0,,
4111,2389,43,1,17.99,10,0,,
4112,2389,148,1,24.99,10,1,size_too_large,2024-12-24
4113,2390,161,1,74.99,0,0,,
4114,2391,141,1,24.99,10,0,,
4115,2391,163,1,29.99,10,0,,
4116,2392,169,1,39.99,10,0,,
4117,2392,170,1,29.99,10,1,not_as_described,2024-12-26
4118,2392,75,1,39.99,10,0,,
4119,2393,141,1,24.99,0,0,,
4120,2394,141,1,24.99,0,0,,
4121,2394,102,1,59.99,0,1,size_too_small,2025-01-05
4122,2394,109,1,44.99,0,1,size_too_large,2025-01-01
4123,2394,187,1,749.99,0,0,,
4124,2395,88,1,34.99,0,0,,
4125,2395,180,1,14.99,0,0,,
4126,2396,188,1,24.99,10,0,,
4127,2396,12,1,13.49,10,0,,
4128,2396,44,2,79.99,10,0,,
4129,2397,188,1,24.99,0,1,defective,2025-01-21
4130,2398,68,1,99.99,0,0,,
4131,2399,165,1,13.99,0,0,,
4132,2400,59,2,9.99,10,0,,
4133,2400,94,1,12.99,10,0,,
4134,2400,103,1,19.99,10,0,,
4135,2401,56,1,19.99,0,1,defective,2025-04-11
4136,2402,86,1,9.99,10,0,,
4137,2403,138,1,64.99,0,0,,
4138,2404,70,1,13.99,10,0,,
4139,2404,64,1,9.99,10,0,,
4140,2405,26,1,14.99,0,0,,
4141,2405,45,1,29.99,0,0,,
4142,2405,111,1,17.99,0,0,,
4143,2406,21,1,19.99,0,0,,
4144,2406,45,1,29.99,0,0,,
4145,2407,190,1,11.99,0,0,,
4146,2407,26,1,14.99,0,0,,
4147,2408,13,1,89.99,0,0,,
4148,2408,188,1,24.99,0,0,,
4149,2409,186,1,24.99,0,0,,
4150,2409,184,2,16.99,0,0,,
4151,2410,70,1,13.99,0,0,,
4152,2410,13,1,89.99,0,0,,
4153,2411,140,1,9.99,0,0,,
4154,2411,174,2,19.99,0,0,,
4155,2412,88,2,34.99,0,0,,
4156,2413,75,1,39.99,10,0,,
4157,2413,36,1,11.99,10,0,,
4158,2414,51,1,24.99,0,0,,
4159,2415,132,1,11.99,0,0,,
4160,2416,71,1,129.99,0,1,wrong_item,2024-12-29
4161,2417,98,3,7.99,10,0,,
4162,2417,106,1,259.99,0,0,,
4163,2418,59,1,9.99,0,0,,
4164,2418,148,1,24.99,0,0,,
4165,2419,140,1,9.99,0,0,,
4166,2419,148,1,24.99,0,1,size_too_small,2025-01-03
4167,2419,53,1,84.99,0,1,size_too_large,2025-01-05
4168,2420,39,1,34.99,0,0,,
4169,2421,24,1,34.99,0,0,,
4170,2421,95,1,29.99,0,0,,
4171,2422,36,1,11.99,0,0,,
4172,2422,23,1,37.99,0,0,,
4173,2423,62,1,29.99,10,0,,
4174,2424,125,1,11.99,20,0,,
4175,2424,136,2,12.99,10,0,,
4176,2424,36,1,11.99,10,0,,
4177,2425,142,1,49.99,10,1,arrived_late,2025-01-11
4178,2425,132,1,11.99,10,0,,
4179,2425,59,1,9.99,10,0,,
4180,2426,26,1,14.99,0,0,,
4181,2426,95,1,29.99,0,0,,
4182,2427,44,1,79.99,10,0,,
4183,2428,1,1,19.99,0,0,,
4184,2429,26,1,14.99,0,0,,
4185,2429,47,1,89.99,0,0,,
4186,2430,98,3,7.99,0,0,,
4187,2431,29,1,34.99,10,0,,
4188,2431,36,1,11.99,10,0,,
4189,2431,120,1,89.99,10,0,,
4190,2432,184,1,16.99,10,0,,
4191,2433,84,1,29.99,0,1,changed_mind,2025-01-03
4192,2434,124,1,64.99,0,0,,
4193,2435,108,1,89.99,0,0,,
4194,2436,99,1,29.99,0,0,,
4195,2437,111,1,17.99,10,0,,
4196,2438,72,1,24.99,10,0,,
4197,2438,184,1,16.99,10,0,,
4198,2439,150,1,14.99,0,0,,
4199,2440,117,1,6.49,0,0,,
4200,2441,89,2,29.99,0,1,changed_mind,2025-01-02
4201,2441,93,2,12.99,0,0,,
4202,2442,94,1,12.99,10,0,,
4203,2442,105,1,34.99,10,0,,
4204,2443,93,1,12.99,0,0,,
4205,2444,62,1,29.99,0,0,,
4206,2445,100,1,79.99,0,0,,
4207,2446,130,1,16.49,0,0,,
4208,2447,165,1,13.99,0,0,,
4209,2447,179,1,49.99,0,0,,
4210,2447,49,2,37.99,0,0,,
4211,2448,132,1,11.99,0,0,,
4212,2448,165,1,13.99,0,0,,
4213,2448,41,1,22.99,0,0,,
4214,2449,191,1,24.99,10,0,,
4215,2450,134,1,12.99,0,0,,
4216,2450,174,2,19.99,0,0,,
4217,2451,56,1,19.99,0,0,,
4218,2452,111,1,17.99,0,0,,
4219,2452,156,1,29.99,0,1,size_too_large,2025-01-02
4220,2452,169,2,39.99,0,0,,
4221,2453,163,1,29.99,0,0,,
4222,2454,98,3,7.99,0,0,,
4223,2455,111,1,17.99,10,0,,
4224,2455,63,1,89.99,10,0,,
4225,2455,177,1,64.99,10,0,,
4226,2456,36,1,11.99,0,0,,
4227,2456,191,1,24.99,0,0,,
4228,2456,98,1,7.99,0,0,,
4229,2457,94,1,12.99,0,1,defective,2025-01-06
4230,2457,33,1,34.99,0,0,,
4231,2458,70,1,13.99,0,0,,
4232,2458,26,1,14.99,0,0,,
4233,2459,186,1,24.99,0,0,,
4234,2459,85,1,24.99,0,0,,
4235,2460,109,1,44.99,0,1,defective,2025-01-12
4236,2461,33,1,34.99,0,0,,
4237,2461,169,1,39.99,0,0,,
4238,2462,62,1,29.99,0,0,,
4239,2462,157,1,89.99,0,0,,
4240,2462,170,1,29.99,0,0,,
4241,2463,167,1,44.99,0,0,,
4242,2463,136,1,12.99,0,0,,
4243,2463,110,1,19.99,0,0,,
4244,2463,94,1,12.99,0,0,,
4245,2464,70,2,13.99,0,0,,
4246,2465,13,1,89.99,10,0,,
4247,2466,164,1,29.99,10,0,,
4248,2466,12,1,13.49,10,0,,
4249,2467,109,1,44.99,0,0,,
4250,2468,45,1,29.99,0,0,,
4251,2468,82,1,10.49,0,0,,
4252,2469,114,1,24.99,0,0,,
4253,2470,75,1,39.99,10,1,changed_mind,2025-01-12
4254,2470,17,1,12.99,10,0,,
4255,2471,180,2,14.99,0,0,,
4256,2471,59,2,9.99,0,0,,
4257,2472,111,1,17.99,0,0,,
4258,2473,165,1,13.99,10,0,,
4259,2473,49,1,37.99,10,0,,
4260,2473,23,1,37.99,10,0,,
4261,2474,17,1,12.99,10,0,,
4262,2474,26,1,14.99,10,0,,
4263,2475,75,1,39.99,0,0,,
4264,2476,33,1,34.99,0,0,,
4265,2476,79,1,54.99,0,0,,
4266,2476,90,1,34.99,0,1,not_as_described,2025-01-05
4267,2476,46,1,159.99,0,0,,
4268,2476,96,1,34.99,0,0,,
4269,2477,111,1,17.99,10,0,,
4270,2477,136,1,12.99,10,0,,
4271,2478,86,1,9.99,0,0,,
4272,2478,148,1,24.99,0,0,,
4273,2479,70,1,13.99,0,0,,
4274,2479,96,1,34.99,0,0,,
4275,2480,13,1,89.99,0,0,,
4276,2480,45,1,29.99,0,0,,
4277,2481,83,1,24.99,10,0,,
4278,2482,125,1,11.99,0,0,,
4279,2483,144,1,69.99,0,1,size_too_large,2025-01-05
4280,2484,146,1,21.99,0,1,changed_mind,2025-01-06
4281,2485,20,1,34.99,0,0,,
4282,2485,136,1,12.99,0,0,,
4283,2486,39,1,34.99,0,0,,
4284,2486,26,1,14.99,0,0,,
4285,2486,74,1,16.99,0,0,,
4286,2487,33,1,34.99,0,0,,
4287,2487,64,1,9.99,0,0,,
4288,2488,62,1,29.99,0,0,,
4289,2488,173,1,99.99,0,0,,
4290,2489,111,1,17.99,25,0,,
4291,2489,180,1,14.99,0,0,,
4292,2489,36,1,11.99,0,0,,
4293,2489,113,1,39.99,0,1,size_too_small,2025-01-05
4294,2489,33,1,34.99,0,0,,
4295,2489,30,1,22.99,0,0,,
4296,2490,164,1,29.99,10,0,,
4297,2490,62,1,29.99,10,0,,
4298,2491,147,1,19.99,0,0,,
4299,2491,120,1,89.99,0,0,,
4300,2491,4,1,14.99,0,0,,
4301,2491,80,1,74.99,0,1,,2025-01-09
4302,2492,158,1,29.99,10,0,,
4303,2493,15,1,34.99,30,0,,
4304,2494,1,1,19.99,0,0,,
4305,2495,22,1,99.99,0,0,,
4306,2496,191,1,24.99,0,0,,
4307,2496,3,1,199.99,0,0,,
4308,2497,187,1,749.99,0,0,,
4309,2498,188,1,24.99,0,1,not_as_described,2025-01-06
4310,2498,36,2,11.99,0,0,,
4311,2499,165,1,13.99,0,0,,
4312,2500,145,1,14.99,0,0,,
4313,2500,88,1,34.99,0,0,,
4314,2500,112,1,44.99,0,0,,
4315,2500,108,1,89.99,0,0,,
4316,2500,51,1,24.99,0,0,,
4317,2500,176,1,1099.99,0,0,,
4318,2501,190,1,11.99,10,0,,
4319,2502,79,2,54.99,0,0,,
4320,2502,166,1,34.99,0,1,size_too_small,2025-01-05
4321,2503,136,1,12.99,20,0,,
4322,2504,36,1,11.99,10,0,,
4323,2505,148,1,24.99,0,0,,
4324,2505,120,1,89.99,30,0,,
4325,2506,101,1,42.99,50,1,not_as_described,2025-01-10
4326,2507,180,3,14.99,0,0,,
4327,2507,47,2,89.99,0,0,,
4328,2507,191,1,24.99,30,0,,
4329,2507,39,1,34.99,0,0,,
4330,2507,171,1,29.99,0,0,,
4331,2508,54,1,129.99,0,0,,
4332,2508,106,1,259.99,0,0,,
4333,2509,86,1,9.99,0,0,,
4334,2509,117,1,6.49,0,0,,
4335,2509,146,1,21.99,0,0,,
4336,2509,153,1,14.99,20,0,,
4337,2510,166,1,34.99,40,0,,
4338,2511,55,1,39.99,20,0,,
4339,2511,170,1,29.99,0,0,,
4340,2511,64,2,9.99,0,0,,
4341,2512,133,1,13.99,20,1,not_as_described,2025-01-16
4342,2513,74,1,16.99,0,0,,
4343,2514,41,1,22.99,0,0,,
4344,2515,73,1,49.99,10,0,,
4345,2515,143,1,19.99,10,0,,
4346,2515,130,1,16.49,10,0,,
4347,2516,72,1,24.99,10,1,changed_mind,2025-01-17
4348,2517,175,1,14.99,0,1,size_too_small,2025-01-16
4349,2517,17,1,12.99,0,0,,
4350,2518,141,1,24.99,0,0,,
4351,2518,33,1,34.99,0,0,,
4352,2518,119,1,34.99,30,0,,
4353,2518,39,1,34.99,0,0,,
4354,2519,49,1,37.99,0,0,,
4355,2519,148,1,24.99,0,1,defective,2025-01-17
4356,2520,97,1,47.99,20,0,,
4357,2520,146,1,21.99,0,0,,
4358,2521,70,1,13.99,0,0,,
4359,2522,141,1,24.99,10,0,,
4360,2523,2,1,69.99,0,0,,
4361,2524,21,1,22.99,0,0,,
4362,2525,185,1,99.99,0,0,,
4363,2525,189,1,34.99,0,0,,
4364,2525,162,1,16.99,0,0,,
4365,2525,175,1,14.99,0,0,,
4366,2526,129,1,24.99,30,0,,
4367,2527,23,1,37.99,0,0,,
4368,2528,126,1,49.99,30,0,,
4369,2529,8,1,11.99,0,0,,
4370,2529,67,1,34.99,0,0,,
4371,2530,111,1,17.99,25,0,,
4372,2531,58,1,16.99,0,0,,
4373,2532,84,1,29.99,25,0,,
4374,2532,21,1,22.99,0,0,,
4375,2533,36,1,11.99,0,0,,
4376,2533,98,1,7.99,0,0,,
4377,2534,136,1,12.99,20,0,,
4378,2535,21,1,22.99,0,0,,
4379,2536,134,1,12.99,0,0,,
4380,2537,24,1,34.99,0,0,,
4381,2537,143,1,19.99,0,0,,
4382,2537,165,1,13.99,0,0,,
4383,2537,95,1,29.99,0,0,,
4384,2537,130,1,16.49,0,0,,
4385,2537,91,2,44.99,0,0,,
4386,2538,134,1,12.99,0,0,,
4387,2538,39,1,34.99,0,0,,
4388,2538,122,1,29.99,0,0,,
4389,2539,36,1,11.99,0,0,,
4390,2540,116,2,34.99,0,0,,
4391,2541,95,1,29.99,0,0,,
4392,2541,165,1,13.99,0,0,,
4393,2541,173,1,99.99,20,0,,
4394,2541,178,1,129.99,40,0,,
4395,2542,170,1,29.99,0,0,,
4396,2543,98,3,7.99,10,0,,
4397,2543,70,1,13.99,10,0,,
4398,2543,133,1,13.99,20,0,,
4399,2543,141,1,24.99,10,0,,
4400,2544,138,1,64.99,20,0,,
4401,2545,45,1,32.99,0,0,,
4402,2545,39,1,34.99,0,0,,
4403,2546,148,1,27.99,0,1,not_as_described,2025-01-14
4404,2547,58,1,16.99,0,0,,
4405,2548,117,1,6.49,0,0,,
4406,2548,183,1,59.99,40,0,,
4407,2549,33,1,34.99,0,1,defective,2025-01-15
4408,2549,124,1,64.99,40,0,,
4409,2549,148,1,27.99,0,0,,
4410,2550,71,1,129.99,0,1,size_too_large,2025-01-17
4411,2550,140,1,10.99,0,0,,
4412,2550,36,1,11.99,0,0,,
4413,2550,111,1,17.99,20,0,,
4414,2551,55,1,39.99,20,0,,
4415,2551,41,1,22.99,10,0,,
4416,2551,108,1,89.99,10,0,,
4417,2552,17,1,12.99,0,0,,
4418,2553,113,1,39.99,20,0,,
4419,2553,36,1,11.99,0,0,,
4420,2553,39,1,34.99,0,0,,
4421,2554,39,1,34.99,0,1,changed_mind,2025-01-13
4422,2555,24,1,34.99,0,1,not_as_described,2025-01-20
4423,2556,131,1,24.99,30,0,,
4424,2557,55,1,39.99,20,0,,
4425,2558,55,1,39.99,20,1,arrived_late,2025-01-17
4426,2558,130,1,16.49,10,0,,
4427,2558,41,1,22.99,10,0,,
4428,2558,62,1,29.99,10,0,,
4429,2559,188,1,24.99,0,0,,
4430,2560,31,1,27.99,0,0,,
4431,2561,111,1,17.99,20,0,,
4432,2561,138,1,64.99,20,1,changed_mind,2025-01-12
4433,2562,188,1,24.99,0,0,,
4434,2563,70,1,14.49,0,0,,
4435,2563,105,1,34.99,0,0,,
4436,2563,39,1,34.99,0,0,,
4437,2564,67,1,34.99,10,0,,
4438,2565,37,1,179.99,0,0,,
4439,2565,123,1,49.99,0,0,,
4440,2566,138,1,64.99,20,0,,
4441,2567,129,1,24.99,30,0,,
4442,2568,183,1,59.99,40,0,,
4443,2568,120,1,89.99,30,1,,2025-01-17
4444,2569,152,1,19.99,30,0,,
4445,2570,130,1,16.49,0,0,,
4446,2571,117,1,6.49,10,0,,
4447,2572,98,1,8.49,0,0,,
4448,2573,93,1,12.99,0,0,,
4449,2574,27,1,29.99,0,0,,
4450,2574,88,1,37.99,0,0,,
4451,2574,166,1,34.99,40,0,,
4452,2575,70,1,14.49,0,0,,
4453,2576,67,1,34.99,10,0,,
4454,2576,86,1,8.99,10,0,,
4455,2577,167,1,47.99,10,0,,
4456,2578,140,1,10.99,0,0,,
4457,2579,140,1,10.99,10,0,,
4458,2580,28,1,34.99,30,0,,
4459,2580,13,1,89.99,0,0,,
4460,2581,178,1,129.99,40,0,,
4461,2581,4,1,14.99,0,0,,
4462,2582,80,1,69.99,0,0,,
4463,2583,61,1,14.99,30,0,,
4464,2584,30,1,22.99,0,0,,
4465,2584,17,1,12.99,0,0,,
4466,2585,138,1,64.99,20,0,,
4467,2586,177,1,64.99,40,0,,
4468,2587,109,1,44.99,0,0,,
4469,2588,4,3,14.99,0,0,,
4470,2589,132,1,11.99,0,0,,
4471,2590,163,1,32.99,0,1,not_as_described,2025-01-21
4472,2591,107,2,8.99,0,0,,
4473,2591,127,1,69.99,0,0,,
4474,2592,65,2,34.99,30,0,,
4475,2593,82,1,10.49,0,0,,
4476,2594,58,1,16.99,0,0,,
4477,2594,79,1,54.99,30,0,,
4478,2594,190,1,11.99,0,0,,
4479,2595,21,1,22.99,0,0,,
4480,2595,138,1,64.99,20,0,,
4481,2596,170,1,29.99,0,0,,
4482,2597,45,1,32.99,0,0,,
4483,2597,39,1,37.99,0,0,,
4484,2597,167,1,47.99,0,0,,
4485,2598,136,1,12.99,20,0,,
4486,2598,59,1,9.99,0,0,,
4487,2598,65,1,34.99,30,1,changed_mind,2025-01-19
4488,2599,56,1,19.99,0,0,,
4489,2600,17,1,12.99,0,0,,
4490,2600,138,1,64.99,20,0,,
4491,2601,49,1,37.99,0,0,,
4492,2601,169,1,39.99,0,0,,
4493,2602,65,1,34.99,30,1,size_too_large,2025-01-16
4494,2603,54,1,129.99,0,0,,
4495,2604,177,1,64.99,40,0,,
4496,2604,113,1,42.99,20,0,,
4497,2605,190,1,11.99,10,0,,
4498,2605,120,1,89.99,30,0,,
4499,2606,15,1,34.99,30,1,changed_mind,2025-01-19
4500,2606,24,1,34.99,0,0,,
4501,2606,95,2,29.99,0,0,,
4502,2606,18,1,37.99,20,1,,2025-01-18
4503,2606,102,1,59.99,40,0,,
4504,2607,184,1,16.99,10,0,,
4505,2607,98,1,8.49,10,0,,
4506,2607,173,1,99.99,20,0,,
4507,2608,131,1,24.99,30,0,,
4508,2609,51,2,27.99,0,0,,
4509,2609,133,1,13.99,20,1,defective,2025-01-20
4510,2610,102,1,59.99,40,0,,
4511,2610,136,1,12.99,20,0,,
4512,2610,152,1,19.99,30,1,not_as_described,2025-01-22
4513,2611,33,1,34.99,0,0,,
4514,2611,141,1,24.99,0,0,,
4515,2611,110,1,19.99,20,0,,
4516,2612,146,1,21.99,0,0,,
4517,2613,14,1,24.99,0,0,,
4518,2613,84,1,29.99,0,0,,
4519,2614,79,1,54.99,30,0,,
4520,2615,36,1,12.99,0,0,,
4521,2616,169,1,39.99,0,0,,
4522,2616,61,1,14.99,30,0,,
4523,2617,165,1,13.99,0,0,,
4524,2617,59,1,9.99,0,0,,
4525,2618,177,1,64.99,40,1,wrong_item,2025-01-21
4526,2619,165,1,13.99,0,0,,
4527,2620,105,1,34.99,0,0,,
4528,2621,64,2,9.99,0,0,,
4529,2622,109,2,44.99,10,0,,
4530,2623,41,1,22.99,10,0,,
4531,2624,49,1,37.99,0,0,,
4532,2624,64,1,9.99,0,0,,
4533,2625,154,1,32.99,0,1,size_too_small,2025-01-29
4534,2625,168,1,29.99,0,0,,
4535,2626,111,1,18.99,20,0,,
4536,2627,132,1,11.99,0,0,,
4537,2627,85,1,24.99,0,0,,
4538,2627,36,1,12.99,0,0,,
4539,2628,120,1,89.99,30,0,,
4540,2629,39,1,37.99,0,0,,
4541,2630,21,1,22.99,0,0,,
4542,2631,180,1,16.49,0,0,,
4543,2632,33,1,34.99,0,0,,
4544,2632,84,1,29.99,0,0,,
4545,2633,41,3,22.99,10,0,,
4546,2633,51,1,27.99,10,0,,
4547,2633,103,1,19.99,10,0,,
4548,2634,177,1,64.99,40,0,,
4549,2634,7,1,119.99,0,0,,
4550,2635,85,1,24.99,0,0,,
4551,2636,144,1,69.99,30,0,,
4552,2637,105,1,34.99,0,0,,
4553,2638,104,1,54.99,0,0,,
4554,2639,187,1,749.99,0,0,,
4555,2640,136,1,12.99,40,0,,
4556,2641,130,1,16.49,0,0,,
4557,2641,94,1,12.99,0,0,,
4558,2641,110,1,19.99,20,0,,
4559,2642,152,1,19.99,30,0,,
4560,2643,64,1,10.49,0,0,,
4561,2644,52,1,16.49,20,0,,
4562,2644,17,1,12.99,0,0,,
4563,2644,82,1,10.49,0,0,,
4564,2645,167,1,47.99,0,0,,
4565,2646,70,2,14.49,0,1,arrived_late,2025-01-24
4566,2646,103,2,19.99,0,0,,
4567,2647,44,1,79.99,0,0,,
4568,2647,31,1,27.99,0,0,,
4569,2648,120,1,89.99,30,1,wrong_item,2025-01-24
4570,2649,70,1,14.49,0,0,,
4571,2649,89,2,29.99,20,0,,
4572,2650,98,1,8.49,10,0,,
4573,2650,94,1,12.99,10,0,,
4574,2650,111,1,18.99,20,0,,
4575,2651,79,1,54.99,30,0,,
4576,2651,137,1,89.99,30,0,,
4577,2652,191,1,27.99,30,0,,
4578,2653,55,1,39.99,20,0,,
4579,2653,26,1,14.99,30,0,,
4580,2654,41,1,22.99,0,0,,
4581,2655,16,1,69.99,10,0,,
4582,2655,148,1,27.99,10,0,,
4583,2655,132,1,11.99,10,0,,
4584,2655,63,1,89.99,20,1,size_too_small,2025-01-25
4585,2655,120,1,89.99,30,1,size_too_large,2025-01-22
4586,2655,146,1,21.99,10,0,,
4587,2656,1,1,19.99,0,0,,
4588,2656,145,1,14.99,0,0,,
4589,2657,13,1,89.99,0,0,,
4590,2657,59,2,9.99,0,0,,
4591,2658,153,1,14.99,20,0,,
4592,2659,66,1,69.99,20,0,,
4593,2659,26,1,14.99,30,1,changed_mind,2025-01-31
4594,2659,120,1,89.99,30,0,,
4595,2659,33,1,34.99,10,1,defective,2025-02-14
4596,2660,45,1,32.99,0,0,,
4597,2661,82,1,10.49,0,0,,
4598,2662,67,1,34.99,0,0,,
4599,2662,45,1,32.99,0,0,,
4600,2663,13,1,89.99,10,0,,
4601,2664,55,1,39.99,20,0,,
4602,2664,191,1,27.99,30,0,,
4603,2665,177,1,64.99,40,1,not_as_described,2025-01-25
4604,2665,30,1,24.99,0,0,,
4605,2665,94,2,12.99,0,0,,
4606,2665,176,1,1099.99,0,0,,
4607,2665,109,1,44.99,0,0,,
4608,2665,123,1,49.99,0,0,,
4609,2666,101,1,42.99,50,1,changed_mind,2025-01-29
4610,2667,140,1,10.99,10,0,,
4611,2668,148,1,27.99,0,0,,
4612,2668,17,1,12.99,0,0,,
4613,2669,147,1,19.99,20,0,,
4614,2669,23,1,37.99,0,0,,
4615,2670,130,1,16.49,10,0,,
4616,2671,112,1,44.99,0,0,,
4617,2671,30,1,24.99,0,0,,
4618,2671,87,1,89.99,0,0,,
4619,2672,23,1,37.99,0,0,,
4620,2672,79,1,54.99,30,1,size_too_small,2025-01-27
4621,2673,146,1,21.99,0,0,,
4622,2674,59,1,9.99,0,0,,
4623,2675,150,1,15.99,25,0,,
4624,2675,148,1,27.99,0,0,,
4625,2676,166,1,34.99,40,1,size_too_large,2025-01-31
4626,2677,110,1,19.99,20,0,,
4627,2678,159,1,29.99,10,0,,
4628,2678,125,2,11.99,20,1,changed_mind,2025-01-23
4629,2679,84,1,29.99,0,0,,
4630,2679,141,1,24.99,0,0,,
4631,2680,134,1,12.99,0,0,,
4632,2681,95,1,29.99,0,0,,
4633,2681,191,1,27.99,30,0,,
4634,2682,4,1,14.99,10,0,,
4635,2683,21,1,22.99,0,0,,
4636,2683,153,1,14.99,20,0,,
4637,2683,58,1,16.99,0,0,,
4638,2684,132,1,11.99,0,0,,
4639,2684,94,1,12.99,0,0,,
4640,2685,47,1,89.99,0,0,,
4641,2685,180,1,16.49,0,0,,
4642,2686,129,1,24.99,30,1,size_too_small,2025-02-04
4643,2687,68,1,99.99,0,0,,
4644,2688,130,1,16.49,0,0,,
4645,2688,94,1,12.99,0,0,,
4646,2688,17,1,12.99,0,0,,
4647,2689,4,1,14.99,0,0,,
4648,2689,98,1,8.49,0,0,,
4649,2690,93,1,13.99,0,0,,
4650,2691,177,1,64.99,40,0,,
4651,2691,26,2,14.99,30,0,,
4652,2692,118,1,149.99,0,0,,
4653,2692,182,1,94.99,20,0,,
4654,2693,36,1,12.99,0,0,,
4655,2694,180,1,16.49,0,0,,
4656,2694,159,1,29.99,15,0,,
4657,2695,79,1,54.99,30,0,,
4658,2695,187,1,749.99,0,0,,
4659,2696,109,1,44.99,0,0,,
4660,2696,136,1,12.99,40,0,,
4661,2697,101,1,42.99,50,0,,
4662,2698,133,1,13.99,20,1,not_as_described,2025-01-26
4663,2698,180,1,16.49,10,0,,
4664,2699,36,2,12.99,0,0,,
4665,2700,86,1,8.99,0,0,,
4666,2701,73,1,49.99,10,0,,
4667,2702,185,1,99.99,0,0,,
4668,2703,30,1,24.99,0,0,,
4669,2704,166,1,34.99,40,1,size_too_small,2025-02-01
4670,2704,175,1,15.99,0,1,size_too_small,2025-01-26
4671,2704,162,1,16.99,0,0,,
4672,2704,98,1,8.49,0,0,,
4673,2704,156,1,29.99,30,0,,
4674,2704,17,1,12.99,0,0,,
4675,2705,142,1,49.99,0,1,defective,2025-02-22
4676,2706,171,1,29.99,0,0,,
4677,2707,186,1,24.99,0,0,,
4678,2707,79,1,54.99,30,1,changed_mind,2025-01-29
4679,2708,19,1,299.99,0,0,,
4680,2708,153,1,14.99,20,0,,
4681,2708,97,1,47.99,20,0,,
4682,2709,118,1,149.99,0,0,,
4683,2709,87,1,89.99,0,0,,
4684,2710,138,1,64.99,20,0,,
4685,2710,133,1,13.99,20,0,,
4686,2711,110,1,19.99,20,0,,
4687,2711,17,1,12.99,0,0,,
4688,2712,28,1,34.99,30,1,,2025-01-27
4689,2713,174,1,19.99,0,0,,
4690,2713,98,2,8.49,0,0,,
4691,2714,88,1,37.99,0,0,,
4692,2714,24,1,34.99,0,0,,
4693,2715,163,1,32.99,10,1,defective,2025-01-31
4694,2715,82,1,10.49,10,0,,
4695,2716,177,1,64.99,40,0,,
4696,2716,70,1,14.49,0,0,,
4697,2717,57,1,19.99,15,0,,
4698,2717,165,1,13.99,15,0,,
4699,2718,33,1,34.99,0,0,,
4700,2719,51,1,27.99,0,0,,
4701,2719,21,1,22.99,0,0,,
4702,2719,156,1,29.99,30,1,size_too_large,2025-01-29
4703,2719,144,1,69.99,30,1,size_too_large,2025-01-30
4704,2719,145,1,14.99,0,0,,
4705,2719,102,1,59.99,40,0,,
4706,2720,79,1,54.99,30,0,,
4707,2721,83,1,27.99,0,0,,
4708,2721,62,2,29.99,0,0,,
4709,2722,68,1,99.99,0,0,,
4710,2722,74,1,17.49,0,1,changed_mind,2025-01-27
4711,2722,191,1,27.99,30,0,,
4712,2723,9,1,24.99,0,0,,
4713,2723,17,1,12.99,0,0,,
4714,2723,134,1,12.99,0,0,,
4715,2724,111,3,18.99,20,0,,
4716,2725,46,1,159.99,0,0,,
4717,2726,43,1,17.99,10,0,,
4718,2726,19,1,299.99,0,0,,
4719,2727,141,1,24.99,0,0,,
4720,2728,182,1,94.99,20,0,,
4721,2728,5,1,47.99,0,0,,
4722,2728,41,1,22.99,0,0,,
4723,2729,79,1,54.99,30,0,,
4724,2729,168,1,29.99,0,0,,
4725,2729,33,1,34.99,0,0,,
4726,2730,28,1,34.99,30,1,changed_mind,2025-01-31
4727,2731,175,1,15.99,10,0,,
4728,2731,67,1,34.99,10,0,,
4729,2731,164,1,29.99,10,0,,
4730,2732,184,1,16.99,0,0,,
4731,2733,98,1,8.49,0,0,,
4732,2734,136,1,12.99,40,0,,
4733,2735,192,1,22.99,0,0,,
4734,2735,82,1,10.49,0,0,,
4735,2736,169,1,39.99,10,1,changed_mind,2025-01-30
4736,2736,17,1,12.99,10,0,,
4737,2737,17,3,12.99,0,0,,
4738,2737,51,2,27.99,0,0,,
4739,2738,178,1,129.99,40,0,,
4740,2738,191,1,27.99,30,0,,
4741,2739,165,2,13.99,0,0,,
4742,2740,84,1,29.99,0,0,,
4743,2741,152,1,19.99,30,1,,2025-02-01
4744,2741,190,1,11.99,0,0,,
4745,2741,15,1,37.99,30,0,,
4746,2741,36,1,12.99,0,0,,
4747,2741,169,1,39.99,0,0,,
4748,2741,145,1,14.99,0,0,,
4749,2742,88,1,37.99,0,0,,
4750,2742,110,1,19.99,20,0,,
4751,2743,175,1,15.99,0,1,not_as_described,2025-01-31
4752,2744,187,2,749.99,0,0,,
4753,2745,45,1,32.99,10,0,,
4754,2745,102,1,59.99,40,0,,
4755,2746,59,1,9.99,0,0,,
4756,2746,84,1,29.99,0,0,,
4757,2746,136,1,12.99,40,0,,
4758,2747,58,1,16.99,0,0,,
4759,2747,94,1,12.99,0,0,,
4760,2748,45,1,32.99,0,0,,
4761,2748,97,1,47.99,20,0,,
4762,2748,164,1,29.99,0,0,,
4763,2748,176,1,1099.99,0,0,,
4764,2749,26,1,14.99,30,0,,
4765,2749,166,1,34.99,40,0,,
4766,2749,153,2,14.99,20,0,,
4767,2750,97,1,47.99,20,0,,
4768,2750,39,1,37.99,0,0,,
4769,2751,166,1,34.99,40,0,,
4770,2752,17,1,12.99,0,0,,
4771,2753,168,1,29.99,0,0,,
4772,2753,62,1,29.99,0,0,,
4773,2754,188,1,27.99,10,0,,
4774,2755,12,1,13.49,10,0,,
4775,2756,148,1,27.99,0,0,,
4776,2757,146,1,21.99,0,0,,
4777,2757,87,1,89.99,0,0,,
4778,2757,111,1,18.99,20,0,,
4779,2758,82,1,10.49,0,0,,
4780,2759,17,2,12.99,0,0,,
4781,2759,41,1,22.99,0,0,,
4782,2760,99,1,29.99,0,0,,
4783,2760,27,1,29.99,0,0,,
4784,2760,148,1,27.99,0,1,changed_mind,2025-02-07
4785,2761,39,1,37.99,0,0,,
4786,2761,188,1,27.99,0,0,,
4787,2762,175,1,15.99,0,1,size_too_large,2025-02-02
4788,2763,95,1,29.99,0,0,,
4789,2764,28,1,34.99,30,1,size_too_small,2025-02-04
4790,2765,151,1,24.99,0,0,,
4791,2766,99,1,29.99,0,0,,
4792,2767,153,1,14.99,20,0,,
4793,2767,83,1,27.99,0,0,,
4794,2768,62,2,29.99,10,0,,
4795,2768,170,1,29.99,10,0,,
4796,2769,96,1,34.99,0,0,,
4797,2769,5,1,47.99,0,0,,
4798,2770,41,1,22.99,0,0,,
4799,2771,148,1,27.99,10,0,,
4800,2771,159,1,29.99,10,0,,
4801,2772,31,1,27.99,10,0,,
4802,2772,21,1,22.99,10,0,,
4803,2773,3,1,209.99,30,0,,
4804,2773,178,1,129.99,40,1,size_too_small,2025-02-04
4805,2774,55,1,39.99,20,0,,
4806,2774,59,1,9.99,0,0,,
4807,2775,66,1,69.99,20,0,,
4808,2775,26,2,14.99,30,0,,
4809,2776,49,1,37.99,0,0,,
4810,2776,136,1,12.99,40,0,,
4811,2777,60,1,89.99,10,0,,
4812,2777,136,1,12.99,40,0,,
4813,2778,148,1,27.99,0,1,size_too_small,2025-02-08
4814,2778,43,1,17.99,0,0,,
4815,2779,132,2,11.99,0,0,,
4816,2779,158,1,29.99,0,0,,
4817,2780,79,1,54.99,30,1,size_too_large,2025-02-05
4818,2781,18,1,37.99,20,0,,
4819,2782,111,1,18.99,20,0,,
4820,2782,54,1,129.99,0,0,,
4821,2783,3,1,209.99,30,0,,
4822,2783,187,1,749.99,0,0,,
4823,2784,49,1,37.99,0,0,,
4824,2785,86,1,8.99,0,0,,
4825,2786,52,1,16.49,20,0,,
4826,2787,17,1,12.99,0,0,,
4827,2787,187,1,749.99,0,0,,
4828,2788,164,1,29.99,0,0,,
4829,2788,94,1,12.99,0,0,,
4830,2788,130,1,16.49,0,0,,
4831,2788,64,1,10.49,0,0,,
4832,2789,44,2,79.99,15,0,,
4833,2790,136,1,12.99,40,0,,
4834,2791,143,2,19.99,20,0,,
4835,2792,71,1,139.99,50,0,,
4836,2793,151,1,24.99,10,0,,
4837,2793,184,1,16.99,10,0,,
4838,2794,170,1,29.99,10,0,,
4839,2795,17,1,12.99,0,0,,
4840,2795,12,1,13.49,0,0,,
4841,2796,169,1,39.99,0,1,changed_mind,2025-02-07
4842,2797,54,1,129.99,0,0,,
4843,2797,182,1,94.99,0,0,,
4844,2797,21,1,22.99,0,0,,
4845,2798,191,1,27.99,0,0,,
4846,2798,103,1,19.99,0,0,,
4847,2799,95,1,29.99,10,0,,
4848,2799,39,1,37.99,10,0,,
4849,2800,51,1,27.99,0,0,,
4850,2800,111,1,18.99,0,0,,
4851,2801,111,1,18.99,0,1,not_as_described,2025-02-06
4852,2802,164,1,29.99,10,0,,
4853,2803,109,1,44.99,0,0,,
4854,2804,159,1,29.99,0,0,,
4855,2804,17,1,12.99,0,1,wrong_item,2025-02-08
4856,2804,144,1,69.99,0,0,,
4857,2805,21,1,22.99,0,0,,
4858,2805,158,1,29.99,0,0,,
4859,2806,145,1,14.99,0,0,,
4860,2806,159,1,29.99,0,0,,
4861,2807,94,1,12.99,0,0,,
4862,2807,22,1,99.99,0,0,,
4863,2808,180,1,16.49,0,0,,
4864,2809,94,2,12.99,0,0,,
4865,2809,170,1,29.99,0,0,,
4866,2810,141,1,24.99,0,0,,
4867,2810,82,1,10.49,0,0,,
4868,2811,134,1,12.99,0,0,,
4869,2811,180,1,16.49,0,1,not_as_described,2025-02-15
4870,2812,106,1,259.99,0,0,,
4871,2812,140,1,10.99,0,0,,
4872,2813,98,1,8.49,0,0,,
4873,2814,156,1,29.99,0,1,arrived_late,2025-02-10
4874,2815,24,1,34.99,0,0,,
4875,2816,170,1,29.99,0,0,,
4876,2816,103,1,19.99,0,0,,
4877,2817,61,1,16.49,30,0,,
4878,2817,94,1,12.99,0,0,,
4879,2817,162,1,16.99,0,1,defective,2025-03-11
4880,2817,148,1,27.99,0,1,not_as_described,2025-02-09
4881,2818,30,1,24.99,15,0,,
4882,2819,191,2,27.99,0,0,,
4883,2820,23,1,37.99,0,0,,
4884,2821,105,1,34.99,0,0,,
4885,2821,61,1,16.49,30,0,,
4886,2822,51,1,27.99,0,0,,
4887,2822,150,1,15.99,0,0,,
4888,2823,27,1,29.99,0,0,,
4889,2823,14,1,24.99,0,0,,
4890,2823,153,1,14.99,0,0,,
4891,2824,17,1,12.99,10,0,,
4892,2824,11,1,54.99,10,0,,
4893,2825,58,1,16.99,0,0,,
4894,2825,180,1,16.49,0,0,,
4895,2825,125,1,11.99,0,0,,
4896,2826,9,1,24.99,0,0,,
4897,2826,162,1,16.99,0,0,,
4898,2827,30,1,24.99,0,0,,
4899,2827,82,1,10.49,0,0,,
4900,2828,107,1,8.99,0,0,,
4901,2829,14,1,24.99,0,0,,
4902,2829,36,1,12.99,0,1,defective,2025-02-16
4903,2829,136,1,12.99,40,0,,
4904,2830,94,1,12.99,0,0,,
4905,2831,132,1,11.99,0,0,,
4906,2832,144,1,69.99,0,0,,
4907,2833,98,1,8.49,0,0,,
4908,2834,104,1,54.99,0,0,,
4909,2834,98,2,8.49,0,0,,
4910,2835,167,1,47.99,10,0,,
4911,2835,8,1,12.99,10,0,,
4912,2836,140,1,10.99,10,0,,
4913,2837,17,1,12.99,10,0,,
4914,2838,1,3,19.99,0,0,,
4915,2839,136,1,12.99,40,0,,
4916,2839,167,1,47.99,0,0,,
4917,2839,178,1,129.99,0,1,size_too_large,2025-02-13
4918,2840,129,1,24.99,0,0,,
4919,2841,4,1,14.99,0,0,,
4920,2842,98,1,8.49,0,0,,
4921,2843,109,1,44.99,0,0,,
4922,2843,167,1,47.99,0,1,size_too_small,2025-02-13
4923,2843,36,1,12.99,0,0,,
4924,2843,175,1,15.99,0,0,,
4925,2844,112,1,44.99,10,0,,
4926,2845,34,1,27.99,0,1,,2025-02-17
4927,2846,78,1,11.99,0,0,,
4928,2846,148,1,27.99,0,0,,
4929,2846,132,1,11.99,0,0,,
4930,2847,16,1,69.99,0,0,,
4931,2848,108,1,89.99,10,1,not_as_described,2025-02-16
4932,2848,111,1,18.99,10,0,,
4933,2849,131,1,22.99,0,0,,
4934,2850,167,1,47.99,10,0,,
4935,2850,58,1,16.99,10,0,,
4936,2851,170,1,29.99,0,0,,
4937,2851,43,1,17.99,0,0,,
4938,2852,169,1,39.99,0,0,,
4939,2852,84,1,29.99,0,0,,
4940,2853,152,1,19.99,10,0,,
4941,2854,75,1,42.99,10,0,,
4942,2855,170,1,29.99,0,0,,
4943,2855,133,2,13.99,0,0,,
4944,2856,4,1,14.99,0,0,,
4945,2856,111,1,18.99,0,0,,
4946,2856,23,1,37.99,0,0,,
4947,2857,148,1,27.99,0,1,size_too_large,2025-02-18
4948,2858,99,1,29.99,0,0,,
4949,2858,161,1,74.99,0,0,,
4950,2859,104,1,54.99,0,0,,
4951,2859,86,1,8.99,0,0,,
4952,2860,148,1,27.99,0,1,changed_mind,2025-02-16
4953,2860,22,2,99.99,0,0,,
4954,2861,159,1,29.99,0,0,,
4955,2862,175,1,15.99,10,1,size_too_large,2025-02-20
4956,2862,108,1,89.99,10,0,,
4957,2863,51,1,27.99,0,0,,
4958,2864,2,1,69.99,0,1,size_too_large,2025-02-17
4959,2865,148,1,27.99,10,1,,2025-02-15
4960,2866,5,1,47.99,0,0,,
4961,2867,82,1,10.49,0,0,,
4962,2867,84,1,29.99,0,0,,
4963,2868,68,3,99.99,0,0,,
4964,2868,95,1,29.99,0,0,,
4965,2869,86,1,8.99,10,0,,
4966,2869,190,1,11.99,10,0,,
4967,2870,145,1,14.99,0,0,,
4968,2871,92,1,24.99,10,0,,
4969,2871,148,1,27.99,10,0,,
4970,2872,70,2,14.49,10,0,,
4971,2872,136,1,12.99,40,0,,
4972,2873,82,1,10.49,0,0,,
4973,2874,39,1,37.99,0,0,,
4974,2874,98,1,8.49,0,0,,
4975,2875,41,1,22.99,0,1,changed_mind,2025-02-14
4976,2875,136,3,12.99,40,0,,
4977,2876,64,1,10.49,10,0,,
4978,2876,175,2,15.99,10,0,,
4979,2876,59,1,9.99,10,0,,
4980,2877,130,2,16.49,0,0,,
4981,2877,131,1,22.99,0,1,defective,2025-02-21
4982,2878,51,1,27.99,10,0,,
4983,2878,13,1,89.99,10,0,,
4984,2879,177,1,64.99,0,0,,
4985,2880,181,1,349.99,0,0,,
4986,2881,118,1,149.99,0,0,,
4987,2882,106,1,259.99,0,0,,
4988,2883,194,1,10.99,10,0,,
4989,2883,59,1,9.99,10,0,,
4990,2884,134,1,12.99,0,0,,
4991,2885,167,1,47.99,0,1,,2025-02-17
4992,2885,148,1,27.99,0,0,,
4993,2885,29,1,34.99,0,0,,
4994,2886,70,1,14.49,10,0,,
4995,2886,59,1,9.99,10,0,,
4996,2886,57,1,19.99,10,0,,
4997,2887,9,1,24.99,10,0,,
4998,2887,36,1,12.99,10,0,,
4999,2888,85,1,24.99,10,0,,
5000,2889,150,1,15.99,0,0,,
5001,2890,23,2,37.99,0,0,,
5002,2890,135,1,24.99,0,0,,
5003,2891,18,1,37.99,0,0,,
5004,2892,136,1,12.99,40,0,,
5005,2892,110,1,19.99,0,1,arrived_late,2025-02-18
5006,2892,167,1,47.99,0,0,,
5007,2892,3,1,209.99,0,0,,
5008,2893,51,1,27.99,0,0,,
5009,2893,42,1,22.99,0,0,,
5010,2894,62,1,29.99,10,0,,
5011,2895,148,1,27.99,0,0,,
5012,2895,51,1,27.99,0,0,,
5013,2895,84,1,29.99,0,0,,
5014,2895,102,1,59.99,0,0,,
5015,2896,105,1,34.99,0,0,,
5016,2896,165,1,13.99,0,0,,
5017,2897,139,1,32.99,0,0,,
5018,2897,98,1,8.49,0,0,,
5019,2898,164,1,29.99,0,0,,
5020,2899,148,1,27.99,0,0,,
5021,2900,190,1,11.99,10,0,,
5022,2901,41,1,22.99,15,0,,
5023,2902,61,1,16.49,30,0,,
5024,2902,102,1,59.99,10,0,,
5025,2902,194,1,10.99,10,0,,
5026,2903,140,1,10.99,0,0,,
5027,2904,7,1,119.99,10,0,,
5028,2904,39,1,37.99,10,1,arrived_late,2025-02-24
5029,2905,150,1,15.99,0,1,changed_mind,2025-02-20
5030,2905,133,1,13.99,0,0,,
5031,2906,136,2,12.99,40,1,wrong_item,2025-02-28
5032,2906,63,1,89.99,0,0,,
5033,2907,110,1,19.99,10,0,,
5034,2907,148,1,27.99,10,1,changed_mind,2025-02-21
5035,2908,171,1,29.99,0,0,,
5036,2908,62,1,29.99,0,0,,
5037,2908,30,2,24.99,0,0,,
5038,2908,88,1,37.99,0,0,,
5039,2908,117,1,6.49,0,0,,
5040,2908,49,1,37.99,0,0,,
5041,2909,82,1,10.49,0,0,,
5042,2910,33,1,34.99,15,1,defective,2025-02-24
5043,2910,28,1,34.99,25,1,not_as_described,2025-02-28
5044,2911,42,1,22.99,0,0,,
5045,2912,45,1,32.99,0,0,,
5046,2912,52,1,16.49,0,0,,
5047,2913,82,1,10.49,0,0,,
5048,2913,17,2,12.99,0,0,,
5049,2913,66,1,69.99,0,0,,
5050,2914,64,1,10.49,0,0,,
5051,2914,74,1,17.49,0,0,,
5052,2915,140,2,10.99,0,0,,
5053,2916,105,1,34.99,0,0,,
5054,2917,164,1,29.99,15,0,,
5055,2917,58,1,16.99,15,0,,
5056,2918,51,1,27.99,0,0,,
5057,2919,85,2,24.99,0,0,,
5058,2920,126,1,54.99,0,0,,
5059,2920,151,1,24.99,0,0,,
5060,2921,111,1,18.99,0,0,,
5061,2922,184,1,16.99,0,0,,
5062,2923,96,1,34.99,10,0,,
5063,2924,110,1,19.99,10,0,,
5064,2925,136,1,12.99,40,0,,
5065,2925,39,1,37.99,0,0,,
5066,2925,71,1,139.99,50,0,,
5067,2926,113,1,42.99,0,1,changed_mind,2025-02-20
5068,2927,61,1,16.49,30,0,,
5069,2928,136,1,12.99,40,0,,
5070,2929,108,1,89.99,0,0,,
5071,2930,141,1,24.99,0,0,,
5072,2930,33,1,34.99,0,0,,
5073,2931,130,1,16.49,0,0,,
5074,2932,97,1,47.99,0,0,,
5075,2932,159,1,29.99,0,0,,
5076,2932,87,1,89.99,0,0,,
5077,2932,94,1,12.99,0,0,,
5078,2933,136,1,12.99,40,0,,
5079,2934,190,1,11.99,0,0,,
5080,2934,98,1,8.49,0,0,,
5081,2935,133,3,13.99,10,0,,
5082,2936,44,1,79.99,0,0,,
5083,2936,26,1,14.99,0,0,,
5084,2937,70,1,14.49,0,0,,
5085,2937,101,1,42.99,0,1,size_too_large,2025-02-22
5086,2938,65,1,34.99,0,0,,
5087,2938,111,1,18.99,0,0,,
5088,2939,136,1,12.99,40,1,changed_mind,2025-02-21
5089,2939,33,1,34.99,0,0,,
5090,2940,39,1,37.99,10,1,changed_mind,2025-02-24
5091,2941,194,1,10.99,0,0,,
5092,2941,130,1,16.49,0,0,,
5093,2942,99,1,29.99,0,0,,
5094,2942,104,2,54.99,0,0,,
5095,2943,82,1,10.49,0,1,changed_mind,2025-02-21
5096,2943,17,1,12.99,0,0,,
5097,2944,62,1,29.99,0,0,,
5098,2945,77,1,49.99,0,0,,
5099,2946,103,1,19.99,0,0,,
5100,2947,36,1,12.99,0,0,,
5101,2948,191,1,27.99,0,0,,
5102,2948,164,1,29.99,0,0,,
5103,2948,136,1,12.99,40,0,,
5104,2948,52,1,16.49,0,0,,
5105,2948,24,1,34.99,0,0,,
5106,2948,95,1,29.99,0,0,,
5107,2949,79,1,54.99,15,0,,
5108,2949,177,2,64.99,15,0,,
5109,2950,146,1,21.99,0,0,,
5110,2950,125,2,11.99,0,0,,
5111,2951,120,1,89.99,10,0,,
5112,2952,51,1,27.99,10,0,,
5113,2953,88,1,37.99,0,1,changed_mind,2025-03-07
5114,2954,105,1,34.99,0,0,,
5115,2955,27,1,29.99,0,0,,
5116,2955,32,1,37.99,0,0,,
5117,2956,70,1,14.49,0,0,,
5118,2957,168,1,29.99,0,0,,
5119,2957,140,1,10.99,0,0,,
5120,2958,112,1,44.99,0,0,,
5121,2958,167,1,47.99,0,0,,
5122,2959,24,1,34.99,0,0,,
5123,2959,170,1,29.99,0,0,,
5124,2960,7,1,119.99,10,0,,
5125,2961,98,1,8.49,15,0,,
5126,2961,170,1,29.99,15,0,,
5127,2962,87,1,89.99,10,0,,
5128,2963,111,1,18.99,0,0,,
5129,2963,30,1,24.99,0,0,,
5130,2963,95,1,29.99,0,0,,
5131,2963,51,1,27.99,0,0,,
5132,2964,82,2,10.49,0,0,,
5133,2965,45,1,32.99,0,0,,
5134,2965,177,1,64.99,0,0,,
5135,2966,112,1,44.99,0,0,,
5136,2966,41,1,22.99,0,0,,
5137,2967,51,1,27.99,0,0,,
5138,2968,141,1,24.99,0,0,,
5139,2968,173,1,99.99,0,0,,
5140,2969,44,1,79.99,10,0,,
5141,2970,108,1,89.99,0,0,,
5142,2970,111,1,18.99,0,1,defective,2025-03-04
5143,2970,85,1,24.99,0,0,,
5144,2970,187,1,749.99,0,0,,
5145,2971,36,1,12.99,0,0,,
5146,2972,177,1,64.99,0,0,,
5147,2973,45,1,32.99,10,0,,
5148,2974,86,1,8.99,15,0,,
5149,2974,161,1,74.99,0,0,,
5150,2975,79,1,54.99,0,0,,
5151,2975,93,1,13.99,0,0,,
5152,2976,125,1,11.99,10,1,size_too_large,2025-03-02
5153,2977,58,1,16.99,0,0,,
5154,2977,94,1,12.99,0,0,,
5155,2978,80,1,69.99,0,0,,
5156,2978,125,1,11.99,0,1,size_too_small,2025-02-27
5157,2979,109,1,44.99,0,0,,
5158,2980,132,1,11.99,10,0,,
5159,2980,148,1,27.99,10,1,size_too_large,2025-03-21
5160,2980,16,1,69.99,10,0,,
5161,2980,58,2,16.99,10,0,,
5162,2981,24,1,34.99,0,0,,
5163,2981,88,1,37.99,0,0,,
5164,2982,72,1,24.99,15,0,,
5165,2983,98,1,8.49,0,0,,
5166,2984,98,1,8.49,0,0,,
5167,2984,120,1,89.99,0,0,,
5168,2984,161,1,74.99,0,0,,
5169,2985,95,1,29.99,0,0,,
5170,2986,17,1,12.99,10,0,,
5171,2986,96,1,34.99,10,0,,
5172,2987,141,1,24.99,0,0,,
5173,2988,175,1,15.99,0,0,,
5174,2988,30,1,24.99,0,0,,
5175,2988,118,1,149.99,0,0,,
5176,2988,17,1,12.99,0,0,,
5177,2989,86,1,8.99,15,0,,
5178,2989,190,2,11.99,0,0,,
5179,2989,7,1,119.99,0,0,,
5180,2989,166,1,34.99,0,0,,
5181,2990,136,1,12.99,40,0,,
5182,2990,95,1,29.99,15,0,,
5183,2991,33,1,34.99,0,0,,
5184,2991,41,1,22.99,0,0,,
5185,2991,141,1,24.99,0,0,,
5186,2992,93,2,13.99,0,0,,
5187,2992,130,1,16.49,0,0,,
5188,2993,191,1,27.99,0,0,,
5189,2993,39,2,37.99,0,0,,
5190,2994,180,1,16.49,0,0,,
5191,2994,175,2,15.99,0,0,,
5192,2995,148,1,27.99,0,1,defective,2025-04-10
5193,2996,125,1,11.99,0,1,size_too_small,2025-03-01
5194,2996,34,1,27.99,0,0,,
5195,2996,65,1,34.99,0,0,,
5196,2997,99,1,29.99,0,0,,
5197,2998,39,1,37.99,0,0,,
5198,2999,53,1,94.99,10,0,,
5199,3000,56,1,19.99,0,0,,
5200,3001,136,1,12.99,40,0,,
5201,3002,62,1,29.99,25,0,,
5202,3003,192,1,22.99,10,0,,
5203,3003,148,1,27.99,10,0,,
5204,3004,78,1,11.99,0,0,,
5205,3005,165,1,13.99,0,0,,
5206,3005,7,1,119.99,0,0,,
5207,3006,140,1,10.99,15,0,,
5208,3006,98,1,8.49,0,0,,
5209,3007,167,1,47.99,0,0,,
5210,3008,59,1,9.99,0,0,,
5211,3008,78,1,11.99,0,0,,
5212,3009,140,1,10.99,15,0,,
5213,3010,153,1,14.99,10,1,changed_mind,2025-03-04
5214,3011,96,1,34.99,0,0,,
5215,3012,66,1,69.99,0,0,,
5216,3012,133,1,13.99,0,0,,
5217,3013,79,1,54.99,0,1,defective,2025-03-08
5218,3013,150,1,15.99,0,0,,
5219,3014,124,1,64.99,10,0,,
5220,3015,146,1,21.99,0,0,,
5221,3016,165,3,13.99,0,0,,
5222,3017,93,1,13.99,0,0,,
5223,3018,52,1,16.49,0,0,,
5224,3018,166,1,34.99,0,0,,
5225,3018,51,1,27.99,0,0,,
5226,3019,95,1,29.99,0,0,,
5227,3019,139,1,32.99,0,0,,
5228,3020,99,1,29.99,0,0,,
5229,3020,17,1,12.99,0,0,,
5230,3021,186,1,24.99,10,0,,
5231,3022,71,1,139.99,50,1,,2025-03-04
5232,3022,168,1,29.99,0,0,,
5233,3023,36,1,12.99,0,0,,
5234,3023,58,1,16.99,0,0,,
5235,3024,70,1,14.49,0,0,,
5236,3024,68,1,99.99,0,0,,
5237,3024,4,1,14.99,0,0,,
5238,3024,83,1,27.99,0,0,,
5239,3025,97,1,47.99,10,0,,
5240,3026,39,1,37.99,0,0,,
5241,3026,26,1,14.99,0,0,,
5242,3027,136,1,12.99,40,0,,
5243,3027,190,1,11.99,0,0,,
5244,3028,52,1,16.49,0,0,,
5245,3029,25,1,22.99,0,0,,
5246,3030,36,1,12.99,0,0,,
5247,3030,111,1,18.99,0,0,,
5248,3030,117,1,6.49,0,0,,
5249,3030,78,1,11.99,0,0,,
5250,3031,67,1,34.99,0,1,not_as_described,2025-03-06
5251,3031,36,1,12.99,0,0,,
5252,3031,92,1,24.99,0,0,,
5253,3032,162,1,16.99,10,1,arrived_late,2025-03-05
5254,3033,123,1,49.99,0,0,,
5255,3033,168,1,29.99,0,1,changed_mind,2025-03-03
5256,3034,164,1,29.99,0,0,,
5257,3035,32,1,37.99,10,0,,
5258,3035,167,1,47.99,10,0,,
5259,3036,136,1,12.99,40,0,,
5260,3037,166,2,34.99,0,1,not_as_described,2025-03-28
5261,3038,37,1,179.99,0,0,,
5262,3039,94,3,12.99,0,0,,
5263,3039,138,1,64.99,0,0,,
5264,3040,129,1,24.99,0,0,,
5265,3041,140,1,10.99,15,0,,
5266,3041,163,1,32.99,0,0,,
5267,3042,92,1,24.99,0,0,,
5268,3042,11,1,54.99,0,0,,
5269,3042,120,1,89.99,0,1,size_too_small,2025-03-13
5270,3043,136,1,12.99,40,0,,
5271,3044,21,1,22.99,0,0,,
5272,3044,81,1,179.99,0,0,,
5273,3045,4,1,14.99,0,0,,
5274,3045,13,1,89.99,0,0,,
5275,3045,59,1,9.99,20,0,,
5276,3046,121,1,27.99,10,0,,
5277,3047,7,1,119.99,0,1,defective,2025-04-20
5278,3047,36,1,12.99,0,0,,
5279,3048,42,1,22.99,0,1,wrong_item,2025-03-09
5280,3049,145,1,14.99,0,0,,
5281,3049,129,1,24.99,0,0,,
5282,3049,59,1,9.99,20,0,,
5283,3050,134,1,12.99,0,0,,
5284,3051,195,1,12.99,0,0,,
5285,3051,125,1,11.99,0,0,,
5286,3052,107,1,8.99,0,0,,
5287,3053,143,1,19.99,15,0,,
5288,3053,165,1,13.99,15,0,,
5289,3054,17,1,12.99,0,0,,
5290,3055,31,1,27.99,0,0,,
5291,3055,119,1,34.99,0,0,,
5292,3056,73,1,49.99,0,0,,
5293,3057,74,1,17.49,10,0,,
5294,3057,62,1,29.99,25,0,,
5295,3057,159,1,29.99,10,0,,
5296,3058,145,1,14.99,10,0,,
5297,3058,49,1,37.99,10,0,,
5298,3058,149,1,129.99,25,0,,
5299,3058,134,1,12.99,10,0,,
5300,3058,45,2,32.99,10,0,,
5301,3059,169,1,39.99,10,0,,
5302,3059,153,1,14.99,10,0,,
5303,3060,19,1,299.99,0,0,,
5304,3061,94,1,12.99,0,0,,
5305,3062,33,1,34.99,0,0,,
5306,3062,24,1,34.99,0,0,,
5307,3063,53,1,94.99,0,1,size_too_small,2025-03-11
5308,3063,140,1,10.99,0,0,,
5309,3063,39,1,37.99,0,0,,
5310,3064,94,2,12.99,0,0,,
5311,3064,78,1,11.99,15,0,,
5312,3065,197,1,39.99,0,0,,
5313,3066,6,1,59.99,15,0,,
5314,3066,109,1,44.99,0,0,,
5315,3067,51,1,27.99,0,0,,
5316,3068,52,1,16.49,0,0,,
5317,3068,62,1,29.99,0,0,,
5318,3068,148,1,27.99,0,0,,
5319,3068,14,1,24.99,0,0,,
5320,3069,25,1,22.99,0,1,not_as_described,2025-03-11
5321,3069,54,1,129.99,0,0,,
5322,3070,86,1,8.99,0,0,,
5323,3071,108,1,89.99,0,0,,
5324,3072,118,2,149.99,0,0,,
5325,3072,187,1,749.99,0,0,,
5326,3073,143,1,19.99,0,0,,
5327,3074,55,1,39.99,0,0,,
5328,3074,111,1,18.99,0,0,,
5329,3075,163,1,32.99,0,0,,
5330,3075,36,1,12.99,0,0,,
5331,3076,33,1,34.99,0,0,,
5332,3077,188,1,27.99,0,0,,
5333,3078,139,1,32.99,0,0,,
5334,3078,117,1,6.49,0,0,,
5335,3078,174,1,19.99,0,0,,
5336,3079,65,1,34.99,0,1,defective,2025-03-20
5337,3079,17,2,12.99,0,0,,
5338,3080,196,1,39.99,10,0,,
5339,3080,9,2,24.99,10,0,,
5340,3080,97,1,47.99,10,0,,
5341,3081,167,1,47.99,0,0,,
5342,3081,24,1,34.99,0,0,,
5343,3081,13,1,89.99,15,0,,
5344,3081,36,1,12.99,0,0,,
5345,3082,94,1,12.99,0,0,,
5346,3083,45,1,32.99,0,0,,
5347,3083,140,1,10.99,0,0,,
5348,3084,79,1,54.99,0,0,,
5349,3085,95,1,29.99,10,0,,
5350,3085,167,1,47.99,10,1,size_too_small,2025-03-11
5351,3086,139,2,32.99,0,0,,
5352,3087,129,1,24.99,0,0,,
5353,3087,170,1,32.99,0,0,,
5354,3088,82,3,10.49,0,0,,
5355,3089,196,1,39.99,0,0,,
5356,3089,145,1,14.99,0,0,,
5357,3089,25,1,22.99,0,0,,
5358,3090,57,1,19.99,15,0,,
5359,3091,33,1,34.99,0,0,,
5360,3092,111,1,18.99,0,0,,
5361,3093,83,1,27.99,20,0,,
5362,3093,99,1,29.99,20,0,,
5363,3094,62,1,29.99,0,0,,
5364,3095,144,1,69.99,0,0,,
5365,3096,34,1,27.99,0,0,,
5366,3097,72,2,24.99,0,0,,
5367,3097,96,1,34.99,0,0,,
5368,3098,134,1,12.99,0,0,,
5369,3098,121,1,27.99,0,0,,
5370,3099,129,1,27.99,10,0,,
5371,3099,99,1,29.99,20,0,,
5372,3100,135,1,24.99,0,0,,
5373,3101,165,3,13.99,15,0,,
5374,3101,64,1,10.49,25,0,,
5375,3102,41,1,22.99,0,0,,
5376,3103,58,1,16.99,0,0,,
5377,3104,148,1,27.99,10,0,,
5378,3104,58,1,16.99,10,0,,
5379,3105,111,1,18.99,0,0,,
5380,3106,118,1,149.99,0,0,,
5381,3106,87,1,89.99,0,0,,
5382,3106,167,1,47.99,0,0,,
5383,3106,110,1,19.99,0,0,,
5384,3107,80,1,69.99,0,0,,
5385,3107,105,1,34.99,15,0,,
5386,3108,141,1,24.99,0,0,,
5387,3108,73,1,49.99,0,0,,
5388,3109,165,1,13.99,15,0,,
5389,3110,159,1,29.99,0,0,,
5390,3110,115,1,79.99,0,0,,
5391,3111,17,1,12.99,0,0,,
5392,3112,125,1,11.99,0,1,changed_mind,2025-03-24
5393,3113,48,1,89.99,0,0,,
5394,3114,85,1,24.99,0,0,,
5395,3114,41,1,22.99,0,0,,
5396,3115,44,1,79.99,0,0,,
5397,3116,130,1,16.49,0,0,,
5398,3116,167,1,47.99,0,0,,
5399,3117,34,1,27.99,0,0,,
5400,3117,21,1,22.99,0,0,,
5401,3117,182,1,94.99,0,0,,
5402,3118,2,1,69.99,15,0,,
5403,3119,92,1,24.99,0,1,,2025-03-27
5404,3119,62,1,29.99,0,0,,
5405,3120,158,1,29.99,0,0,,
5406,3120,143,1,19.99,0,0,,
5407,3121,191,1,27.99,0,0,,
5408,3121,150,1,15.99,0,0,,
5409,3121,111,1,18.99,0,0,,
5410,3122,165,1,13.99,0,0,,
5411,3123,186,1,24.99,0,0,,
5412,3123,141,1,24.99,0,0,,
5413,3124,23,2,37.99,0,0,,
5414,3125,130,1,16.49,0,0,,
5415,3125,99,1,29.99,0,0,,
5416,3126,102,1,59.99,0,0,,
5417,3127,36,1,12.99,0,0,,
5418,3128,125,1,11.99,0,0,,
5419,3128,134,1,12.99,0,0,,
5420,3129,70,1,14.49,0,0,,
5421,3130,9,1,24.99,10,0,,
5422,3130,97,1,47.99,10,0,,
5423,3130,98,1,8.49,10,0,,
5424,3130,51,1,27.99,10,0,,
5425,3131,134,1,12.99,10,0,,
5426,3132,129,1,27.99,0,0,,
5427,3133,175,1,15.99,0,0,,
5428,3133,50,1,24.99,0,0,,
5429,3133,162,1,15.99,0,0,,
5430,3133,36,1,12.99,0,0,,
5431,3133,114,1,27.99,0,0,,
5432,3134,139,1,32.99,0,0,,
5433,3135,102,1,59.99,0,1,changed_mind,2025-03-17
5434,3136,162,1,15.99,0,0,,
5435,3137,157,1,94.99,10,0,,
5436,3137,164,1,29.99,10,0,,
5437,3138,151,1,24.99,0,0,,
5438,3138,156,1,29.99,0,1,,2025-03-16
5439,3139,90,1,39.99,0,0,,
5440,3139,146,1,21.99,0,0,,
5441,3139,24,1,34.99,0,0,,
5442,3140,111,1,18.99,10,0,,
5443,3140,94,1,12.99,10,0,,
5444,3140,8,1,13.99,10,0,,
5445,3141,148,1,27.99,0,0,,
5446,3142,149,1,129.99,0,0,,
5447,3142,134,1,12.99,0,0,,
5448,3143,111,1,18.99,0,0,,
5449,3144,129,1,27.99,0,1,changed_mind,2025-03-20
5450,3144,93,1,13.99,0,0,,
5451,3145,108,1,89.99,10,0,,
5452,3146,98,1,8.49,0,0,,
5453,3147,58,1,16.99,0,0,,
5454,3147,166,1,34.99,0,0,,
5455,3148,12,1,13.49,0,0,,
5456,3148,111,1,18.99,0,0,,
5457,3149,145,1,14.99,0,0,,
5458,3149,108,1,89.99,0,0,,
5459,3149,33,1,34.99,0,0,,
5460,3149,54,1,129.99,0,0,,
5461,3150,17,1,12.99,0,1,defective,2025-03-19
5462,3150,125,1,11.99,0,0,,
5463,3150,119,1,34.99,0,0,,
5464,3150,51,1,27.99,0,0,,
5465,3151,54,1,129.99,0,0,,
5466,3152,75,1,42.99,15,0,,
5467,3152,36,1,12.99,0,0,,
5468,3153,119,1,34.99,0,0,,
5469,3154,93,1,13.99,10,0,,
5470,3154,171,1,29.99,10,0,,
5471,3154,98,1,8.49,10,0,,
5472,3155,130,1,16.49,0,0,,
5473,3155,24,1,32.99,0,0,,
5474,3156,163,1,32.99,0,0,,
5475,3156,146,1,21.99,0,0,,
5476,3157,36,2,12.99,0,0,,
5477,3157,145,2,14.99,0,0,,
5478,3158,168,1,32.99,0,0,,
5479,3159,39,1,37.99,0,0,,
5480,3159,134,1,12.99,0,0,,
5481,3160,130,1,16.49,0,0,,
5482,3161,161,1,74.99,0,0,,
5483,3161,129,1,27.99,0,1,not_as_described,2025-03-18
5484,3162,177,1,64.99,0,0,,
5485,3163,124,1,69.99,0,0,,
5486,3164,68,1,99.99,0,0,,
5487,3164,98,1,8.49,0,0,,
5488,3165,144,1,69.99,0,0,,
5489,3166,148,1,27.99,0,1,wrong_item,2025-03-28
5490,3167,113,1,42.99,10,0,,
5491,3167,94,1,12.99,10,0,,
5492,3168,148,1,27.99,15,0,,
5493,3168,113,1,42.99,15,0,,
5494,3169,104,1,54.99,15,0,,
5495,3169,43,1,18.99,15,1,arrived_late,2025-03-18
5496,3169,98,1,8.49,15,0,,
5497,3169,144,1,69.99,15,0,,
5498,3170,17,1,12.99,0,0,,
5499,3171,59,1,9.99,0,0,,
5500,3171,194,1,10.99,0,0,,
5501,3172,130,1,16.49,0,0,,
5502,3172,98,1,8.49,0,0,,
5503,3173,194,1,10.99,0,0,,
5504,3173,59,1,9.99,0,0,,
5505,3174,148,1,27.99,0,1,,2025-03-24
5506,3175,148,1,27.99,0,0,,
5507,3175,41,1,22.99,0,0,,
5508,3176,164,1,29.99,0,0,,
5509,3177,175,1,15.99,0,0,,
5510,3177,158,1,29.99,0,0,,
5511,3178,30,1,22.99,0,1,defective,2025-03-24
5512,3179,150,1,15.99,0,0,,
5513,3179,134,1,12.99,0,0,,
5514,3179,13,1,89.99,0,0,,
5515,3180,11,1,54.99,0,1,size_too_small,2025-03-24
5516,3180,140,1,10.99,0,0,,
5517,3180,152,1,22.99,0,0,,
5518,3181,152,1,22.99,0,0,,
5519,3181,49,2,42.99,0,0,,
5520,3181,176,1,999.99,0,0,,
5521,3181,141,1,24.99,0,0,,
5522,3182,134,3,12.99,0,0,,
5523,3183,98,1,8.49,0,0,,
5524,3184,17,1,12.99,10,0,,
5525,3184,183,1,59.99,10,0,,
5526,3185,118,1,149.99,0,0,,
5527,3185,87,1,89.99,0,0,,
5528,3186,156,1,29.99,0,0,,
5529,3186,17,1,12.99,0,0,,
5530,3186,36,2,12.99,0,0,,
5531,3187,191,1,27.99,0,0,,
5532,3187,41,1,22.99,0,0,,
5533,3188,170,1,32.99,0,0,,
5534,3189,199,1,89.99,0,0,,
5535,3189,14,1,24.99,0,0,,
5536,3189,9,1,24.99,0,0,,
5537,3189,134,1,12.99,0,0,,
5538,3190,98,1,8.49,0,0,,
5539,3190,196,1,39.99,0,0,,
5540,3191,24,1,32.99,10,0,,
5541,3191,146,1,21.99,10,0,,
5542,3192,26,1,14.99,0,0,,
5543,3192,11,1,54.99,0,0,,
5544,3192,24,1,32.99,0,0,,
5545,3193,134,1,12.99,0,0,,
5546,3194,134,1,12.99,10,0,,
5547,3194,95,1,29.99,10,0,,
5548,3195,116,1,34.99,10,0,,
5549,3196,109,1,44.99,0,0,,
5550,3196,68,1,99.99,0,0,,
5551,3197,28,1,34.99,10,1,size_too_small,2025-03-22
5552,3197,110,1,19.99,10,0,,
5553,3198,145,2,14.99,0,0,,
5554,3198,33,1,34.99,0,0,,
5555,3199,79,1,54.99,0,1,changed_mind,2025-03-22
5556,3200,70,1,14.49,0,0,,
5557,3200,167,1,47.99,0,0,,
5558,3201,167,1,47.99,15,0,,
5559,3201,195,1,12.99,15,0,,
5560,3202,197,1,39.99,0,0,,
5561,3203,98,3,8.49,0,0,,
5562,3203,4,1,14.99,0,0,,
5563,3203,134,1,12.99,0,0,,
5564,3204,195,1,12.99,0,0,,
5565,3205,74,1,17.49,0,0,,
5566,3205,55,1,42.99,0,0,,
5567,3206,167,1,47.99,0,0,,
5568,3207,70,1,14.49,0,0,,
5569,3207,165,1,13.99,0,0,,
5570,3207,17,1,12.99,0,0,,
5571,3208,145,1,14.99,25,0,,
5572,3208,162,1,15.99,0,0,,
5573,3209,111,1,18.99,0,0,,
5574,3210,30,1,22.99,0,0,,
5575,3210,167,1,47.99,0,0,,
5576,3211,196,1,39.99,0,0,,
5577,3212,39,1,37.99,0,0,,
5578,3213,59,1,9.99,0,0,,
5579,3214,107,1,8.99,0,0,,
5580,3215,94,1,12.99,10,0,,
5581,3216,98,1,8.49,0,0,,
5582,3216,43,1,18.99,0,0,,
5583,3216,168,1,32.99,0,1,changed_mind,2025-03-25
5584,3217,162,1,15.99,10,0,,
5585,3218,132,1,11.99,0,0,,
5586,3218,105,1,34.99,0,0,,
5587,3218,10,1,18.49,0,0,,
5588,3218,148,1,27.99,0,0,,
5589,3219,161,1,74.99,0,0,,
5590,3219,50,1,24.99,0,0,,
5591,3219,168,1,32.99,0,1,wrong_item,2025-03-24
5592,3219,149,1,129.99,0,0,,
5593,3219,175,1,15.99,0,0,,
5594,3220,33,15,34.99,0,0,,
5595,3221,130,1,16.49,0,0,,
5596,3222,171,1,29.99,0,0,,
5597,3223,70,1,14.49,0,0,,
5598,3223,132,2,11.99,0,0,,
5599,3224,31,1,27.99,0,0,,
5600,3224,105,1,34.99,0,0,,
5601,3225,150,1,15.99,25,0,,
5602,3226,64,1,10.49,0,0,,
5603,3227,122,1,29.99,0,0,,
5604,3227,41,1,22.99,0,0,,
5605,3228,165,1,13.99,0,0,,
5606,3229,167,1,47.99,0,1,changed_mind,2025-03-21
5607,3230,89,1,29.99,10,0,,
5608,3230,36,1,12.99,10,0,,
5609,3230,59,1,9.99,10,0,,
5610,3231,140,1,10.99,0,0,,
5611,3232,66,1,69.99,0,0,,
5612,3232,109,1,44.99,20,0,,
5613,3233,45,1,32.99,0,0,,
5614,3233,93,1,13.99,0,0,,
5615,3234,109,1,44.99,20,0,,
5616,3234,132,1,11.99,0,0,,
5617,3234,167,1,47.99,0,0,,
5618,3234,111,1,18.99,0,0,,
5619,3234,170,1,32.99,0,0,,
5620,3234,155,1,129.99,0,0,,
5621,3235,36,1,12.99,10,0,,
5622,3236,94,1,12.99,0,0,,
5623,3237,83,1,27.99,10,0,,
5624,3237,109,1,44.99,20,1,size_too_small,2025-03-28
5625,3238,17,1,12.99,0,0,,
5626,3238,118,1,149.99,0,0,,
5627,3239,41,1,22.99,10,0,,
5628,3239,174,1,22.99,10,0,,
5629,3239,13,1,89.99,10,0,,
5630,3239,98,1,8.49,10,0,,
5631,3240,109,1,44.99,20,0,,
5632,3241,82,1,10.49,0,0,,
5633,3241,121,1,27.99,0,0,,
5634,3241,100,1,79.99,0,0,,
5635,3241,186,1,24.99,0,0,,
5636,3241,19,1,299.99,10,1,wrong_item,2025-03-25
5637,3242,4,1,14.99,0,0,,
5638,3243,109,1,44.99,20,1,changed_mind,2025-03-30
5639,3243,94,1,12.99,0,0,,
5640,3244,134,2,12.99,0,0,,
5641,3244,200,1,29.99,0,0,,
5642,3244,85,1,24.99,0,0,,
5643,3245,93,1,13.99,0,0,,
5644,3246,108,1,89.99,0,0,,
5645,3247,111,1,18.99,0,0,,
5646,3247,25,1,22.99,0,0,,
5647,3248,32,1,37.99,0,0,,
5648,3248,93,1,13.99,0,0,,
5649,3249,41,1,22.99,0,0,,
5650,3249,64,1,10.49,0,0,,
5651,3250,146,1,21.99,10,0,,
5652,3251,95,1,29.99,0,0,,
5653,3251,197,1,39.99,0,0,,
5654,3252,197,1,39.99,0,0,,
5655,3252,148,1,27.99,0,0,,
5656,3253,96,1,34.99,0,0,,
5657,3253,4,1,14.99,0,0,,
5658,3254,129,1,27.99,0,1,size_too_small,2025-03-26
5659,3254,142,1,49.99,0,1,size_too_small,2025-03-27
5660,3255,198,3,39.99,0,0,,
5661,3256,185,1,99.99,0,0,,
5662,3257,36,1,12.99,10,0,,
5663,3258,50,1,24.99,0,0,,
5664,3259,204,1,69.99,0,0,,
5665,3259,123,1,49.99,0,0,,
5666,3259,140,1,10.99,0,0,,
5667,3260,168,1,32.99,10,0,,
5668,3261,23,1,37.99,10,0,,
5669,3261,175,1,15.99,10,0,,
5670,3261,121,1,27.99,10,0,,
5671,3262,41,1,22.99,0,0,,
5672,3263,97,1,47.99,0,0,,
5673,3263,200,1,29.99,0,0,,
5674,3263,154,1,32.99,0,0,,
5675,3264,156,1,29.99,0,1,size_too_small,2025-03-30
5676,3264,171,1,29.99,0,0,,
5677,3265,88,1,37.99,0,0,,
5678,3266,45,1,32.99,10,0,,
5679,3266,74,1,17.49,10,0,,
5680,3267,49,1,42.99,0,0,,
5681,3267,140,1,10.99,0,0,,
5682,3268,68,1,99.99,0,0,,
5683,3268,183,1,59.99,0,1,size_too_small,2025-04-06
5684,3269,145,1,14.99,25,0,,
5685,3269,184,1,16.99,10,0,,
5686,3270,85,1,24.99,0,0,,
5687,3270,148,1,27.99,0,0,,
5688,3270,191,1,27.99,0,0,,
5689,3271,153,1,14.99,10,0,,
5690,3272,23,1,37.99,0,0,,
5691,3272,185,1,99.99,0,0,,
5692,3273,201,1,29.99,0,0,,
5693,3274,145,1,14.99,25,0,,
5694,3274,168,1,32.99,0,0,,
5695,3275,7,1,129.99,0,0,,
5696,3275,195,1,12.99,0,0,,
5697,3276,109,1,44.99,0,1,size_too_large,2025-03-29
5698,3277,85,1,24.99,0,0,,
5699,3277,148,1,27.99,0,0,,
5700,3278,80,1,69.99,0,0,,
5701,3278,21,1,22.99,0,0,,
5702,3278,190,2,11.99,0,0,,
5703,3279,138,1,64.99,10,0,,
5704,3280,148,1,27.99,0,0,,
5705,3281,92,1,24.99,0,0,,
5706,3282,30,1,22.99,0,1,changed_mind,2025-03-28
5707,3282,25,1,22.99,0,0,,
5708,3283,64,1,10.49,0,0,,
5709,3283,163,1,32.99,0,0,,
5710,3284,132,2,11.99,0,0,,
5711,3285,196,1,39.99,0,0,,
5712,3285,152,1,22.99,0,0,,
5713,3285,118,1,149.99,0,0,,
5714,3285,119,1,34.99,0,0,,
5715,3286,134,1,12.99,0,0,,
5716,3287,128,1,79.99,0,0,,
5717,3287,157,1,94.99,0,0,,
5718,3287,158,1,29.99,25,0,,
5719,3287,93,1,13.99,0,0,,
5720,3288,59,1,9.99,0,0,,
5721,3288,165,1,13.99,0,0,,
5722,3289,95,1,29.99,0,0,,
5723,3290,11,1,54.99,0,0,,
5724,3291,104,2,54.99,0,0,,
5725,3292,84,1,29.99,0,0,,
5726,3293,33,1,34.99,0,1,changed_mind,2025-04-04
5727,3293,116,1,34.99,0,1,defective,2025-03-29
5728,3294,45,1,32.99,0,0,,
5729,3295,111,1,18.99,0,0,,
5730,3295,62,1,27.99,0,0,,
5731,3296,200,1,29.99,0,0,,
5732,3296,36,1,12.99,0,0,,
5733,3297,59,1,9.99,0,0,,
5734,3298,17,1,12.99,0,0,,
5735,3298,159,1,29.99,0,1,defective,2025-04-04
5736,3299,82,1,10.49,0,0,,
5737,3299,200,1,29.99,0,0,,
5738,3300,140,1,10.99,0,1,changed_mind,2025-03-30
5739,3301,190,1,11.99,0,0,,
5740,3302,59,1,9.99,0,0,,
5741,3303,141,1,24.99,0,0,,
5742,3304,90,1,39.99,10,0,,
5743,3304,133,1,13.99,10,0,,
5744,3305,58,1,16.99,0,0,,
5745,3305,73,1,49.99,0,0,,
5746,3306,196,1,39.99,10,0,,
5747,3306,17,1,12.99,10,0,,
5748,3307,167,1,47.99,10,1,defective,2025-04-02
5749,3308,134,2,12.99,0,0,,
5750,3309,195,1,12.99,0,0,,
5751,3309,22,1,99.99,0,0,,
5752,3309,27,1,29.99,0,0,,
5753,3310,126,1,54.99,0,0,,
5754,3310,119,1,34.99,0,0,,
5755,3311,39,1,37.99,0,0,,
5756,3312,39,1,37.99,10,0,,
5757,3312,49,1,42.99,10,0,,
5758,3313,141,1,24.99,10,0,,
5759,3313,138,2,64.99,10,0,,
5760,3313,116,1,34.99,10,0,,
5761,3314,161,1,74.99,0,0,,
5762,3315,112,1,44.99,0,0,,
5763,3316,96,1,34.99,0,0,,
5764,3316,140,1,10.99,0,0,,
5765,3317,41,1,22.99,0,0,,
5766,3318,201,1,29.99,0,0,,
5767,3319,94,2,12.99,15,0,,
5768,3320,21,1,22.99,0,0,,
5769,3320,42,1,22.99,0,0,,
5770,3321,78,1,11.99,0,0,,
5771,3321,165,1,13.99,0,0,,
5772,3321,32,1,37.99,0,0,,
5773,3322,62,1,27.99,0,0,,
5774,3322,159,1,29.99,0,1,not_as_described,2025-04-03
5775,3322,66,1,69.99,0,1,changed_mind,2025-04-05
5776,3322,118,1,149.99,0,1,wrong_item,2025-04-10
5777,3323,33,1,34.99,0,0,,
5778,3324,151,1,24.99,0,0,,
5779,3324,88,1,37.99,0,0,,
5780,3325,166,1,34.99,0,0,,
5781,3325,79,1,54.99,0,0,,
5782,3326,162,1,15.99,0,1,changed_mind,2025-04-08
5783,3327,170,1,32.99,0,0,,
5784,3328,48,1,89.99,0,0,,
5785,3328,188,1,27.99,0,0,,
5786,3329,159,1,29.99,0,0,,
5787,3330,132,3,11.99,0,0,,
5788,3330,150,1,15.99,0,0,,
5789,3331,36,1,12.99,0,0,,
5790,3332,94,1,12.99,0,0,,
5791,3333,33,1,34.99,0,0,,
5792,3333,67,1,34.99,0,0,,
5793,3334,64,1,10.49,0,0,,
5794,3334,121,1,27.99,0,0,,
5795,3335,102,1,59.99,0,0,,
5796,3336,126,1,54.99,10,0,,
5797,3337,92,1,24.99,0,0,,
5798,3337,14,1,24.99,0,0,,
5799,3337,115,1,79.99,0,0,,
5800,3338,98,2,8.49,0,0,,
5801,3338,94,2,12.99,0,1,defective,2025-04-15
5802,3339,164,1,29.99,0,0,,
5803,3340,93,1,13.99,0,0,,
5804,3341,64,1,10.49,0,0,,
5805,3342,138,1,64.99,10,0,,
5806,3342,63,1,89.99,10,0,,
5807,3343,33,1,34.99,0,0,,
5808,3344,99,1,29.99,0,0,,
5809,3345,148,1,27.99,0,1,changed_mind,2025-04-10
5810,3345,146,1,21.99,0,0,,
5811,3346,116,1,34.99,0,0,,
5812,3346,184,1,16.99,0,0,,
5813,3347,150,1,15.99,10,0,,
5814,3348,74,1,17.49,0,0,,
5815,3348,148,1,27.99,0,1,not_as_described,2025-04-07
5816,3349,171,2,29.99,0,0,,
5817,3350,30,1,22.99,15,0,,
5818,3350,43,2,18.99,15,0,,
5819,3350,140,1,10.99,15,0,,
5820,3351,75,1,42.99,0,0,,
5821,3352,156,2,29.99,0,0,,
5822,3353,134,1,12.99,0,0,,
5823,3354,169,1,39.99,0,0,,
5824,3355,111,1,18.99,10,0,,
5825,3355,170,1,32.99,10,0,,
5826,3355,8,2,13.99,10,0,,
5827,3356,18,1,37.99,0,0,,
5828,3356,125,1,11.99,0,0,,
5829,3357,104,1,54.99,0,0,,
5830,3357,86,1,8.99,0,0,,
5831,3358,159,1,29.99,10,0,,
5832,3359,17,1,12.99,0,0,,
5833,3359,162,1,15.99,0,0,,
5834,3360,86,1,8.99,0,0,,
5835,3361,163,1,32.99,0,1,changed_mind,2025-04-03
5836,3362,62,1,27.99,0,0,,
5837,3363,41,1,22.99,10,0,,
5838,3364,143,1,19.99,10,1,defective,2025-04-09
5839,3365,130,1,16.49,10,0,,
5840,3365,23,1,37.99,10,0,,
5841,3365,8,1,13.99,10,0,,
5842,3366,183,1,59.99,0,1,changed_mind,2025-04-07
5843,3367,49,1,42.99,0,0,,
5844,3368,140,1,10.99,0,0,,
5845,3369,196,1,39.99,0,0,,
5846,3370,82,1,10.49,0,0,,
5847,3370,123,1,49.99,0,0,,
5848,3371,167,1,47.99,10,1,size_too_large,2025-04-08
5849,3371,165,1,13.99,10,0,,
5850,3371,103,1,19.99,10,0,,
5851,3372,1,1,19.99,0,0,,
5852,3373,158,1,29.99,0,0,,
5853,3373,167,1,47.99,0,0,,
5854,3374,95,1,29.99,0,0,,
5855,3375,159,1,29.99,10,0,,
5856,3375,111,1,18.99,10,0,,
5857,3376,150,1,15.99,0,0,,
5858,3376,122,1,29.99,0,0,,
5859,3376,8,1,13.99,0,0,,
5860,3376,140,1,10.99,0,0,,
5861,3377,111,1,18.99,0,0,,
5862,3377,176,2,999.99,0,0,,
5863,3378,195,1,12.99,0,1,changed_mind,2025-04-07
5864,3378,113,1,42.99,0,1,size_too_small,2025-04-06
5865,3378,129,1,27.99,0,1,size_too_small,2025-04-05
5866,3379,121,1,27.99,0,1,not_as_described,2025-04-08
5867,3379,47,1,94.99,0,0,,
5868,3379,39,1,37.99,0,0,,
5869,3379,103,1,19.99,0,0,,
5870,3380,82,1,10.49,0,0,,
5871,3381,138,1,64.99,25,0,,
5872,3381,95,1,29.99,0,0,,
5873,3382,58,1,16.99,10,0,,
5874,3382,103,1,19.99,10,0,,
5875,3383,92,1,24.99,0,0,,
5876,3384,30,1,22.99,0,0,,
5877,3384,119,1,34.99,0,0,,
5878,3385,146,1,21.99,25,0,,
5879,3386,111,1,18.99,0,0,,
5880,3386,13,1,89.99,0,0,,
5881,3386,186,1,24.99,0,1,,2025-04-05
5882,3387,121,1,27.99,0,0,,
5883,3387,191,1,27.99,0,0,,
5884,3387,175,1,15.99,0,0,,
5885,3388,87,1,89.99,0,0,,
5886,3388,164,1,29.99,0,0,,
5887,3389,111,1,18.99,0,0,,
5888,3390,82,1,10.49,0,0,,
5889,3391,52,1,16.49,10,0,,
5890,3391,185,1,99.99,10,0,,
5891,3391,175,1,15.99,10,0,,
5892,3391,162,1,15.99,10,0,,
5893,3392,36,1,12.99,10,0,,
5894,3392,192,1,22.99,10,0,,
5895,3393,140,1,10.99,10,0,,
5896,3394,32,1,37.99,0,0,,
5897,3394,200,1,29.99,0,0,,
5898,3395,56,1,19.99,10,0,,
5899,3395,33,1,34.99,10,0,,
5900,3395,133,1,13.99,10,0,,
5901,3396,115,2,79.99,10,0,,
5902,3396,113,1,42.99,10,0,,
5903,3397,59,1,9.99,10,0,,
5904,3397,134,1,12.99,10,0,,
5905,3398,165,1,13.99,0,0,,
5906,3398,98,1,8.49,0,0,,
5907,3398,167,1,47.99,0,0,,
5908,3399,124,1,69.99,10,1,not_as_described,2025-04-06
5909,3399,12,3,13.49,10,0,,
5910,3400,117,2,6.49,0,0,,
5911,3401,34,1,27.99,0,0,,
5912,3401,79,1,54.99,0,0,,
5913,3401,113,1,42.99,0,0,,
5914,3402,206,1,19.99,0,0,,
5915,3403,82,1,10.49,0,0,,
5916,3404,150,1,15.99,0,0,,
5917,3404,134,1,12.99,0,0,,
5918,3404,111,1,18.99,0,0,,
5919,3405,180,1,16.49,0,0,,
5920,3406,191,1,27.99,0,0,,
5921,3406,164,1,29.99,0,0,,
5922,3406,98,1,8.49,0,0,,
5923,3407,134,1,12.99,0,0,,
5924,3408,142,1,49.99,10,1,defective,2025-04-10
5925,3408,167,1,47.99,10,0,,
5926,3409,33,1,34.99,0,0,,
5927,3410,82,1,10.49,0,0,,
5928,3410,206,1,19.99,0,0,,
5929,3410,24,1,32.99,0,0,,
5930,3410,95,1,29.99,0,0,,
5931,3411,4,1,14.99,0,0,,
5932,3412,32,1,37.99,0,0,,
5933,3413,79,1,54.99,0,0,,
5934,3414,111,1,18.99,0,0,,
5935,3415,62,1,27.99,0,0,,
5936,3416,42,1,22.99,0,0,,
5937,3417,104,1,54.99,0,0,,
5938,3417,98,1,8.49,0,0,,
5939,3418,141,1,24.99,0,0,,
5940,3418,145,3,14.99,0,0,,
5941,3419,195,1,12.99,0,0,,
5942,3420,59,1,9.99,10,0,,
5943,3421,39,1,37.99,0,0,,
5944,3421,97,1,47.99,0,0,,
5945,3422,200,1,29.99,0,0,,
5946,3422,70,1,14.49,0,0,,
5947,3423,113,1,42.99,10,1,size_too_large,2025-04-12
5948,3423,70,1,14.49,10,0,,
5949,3423,45,1,32.99,10,0,,
5950,3424,145,3,14.99,0,0,,
5951,3425,147,1,19.99,0,0,,
5952,3425,148,1,27.99,0,0,,
5953,3426,58,1,16.99,0,0,,
5954,3426,43,1,18.99,0,1,not_as_described,2025-04-12
5955,3427,185,1,99.99,0,0,,
5956,3427,175,1,15.99,0,0,,
5957,3428,179,1,49.99,0,0,,
5958,3428,132,1,11.99,0,0,,
5959,3429,59,1,9.99,0,0,,
5960,3430,140,1,10.99,0,0,,
5961,3431,141,1,24.99,0,0,,
5962,3431,82,1,10.49,0,0,,
5963,3431,34,1,27.99,0,0,,
5964,3432,105,1,34.99,0,0,,
5965,3433,165,1,13.99,10,0,,
5966,3433,70,1,14.49,10,0,,
5967,3433,130,1,16.49,10,0,,
5968,3434,189,1,34.99,10,0,,
5969,3434,113,1,42.99,10,0,,
5970,3435,64,1,10.49,0,1,changed_mind,2025-04-12
5971,3435,165,1,13.99,0,0,,
5972,3436,39,1,37.99,0,0,,
5973,3436,17,1,12.99,0,0,,
5974,3437,166,1,34.99,0,0,,
5975,3438,51,1,27.99,0,0,,
5976,3439,42,1,22.99,10,0,,
5977,3439,84,1,29.99,10,1,not_as_described,2025-04-10
5978,3440,145,2,14.99,0,0,,
5979,3441,106,1,259.99,0,0,,
5980,3442,121,1,27.99,0,0,,
5981,3442,170,1,32.99,0,1,changed_mind,2025-04-19
5982,3443,113,1,42.99,0,0,,
5983,3444,90,1,39.99,10,0,,
5984,3445,70,1,14.49,10,0,,
5985,3445,93,1,13.99,10,0,,
5986,3446,97,1,47.99,0,1,not_as_described,2025-04-13
5987,3446,111,1,18.99,0,0,,
5988,3447,18,1,37.99,0,0,,
5989,3447,163,1,32.99,0,0,,
5990,3447,200,1,29.99,0,0,,
5991,3448,24,1,32.99,0,0,,
5992,3448,95,1,29.99,0,0,,
5993,3449,7,1,129.99,0,1,defective,2025-04-16
5994,3450,150,1,15.99,10,0,,
5995,3451,119,1,34.99,0,0,,
5996,3452,128,1,79.99,0,1,not_as_described,2025-04-12
5997,3452,130,1,16.49,0,0,,
5998,3453,196,1,39.99,10,0,,
5999,3454,111,1,18.99,10,0,,
6000,3454,58,1,16.99,10,0,,
6001,3454,134,1,12.99,10,0,,
6002,3455,126,1,54.99,0,0,,
6003,3455,208,1,199.99,0,0,,
6004,3456,191,1,27.99,0,0,,
6005,3457,184,1,16.99,0,0,,
6006,3458,163,1,32.99,10,0,,
6007,3459,43,1,18.99,0,1,changed_mind,2025-04-13
6008,3459,97,1,47.99,0,0,,
6009,3460,90,1,39.99,0,0,,
6010,3461,141,1,24.99,0,0,,
6011,3461,200,1,29.99,0,0,,
6012,3461,65,1,34.99,0,1,size_too_large,2025-04-14
6013,3461,36,1,12.99,0,0,,
6014,3461,125,1,11.99,0,0,,
6015,3461,47,2,94.99,0,0,,
6016,3462,95,1,29.99,0,1,defective,2025-05-10
6017,3462,122,1,29.99,0,1,changed_mind,2025-04-13
6018,3463,82,1,10.49,0,0,,
6019,3463,119,1,34.99,0,0,,
6020,3464,19,1,299.99,10,0,,
6021,3464,202,1,349.99,0,0,,
6022,3465,148,1,27.99,15,0,,
6023,3466,42,1,22.99,0,0,,
6024,3467,62,1,27.99,0,0,,
6025,3468,162,1,15.99,0,0,,
6026,3469,84,1,29.99,0,0,,
6027,3469,82,1,10.49,0,0,,
6028,3469,154,1,32.99,0,0,,
6029,3470,116,1,34.99,0,0,,
6030,3470,171,1,29.99,0,0,,
6031,3471,164,1,29.99,0,0,,
6032,3472,9,1,24.99,0,0,,
6033,3472,31,1,27.99,0,1,defective,2025-04-22
6034,3473,165,1,13.99,0,0,,
6035,3474,2,1,69.99,0,0,,
6036,3475,32,1,37.99,0,0,,
6037,3475,25,1,22.99,0,0,,
6038,3475,41,1,22.99,0,0,,
6039,3476,140,2,10.99,10,0,,
6040,3477,150,1,15.99,0,0,,
6041,3477,129,1,27.99,0,0,,
6042,3477,8,2,13.99,0,0,,
6043,3477,25,1,22.99,0,0,,
6044,3478,168,1,32.99,10,0,,
6045,3478,103,1,19.99,10,0,,
6046,3479,117,2,6.49,0,0,,
6047,3479,204,1,69.99,0,0,,
6048,3479,14,1,24.99,0,0,,
6049,3479,126,1,54.99,0,0,,
6050,3480,151,1,24.99,10,0,,
6051,3481,111,1,18.99,0,0,,
6052,3481,97,1,47.99,0,0,,
6053,3481,7,1,129.99,0,0,,
6054,3482,90,1,39.99,0,0,,
6055,3483,98,1,8.49,10,0,,
6056,3484,116,1,34.99,15,0,,
6057,3484,125,1,11.99,15,1,changed_mind,2025-04-13
6058,3485,84,1,29.99,0,1,defective,2025-05-03
6059,3485,130,1,16.49,0,0,,
6060,3486,83,1,27.99,0,0,,
6061,3487,111,2,18.99,0,0,,
6062,3487,175,1,15.99,0,0,,
6063,3488,201,1,29.99,0,0,,
6064,3489,69,1,149.99,0,0,,
6065,3489,156,1,29.99,0,1,size_too_small,2025-04-17
6066,3490,146,1,21.99,0,0,,
6067,3491,43,1,18.99,10,0,,
6068,3491,134,1,12.99,10,0,,
6069,3492,43,1,18.99,0,0,,
6070,3492,189,1,34.99,0,0,,
6071,3492,159,1,29.99,0,0,,
6072,3492,125,1,11.99,0,0,,
6073,3492,156,2,29.99,0,0,,
6074,3493,108,1,89.99,0,0,,
6075,3493,111,1,18.99,0,0,,
6076,3494,27,1,29.99,10,0,,
6077,3495,126,1,54.99,0,0,,
6078,3495,9,1,24.99,0,0,,
6079,3496,126,1,54.99,0,1,changed_mind,2025-04-17
6080,3497,8,1,13.99,0,0,,
6081,3497,70,1,14.49,0,0,,
6082,3497,135,1,24.99,0,0,,
6083,3498,176,1,999.99,0,1,not_as_described,2025-04-21
6084,3498,141,1,24.99,0,0,,
6085,3498,123,1,49.99,0,0,,
6086,3499,42,1,22.99,0,0,,
6087,3499,162,1,15.99,0,1,changed_mind,2025-04-18
6088,3500,129,1,27.99,0,0,,
6089,3500,195,1,12.99,0,1,size_too_large,2025-04-17
6090,3500,143,1,19.99,0,0,,
6091,3500,142,1,49.99,0,1,,2025-04-22
6092,3501,178,1,129.99,0,0,,
6093,3501,52,1,16.49,0,0,,
6094,3502,153,1,14.99,10,0,,
6095,3502,52,1,16.49,10,0,,
6096,3503,59,1,9.99,0,0,,
6097,3504,79,1,54.99,0,1,size_too_large,2025-04-26
6098,3505,94,1,12.99,0,0,,
6099,3505,83,1,27.99,0,0,,
6100,3506,14,1,24.99,0,0,,
6101,3507,141,1,24.99,0,0,,
6102,3508,167,1,47.99,0,0,,
6103,3509,130,1,16.49,0,0,,
6104,3509,51,1,27.99,0,0,,
6105,3510,72,1,24.99,0,0,,
6106,3510,134,1,12.99,0,1,not_as_described,2025-04-17
6107,3511,37,1,179.99,0,0,,
6108,3512,111,1,18.99,0,0,,
6109,3512,56,1,19.99,0,0,,
6110,3512,94,1,12.99,0,0,,
6111,3513,153,1,14.99,0,0,,
6112,3513,111,1,18.99,0,1,changed_mind,2025-05-02
6113,3514,89,1,29.99,0,0,,
6114,3514,145,1,14.99,0,1,defective,2025-05-01
6115,3515,110,1,19.99,10,0,,
6116,3515,82,1,10.49,10,0,,
6117,3515,129,1,27.99,10,0,,
6118,3515,186,1,24.99,10,0,,
6119,3515,144,1,69.99,10,0,,
6120,3515,17,1,12.99,10,0,,
6121,3516,111,2,18.99,0,0,,
6122,3516,125,1,11.99,0,0,,
6123,3517,143,1,19.99,0,0,,
6124,3517,165,1,13.99,0,0,,
6125,3517,12,1,13.49,0,0,,
6126,3518,175,1,15.99,0,0,,
6127,3518,34,1,27.99,0,0,,
6128,3519,39,1,37.99,0,0,,
6129,3519,32,1,37.99,0,0,,
6130,3519,88,1,37.99,0,0,,
6131,3519,94,1,12.99,0,0,,
6132,3519,81,1,179.99,0,0,,
6133,3519,20,2,34.99,0,0,,
6134,3520,17,1,12.99,0,0,,
6135,3521,189,1,34.99,0,0,,
6136,3522,153,1,14.99,0,0,,
6137,3523,72,1,24.99,0,0,,
6138,3523,119,1,34.99,0,0,,
6139,3524,130,1,16.49,0,0,,
6140,3525,12,1,13.49,10,0,,
6141,3525,134,1,12.99,10,0,,
6142,3526,130,1,16.49,0,0,,
6143,3526,207,1,89.99,0,0,,
6144,3527,171,1,29.99,0,0,,
6145,3528,123,1,49.99,0,0,,
6146,3528,43,1,18.99,0,0,,
6147,3529,97,1,47.99,10,0,,
6148,3529,117,1,6.49,10,0,,
6149,3529,64,1,10.49,10,0,,
6150,3529,119,1,34.99,10,0,,
6151,3530,93,2,13.99,0,0,,
6152,3531,156,1,29.99,0,1,size_too_large,2025-04-21
6153,3532,9,1,24.99,0,0,,
6154,3532,97,1,47.99,0,0,,
6155,3532,34,1,27.99,0,0,,
6156,3533,152,1,22.99,0,1,not_as_described,2025-04-27
6157,3533,85,1,24.99,0,0,,
6158,3534,134,1,12.99,0,0,,
6159,3534,30,1,22.99,0,0,,
6160,3534,145,1,14.99,0,0,,
6161,3535,79,1,54.99,0,0,,
6162,3536,191,1,27.99,0,0,,
6163,3536,33,1,34.99,0,0,,
6164,3537,34,1,27.99,0,1,arrived_late,2025-04-18
6165,3537,119,1,34.99,0,0,,
6166,3538,135,2,24.99,0,0,,
6167,3539,117,2,6.49,0,0,,
6168,3540,146,1,21.99,0,0,,
6169,3541,166,2,34.99,0,0,,
6170,3542,190,1,11.99,0,0,,
6171,3543,112,1,44.99,10,0,,
6172,3544,21,2,22.99,0,0,,
6173,3544,27,1,29.99,0,0,,
6174,3545,181,1,349.99,0,0,,
6175,3545,42,1,22.99,0,0,,
6176,3546,150,1,15.99,0,0,,
6177,3547,126,1,54.99,0,0,,
6178,3548,42,1,22.99,0,1,defective,2025-04-21
6179,3548,139,1,32.99,0,0,,
6180,3548,163,1,32.99,0,0,,
6181,3548,117,1,6.49,0,0,,
6182,3548,156,1,29.99,0,0,,
6183,3549,158,1,29.99,0,0,,
6184,3550,115,1,79.99,10,0,,
6185,3550,134,1,12.99,10,0,,
6186,3550,78,1,11.99,10,0,,
6187,3551,167,1,47.99,10,0,,
6188,3551,6,1,59.99,10,0,,
6189,3552,111,1,18.99,0,0,,
6190,3552,98,3,8.49,0,0,,
6191,3552,171,1,29.99,0,0,,
6192,3553,67,2,34.99,20,0,,
6193,3553,98,1,8.49,0,0,,
6194,3553,146,1,21.99,0,0,,
6195,3553,52,1,16.49,0,0,,
6196,3554,196,3,39.99,0,0,,
6197,3555,33,1,34.99,0,0,,
6198,3555,59,1,9.99,0,0,,
6199,3556,12,2,13.49,0,0,,
6200,3556,168,1,32.99,0,0,,
6201,3557,89,1,29.99,10,0,,
6202,3557,43,1,18.99,10,0,,
6203,3558,34,1,27.99,0,0,,
6204,3558,97,1,47.99,0,0,,
6205,3558,126,1,54.99,0,0,,
6206,3559,104,2,54.99,0,0,,
6207,3559,98,1,8.49,0,0,,
6208,3560,108,1,89.99,20,0,,
6209,3561,98,1,8.49,10,0,,
6210,3562,11,1,54.99,0,0,,
6211,3562,167,1,47.99,0,0,,
6212,3563,94,1,12.99,0,0,,
6213,3563,159,1,29.99,0,0,,
6214,3564,74,1,17.49,0,0,,
6215,3565,156,1,29.99,0,1,,2025-04-30
6216,3566,43,1,18.99,0,0,,
6217,3566,110,1,19.99,0,0,,
6218,3566,205,1,19.99,0,0,,
6219,3567,43,1,18.99,0,0,,
6220,3568,42,1,22.99,0,0,,
6221,3569,94,1,12.99,0,0,,
6222,3570,65,1,34.99,10,0,,
6223,3571,170,3,32.99,0,0,,
6224,3572,187,1,699.99,0,0,,
6225,3572,96,1,34.99,0,0,,
6226,3573,31,1,27.99,0,0,,
6227,3573,117,1,6.49,0,0,,
6228,3573,134,1,12.99,0,0,,
6229,3574,140,1,10.99,0,0,,
6230,3574,4,1,14.99,0,0,,
6231,3575,113,1,42.99,0,1,changed_mind,2025-04-28
6232,3575,58,1,16.99,0,0,,
6233,3576,13,1,89.99,15,0,,
6234,3577,201,1,29.99,0,0,,
6235,3577,141,1,24.99,0,0,,
6236,3577,12,1,13.49,0,0,,
6237,3578,198,1,39.99,0,0,,
6238,3579,165,2,13.99,0,0,,
6239,3579,64,1,10.49,0,0,,
6240,3579,129,1,27.99,0,0,,
6241,3580,59,1,9.99,10,0,,
6242,3581,153,1,14.99,10,0,,
6243,3582,52,1,16.49,0,0,,
6244,3582,134,2,12.99,0,0,,
6245,3583,52,1,16.49,0,0,,
6246,3584,205,1,19.99,0,0,,
6247,3585,111,1,18.99,0,0,,
6248,3585,24,1,32.99,0,0,,
6249,3586,39,2,37.99,0,0,,
6250,3586,55,1,42.99,0,0,,
6251,3587,148,1,27.99,10,1,not_as_described,2025-05-01
6252,3587,45,1,32.99,10,0,,
6253,3588,98,2,8.49,0,0,,
6254,3589,52,1,16.49,0,0,,
6255,3589,162,1,15.99,0,0,,
6256,3590,134,1,12.99,0,0,,
6257,3590,42,1,22.99,0,0,,
6258,3590,93,1,13.99,0,0,,
6259,3590,146,1,21.99,0,0,,
6260,3590,122,1,29.99,0,0,,
6261,3591,34,1,27.99,0,0,,
6262,3592,148,1,27.99,0,0,,
6263,3592,134,1,12.99,0,0,,
6264,3593,206,1,19.99,10,0,,
6265,3593,134,1,12.99,10,0,,
6266,3594,8,2,13.99,0,0,,
6267,3595,116,1,34.99,0,0,,
6268,3595,169,1,39.99,0,0,,
6269,3595,30,1,22.99,0,0,,
6270,3596,109,1,44.99,0,0,,
6271,3597,200,1,29.99,10,0,,
6272,3598,115,1,79.99,10,0,,
6273,3598,134,1,12.99,10,0,,
6274,3599,198,1,39.99,10,1,not_as_described,2025-04-28
6275,3600,129,1,27.99,0,0,,
6276,3600,26,1,14.99,0,0,,
6277,3601,74,1,17.49,0,0,,
6278,3602,33,1,34.99,0,0,,
6279,3602,58,1,16.99,0,0,,
6280,3603,13,1,89.99,0,1,defective,2025-05-02
6281,3604,73,1,49.99,0,0,,
6282,3604,168,2,32.99,0,0,,
6283,3604,154,1,32.99,0,0,,
6284,3605,145,1,14.99,10,0,,
6285,3606,146,1,21.99,10,0,,
6286,3606,97,1,47.99,10,0,,
6287,3607,83,1,27.99,10,0,,
6288,3607,158,1,29.99,10,0,,
6289,3608,1,1,19.99,0,0,,
6290,3609,97,1,47.99,0,0,,
6291,3610,198,1,39.99,10,0,,
6292,3610,210,1,24.99,10,0,,
6293,3611,110,1,19.99,0,0,,
6294,3612,42,1,22.99,0,0,,
6295,3613,156,1,29.99,0,0,,
6296,3613,167,1,47.99,0,1,arrived_late,2025-04-27
6297,3614,175,1,15.99,0,0,,
6298,3615,206,1,19.99,0,0,,
6299,3616,97,1,47.99,10,0,,
6300,3616,73,1,49.99,10,1,arrived_late,2025-04-28
6301,3616,50,1,24.99,10,0,,
6302,3617,50,1,24.99,0,0,,
6303,3618,97,1,47.99,0,0,,
6304,3618,162,2,15.99,0,0,,
6305,3619,93,2,13.99,0,0,,
6306,3620,33,1,34.99,0,0,,
6307,3621,180,1,16.49,0,0,,
6308,3622,111,1,18.99,0,0,,
6309,3622,51,1,27.99,0,0,,
6310,3623,201,1,29.99,0,0,,
6311,3624,41,1,22.99,0,0,,
6312,3625,191,2,27.99,10,0,,
6313,3625,111,1,18.99,10,0,,
6314,3626,59,1,9.99,20,0,,
6315,3627,70,1,14.49,0,0,,
6316,3627,122,1,29.99,0,0,,
6317,3628,52,1,16.49,0,0,,
6318,3629,135,1,24.99,10,0,,
6319,3630,44,1,69.99,0,0,,
6320,3631,64,1,10.49,0,0,,
6321,3631,130,1,16.49,0,0,,
6322,3632,119,1,34.99,0,0,,
6323,3632,195,1,12.99,0,0,,
6324,3633,65,1,34.99,10,0,,
6325,3633,122,1,29.99,10,1,defective,2025-05-15
6326,3634,93,1,13.99,10,0,,
6327,3634,78,1,11.99,10,0,,
6328,3634,59,1,9.99,20,0,,
6329,3634,129,1,27.99,10,1,size_too_small,2025-04-29
6330,3635,148,1,27.99,0,0,,
6331,3635,166,1,34.99,0,0,,
6332,3636,138,1,64.99,0,0,,
6333,3637,92,1,24.99,0,0,,
6334,3637,34,1,27.99,0,0,,
6335,3637,24,1,32.99,0,0,,
6336,3637,85,1,24.99,0,0,,
6337,3637,91,1,44.99,0,0,,
6338,3638,98,1,8.49,0,0,,
6339,3638,180,1,16.49,0,0,,
6340,3639,153,1,14.99,0,0,,
6341,3640,3,1,209.99,0,0,,
6342,3641,156,1,29.99,0,0,,
6343,3642,169,1,39.99,0,0,,
6344,3642,93,2,13.99,0,0,,
6345,3643,94,2,12.99,0,0,,
6346,3643,59,1,9.99,20,0,,
6347,3643,134,1,12.99,0,0,,
6348,3644,140,1,10.99,10,0,,
6349,3644,20,1,34.99,10,0,,
6350,3644,84,1,29.99,10,0,,
6351,3645,119,1,34.99,0,0,,
6352,3645,133,1,13.99,0,0,,
6353,3646,50,1,24.99,0,0,,
6354,3646,7,1,129.99,0,0,,
6355,3646,134,1,12.99,0,0,,
6356,3646,121,1,27.99,0,0,,
6357,3646,169,1,39.99,0,0,,
6358,3647,55,1,42.99,0,0,,
6359,3647,7,1,129.99,0,0,,
6360,3648,82,1,10.49,0,0,,
6361,3649,94,1,12.99,0,0,,
6362,3649,132,1,11.99,0,0,,
6363,3650,16,1,69.99,0,0,,
6364,3651,58,1,16.99,0,0,,
6365,3652,22,1,99.99,0,0,,
6366,3652,111,1,18.99,0,0,,
6367,3652,165,2,13.99,0,0,,
6368,3652,55,1,42.99,0,1,changed_mind,2025-05-02
6369,3653,167,1,47.99,0,0,,
6370,3653,108,1,89.99,0,0,,
6371,3654,9,1,24.99,0,0,,
6372,3655,108,1,89.99,0,0,,
6373,3656,206,1,19.99,0,0,,
6374,3657,150,1,15.99,0,0,,
6375,3658,34,1,27.99,0,1,changed_mind,2025-05-05
6376,3659,33,1,34.99,0,0,,
6377,3660,79,1,54.99,0,0,,
6378,3660,65,1,34.99,0,1,,2025-05-07
6379,3660,110,1,19.99,0,0,,
6380,3661,10,1,18.49,0,0,,
6381,3662,17,1,12.99,0,0,,
6382,3662,36,1,12.99,0,0,,
6383,3663,160,1,149.99,0,0,,
6384,3664,188,1,27.99,10,0,,
6385,3665,212,1,39.99,0,0,,
6386,3665,122,1,29.99,0,0,,
6387,3666,42,1,22.99,0,0,,
6388,3666,191,1,27.99,0,0,,
6389,3667,95,1,29.99,0,1,defective,2025-05-04
6390,3667,97,1,47.99,0,0,,
6391,3667,140,1,10.99,0,0,,
6392,3667,24,1,32.99,0,0,,
6393,3667,91,1,44.99,0,0,,
6394,3668,138,1,64.99,0,0,,
6395,3669,194,2,10.99,0,0,,
6396,3670,81,1,179.99,0,0,,
6397,3671,4,1,14.99,0,0,,
6398,3671,121,1,27.99,0,0,,
6399,3672,193,1,149.99,0,0,,
6400,3672,208,1,199.99,0,1,defective,2025-05-07
6401,3672,20,1,34.99,0,0,,
6402,3672,200,1,29.99,0,0,,
6403,3672,199,1,89.99,0,0,,
6404,3673,14,1,24.99,0,0,,
6405,3674,134,1,12.99,0,0,,
6406,3674,148,1,27.99,0,0,,
6407,3674,131,1,24.99,0,1,changed_mind,2025-05-19
6408,3674,166,1,34.99,0,1,changed_mind,2025-05-02
6409,3675,175,1,15.99,0,0,,
6410,3675,137,1,89.99,0,0,,
6411,3675,25,1,22.99,0,0,,
6412,3676,150,1,15.99,0,0,,
6413,3676,107,2,8.99,0,0,,
6414,3677,168,1,32.99,0,0,,
6415,3677,144,1,69.99,0,1,not_as_described,2025-05-12
6416,3677,182,1,94.99,0,1,size_too_small,2025-05-08
6417,3677,167,1,47.99,0,0,,
6418,3677,131,1,24.99,0,0,,
6419,3678,170,1,32.99,0,0,,
6420,3678,70,1,14.49,0,0,,
6421,3678,1,1,19.99,0,0,,
6422,3679,62,1,27.99,15,1,defective,2025-05-09
6423,3680,114,1,27.99,0,0,,
6424,3681,94,1,12.99,0,0,,
6425,3682,30,1,22.99,0,0,,
6426,3682,43,1,18.99,0,0,,
6427,3683,13,1,89.99,0,0,,
6428,3684,41,1,22.99,0,0,,
6429,3685,16,1,69.99,0,0,,
6430,3685,89,2,29.99,0,0,,
6431,3685,55,1,42.99,0,0,,
6432,3686,39,1,37.99,0,0,,
6433,3687,42,1,22.99,0,0,,
6434,3687,169,1,39.99,0,0,,
6435,3687,119,1,34.99,0,0,,
6436,3687,100,1,79.99,0,0,,
6437,3688,72,1,24.99,0,0,,
6438,3688,42,1,22.99,0,0,,
6439,3689,114,1,27.99,15,0,,
6440,3689,121,1,27.99,15,0,,
6441,3689,122,1,29.99,15,0,,
6442,3689,50,1,24.99,15,0,,
6443,3689,143,1,19.99,15,0,,
6444,3690,135,1,24.99,0,0,,
6445,3690,111,1,18.99,0,0,,
6446,3690,194,1,10.99,0,0,,
6447,3690,94,1,12.99,0,0,,
6448,3691,211,1,34.99,0,0,,
6449,3692,98,1,8.49,0,0,,
6450,3693,62,1,27.99,0,0,,
6451,3693,159,1,29.99,0,0,,
6452,3694,130,1,16.49,0,0,,
6453,3694,111,1,18.99,0,0,,
6454,3695,130,1,16.49,0,0,,
6455,3695,142,1,49.99,0,0,,
6456,3696,121,1,27.99,0,0,,
6457,3696,129,1,27.99,0,0,,
6458,3696,134,1,12.99,0,0,,
6459,3697,198,1,39.99,0,0,,
6460,3697,112,1,44.99,0,0,,
6461,3698,17,1,12.99,0,0,,
6462,3699,74,1,17.49,0,0,,
6463,3699,108,1,89.99,0,0,,
6464,3700,150,1,15.99,0,0,,
6465,3701,175,1,15.99,0,0,,
6466,3701,165,1,13.99,0,0,,
6467,3702,204,1,69.99,10,0,,
6468,3703,145,1,14.99,0,0,,
6469,3704,185,1,99.99,0,0,,
6470,3705,214,1,14.99,0,0,,
6471,3705,4,1,14.99,0,0,,
6472,3706,82,1,10.49,0,0,,
6473,3707,70,1,14.49,0,0,,
6474,3707,42,1,22.99,0,0,,
6475,3708,121,1,27.99,0,0,,
6476,3708,210,1,24.99,0,0,,
6477,3709,141,1,24.99,10,0,,
6478,3710,134,1,12.99,0,0,,
6479,3710,122,1,29.99,0,0,,
6480,3711,58,1,16.99,10,0,,
6481,3711,129,1,27.99,10,0,,
6482,3712,12,1,13.49,10,0,,
6483,3713,14,2,24.99,0,0,,
6484,3713,103,1,19.99,0,0,,
6485,3714,145,1,14.99,0,0,,
6486,3714,134,1,12.99,0,0,,
6487,3715,77,1,49.99,0,0,,
6488,3716,135,1,24.99,0,0,,
6489,3717,73,1,49.99,0,0,,
6490,3718,94,2,12.99,0,0,,
6491,3718,121,2,27.99,0,0,,
6492,3718,34,1,27.99,0,0,,
6493,3719,151,1,24.99,0,0,,
6494,3719,52,1,16.49,25,0,,
6495,3719,140,1,10.99,0,0,,
6496,3720,74,1,17.49,10,0,,
6497,3721,108,1,89.99,10,0,,
6498,3722,84,1,29.99,10,0,,
6499,3722,65,1,34.99,10,1,not_as_described,2025-05-07
6500,3722,159,1,29.99,10,0,,
6501,3722,145,1,14.99,10,0,,
6502,3723,191,1,27.99,0,0,,
6503,3723,128,1,79.99,30,0,,
6504,3723,73,1,49.99,0,0,,
6505,3724,97,1,47.99,0,0,,
6506,3725,24,1,32.99,0,0,,
6507,3725,95,1,29.99,0,0,,
6508,3726,95,1,29.99,0,0,,
6509,3726,117,1,6.49,0,0,,
6510,3727,4,1,14.99,0,0,,
6511,3728,50,1,24.99,0,0,,
6512,3729,166,1,34.99,0,0,,
6513,3730,122,1,29.99,0,0,,
6514,3730,32,1,37.99,0,0,,
6515,3731,193,1,149.99,0,0,,
6516,3731,199,1,89.99,0,0,,
6517,3732,43,1,18.99,0,1,defective,2025-05-25
6518,3733,17,2,12.99,0,0,,
6519,3733,210,1,24.99,20,0,,
6520,3734,211,1,34.99,0,0,,
6521,3734,128,1,79.99,30,0,,
6522,3735,84,1,29.99,0,0,,
6523,3736,17,1,12.99,0,0,,
6524,3737,97,1,47.99,0,0,,
6525,3738,59,1,9.99,0,0,,
6526,3738,30,1,22.99,0,0,,
6527,3738,153,1,14.99,0,0,,
6528,3739,135,1,24.99,0,0,,
6529,3740,211,1,34.99,0,0,,
6530,3740,149,1,129.99,0,0,,
6531,3741,37,1,179.99,0,0,,
6532,3741,141,1,24.99,0,0,,
6533,3742,210,1,24.99,20,0,,
6534,3742,171,1,29.99,0,0,,
6535,3743,84,1,29.99,0,0,,
6536,3743,141,1,24.99,0,0,,
6537,3744,126,1,54.99,10,0,,
6538,3744,25,1,22.99,10,0,,
6539,3745,44,1,69.99,0,0,,
6540,3746,116,1,34.99,0,0,,
6541,3746,188,1,27.99,0,0,,
6542,3746,194,2,10.99,0,0,,
6543,3747,12,1,13.49,0,0,,
6544,3747,43,1,18.99,0,1,,2025-05-18
6545,3747,134,3,12.99,0,0,,
6546,3748,212,1,39.99,0,0,,
6547,3748,43,1,18.99,0,0,,
6548,3748,129,1,27.99,0,1,not_as_described,2025-05-12
6549,3749,129,1,27.99,10,0,,
6550,3750,86,3,8.99,0,0,,
6551,3750,73,1,49.99,0,0,,
6552,3751,26,2,14.99,0,0,,
6553,3751,133,1,13.99,0,0,,
6554,3752,42,1,22.99,10,0,,
6555,3753,194,1,10.99,0,0,,
6556,3753,59,1,9.99,0,0,,
6557,3754,42,1,22.99,0,0,,
6558,3754,128,1,79.99,30,0,,
6559,3755,79,1,54.99,0,1,defective,2025-05-13
6560,3755,171,1,29.99,0,0,,
6561,3755,108,1,89.99,0,0,,
6562,3756,130,1,16.49,0,0,,
6563,3757,14,1,24.99,0,0,,
6564,3757,116,1,34.99,0,0,,
6565,3757,159,1,29.99,0,0,,
6566,3757,114,1,27.99,0,0,,
6567,3757,13,1,89.99,0,0,,
6568,3757,8,1,13.99,0,0,,
6569,3758,151,1,24.99,0,0,,
6570,3758,68,1,99.99,0,0,,
6571,3759,198,1,39.99,10,0,,
6572,3759,214,1,14.99,10,0,,
6573,3759,210,1,24.99,20,0,,
6574,3760,156,1,29.99,0,0,,
6575,3761,41,1,22.99,0,0,,
6576,3762,12,1,13.49,0,0,,
6577,3762,128,1,79.99,30,0,,
6578,3763,79,1,54.99,0,1,changed_mind,2025-05-22
6579,3764,33,1,34.99,0,0,,
6580,3764,125,1,11.99,25,1,size_too_small,2025-05-16
6581,3765,143,1,19.99,0,0,,
6582,3766,119,1,34.99,0,0,,
6583,3766,214,1,14.99,0,0,,
6584,3766,89,1,29.99,0,0,,
6585,3767,52,1,16.49,0,0,,
6586,3767,21,1,22.99,0,0,,
6587,3767,140,1,10.99,0,0,,
6588,3768,45,1,32.99,0,0,,
6589,3768,153,1,14.99,0,0,,
6590,3769,111,1,18.99,0,1,defective,2025-06-19
6591,3770,211,1,34.99,0,0,,
6592,3770,117,1,6.49,0,0,,
6593,3771,153,2,14.99,0,0,,
6594,3771,150,1,15.99,0,0,,
6595,3772,131,1,24.99,0,0,,
6596,3772,9,1,24.99,0,0,,
6597,3773,211,1,34.99,0,0,,
6598,3774,113,1,42.99,0,1,size_too_large,2025-05-17
6599,3775,204,1,69.99,0,0,,
6600,3776,113,1,42.99,0,0,,
6601,3777,167,1,47.99,10,0,,
6602,3778,21,1,22.99,0,0,,
6603,3779,200,1,29.99,10,0,,
6604,3779,25,1,22.99,10,0,,
6605,3779,188,1,27.99,10,0,,
6606,3779,91,1,44.99,10,0,,
6607,3779,33,1,34.99,10,0,,
6608,3780,12,1,13.49,10,0,,
6609,3780,150,1,15.99,10,0,,
6610,3781,116,1,34.99,10,0,,
6611,3781,214,1,14.99,10,0,,
6612,3782,29,1,34.99,0,0,,
6613,3782,39,1,37.99,0,1,defective,2025-05-26
6614,3783,59,1,9.99,0,0,,
6615,3784,82,1,10.49,0,0,,
6616,3785,32,1,37.99,0,0,,
6617,3785,12,1,13.49,0,0,,
6618,3786,108,1,89.99,0,0,,
6619,3787,132,1,11.99,10,0,,
6620,3787,25,1,22.99,10,0,,
6621,3788,97,1,47.99,0,0,,
6622,3788,34,1,27.99,0,0,,
6623,3789,156,1,29.99,0,0,,
6624,3789,155,1,129.99,0,0,,
6625,3789,128,1,79.99,30,0,,
6626,3789,125,1,11.99,25,0,,
6627,3790,159,1,29.99,0,0,,
6628,3790,73,1,49.99,0,0,,
6629,3791,156,1,29.99,0,0,,
6630,3791,214,3,14.99,0,0,,
6631,3791,134,1,12.99,0,0,,
6632,3792,148,1,27.99,0,0,,
6633,3793,99,1,29.99,10,0,,
6634,3794,129,2,27.99,0,0,,
6635,3794,85,1,24.99,0,0,,
6636,3794,56,1,19.99,0,0,,
6637,3795,147,1,19.99,0,0,,
6638,3795,145,1,14.99,0,0,,
6639,3795,153,1,14.99,0,0,,
6640,3796,208,1,199.99,0,0,,
6641,3796,148,1,27.99,0,0,,
6642,3797,30,1,22.99,0,0,,
6643,3798,179,1,49.99,0,0,,
6644,3798,132,1,11.99,0,0,,
6645,3799,89,1,29.99,0,0,,
6646,3800,160,1,149.99,0,0,,
6647,3800,30,1,22.99,0,0,,
6648,3800,145,1,14.99,0,0,,
6649,3801,149,1,129.99,10,0,,
6650,3801,134,1,12.99,10,0,,
6651,3801,33,1,34.99,10,0,,
6652,3801,50,1,24.99,10,0,,
6653,3802,27,1,29.99,10,0,,
6654,3803,122,1,29.99,0,0,,
6655,3804,153,1,14.99,10,0,,
6656,3804,122,1,29.99,10,0,,
6657,3804,33,2,34.99,10,0,,
6658,3805,4,1,14.99,0,0,,
6659,3806,114,3,27.99,0,0,,
6660,3807,25,2,22.99,0,0,,
6661,3808,148,1,27.99,10,0,,
6662,3809,129,1,27.99,10,0,,
6663,3810,173,1,99.99,0,0,,
6664,3810,41,1,22.99,0,0,,
6665,3811,58,1,16.99,0,0,,
6666,3811,214,1,14.99,0,0,,
6667,3811,70,1,14.49,20,0,,
6668,3812,107,1,8.99,0,0,,
6669,3812,174,1,22.99,0,0,,
6670,3813,29,1,34.99,0,0,,
6671,3814,26,1,14.99,10,0,,
6672,3815,119,1,34.99,0,0,,
6673,3815,196,1,39.99,0,0,,
6674,3816,125,1,11.99,25,1,size_too_large,2025-05-17
6675,3816,52,1,16.49,10,0,,
6676,3817,88,1,37.99,0,0,,
6677,3817,79,1,54.99,0,0,,
6678,3818,11,1,54.99,15,0,,
6679,3818,215,1,18.99,0,0,,
6680,3819,2,1,69.99,10,0,,
6681,3820,134,3,12.99,0,0,,
6682,3820,17,1,12.99,0,0,,
6683,3821,134,1,12.99,10,0,,
6684,3821,146,1,21.99,10,0,,
6685,3821,32,1,37.99,10,0,,
6686,3821,204,1,69.99,10,0,,
6687,3821,128,1,79.99,30,0,,
6688,3822,140,1,10.99,10,0,,
6689,3822,37,1,179.99,0,1,changed_mind,2025-05-16
6690,3822,123,1,49.99,10,1,defective,2025-05-22
6691,3822,30,2,22.99,10,0,,
6692,3822,125,1,11.99,10,1,changed_mind,2025-05-18
6693,3822,81,1,179.99,10,0,,
6694,3823,97,1,47.99,10,0,,
6695,3823,156,1,29.99,10,0,,
6696,3824,128,1,79.99,30,1,changed_mind,2025-05-21
6697,3824,50,1,24.99,0,0,,
6698,3824,150,1,15.99,0,0,,
6699,3825,16,1,69.99,0,1,defective,2025-06-25
6700,3825,97,1,47.99,0,0,,
6701,3826,53,1,94.99,0,0,,
6702,3826,208,1,199.99,0,0,,
6703,3827,94,1,12.99,0,0,,
6704,3828,165,1,13.99,0,0,,
6705,3828,82,2,10.49,0,0,,
6706,3828,99,1,29.99,0,0,,
6707,3829,31,1,27.99,0,0,,
6708,3829,146,1,21.99,0,0,,
6709,3830,159,1,29.99,0,0,,
6710,3830,154,1,32.99,0,0,,
6711,3831,141,1,24.99,0,0,,
6712,3831,163,1,32.99,0,0,,
6713,3832,85,1,24.99,0,0,,
6714,3833,58,1,16.99,0,0,,
6715,3833,129,1,27.99,25,0,,
6716,3834,126,1,54.99,10,0,,
6717,3834,42,1,22.99,10,0,,
6718,3835,58,1,16.99,10,0,,
6719,3836,129,1,27.99,25,0,,
6720,3836,175,1,15.99,0,0,,
6721,3836,165,1,13.99,0,0,,
6722,3836,148,1,27.99,0,1,size_too_large,2025-05-16
6723,3836,58,1,16.99,0,0,,
6724,3836,90,1,39.99,0,0,,
6725,3837,125,2,11.99,10,1,changed_mind,2025-05-19
6726,3837,42,1,22.99,10,0,,
6727,3838,12,1,13.49,0,0,,
6728,3839,85,2,24.99,10,0,,
6729,3840,94,1,12.99,10,0,,
6730,3841,87,1,89.99,0,0,,
6731,3842,134,1,12.99,10,0,,
6732,3842,208,1,199.99,10,0,,
6733,3843,90,1,39.99,10,1,changed_mind,2025-05-17
6734,3843,192,1,22.99,10,0,,
6735,3844,134,1,12.99,15,0,,
6736,3845,13,1,89.99,0,0,,
6737,3845,122,1,29.99,0,0,,
6738,3846,58,1,16.99,0,0,,
6739,3847,43,1,18.99,0,0,,
6740,3847,58,1,16.99,0,0,,
6741,3847,148,1,27.99,0,1,size_too_large,2025-05-20
6742,3848,42,1,22.99,0,0,,
6743,3849,42,1,22.99,0,0,,
6744,3849,163,1,32.99,0,0,,
6745,3849,119,1,34.99,0,0,,
6746,3850,64,1,10.49,0,0,,
6747,3850,121,2,27.99,0,0,,
6748,3851,103,1,19.99,0,0,,
6749,3852,25,1,22.99,0,0,,
6750,3853,20,1,34.99,10,0,,
6751,3854,154,1,32.99,0,0,,
6752,3854,43,1,18.99,0,0,,
6753,3854,39,1,37.99,0,0,,
6754,3854,93,1,13.99,0,0,,
6755,3855,111,1,18.99,0,0,,
6756,3856,59,1,9.99,0,0,,
6757,3857,25,1,22.99,0,0,,
6758,3857,148,2,27.99,0,0,,
6759,3858,50,1,24.99,10,0,,
6760,3859,134,1,12.99,0,0,,
6761,3860,134,1,12.99,0,0,,
6762,3861,107,1,8.99,0,0,,
6763,3861,164,1,29.99,0,0,,
6764,3861,94,1,12.99,0,0,,
6765,3862,162,1,15.99,0,0,,
6766,3862,42,1,22.99,0,0,,
6767,3863,202,1,349.99,0,0,,
6768,3863,144,1,69.99,0,1,size_too_small,2025-06-04
6769,3863,30,1,22.99,0,0,,
6770,3864,123,1,49.99,10,0,,
6771,3864,12,1,13.49,10,0,,
6772,3864,78,1,11.99,10,0,,
6773,3865,83,1,27.99,0,0,,
6774,3866,190,1,11.99,0,0,,
6775,3867,170,1,32.99,0,0,,
6776,3867,153,1,14.99,0,0,,
6777,3868,7,1,129.99,0,0,,
6778,3869,45,1,32.99,0,0,,
6779,3869,82,1,10.49,0,0,,
6780,3869,187,1,699.99,0,0,,
6781,3869,72,1,24.99,0,0,,
6782,3870,200,1,29.99,0,0,,
6783,3871,33,1,34.99,0,0,,
6784,3872,170,1,32.99,0,1,not_as_described,2025-06-04
6785,3872,138,1,64.99,0,1,changed_mind,2025-05-21
6786,3873,52,1,16.49,15,0,,
6787,3874,25,1,22.99,0,0,,
6788,3875,119,1,34.99,10,0,,
6789,3875,134,1,12.99,10,0,,
6790,3876,78,1,11.99,0,0,,
6791,3876,122,1,29.99,0,0,,
6792,3876,83,1,27.99,0,0,,
6793,3877,51,1,27.99,10,0,,
6794,3877,14,1,24.99,10,0,,
6795,3878,88,1,37.99,0,0,,
6796,3878,191,1,27.99,0,0,,
6797,3879,155,1,129.99,0,0,,
6798,3879,73,1,49.99,0,0,,
6799,3880,141,1,24.99,0,0,,
6800,3881,9,1,24.99,0,0,,
6801,3882,204,1,69.99,10,0,,
6802,3882,32,1,37.99,10,0,,
6803,3882,134,2,12.99,10,0,,
6804,3883,82,1,10.49,10,0,,
6805,3883,206,1,19.99,20,0,,
6806,3883,214,1,14.99,10,0,,
6807,3884,108,1,89.99,0,0,,
6808,3884,64,1,10.49,0,0,,
6809,3884,214,1,14.99,0,0,,
6810,3884,5,2,49.99,0,1,not_as_described,2025-05-24
6811,3884,96,1,34.99,0,0,,
6812,3885,90,1,39.99,0,0,,
6813,3886,200,1,29.99,0,0,,
6814,3886,134,3,12.99,0,0,,
6815,3887,81,1,179.99,0,0,,
6816,3887,20,1,34.99,0,0,,
6817,3887,199,1,89.99,0,0,,
6818,3888,114,1,27.99,0,1,,2025-05-27
6819,3889,24,1,32.99,0,0,,
6820,3889,58,1,16.99,0,0,,
6821,3890,139,1,32.99,0,0,,
6822,3890,153,1,14.99,0,0,,
6823,3891,39,1,37.99,0,0,,
6824,3891,97,1,47.99,0,0,,
6825,3891,131,1,24.99,0,1,wrong_item,2025-06-09
6826,3892,147,1,19.99,0,1,not_as_described,2025-05-31
6827,3893,98,1,8.49,0,0,,
6828,3893,201,1,29.99,20,0,,
6829,3894,162,1,15.99,0,1,changed_mind,2025-05-24
6830,3895,43,1,18.99,0,0,,
6831,3896,97,1,47.99,0,0,,
6832,3896,90,1,39.99,0,0,,
6833,3897,42,1,22.99,0,1,not_as_described,2025-06-04
6834,3898,148,1,27.99,10,0,,
6835,3899,82,1,10.49,0,0,,
6836,3899,13,1,89.99,0,0,,
6837,3899,135,1,24.99,0,0,,
6838,3900,124,1,69.99,20,0,,
6839,3901,111,1,18.99,0,0,,
6840,3901,145,1,14.99,0,0,,
6841,3902,168,1,32.99,0,0,,
6842,3902,65,1,34.99,0,0,,
6843,3903,169,1,39.99,10,0,,
6844,3904,98,1,8.49,0,0,,
6845,3905,148,1,27.99,0,0,,
6846,3906,103,1,19.99,0,0,,
6847,3906,106,1,259.99,0,0,,
6848,3907,16,1,69.99,0,0,,
6849,3908,152,1,22.99,0,1,size_too_small,2025-05-26
6850,3909,98,2,8.49,15,0,,
6851,3909,164,1,29.99,15,0,,
6852,3909,9,1,24.99,15,0,,
6853,3910,117,1,6.49,0,0,,
6854,3910,41,1,22.99,0,0,,
6855,3911,43,3,18.99,0,1,changed_mind,2025-05-28
6856,3911,195,1,12.99,0,0,,
6857,3912,208,1,199.99,0,0,,
6858,3913,90,1,39.99,0,0,,
6859,3914,111,1,18.99,0,0,,
6860,3914,108,1,89.99,0,0,,
6861,3914,184,1,16.99,0,0,,
6862,3914,185,1,99.99,0,1,changed_mind,2025-05-24
6863,3914,175,1,15.99,0,0,,
6864,3915,194,1,10.99,0,0,,
6865,3915,59,2,9.99,0,0,,
6866,3916,82,1,10.49,0,0,,
6867,3917,132,1,11.99,0,0,,
6868,3918,121,1,27.99,0,0,,
6869,3919,114,1,27.99,0,0,,
6870,3919,134,1,12.99,0,0,,
6871,3919,122,1,29.99,0,0,,
6872,3920,148,1,27.99,0,0,,
6873,3921,134,2,12.99,0,0,,
6874,3922,78,1,11.99,10,0,,
6875,3922,158,1,29.99,10,0,,
6876,3922,8,1,13.99,10,0,,
6877,3923,14,1,24.99,10,0,,
6878,3923,184,2,16.99,10,0,,
6879,3923,193,1,149.99,10,0,,
6880,3924,150,1,15.99,0,1,defective,2025-06-21
6881,3925,159,1,29.99,0,0,,
6882,3926,134,1,12.99,0,0,,
6883,3927,82,3,10.49,0,0,,
6884,3927,134,1,12.99,0,0,,
6885,3928,25,1,22.99,0,0,,
6886,3929,89,1,29.99,0,0,,
6887,3930,89,1,29.99,0,0,,
6888,3930,17,1,12.99,0,0,,
6889,3931,128,1,79.99,30,0,,
6890,3931,73,1,49.99,0,0,,
6891,3932,173,1,99.99,0,0,,
6892,3932,191,1,27.99,0,0,,
6893,3932,85,1,24.99,0,0,,
6894,3933,179,2,49.99,0,0,,
6895,3933,132,2,11.99,0,0,,
6896,3933,142,2,49.99,0,0,,
6897,3933,11,1,54.99,0,0,,
6898,3933,145,1,14.99,0,0,,
6899,3933,205,1,19.99,0,0,,
6900,3934,97,1,47.99,0,0,,
6901,3935,42,1,22.99,10,0,,
6902,3935,150,1,15.99,10,0,,
6903,3935,197,1,39.99,10,0,,
6904,3936,8,1,13.99,0,0,,
6905,3937,27,1,29.99,0,0,,
6906,3937,145,1,14.99,0,0,,
6907,3938,134,1,12.99,0,0,,
6908,3938,135,1,24.99,0,0,,
6909,3938,195,1,12.99,0,0,,
6910,3939,84,1,29.99,0,0,,
6911,3939,45,1,32.99,0,0,,
6912,3940,165,1,13.99,0,0,,
6913,3940,153,1,14.99,0,0,,
6914,3941,183,1,59.99,10,0,,
6915,3941,43,2,18.99,10,0,,
6916,3942,164,1,29.99,0,1,changed_mind,2025-06-01
6917,3943,138,1,64.99,0,0,,
6918,3943,113,1,42.99,0,0,,
6919,3944,98,1,8.49,0,0,,
6920,3945,53,1,94.99,10,1,arrived_late,2025-05-30
6921,3946,176,1,999.99,0,0,,
6922,3946,141,1,24.99,10,0,,
6923,3947,148,1,27.99,0,0,,
6924,3947,210,1,24.99,0,0,,
6925,3948,210,1,24.99,15,0,,
6926,3949,190,1,11.99,10,0,,
6927,3950,96,1,34.99,10,0,,
6928,3951,109,1,44.99,0,0,,
6929,3952,58,1,16.99,0,0,,
6930,3952,24,1,32.99,0,0,,
6931,3953,59,1,9.99,0,0,,
6932,3953,78,1,11.99,0,0,,
6933,3954,73,1,49.99,0,0,,
6934,3955,30,1,22.99,0,0,,
6935,3955,167,1,47.99,0,1,not_as_described,2025-06-02
6936,3956,13,1,89.99,0,0,,
6937,3957,135,1,24.99,15,0,,
6938,3958,41,1,22.99,0,0,,
6939,3958,181,1,349.99,0,0,,
6940,3959,152,1,22.99,0,0,,
6941,3960,62,1,27.99,0,0,,
6942,3960,18,1,37.99,0,0,,
6943,3960,14,1,24.99,0,0,,
6944,3960,95,1,29.99,0,0,,
6945,3961,165,1,13.99,10,0,,
6946,3962,93,1,13.99,0,0,,
6947,3962,42,1,22.99,0,0,,
6948,3962,70,1,14.49,0,0,,
6949,3962,57,1,19.99,0,0,,
6950,3962,215,1,18.99,0,0,,
6951,3963,214,1,14.99,10,0,,
6952,3964,166,1,34.99,0,1,size_too_small,2025-06-01
6953,3965,103,1,19.99,0,0,,
6954,3966,156,1,29.99,0,1,wrong_item,2025-05-28
6955,3966,206,1,19.99,0,0,,
6956,3967,126,1,54.99,0,0,,
6957,3967,49,1,42.99,0,0,,
6958,3967,119,1,34.99,0,0,,
6959,3967,151,1,24.99,0,0,,
6960,3968,153,1,14.99,0,0,,
6961,3969,58,1,16.99,10,0,,
6962,3970,84,1,29.99,15,1,not_as_described,2025-05-30
6963,3971,42,2,22.99,0,0,,
6964,3971,188,1,27.99,0,0,,
6965,3972,201,1,29.99,20,0,,
6966,3972,140,1,10.99,0,0,,
6967,3973,168,1,32.99,10,1,defective,2025-06-20
6968,3973,190,1,11.99,10,0,,
6969,3973,68,1,99.99,10,0,,
6970,3974,68,1,99.99,0,0,,
6971,3975,17,1,12.99,0,0,,
6972,3976,5,1,49.99,0,0,,
6973,3977,155,1,129.99,0,0,,
6974,3977,73,1,49.99,0,0,,
6975,3978,158,1,29.99,0,0,,
6976,3979,121,1,27.99,0,0,,
6977,3979,201,1,29.99,20,0,,
6978,3980,79,1,54.99,0,0,,
6979,3981,215,1,18.99,10,0,,
6980,3981,36,1,12.99,10,0,,
6981,3982,156,1,29.99,0,0,,
6982,3982,94,1,12.99,0,0,,
6983,3982,28,1,34.99,0,0,,
6984,3983,70,1,14.49,0,0,,
6985,3984,14,1,24.99,0,0,,
6986,3985,145,1,14.99,0,0,,
6987,3986,151,1,24.99,0,0,,
6988,3987,56,1,19.99,10,0,,
6989,3988,147,1,19.99,0,0,,
6990,3989,109,1,44.99,10,0,,
6991,3990,167,1,47.99,0,1,changed_mind,2025-05-31
6992,3990,23,1,37.99,0,0,,
6993,3991,58,1,16.99,0,0,,
6994,3991,188,1,27.99,0,0,,
6995,3991,210,1,24.99,0,0,,
6996,3992,121,1,27.99,15,0,,
6997,3992,68,1,99.99,15,0,,
6998,3993,166,1,34.99,10,0,,
6999,3993,194,1,10.99,10,0,,
7000,3994,150,1,15.99,0,0,,
7001,3995,63,1,89.99,0,0,,
7002,3996,214,1,14.99,0,0,,
7003,3997,143,1,19.99,10,0,,
7004,3997,165,1,13.99,10,0,,
7005,3997,94,1,12.99,10,0,,
7006,3998,103,1,19.99,0,0,,
7007,3998,186,1,24.99,0,0,,
7008,3998,12,1,13.49,0,0,,
7009,3998,100,1,79.99,0,0,,
7010,3999,93,1,13.99,0,0,,
7011,4000,31,1,27.99,0,0,,
7012,4001,50,1,24.99,0,0,,
7013,4001,116,1,34.99,0,0,,
7014,4002,58,1,16.99,0,0,,
7015,4002,164,1,29.99,0,0,,
7016,4003,95,1,29.99,0,0,,
7017,4003,133,1,13.99,0,0,,
7018,4004,50,1,24.99,0,0,,
7019,4005,17,1,12.99,10,0,,
7020,4005,211,1,34.99,10,0,,
7021,4006,174,1,22.99,10,0,,
7022,4006,78,1,11.99,10,0,,
7023,4007,167,1,47.99,10,0,,
7024,4007,159,1,29.99,10,0,,
7025,4008,140,2,10.99,10,0,,
7026,4008,134,1,12.99,20,0,,
7027,4008,82,1,10.49,10,0,,
7028,4009,158,1,29.99,0,0,,
7029,4009,36,1,12.99,15,0,,
7030,4010,67,1,34.99,0,0,,
7031,4010,98,3,8.49,0,0,,
7032,4011,43,1,18.99,0,0,,
7033,4012,134,1,12.99,20,0,,
7034,4012,25,1,22.99,0,0,,
7035,4012,113,1,42.99,0,0,,
7036,4013,111,1,18.99,0,0,,
7037,4014,20,1,34.99,0,0,,
7038,4014,114,1,27.99,0,0,,
7039,4015,6,1,59.99,0,0,,
7040,4015,134,1,12.99,20,1,not_as_described,2025-06-02
7041,4016,110,1,19.99,0,0,,
7042,4016,94,1,12.99,0,0,,
7043,4017,17,1,12.99,0,0,,
7044,4017,58,1,16.99,0,0,,
7045,4018,153,1,14.99,15,0,,
7046,4018,25,1,22.99,0,0,,
7047,4019,42,1,22.99,0,0,,
7048,4020,162,1,15.99,10,0,,
7049,4020,138,1,64.99,10,0,,
7050,4021,208,1,199.99,10,0,,
7051,4021,20,1,34.99,10,0,,
7052,4022,42,1,22.99,0,0,,
7053,4023,58,2,16.99,0,0,,
7054,4024,167,1,47.99,0,0,,
7055,4025,85,1,24.99,0,0,,
7056,4026,97,1,47.99,0,0,,
7057,4027,43,1,18.99,10,0,,
7058,4027,144,1,69.99,10,1,size_too_small,2025-06-11
7059,4028,122,1,29.99,10,0,,
7060,4029,33,1,34.99,0,1,defective,2025-06-21
7061,4030,12,1,13.49,20,0,,
7062,4031,12,2,13.49,20,0,,
7063,4032,48,1,89.99,10,0,,
7064,4033,175,1,15.99,15,0,,
7065,4034,143,1,19.99,0,0,,
7066,4034,165,1,13.99,0,0,,
7067,4035,175,1,15.99,15,1,size_too_small,2025-06-08
7068,4036,62,1,27.99,0,0,,
7069,4036,140,1,10.99,0,0,,
7070,4036,98,1,8.49,0,0,,
7071,4037,145,1,14.99,0,0,,
7072,4037,69,1,149.99,0,0,,
7073,4038,129,2,27.99,10,0,,
7074,4039,204,1,69.99,0,0,,
7075,4039,121,1,27.99,0,0,,
7076,4039,58,1,16.99,0,0,,
7077,4040,215,1,18.99,0,0,,
7078,4040,188,1,27.99,0,0,,
7079,4041,134,1,12.99,20,0,,
7080,4042,87,1,89.99,0,0,,
7081,4043,129,1,27.99,0,0,,
7082,4044,109,1,44.99,0,0,,
7083,4045,163,1,32.99,0,0,,
7084,4046,140,1,10.99,0,0,,
7085,4046,25,1,22.99,0,0,,
7086,4047,113,2,42.99,0,0,,
7087,4047,43,1,18.99,0,0,,
7088,4048,90,1,39.99,0,0,,
7089,4048,147,1,19.99,0,0,,
7090,4049,42,1,22.99,0,0,,
7091,4050,98,1,8.49,0,0,,
7092,4051,165,1,13.99,0,0,,
7093,4052,56,1,19.99,10,0,,
7094,4053,78,1,11.99,0,0,,
7095,4053,143,1,19.99,0,0,,
7096,4054,96,1,34.99,0,0,,
7097,4055,70,2,14.49,10,0,,
7098,4055,214,1,14.99,10,0,,
7099,4056,91,1,44.99,0,0,,
7100,4057,154,1,32.99,0,0,,
7101,4057,140,1,10.99,0,1,arrived_late,2025-06-06
7102,4058,14,1,24.99,0,0,,
7103,4058,7,1,129.99,0,0,,
7104,4059,59,2,9.99,0,0,,
7105,4059,32,1,37.99,0,0,,
7106,4059,194,2,10.99,0,0,,
7107,4060,150,1,15.99,0,0,,
7108,4060,65,1,34.99,0,0,,
7109,4061,163,1,32.99,0,0,,
7110,4062,174,1,22.99,0,0,,
7111,4062,153,1,14.99,15,0,,
7112,4063,129,1,27.99,0,1,size_too_small,2025-06-04
7113,4064,98,2,8.49,0,0,,
7114,4065,153,1,14.99,15,0,,
7115,4065,52,1,16.49,10,0,,
7116,4066,205,1,19.99,0,0,,
7117,4066,67,1,34.99,0,1,defective,2025-06-10
7118,4067,169,1,39.99,0,0,,
7119,4067,150,1,15.99,0,0,,
7120,4067,214,2,14.99,0,0,,
7121,4067,36,1,12.99,15,0,,
7122,4068,214,1,14.99,0,0,,
7123,4069,148,2,27.99,0,0,,
7124,4069,88,1,37.99,0,0,,
7125,4070,94,1,12.99,10,0,,
7126,4071,125,1,11.99,0,0,,
7127,4071,119,1,34.99,0,0,,
7128,4072,34,1,27.99,0,0,,
7129,4073,125,1,11.99,0,1,size_too_large,2025-06-08
7130,4074,82,1,10.49,0,0,,
7131,4075,198,1,39.99,10,0,,
7132,4075,148,1,27.99,10,1,size_too_large,2025-06-07
7133,4075,25,1,22.99,10,0,,
7134,4075,210,1,24.99,10,0,,
7135,4076,121,1,27.99,10,0,,
7136,4076,114,2,27.99,10,0,,
7137,4077,145,1,14.99,0,0,,
7138,4078,42,1,22.99,0,0,,
7139,4079,23,1,37.99,0,0,,
7140,4080,134,1,12.99,10,0,,
7141,4081,70,1,14.49,0,0,,
7142,4081,41,1,22.99,0,0,,
7143,4082,58,1,16.99,0,0,,
7144,4082,20,1,34.99,0,0,,
7145,4083,188,1,27.99,0,1,not_as_described,2025-06-08
7146,4084,211,1,34.99,0,0,,
7147,4085,138,1,64.99,0,0,,
7148,4085,52,1,16.49,0,1,,2025-06-21
7149,4086,137,1,89.99,10,0,,
7150,4087,129,1,27.99,10,0,,
7151,4087,148,1,27.99,10,0,,
7152,4088,34,1,27.99,0,0,,
7153,4088,175,1,15.99,0,0,,
7154,4089,191,1,27.99,0,0,,
7155,4090,34,2,27.99,15,0,,
7156,4090,20,1,34.99,15,0,,
7157,4091,17,1,12.99,0,0,,
7158,4091,191,1,27.99,0,0,,
7159,4092,85,1,24.99,15,0,,
7160,4093,11,1,54.99,10,0,,
7161,4093,109,1,44.99,10,0,,
7162,4094,98,1,8.49,0,0,,
7163,4095,188,1,27.99,0,0,,
7164,4096,165,1,13.99,0,0,,
7165,4097,160,1,149.99,0,0,,
7166,4097,30,1,22.99,0,0,,
7167,4098,191,2,27.99,0,0,,
7168,4098,68,1,99.99,0,0,,
7169,4099,125,1,11.99,0,0,,
7170,4100,150,1,15.99,0,0,,
7171,4100,34,1,27.99,0,0,,
7172,4100,64,1,10.49,0,1,,2025-06-14
7173,4101,211,1,34.99,0,0,,
7174,4102,92,1,24.99,0,0,,
7175,4102,98,1,8.49,0,0,,
7176,4103,95,1,29.99,0,0,,
7177,4104,7,1,129.99,0,0,,
7178,4105,201,1,29.99,0,0,,
7179,4106,212,1,39.99,0,0,,
7180,4106,109,1,44.99,0,0,,
7181,4107,123,1,49.99,0,0,,
7182,4108,122,1,29.99,15,0,,
7183,4108,81,1,179.99,15,0,,
7184,4109,42,1,22.99,0,0,,
7185,4110,182,1,94.99,0,1,size_too_large,2025-06-29
7186,4110,114,1,27.99,0,0,,
7187,4111,115,1,79.99,0,0,,
7188,4111,134,1,12.99,0,1,changed_mind,2025-06-20
7189,4112,98,1,8.49,0,0,,
7190,4113,204,1,69.99,0,0,,
7191,4114,165,1,13.99,0,0,,
7192,4114,94,1,12.99,0,0,,
7193,4115,88,1,37.99,0,0,,
7194,4115,207,1,89.99,0,0,,
7195,4116,129,1,27.99,10,0,,
7196,4117,7,1,129.99,10,0,,
7197,4117,130,1,16.49,10,0,,
7198,4117,191,1,27.99,10,0,,
7199,4118,159,1,29.99,0,0,,
7200,4118,60,1,94.99,40,0,,
7201,4119,101,1,39.99,0,0,,
7202,4119,111,1,18.99,0,0,,
7203,4120,129,1,27.99,0,0,,
7204,4121,58,1,16.99,0,0,,
7205,4122,4,2,14.99,0,0,,
7206,4122,95,1,29.99,0,0,,
7207,4122,68,1,99.99,0,0,,
7208,4122,73,1,49.99,0,0,,
7209,4123,1,1,19.99,0,0,,
7210,4124,104,3,54.99,0,0,,
7211,4124,98,1,8.49,0,0,,
7212,4125,188,1,27.99,0,0,,
7213,4125,129,1,27.99,0,0,,
7214,4125,41,1,22.99,0,0,,
7215,4125,153,3,14.99,0,0,,
7216,4126,215,1,18.99,0,0,,
7217,4127,161,1,74.99,0,0,,
7218,4128,150,1,15.99,0,0,,
7219,4128,20,1,34.99,0,0,,
7220,4128,141,1,24.99,0,0,,
7221,4129,33,1,34.99,15,0,,
7222,4130,118,1,149.99,0,0,,
7223,4131,134,1,12.99,15,0,,
7224,4131,150,1,15.99,15,0,,
7225,4131,153,2,14.99,15,0,,
7226,4131,13,1,89.99,15,0,,
7227,4132,141,1,24.99,0,0,,
7228,4132,97,1,47.99,0,0,,
7229,4133,156,1,29.99,0,0,,
7230,4133,121,1,27.99,0,0,,
7231,4133,97,1,47.99,0,0,,
7232,4134,73,1,49.99,0,0,,
7233,4134,90,1,39.99,0,0,,
7234,4135,122,1,29.99,0,0,,
7235,4136,138,1,64.99,0,0,,
7236,4136,90,1,39.99,0,0,,
7237,4137,43,1,18.99,0,0,,
7238,4137,159,1,29.99,0,0,,
7239,4137,93,2,13.99,0,0,,
7240,4137,189,1,34.99,0,0,,
7241,4138,41,1,22.99,0,0,,
7242,4138,7,1,129.99,0,0,,
7243,4139,198,1,39.99,0,0,,
7244,4140,24,1,32.99,0,0,,
7245,4141,80,1,69.99,0,0,,
7246,4142,95,1,29.99,10,0,,
7247,4142,112,1,44.99,10,0,,
7248,4143,111,1,18.99,10,0,,
7249,4144,189,1,34.99,0,0,,
7250,4145,59,1,9.99,0,0,,
7251,4145,58,1,16.99,0,0,,
7252,4146,58,1,16.99,0,0,,
7253,4146,70,2,14.49,0,0,,
7254,4146,150,1,15.99,0,0,,
7255,4147,212,1,39.99,0,0,,
7256,4147,58,1,16.99,0,0,,
7257,4148,56,1,19.99,10,0,,
7258,4149,18,1,37.99,10,0,,
7259,4150,27,1,29.99,0,0,,
7260,4151,167,1,47.99,0,0,,
7261,4151,23,1,37.99,0,0,,
7262,4151,124,1,69.99,0,1,size_too_large,2025-06-16
7263,4152,137,1,89.99,25,0,,
7264,4152,98,1,8.49,0,0,,
7265,4153,212,1,39.99,0,0,,
7266,4154,165,1,13.99,0,0,,
7267,4154,158,1,29.99,0,0,,
7268,4155,131,1,24.99,0,0,,
7269,4156,73,1,49.99,0,0,,
7270,4157,20,1,34.99,0,0,,
7271,4157,156,2,29.99,0,0,,
7272,4158,33,1,34.99,0,0,,
7273,4158,138,1,64.99,0,0,,
7274,4158,30,1,22.99,0,0,,
7275,4159,214,1,14.99,10,0,,
7276,4160,103,1,19.99,0,1,defective,2025-06-19
7277,4161,58,1,16.99,0,0,,
7278,4161,36,1,12.99,0,0,,
7279,4162,14,1,24.99,10,0,,
7280,4162,70,1,14.49,10,0,,
7281,4162,174,1,22.99,10,0,,
7282,4163,142,1,49.99,0,0,,
7283,4164,43,1,18.99,0,1,,2025-06-14
7284,4165,102,1,59.99,0,0,,
7285,4166,28,1,34.99,0,0,,
7286,4167,80,1,69.99,0,0,,
7287,4168,150,1,15.99,0,0,,
7288,4169,144,1,69.99,0,0,,
7289,4169,95,1,29.99,0,0,,
7290,4170,130,1,16.49,0,0,,
7291,4170,84,1,29.99,0,0,,
7292,4170,12,1,13.49,0,0,,
7293,4171,96,1,34.99,10,0,,
7294,4172,129,1,27.99,10,0,,
7295,4173,58,1,16.99,0,1,changed_mind,2025-06-17
7296,4174,211,1,34.99,10,0,,
7297,4175,201,1,29.99,10,0,,
7298,4175,51,1,27.99,10,0,,
7299,4175,214,1,14.99,10,0,,
7300,4175,39,1,37.99,10,0,,
7301,4176,25,1,22.99,0,0,,
7302,4176,195,1,12.99,0,1,changed_mind,2025-06-27
7303,4176,130,1,16.49,0,0,,
7304,4176,217,1,44.99,0,0,,
7305,4177,111,1,18.99,0,0,,
7306,4178,124,1,69.99,0,0,,
7307,4178,11,1,54.99,0,0,,
7308,4178,27,1,29.99,0,0,,
7309,4178,42,1,22.99,0,0,,
7310,4179,94,2,12.99,0,0,,
7311,4180,82,1,10.49,10,0,,
7312,4181,82,1,10.49,0,0,,
7313,4181,138,1,64.99,0,0,,
7314,4182,214,1,14.99,0,0,,
7315,4183,52,1,16.49,0,0,,
7316,4184,119,1,34.99,0,0,,
7317,4185,66,1,69.99,0,0,,
7318,4186,13,1,89.99,0,0,,
7319,4187,135,1,24.99,0,0,,
7320,4187,58,1,16.99,0,0,,
7321,4187,165,1,13.99,0,0,,
7322,4188,134,1,12.99,10,0,,
7323,4189,171,1,29.99,0,0,,
7324,4189,95,1,29.99,0,0,,
7325,4190,12,1,13.49,0,0,,
7326,4191,59,1,9.99,0,0,,
7327,4191,94,1,12.99,0,0,,
7328,4192,163,1,32.99,0,0,,
7329,4192,79,1,54.99,0,0,,
7330,4192,134,1,12.99,0,0,,
7331,4192,153,1,14.99,0,0,,
7332,4193,42,1,22.99,15,0,,
7333,4194,42,1,22.99,0,0,,
7334,4195,156,1,29.99,0,0,,
7335,4195,33,1,34.99,0,0,,
7336,4196,94,1,12.99,0,0,,
7337,4197,152,1,22.99,0,0,,
7338,4198,188,1,27.99,0,0,,
7339,4198,56,1,19.99,0,1,changed_mind,2025-06-24
7340,4198,53,1,94.99,0,1,size_too_small,2025-06-23
7341,4199,41,1,22.99,0,0,,
7342,4199,17,1,12.99,0,0,,
7343,4199,153,1,14.99,0,0,,
7344,4200,114,1,27.99,0,0,,
7345,4201,141,1,24.99,0,0,,
7346,4201,55,1,42.99,0,0,,
7347,4201,32,1,37.99,0,0,,
7348,4202,150,1,15.99,0,0,,
7349,4202,169,1,39.99,0,0,,
7350,4203,13,1,89.99,0,0,,
7351,4203,33,1,34.99,0,0,,
7352,4203,98,1,8.49,0,0,,
7353,4204,153,1,14.99,0,0,,
7354,4205,58,1,16.99,0,0,,
7355,4206,7,1,129.99,10,0,,
7356,4206,169,1,39.99,10,0,,
7357,4207,59,1,9.99,0,0,,
7358,4207,43,1,18.99,0,0,,
7359,4208,98,2,8.49,0,0,,
7360,4209,75,1,42.99,0,0,,
7361,4210,218,1,22.99,0,0,,
7362,4211,191,1,27.99,0,0,,
7363,4211,111,1,18.99,0,1,wrong_item,2025-06-23
7364,4212,144,1,69.99,0,0,,
7365,4212,3,1,209.99,0,0,,
7366,4213,113,1,42.99,0,0,,
7367,4214,125,1,11.99,0,0,,
7368,4215,25,1,22.99,0,0,,
7369,4215,95,1,29.99,0,0,,
7370,4216,21,1,22.99,0,0,,
7371,4216,42,1,22.99,0,0,,
7372,4217,62,1,27.99,0,0,,
7373,4218,148,1,27.99,0,0,,
7374,4218,44,1,69.99,0,0,,
7375,4219,150,1,15.99,0,0,,
7376,4219,170,1,32.99,0,0,,
7377,4219,89,1,29.99,0,0,,
7378,4220,148,1,27.99,10,0,,
7379,4221,79,1,54.99,0,0,,
7380,4221,121,1,27.99,0,0,,
7381,4221,142,1,49.99,0,0,,
7382,4222,175,1,15.99,0,0,,
7383,4223,148,1,27.99,0,0,,
7384,4223,166,1,34.99,0,1,size_too_small,2025-06-27
7385,4223,43,1,18.99,0,0,,
7386,4224,142,1,49.99,0,0,,
7387,4224,59,1,9.99,0,0,,
7388,4224,138,1,64.99,0,0,,
7389,4225,134,1,12.99,0,0,,
7390,4226,147,1,19.99,0,1,arrived_late,2025-06-24
7391,4227,97,1,47.99,0,0,,
7392,4227,17,1,12.99,0,0,,
7393,4228,62,3,27.99,0,0,,
7394,4229,95,1,29.99,0,0,,
7395,4230,191,1,27.99,0,0,,
7396,4230,188,1,27.99,0,0,,
7397,4231,187,1,699.99,0,0,,
7398,4231,145,1,14.99,0,0,,
7399,4232,159,2,29.99,0,0,,
7400,4232,97,1,47.99,0,0,,
7401,4232,34,1,27.99,0,0,,
7402,4233,148,1,27.99,0,0,,
7403,4234,58,1,16.99,0,0,,
7404,4234,59,1,9.99,0,0,,
7405,4235,107,1,8.99,0,0,,
7406,4236,218,1,22.99,0,1,changed_mind,2025-06-25
7407,4237,64,1,10.49,0,0,,
7408,4238,98,1,8.49,0,0,,
7409,4238,119,1,34.99,0,0,,
7410,4238,12,1,13.49,0,0,,
7411,4239,210,1,24.99,0,0,,
7412,4239,117,1,6.49,0,0,,
7413,4239,25,1,22.99,0,0,,
7414,4239,78,2,11.99,0,0,,
7415,4240,12,1,13.49,0,0,,
7416,4241,134,1,12.99,0,0,,
7417,4242,171,1,29.99,0,0,,
7418,4242,111,1,18.99,0,0,,
7419,4242,36,1,12.99,0,0,,
7420,4243,12,1,13.49,10,0,,
7421,4244,153,1,14.99,10,0,,
7422,4245,140,1,10.99,0,0,,
7423,4245,100,1,79.99,0,0,,
7424,4246,30,1,22.99,0,0,,
7425,4247,193,1,149.99,0,0,,
7426,4247,149,1,129.99,20,0,,
7427,4247,134,1,12.99,0,1,changed_mind,2025-06-28
7428,4248,30,1,22.99,0,0,,
7429,4249,58,1,16.99,0,0,,
7430,4250,104,1,54.99,0,0,,
7431,4250,193,1,149.99,0,0,,
7432,4250,98,1,8.49,0,0,,
7433,4251,90,1,39.99,0,0,,
7434,4252,162,1,15.99,0,1,,2025-07-14
7435,4252,148,1,27.99,0,0,,
7436,4252,194,2,10.99,0,0,,
7437,4252,149,1,129.99,20,0,,
7438,4252,134,1,12.99,0,0,,
7439,4253,103,1,19.99,0,0,,
7440,4253,97,1,47.99,0,0,,
7441,4253,86,1,8.99,0,0,,
7442,4254,105,1,34.99,0,0,,
7443,4255,52,1,16.49,0,0,,
7444,4255,134,1,12.99,0,0,,
7445,4256,29,1,34.99,40,0,,
7446,4257,130,1,16.49,0,0,,
7447,4257,112,1,44.99,0,0,,
7448,4258,137,1,89.99,0,0,,
7449,4259,78,1,11.99,10,0,,
7450,4260,94,2,12.99,0,0,,
7451,4260,84,1,29.99,0,0,,
7452,4261,166,1,34.99,0,1,,2025-07-07
7453,4261,205,1,19.99,0,0,,
7454,4262,73,1,49.99,0,0,,
7455,4263,89,1,29.99,0,0,,
7456,4264,112,1,44.99,0,1,changed_mind,2025-06-30
7457,4264,17,1,12.99,0,0,,
7458,4265,116,1,34.99,0,0,,
7459,4266,192,1,22.99,10,0,,
7460,4266,18,1,37.99,10,0,,
7461,4267,98,1,8.49,0,0,,
7462,4267,93,1,13.99,0,0,,
7463,4267,150,1,15.99,0,0,,
7464,4268,126,1,54.99,0,0,,
7465,4268,42,2,22.99,0,0,,
7466,4269,25,2,22.99,10,0,,
7467,4269,58,1,16.99,10,0,,
7468,4270,52,1,16.49,0,0,,
7469,4271,85,1,24.99,0,0,,
7470,4272,170,1,32.99,0,0,,
7471,4272,55,1,42.99,0,0,,
7472,4272,129,1,27.99,0,1,changed_mind,2025-06-29
7473,4273,189,1,34.99,10,0,,
7474,4274,12,1,13.49,10,0,,
7475,4275,88,1,37.99,0,0,,
7476,4276,90,1,39.99,0,1,changed_mind,2025-07-01
7477,4277,203,1,549.99,0,0,,
7478,4277,30,1,22.99,0,0,,
7479,4277,140,1,10.99,0,0,,
7480,4277,72,1,24.99,0,0,,
7481,4278,215,1,18.99,0,0,,
7482,4278,51,1,27.99,0,0,,
7483,4278,125,1,11.99,0,0,,
7484,4279,188,1,27.99,0,0,,
7485,4280,180,2,16.49,0,0,,
7486,4280,111,1,18.99,0,0,,
7487,4280,24,1,32.99,0,0,,
7488,4281,121,1,27.99,0,0,,
7489,4281,204,1,69.99,0,0,,
7490,4282,111,1,18.99,0,0,,
7491,4283,34,1,27.99,0,0,,
7492,4284,62,1,27.99,0,0,,
7493,4285,73,1,49.99,0,0,,
7494,4285,117,1,6.49,0,0,,
7495,4286,94,1,12.99,0,0,,
7496,4287,116,1,34.99,0,0,,
7497,4287,68,1,99.99,0,0,,
7498,4287,39,1,37.99,0,0,,
7499,4288,70,1,14.49,0,0,,
7500,4288,93,1,13.99,0,0,,
7501,4289,147,2,19.99,0,0,,
7502,4289,153,3,14.99,0,0,,
7503,4290,111,1,18.99,0,0,,
7504,4291,4,1,14.99,0,0,,
7505,4292,111,1,18.99,0,0,,
7506,4292,51,1,27.99,0,0,,
7507,4292,64,1,10.49,0,0,,
7508,4293,58,1,16.99,0,0,,
7509,4293,215,1,18.99,0,0,,
7510,4294,41,1,22.99,0,0,,
7511,4295,130,1,16.49,0,0,,
7512,4296,59,1,9.99,0,0,,
7513,4296,196,1,39.99,0,0,,
7514,4296,190,1,11.99,0,0,,
7515,4297,159,1,29.99,0,0,,
7516,4298,124,1,69.99,0,0,,
7517,4298,78,1,11.99,0,0,,
7518,4299,159,1,29.99,0,0,,
7519,4299,148,1,27.99,0,1,size_too_large,2025-06-30
7520,4299,64,1,10.49,0,0,,
7521,4300,108,1,89.99,0,0,,
7522,4301,64,1,10.49,10,0,,
7523,4302,218,1,22.99,0,0,,
7524,4303,97,1,47.99,15,0,,
7525,4304,68,1,99.99,0,0,,
7526,4304,90,1,39.99,0,0,,
7527,4305,84,1,29.99,0,0,,
7528,4305,151,1,24.99,0,0,,
7529,4306,79,1,54.99,0,0,,
7530,4306,133,1,13.99,0,0,,
7531,4306,140,1,10.99,0,0,,
7532,4307,168,1,32.99,0,0,,
7533,4307,79,1,54.99,0,0,,
7534,4308,34,1,27.99,0,0,,
7535,4309,82,2,10.49,0,0,,
7536,4309,66,1,69.99,0,0,,
7537,4309,44,1,69.99,0,0,,
7538,4310,110,1,19.99,0,1,defective,2025-07-01
7539,4310,141,1,24.99,0,0,,
7540,4310,33,1,34.99,0,0,,
7541,4311,187,1,699.99,0,0,,
7542,4311,86,1,8.99,10,0,,
7543,4311,145,1,14.99,10,0,,
7544,4311,72,1,24.99,10,0,,
7545,4312,12,1,13.49,10,0,,
7546,4312,93,2,13.99,10,0,,
7547,4313,62,1,27.99,0,0,,
7548,4314,121,1,27.99,15,0,,
7549,4315,44,1,69.99,0,0,,
7550,4315,188,1,27.99,0,0,,
7551,4316,93,1,13.99,10,0,,
7552,4316,58,1,16.99,10,0,,
7553,4317,17,2,12.99,0,1,changed_mind,2025-07-06
7554,4317,47,1,94.99,0,0,,
7555,4318,99,1,29.99,0,0,,
7556,4319,58,1,16.99,0,0,,
7557,4319,59,2,9.99,0,0,,
7558,4320,111,1,18.99,0,0,,
7559,4321,173,1,99.99,0,0,,
7560,4321,135,1,24.99,0,0,,
7561,4322,68,1,99.99,0,0,,
7562,4323,85,1,24.99,0,0,,
7563,4324,12,1,13.49,0,0,,
7564,4324,111,1,18.99,0,0,,
7565,4325,43,1,18.99,0,0,,
7566,4326,104,2,54.99,0,0,,
7567,4327,159,1,29.99,0,0,,
7568,4327,14,1,24.99,0,0,,
7569,4327,91,1,44.99,0,0,,
7570,4327,90,1,39.99,0,0,,
7571,4328,195,1,12.99,0,0,,
7572,4329,130,1,16.49,0,0,,
7573,4330,129,1,27.99,0,0,,
7574,4330,109,1,44.99,0,1,changed_mind,2025-07-07
7575,4331,11,1,54.99,0,0,,
7576,4332,6,1,59.99,0,0,,
7577,4332,132,1,11.99,0,0,,
7578,4332,129,1,27.99,0,0,,
7579,4333,59,1,9.99,10,0,,
7580,4333,93,1,13.99,10,0,,
7581,4334,34,1,27.99,0,0,,
7582,4334,159,1,29.99,0,0,,
7583,4335,111,1,18.99,0,0,,
7584,4335,210,1,24.99,0,0,,
7585,4336,135,1,24.99,0,1,defective,2025-07-18
7586,4337,56,1,19.99,0,0,,
7587,4338,148,1,27.99,0,0,,
7588,4339,110,1,19.99,0,0,,
7589,4340,150,1,15.99,0,0,,
7590,4340,121,1,27.99,0,1,wrong_item,2025-07-05
7591,4340,50,1,24.99,0,0,,
7592,4341,140,1,10.99,0,0,,
7593,4341,39,1,37.99,0,0,,
7594,4341,134,1,12.99,0,0,,
7595,4342,211,1,34.99,0,0,,
7596,4342,151,1,24.99,0,0,,
7597,4343,58,1,16.99,10,0,,
7598,4344,5,1,49.99,0,0,,
7599,4345,94,1,12.99,0,0,,
7600,4345,42,1,22.99,0,0,,
7601,4346,114,1,27.99,0,1,defective,2025-08-02
7602,4347,84,1,29.99,0,0,,
7603,4347,30,1,22.99,0,0,,
7604,4348,14,1,24.99,10,0,,
7605,4348,122,1,29.99,10,0,,
7606,4349,142,1,49.99,0,0,,
7607,4350,119,1,34.99,0,0,,
7608,4350,90,1,39.99,0,0,,
7609,4350,129,1,27.99,0,1,changed_mind,2025-07-05
7610,4351,86,2,8.99,0,0,,
7611,4351,129,1,27.99,0,0,,
7612,4351,145,1,14.99,0,0,,
7613,4352,86,1,8.99,0,0,,
7614,4352,214,1,14.99,0,0,,
7615,4353,180,1,16.49,0,0,,
7616,4354,47,1,94.99,0,0,,
7617,4354,39,1,37.99,0,0,,
7618,4355,50,1,24.99,0,0,,
7619,4356,119,1,34.99,0,0,,
7620,4357,166,1,34.99,0,0,,
7621,4358,140,1,10.99,0,0,,
7622,4358,125,1,11.99,0,1,changed_mind,2025-07-08
7623,4358,126,1,54.99,0,0,,
7624,4359,121,1,27.99,10,0,,
7625,4360,103,1,19.99,0,0,,
7626,4360,28,1,34.99,0,0,,
7627,4361,95,1,29.99,0,0,,
7628,4361,41,2,22.99,0,0,,
7629,4362,36,1,12.99,0,0,,
7630,4362,147,1,19.99,0,0,,
7631,4363,191,1,27.99,0,0,,
7632,4364,162,1,15.99,0,0,,
7633,4365,165,1,13.99,0,0,,
7634,4366,195,3,12.99,0,1,size_too_small,2025-07-06
7635,4366,75,1,42.99,0,0,,
7636,4367,113,1,42.99,0,0,,
7637,4368,94,1,12.99,20,0,,
7638,4368,9,1,24.99,0,0,,
7639,4369,26,2,14.99,0,0,,
7640,4369,24,1,32.99,0,0,,
7641,4369,91,1,44.99,0,0,,
7642,4370,44,1,69.99,10,0,,
7643,4371,64,3,10.49,10,0,,
7644,4371,166,1,34.99,20,0,,
7645,4372,153,1,14.99,0,0,,
7646,4372,111,1,18.99,0,0,,
7647,4373,58,1,16.99,0,0,,
7648,4374,138,1,64.99,10,1,changed_mind,2025-07-07
7649,4374,208,1,199.99,10,0,,
7650,4374,81,1,179.99,10,0,,
7651,4375,29,1,34.99,40,0,,
7652,4375,103,1,19.99,0,0,,
7653,4375,129,1,27.99,30,0,,
7654,4376,169,1,39.99,15,0,,
7655,4376,42,1,22.99,15,0,,
7656,4377,66,1,69.99,0,0,,
7657,4378,129,1,27.99,30,1,not_as_described,2025-07-11
7658,4379,174,1,22.99,0,0,,
7659,4379,86,1,8.99,0,0,,
7660,4379,7,1,129.99,0,0,,
7661,4380,211,1,34.99,0,0,,
7662,4381,159,1,29.99,0,0,,
7663,4381,117,2,6.49,0,0,,
7664,4381,199,1,89.99,0,0,,
7665,4382,200,1,29.99,0,0,,
7666,4382,169,1,39.99,15,0,,
7667,4382,88,2,37.99,20,0,,
7668,4383,152,1,22.99,25,0,,
7669,4384,50,1,24.99,0,0,,
7670,4385,42,1,22.99,15,0,,
7671,4386,43,1,18.99,50,0,,
7672,4386,93,1,13.99,0,0,,
7673,4387,194,1,10.99,0,0,,
7674,4388,89,1,29.99,0,0,,
7675,4389,16,1,69.99,15,0,,
7676,4389,98,1,8.49,0,0,,
7677,4390,140,1,10.99,0,0,,
7678,4391,215,1,18.99,0,1,changed_mind,2025-07-13
7679,4392,30,1,22.99,0,0,,
7680,4393,155,1,129.99,0,0,,
7681,4394,134,3,12.99,10,0,,
7682,4394,150,1,15.99,10,0,,
7683,4395,220,1,29.99,0,0,,
7684,4396,143,1,19.99,0,0,,
7685,4397,215,1,18.99,0,0,,
7686,4398,175,1,15.99,0,0,,
7687,4399,155,3,129.99,0,0,,
7688,4399,90,1,39.99,20,0,,
7689,4399,185,1,99.99,0,1,changed_mind,2025-07-09
7690,4400,121,1,27.99,15,0,,
7691,4400,184,1,16.99,30,0,,
7692,4400,177,1,64.99,15,0,,
7693,4401,36,1,12.99,10,0,,
7694,4402,111,1,18.99,0,0,,
7695,4402,150,1,15.99,0,0,,
7696,4403,100,1,79.99,0,1,defective,2025-11-14
7697,4403,140,1,10.99,0,0,,
7698,4404,43,1,18.99,50,0,,
7699,4404,175,1,15.99,0,0,,
7700,4405,4,1,14.99,10,0,,
7701,4406,98,1,8.49,0,0,,
7702,4406,73,1,49.99,25,0,,
7703,4407,98,1,8.49,0,0,,
7704,4408,43,1,18.99,50,0,,
7705,4409,129,1,27.99,30,0,,
7706,4410,166,1,34.99,20,1,size_too_large,2025-07-18
7707,4411,150,1,15.99,0,0,,
7708,4412,145,1,14.99,10,0,,
7709,4412,7,1,129.99,10,0,,
7710,4412,49,1,42.99,40,0,,
7711,4413,97,2,47.99,10,0,,
7712,4414,87,1,89.99,15,0,,
7713,4415,30,1,22.99,0,0,,
7714,4416,132,1,11.99,0,0,,
7715,4417,118,1,149.99,20,0,,
7716,4417,150,1,15.99,0,0,,
7717,4417,141,1,24.99,0,0,,
7718,4418,169,1,39.99,15,0,,
7719,4419,140,1,10.99,10,0,,
7720,4420,160,1,149.99,0,0,,
7721,4420,59,2,9.99,0,0,,
7722,4421,58,1,16.99,0,0,,
7723,4422,89,1,29.99,0,0,,
7724,4423,149,1,129.99,20,0,,
7725,4423,50,1,24.99,10,1,not_as_described,2025-07-13
7726,4424,195,1,12.99,10,1,not_as_described,2025-07-09
7727,4424,23,1,37.99,10,0,,
7728,4424,134,1,12.99,10,0,,
7729,4425,12,1,13.49,10,0,,
7730,4426,23,1,37.99,10,0,,
7731,4426,70,2,14.49,10,0,,
7732,4426,215,1,18.99,10,0,,
7733,4426,220,1,29.99,10,0,,
7734,4427,115,1,79.99,10,0,,
7735,4428,211,1,34.99,10,0,,
7736,4429,73,1,49.99,25,0,,
7737,4430,7,1,129.99,0,0,,
7738,4431,43,1,18.99,50,0,,
7739,4431,147,1,19.99,30,0,,
7740,4431,67,1,34.99,0,0,,
7741,4432,89,1,29.99,10,0,,
7742,4432,145,1,14.99,10,0,,
7743,4432,147,1,19.99,30,0,,
7744,4433,88,1,37.99,20,0,,
7745,4433,103,1,19.99,0,0,,
7746,4433,95,1,29.99,0,0,,
7747,4434,166,1,34.99,20,1,,2025-07-14
7748,4434,165,1,13.99,0,0,,
7749,4434,162,1,15.99,15,0,,
7750,4434,74,2,17.49,0,0,,
7751,4435,129,1,27.99,30,1,changed_mind,2025-07-23
7752,4436,34,1,27.99,0,0,,
7753,4437,98,2,8.49,0,0,,
7754,4438,156,1,29.99,20,1,changed_mind,2025-07-13
7755,4438,134,1,12.99,10,0,,
7756,4439,58,1,16.99,0,0,,
7757,4440,198,1,39.99,0,0,,
7758,4440,155,1,129.99,0,0,,
7759,4441,129,1,27.99,30,0,,
7760,4441,43,1,18.99,50,0,,
7761,4441,119,1,34.99,15,0,,
7762,4442,113,1,42.99,20,1,size_too_large,2025-07-10
7763,4442,148,1,27.99,20,0,,
7764,4443,92,2,24.99,0,0,,
7765,4443,59,1,9.99,0,0,,
7766,4444,70,1,14.49,0,0,,
7767,4444,134,1,12.99,0,0,,
7768,4445,1,1,19.99,0,0,,
7769,4445,148,1,27.99,20,0,,
7770,4445,129,1,27.99,30,0,,
7771,4446,50,1,24.99,0,0,,
7772,4446,25,1,22.99,0,0,,
7773,4446,36,1,12.99,0,0,,
7774,4447,198,1,39.99,0,0,,
7775,4447,214,1,14.99,0,0,,
7776,4448,111,1,18.99,0,0,,
7777,4448,68,1,99.99,0,0,,
7778,4449,191,1,27.99,0,1,,2025-07-26
7779,4450,153,1,14.99,10,0,,
7780,4451,153,1,14.99,0,0,,
7781,4452,211,1,34.99,10,0,,
7782,4452,212,1,39.99,10,0,,
7783,4453,122,1,29.99,10,0,,
7784,4454,129,1,27.99,30,0,,
7785,4454,214,1,14.99,0,0,,
7786,4455,58,1,16.99,10,0,,
7787,4455,59,1,9.99,10,0,,
7788,4456,170,1,32.99,0,0,,
7789,4457,70,1,14.49,0,0,,
7790,4458,120,1,89.99,0,0,,
7791,4458,47,1,94.99,0,0,,
7792,4459,86,1,8.99,0,0,,
7793,4460,88,1,37.99,20,0,,
7794,4460,93,1,13.99,0,0,,
7795,4460,164,1,29.99,0,0,,
7796,4461,17,2,12.99,15,0,,
7797,4461,190,1,11.99,0,0,,
7798,4462,58,1,16.99,10,0,,
7799,4463,4,1,14.99,0,0,,
7800,4463,90,1,39.99,20,0,,
7801,4464,43,1,18.99,50,0,,
7802,4464,4,2,14.99,10,1,changed_mind,2025-07-12
7803,4464,135,1,24.99,10,0,,
7804,4465,176,1,999.99,0,0,,
7805,4466,190,1,11.99,0,0,,
7806,4466,17,1,12.99,15,0,,
7807,4467,169,1,39.99,15,0,,
7808,4468,134,1,12.99,0,1,not_as_described,2025-07-13
7809,4469,63,1,89.99,30,0,,
7810,4469,129,1,27.99,30,0,,
7811,4470,99,1,29.99,0,0,,
7812,4470,41,1,22.99,0,0,,
7813,4471,85,1,24.99,0,1,not_as_described,2025-07-18
7814,4471,9,1,24.99,15,0,,
7815,4471,132,1,11.99,0,0,,
7816,4472,84,1,29.99,0,0,,
7817,4472,96,1,34.99,0,0,,
7818,4473,148,1,27.99,20,0,,
7819,4474,52,1,16.49,20,0,,
7820,4474,148,1,27.99,20,0,,
7821,4475,70,2,14.49,0,0,,
7822,4475,148,1,27.99,20,1,changed_mind,2025-07-17
7823,4476,152,1,22.99,0,0,,
7824,4477,113,1,42.99,20,0,,
7825,4478,80,1,69.99,0,1,size_too_small,2025-07-16
7826,4479,93,1,13.99,15,0,,
7827,4480,1,1,19.99,0,0,,
7828,4481,43,1,18.99,50,1,changed_mind,2025-07-17
7829,4482,66,1,69.99,0,0,,
7830,4482,143,1,19.99,0,0,,
7831,4483,142,1,49.99,0,0,,
7832,4484,36,1,12.99,10,0,,
7833,4485,148,1,27.99,20,0,,
7834,4486,111,1,18.99,0,0,,
7835,4487,142,2,49.99,0,0,,
7836,4487,135,1,24.99,0,0,,
7837,4488,20,1,32.99,0,0,,
7838,4489,169,1,39.99,15,0,,
7839,4490,100,1,79.99,0,0,,
7840,4491,116,1,34.99,0,0,,
7841,4491,33,1,34.99,0,0,,
7842,4492,5,1,49.99,0,0,,
7843,4493,132,1,11.99,0,0,,
7844,4493,191,2,27.99,0,0,,
7845,4494,18,1,37.99,50,0,,
7846,4494,153,1,14.99,0,0,,
7847,4494,43,1,18.99,50,0,,
7848,4495,214,1,14.99,0,0,,
7849,4495,154,1,32.99,20,0,,
7850,4496,24,1,32.99,0,0,,
7851,4497,89,1,29.99,0,0,,
7852,4497,90,1,39.99,20,0,,
7853,4498,147,1,19.99,30,0,,
7854,4499,82,1,10.49,10,0,,
7855,4499,169,1,39.99,15,0,,
7856,4500,132,1,11.99,0,1,arrived_late,2025-07-20
7857,4500,165,1,13.99,0,0,,
7858,4501,62,1,27.99,0,0,,
7859,4502,82,1,10.49,0,0,,
7860,4503,58,1,16.99,10,0,,
7861,4504,152,1,22.99,0,1,not_as_described,2025-07-28
7862,4504,121,1,27.99,0,0,,
7863,4504,158,1,29.99,0,0,,
7864,4505,126,1,54.99,0,0,,
7865,4506,14,1,24.99,0,0,,
7866,4507,125,1,11.99,40,1,size_too_small,2025-07-18
7867,4508,154,1,32.99,20,0,,
7868,4509,1,1,19.99,0,0,,
7869,4510,144,1,69.99,30,0,,
7870,4510,177,1,64.99,0,0,,
7871,4510,125,2,11.99,40,0,,
7872,4511,141,1,24.99,0,0,,
7873,4511,58,1,16.99,0,0,,
7874,4511,150,1,15.99,0,0,,
7875,4511,96,1,34.99,0,0,,
7876,4511,140,1,10.99,0,0,,
7877,4512,50,1,24.99,0,0,,
7878,4512,152,1,22.99,0,0,,
7879,4513,63,1,89.99,30,0,,
7880,4514,167,1,47.99,0,0,,
7881,4514,64,1,10.49,0,0,,
7882,4515,51,1,27.99,0,0,,
7883,4515,24,1,32.99,0,0,,
7884,4516,141,1,24.99,0,0,,
7885,4517,17,1,12.99,15,0,,
7886,4518,58,1,16.99,0,0,,
7887,4519,17,1,12.99,15,0,,
7888,4519,121,1,27.99,0,0,,
7889,4519,73,1,49.99,25,0,,
7890,4519,159,1,29.99,0,0,,
7891,4519,126,2,54.99,0,1,,2025-07-19
7892,4519,119,1,34.99,15,0,,
7893,4520,83,1,27.99,0,0,,
7894,4520,12,1,13.49,0,0,,
7895,4521,129,1,27.99,30,0,,
7896,4522,165,1,13.99,0,0,,
7897,4523,43,1,18.99,50,0,,
7898,4524,88,1,37.99,20,0,,
7899,4524,33,1,34.99,0,0,,
7900,4524,39,1,37.99,0,1,changed_mind,2025-07-19
7901,4525,36,1,12.99,0,0,,
7902,4525,184,1,16.99,30,0,,
7903,4526,141,1,24.99,0,0,,
7904,4526,85,2,24.99,0,0,,
7905,4527,134,1,12.99,0,0,,
7906,4528,148,1,27.99,20,1,size_too_small,2025-07-24
7907,4528,191,1,27.99,0,0,,
7908,4529,199,1,89.99,0,0,,
7909,4530,50,1,24.99,0,0,,
7910,4531,43,1,18.99,50,0,,
7911,4532,122,1,29.99,10,0,,
7912,4532,17,1,12.99,15,0,,
7913,4532,134,1,12.99,10,0,,
7914,4532,115,1,79.99,10,0,,
7915,4532,125,1,11.99,40,0,,
7916,4532,50,1,24.99,10,0,,
7917,4533,159,1,29.99,0,0,,
7918,4534,166,1,34.99,20,0,,
7919,4535,148,1,27.99,20,0,,
7920,4536,153,1,14.99,0,0,,
7921,4536,134,1,12.99,0,0,,
7922,4537,129,1,27.99,30,0,,
7923,4537,124,1,69.99,0,1,size_too_small,2025-07-23
7924,4538,89,1,29.99,0,0,,
7925,4539,126,1,54.99,0,0,,
7926,4539,42,1,22.99,15,0,,
7927,4539,151,1,24.99,15,0,,
7928,4540,206,1,19.99,0,0,,
7929,4541,43,1,18.99,50,0,,
7930,4542,114,1,27.99,0,0,,
7931,4542,32,1,37.99,0,0,,
7932,4542,153,1,14.99,0,0,,
7933,4543,220,1,29.99,10,0,,
7934,4543,190,1,11.99,10,0,,
7935,4543,145,1,14.99,10,0,,
7936,4543,129,2,27.99,30,0,,
7937,4543,219,1,39.99,10,0,,
7938,4543,140,1,10.99,10,0,,
7939,4544,42,1,22.99,15,0,,
7940,4545,200,1,29.99,0,0,,
7941,4545,134,1,12.99,0,0,,
7942,4546,137,1,89.99,0,0,,
7943,4547,66,1,69.99,0,0,,
7944,4547,73,1,49.99,25,0,,
7945,4548,111,1,18.99,10,0,,
7946,4548,158,1,29.99,10,0,,
7947,4549,129,1,27.99,30,1,size_too_large,2025-07-25
7948,4550,140,1,10.99,10,0,,
7949,4550,199,1,89.99,10,0,,
7950,4551,148,1,27.99,20,1,size_too_large,2025-07-21
7951,4551,107,1,8.99,10,0,,
7952,4552,112,1,44.99,0,0,,
7953,4553,116,1,34.99,15,0,,
7954,4554,111,1,18.99,0,0,,
7955,4555,88,1,37.99,20,0,,
7956,4555,104,1,54.99,0,0,,
7957,4556,42,1,22.99,15,0,,
7958,4557,111,1,18.99,0,0,,
7959,4558,82,1,10.49,0,0,,
7960,4559,173,1,99.99,0,0,,
7961,4560,164,1,29.99,0,0,,
7962,4561,85,1,24.99,10,0,,
7963,4562,142,1,49.99,10,0,,
7964,4562,44,1,69.99,10,0,,
7965,4563,98,1,8.49,0,0,,
7966,4564,98,1,8.49,10,0,,
7967,4565,18,1,37.99,50,0,,
7968,4565,29,1,34.99,40,0,,
7969,4565,140,1,10.99,0,1,wrong_item,2025-07-27
7970,4566,148,1,27.99,20,0,,
7971,4566,129,1,27.99,30,0,,
7972,4567,119,1,34.99,15,0,,
7973,4568,13,1,89.99,0,0,,
7974,4569,58,1,16.99,0,0,,
7975,4569,42,2,22.99,15,0,,
7976,4570,25,1,22.99,0,0,,
7977,4571,211,1,34.99,10,0,,
7978,4572,132,2,11.99,0,0,,
7979,4572,146,1,21.99,0,0,,
7980,4572,150,1,15.99,0,0,,
7981,4573,52,1,16.49,20,0,,
7982,4574,183,1,59.99,20,1,size_too_small,2025-07-26
7983,4574,52,1,16.49,20,0,,
7984,4575,42,1,22.99,15,0,,
7985,4575,199,1,89.99,10,0,,
7986,4576,119,1,34.99,15,0,,
7987,4576,12,1,13.49,0,0,,
7988,4576,58,1,16.99,0,0,,
7989,4577,194,1,10.99,10,0,,
7990,4577,130,1,16.49,10,0,,
7991,4578,7,1,129.99,0,0,,
7992,4579,165,2,13.99,0,0,,
7993,4579,179,1,49.99,0,0,,
7994,4580,147,1,19.99,30,0,,
7995,4581,43,1,18.99,50,0,,
7996,4581,148,1,27.99,20,0,,
7997,4582,111,1,18.99,10,0,,
7998,4583,43,1,18.99,50,0,,
7999,4583,123,1,49.99,0,0,,
8000,4583,139,1,32.99,0,0,,
8001,4584,153,1,14.99,10,0,,
8002,4585,137,1,89.99,0,0,,
8003,4585,165,1,13.99,0,0,,
8004,4585,93,1,13.99,0,0,,
8005,4585,154,1,32.99,20,0,,
8006,4586,94,1,12.99,10,0,,
8007,4586,126,1,54.99,10,0,,
8008,4587,104,1,54.99,10,0,,
8009,4587,98,1,8.49,10,0,,
8010,4588,42,1,22.99,15,0,,
8011,4588,97,1,47.99,0,0,,
8012,4588,155,1,129.99,0,0,,
8013,4589,198,1,39.99,0,0,,
8014,4589,72,1,24.99,0,0,,
8015,4589,62,1,27.99,0,0,,
8016,4590,74,1,17.49,0,0,,
8017,4591,148,1,27.99,20,1,not_as_described,2025-07-25
8018,4592,105,1,34.99,10,0,,
8019,4593,59,1,9.99,0,0,,
8020,4593,194,1,10.99,0,0,,
8021,4593,30,1,22.99,0,0,,
8022,4594,58,1,16.99,0,0,,
8023,4595,93,1,13.99,0,0,,
8024,4596,103,1,19.99,0,0,,
8025,4597,158,1,29.99,0,0,,
8026,4598,89,1,29.99,10,0,,
8027,4598,109,1,44.99,10,0,,
8028,4599,145,1,14.99,10,1,arrived_late,2025-07-30
8029,4599,82,1,10.49,10,0,,
8030,4600,111,1,18.99,0,0,,
8031,4601,95,1,29.99,10,0,,
8032,4602,28,1,34.99,0,0,,
8033,4603,33,1,34.99,0,0,,
8034,4604,154,1,32.99,20,1,size_too_small,2025-07-26
8035,4605,129,1,27.99,30,1,changed_mind,2025-07-26
8036,4605,208,1,199.99,25,1,changed_mind,2025-07-27
8037,4606,151,1,24.99,0,0,,
8038,4606,58,1,16.99,0,0,,
8039,4606,42,1,22.99,15,0,,
8040,4607,58,1,16.99,0,1,not_as_described,2025-07-25
8041,4607,43,1,18.99,50,0,,
8042,4608,121,1,27.99,0,0,,
8043,4609,93,1,13.99,15,1,changed_mind,2025-07-27
8044,4609,58,1,16.99,15,0,,
8045,4610,208,1,199.99,25,0,,
8046,4610,129,1,27.99,30,1,size_too_small,2025-07-26
8047,4611,159,1,29.99,0,0,,
8048,4612,97,1,47.99,10,0,,
8049,4612,7,1,129.99,10,0,,
8050,4613,190,1,11.99,0,0,,
8051,4614,193,1,149.99,10,0,,
8052,4614,14,1,24.99,10,0,,
8053,4615,145,1,14.99,0,0,,
8054,4616,129,1,27.99,30,0,,
8055,4616,82,1,10.49,0,0,,
8056,4617,25,1,22.99,10,0,,
8057,4618,176,1,999.99,0,0,,
8058,4618,141,2,24.99,0,0,,
8059,4619,204,1,69.99,0,1,not_as_described,2025-07-28
8060,4619,150,1,15.99,0,0,,
8061,4619,123,1,49.99,0,0,,
8062,4620,141,1,24.99,0,0,,
8063,4621,83,2,27.99,0,0,,
8064,4621,158,2,29.99,0,0,,
8065,4622,111,1,18.99,0,0,,
8066,4622,41,1,22.99,0,0,,
8067,4622,64,1,10.49,0,0,,
8068,4623,180,1,16.49,0,0,,
8069,4623,147,1,19.99,30,0,,
8070,4624,43,1,18.99,50,0,,
8071,4625,13,1,89.99,0,0,,
8072,4625,164,1,29.99,0,0,,
8073,4626,88,1,37.99,20,0,,
8074,4627,57,1,19.99,0,0,,
8075,4627,47,1,94.99,0,0,,
8076,4628,121,1,27.99,0,0,,
8077,4629,80,1,69.99,0,0,,
8078,4629,156,1,29.99,20,0,,
8079,4630,64,1,10.49,0,0,,
8080,4631,188,1,27.99,0,0,,
8081,4631,166,1,34.99,20,0,,
8082,4632,127,1,69.99,0,0,,
8083,4633,111,1,18.99,0,0,,
8084,4633,7,1,129.99,0,0,,
8085,4634,43,1,18.99,50,0,,
8086,4634,129,1,27.99,30,0,,
8087,4635,129,1,27.99,30,0,,
8088,4635,113,1,42.99,20,1,size_too_large,2025-07-29
8089,4636,100,1,79.99,0,0,,
8090,4637,126,1,54.99,0,0,,
8091,4638,70,1,14.49,0,0,,
8092,4639,189,2,34.99,0,0,,
8093,4640,148,1,27.99,20,0,,
8094,4641,129,1,27.99,30,0,,
8095,4641,119,1,34.99,15,0,,
8096,4642,199,1,89.99,0,0,,
8097,4643,90,1,39.99,20,0,,
8098,4644,129,1,27.99,30,1,size_too_small,2025-08-17
8099,4645,137,1,89.99,0,0,,
8100,4646,190,1,11.99,0,0,,
8101,4646,12,1,13.49,0,0,,
8102,4647,98,1,8.49,0,0,,
8103,4647,33,1,34.99,0,0,,
8104,4647,196,1,39.99,15,0,,
8105,4647,115,1,79.99,0,0,,
8106,4648,129,1,27.99,30,0,,
8107,4648,43,1,18.99,50,0,,
8108,4648,52,1,16.49,20,0,,
8109,4648,142,1,49.99,0,0,,
8110,4649,28,1,34.99,0,0,,
8111,4650,214,2,14.99,0,0,,
8112,4651,106,1,259.99,0,0,,
8113,4651,50,1,24.99,0,0,,
8114,4652,166,1,34.99,20,0,,
8115,4653,117,1,6.49,0,0,,
8116,4653,155,1,129.99,0,0,,
8117,4654,154,1,32.99,20,1,size_too_large,2025-08-01
8118,4654,24,1,32.99,0,0,,
8119,4655,58,1,16.99,0,1,changed_mind,2025-08-02
8120,4655,18,1,37.99,50,0,,
8121,4655,153,1,14.99,0,1,changed_mind,2025-08-02
8122,4656,63,1,89.99,30,0,,
8123,4657,79,1,54.99,0,1,not_as_described,2025-08-03
8124,4657,77,1,49.99,0,0,,
8125,4657,180,1,16.49,0,0,,
8126,4657,152,1,22.99,0,0,,
8127,4658,97,1,47.99,0,0,,
8128,4658,132,1,11.99,0,1,not_as_described,2025-07-31
8129,4659,98,1,8.49,15,0,,
8130,4659,77,1,49.99,15,0,,
8131,4659,113,1,42.99,20,0,,
8132,4660,140,2,10.99,0,0,,
8133,4661,167,1,47.99,0,1,not_as_described,2025-08-04
8134,4661,14,1,24.99,0,0,,
8135,4662,23,1,37.99,20,0,,
8136,4662,154,1,32.99,20,0,,
8137,4663,129,1,27.99,30,0,,
8138,4664,85,1,24.99,10,0,,
8139,4664,28,1,34.99,10,0,,
8140,4664,156,1,29.99,20,0,,
8141,4665,132,1,11.99,0,0,,
8142,4666,90,1,39.99,20,0,,
8143,4667,43,1,18.99,50,0,,
8144,4668,140,1,10.99,0,0,,
8145,4668,22,1,99.99,0,0,,
8146,4669,175,1,15.99,15,1,size_too_large,2025-08-04
8147,4670,41,1,22.99,10,0,,
8148,4671,32,1,37.99,0,0,,
8149,4672,107,1,8.99,10,0,,
8150,4672,28,1,34.99,10,0,,
8151,4672,43,1,18.99,50,0,,
8152,4672,190,1,11.99,10,0,,
8153,4673,161,1,74.99,0,0,,
8154,4674,101,1,39.99,0,0,,
8155,4674,140,1,10.99,0,0,,
8156,4675,141,1,24.99,0,0,,
8157,4675,140,1,10.99,0,0,,
8158,4676,25,1,22.99,20,0,,
8159,4677,78,1,11.99,0,0,,
8160,4678,52,1,16.49,20,0,,
8161,4678,73,1,49.99,25,0,,
8162,4678,9,1,24.99,15,0,,
8163,4679,73,1,49.99,25,0,,
8164,4679,90,1,39.99,20,0,,
8165,4679,98,1,8.49,0,0,,
8166,4680,87,1,89.99,15,0,,
8167,4680,89,1,29.99,0,0,,
8168,4681,208,1,199.99,0,0,,
8169,4681,150,1,15.99,0,0,,
8170,4682,134,1,12.99,0,0,,
8171,4682,58,1,16.99,0,0,,
8172,4682,211,1,34.99,0,0,,
8173,4683,97,1,47.99,0,1,defective,2025-09-20
8174,4684,24,1,32.99,0,0,,
8175,4684,95,1,29.99,0,0,,
8176,4684,91,1,44.99,0,0,,
8177,4685,59,2,9.99,0,0,,
8178,4685,194,1,10.99,0,0,,
8179,4686,129,1,27.99,30,0,,
8180,4687,92,1,24.99,0,0,,
8181,4688,129,1,27.99,30,0,,
8182,4689,200,1,29.99,0,0,,
8183,4689,100,3,79.99,0,0,,
8184,4689,7,1,129.99,0,0,,
8185,4690,119,1,34.99,15,1,changed_mind,2025-08-04
8186,4691,174,1,22.99,0,0,,
8187,4691,98,1,8.49,0,0,,
8188,4692,103,1,19.99,0,0,,
8189,4693,111,1,18.99,0,0,,
8190,4694,100,1,79.99,0,0,,
8191,4694,82,1,10.49,0,0,,
8192,4694,58,1,16.99,0,0,,
8193,4695,52,1,16.49,20,0,,
8194,4695,146,1,21.99,0,0,,
8195,4695,155,1,129.99,0,0,,
8196,4695,89,1,29.99,0,0,,
8197,4695,73,1,49.99,25,0,,
8198,4696,43,1,18.99,50,0,,
8199,4696,111,1,18.99,10,0,,
8200,4697,31,1,27.99,0,0,,
8201,4697,156,1,29.99,0,0,,
8202,4698,183,1,59.99,0,0,,
8203,4698,170,1,32.99,0,0,,
8204,4698,104,1,54.99,0,0,,
8205,4699,156,1,29.99,10,0,,
8206,4699,79,1,54.99,10,1,changed_mind,2025-08-14
8207,4700,191,1,27.99,0,0,,
8208,4701,117,1,6.49,0,0,,
8209,4702,149,1,129.99,20,0,,
8210,4703,159,1,29.99,0,0,,
8211,4704,143,1,19.99,0,0,,
8212,4704,130,1,16.49,0,0,,
8213,4704,165,1,13.99,0,0,,
8214,4705,119,1,34.99,0,0,,
8215,4705,176,1,999.99,0,0,,
8216,4705,31,1,27.99,0,0,,
8217,4706,97,1,47.99,0,0,,
8218,4706,126,1,54.99,0,0,,
8219,4707,64,1,10.49,0,0,,
8220,4708,78,1,11.99,0,0,,
8221,4709,209,1,69.99,10,1,defective,2025-08-20
8222,4710,90,1,39.99,0,0,,
8223,4711,66,1,69.99,0,0,,
8224,4712,79,1,54.99,10,1,size_too_small,2025-08-09
8225,4712,107,1,8.99,10,0,,
8226,4713,93,1,13.99,0,0,,
8227,4713,58,1,16.99,0,0,,
8228,4714,98,1,8.49,0,0,,
8229,4715,170,1,32.99,0,0,,
8230,4716,8,1,13.99,0,0,,
8231,4717,171,1,29.99,10,0,,
8232,4717,130,1,16.49,10,0,,
8233,4717,24,1,32.99,10,0,,
8234,4718,30,1,22.99,10,0,,
8235,4719,180,1,16.49,0,0,,
8236,4720,125,1,11.99,0,1,changed_mind,2025-08-12
8237,4720,145,1,14.99,0,0,,
8238,4721,81,1,179.99,10,0,,
8239,4721,180,1,16.49,10,0,,
8240,4722,213,1,99.99,0,0,,
8241,4723,93,1,13.99,15,0,,
8242,4723,148,1,27.99,15,1,size_too_large,2025-08-18
8243,4723,58,1,16.99,15,0,,
8244,4723,158,1,29.99,15,0,,
8245,4724,193,1,149.99,10,0,,
8246,4725,86,3,8.99,0,0,,
8247,4726,66,1,69.99,0,0,,
8248,4727,145,1,14.99,0,0,,
8249,4728,156,1,29.99,0,0,,
8250,4728,79,1,54.99,0,1,size_too_small,2025-08-08
8251,4729,200,1,29.99,0,0,,
8252,4730,110,1,19.99,0,0,,
8253,4731,217,1,44.99,0,0,,
8254,4731,39,1,37.99,0,0,,
8255,4732,51,1,27.99,0,0,,
8256,4732,73,1,49.99,0,0,,
8257,4733,148,1,27.99,0,0,,
8258,4734,103,1,19.99,0,0,,
8259,4735,33,1,34.99,0,0,,
8260,4735,59,2,9.99,0,0,,
8261,4735,30,1,22.99,0,0,,
8262,4735,96,1,34.99,0,0,,
8263,4736,195,1,12.99,0,1,size_too_large,2025-08-12
8264,4737,148,1,27.99,0,0,,
8265,4737,115,1,79.99,30,0,,
8266,4738,139,1,32.99,10,0,,
8267,4738,8,1,13.99,10,0,,
8268,4739,26,1,14.99,10,0,,
8269,4740,129,1,27.99,0,0,,
8270,4741,159,1,29.99,10,0,,
8271,4742,206,1,19.99,0,0,,
8272,4742,33,1,34.99,0,0,,
8273,4742,58,1,16.99,0,0,,
8274,4743,134,1,12.99,0,1,defective,2025-08-13
8275,4744,24,1,32.99,0,0,,
8276,4744,133,1,13.99,0,0,,
8277,4744,185,1,99.99,0,0,,
8278,4745,164,1,29.99,0,0,,
8279,4746,165,1,13.99,0,0,,
8280,4746,159,1,29.99,0,0,,
8281,4747,111,1,18.99,0,0,,
8282,4747,33,1,34.99,0,0,,
8283,4747,214,2,14.99,0,0,,
8284,4748,8,1,13.99,0,0,,
8285,4748,39,1,37.99,0,0,,
8286,4749,42,1,22.99,0,0,,
8287,4750,170,1,32.99,25,0,,
8288,4750,41,1,22.99,10,0,,
8289,4750,52,1,16.49,10,0,,
8290,4751,113,1,42.99,10,0,,
8291,4752,145,1,14.99,0,0,,
8292,4753,52,1,16.49,10,0,,
8293,4754,148,1,27.99,0,0,,
8294,4754,111,1,18.99,0,0,,
8295,4754,116,1,34.99,0,0,,
8296,4755,154,1,32.99,0,0,,
8297,4755,145,2,14.99,0,0,,
8298,4755,137,1,89.99,0,0,,
8299,4756,139,1,32.99,0,0,,
8300,4756,8,2,13.99,0,0,,
8301,4757,165,1,13.99,0,0,,
8302,4758,98,1,8.49,0,0,,
8303,4759,163,1,32.99,0,0,,
8304,4759,159,1,29.99,0,0,,
8305,4759,79,1,54.99,0,0,,
8306,4759,140,1,10.99,0,1,defective,2025-08-15
8307,4760,34,1,27.99,0,0,,
8308,4760,42,1,22.99,0,0,,
8309,4761,145,1,14.99,0,0,,
8310,4761,134,1,12.99,0,0,,
8311,4762,42,1,22.99,0,0,,
8312,4762,199,1,89.99,0,0,,
8313,4763,134,1,12.99,10,0,,
8314,4763,97,1,47.99,10,0,,
8315,4764,126,1,54.99,10,0,,
8316,4765,70,2,14.49,10,0,,
8317,4765,166,1,34.99,10,1,not_as_described,2025-08-14
8318,4766,98,1,8.49,0,0,,
8319,4767,191,1,27.99,0,0,,
8320,4767,187,1,699.99,0,0,,
8321,4768,129,1,27.99,0,0,,
8322,4768,218,1,22.99,0,0,,
8323,4769,189,1,34.99,0,0,,
8324,4769,120,1,89.99,0,0,,
8325,4769,72,1,24.99,0,0,,
8326,4770,59,2,9.99,0,0,,
8327,4770,113,1,42.99,0,0,,
8328,4771,47,1,94.99,0,0,,
8329,4772,125,1,11.99,0,0,,
8330,4772,80,1,69.99,0,0,,
8331,4773,41,1,22.99,0,0,,
8332,4774,122,1,29.99,0,0,,
8333,4774,153,1,14.99,0,0,,
8334,4774,148,1,27.99,0,0,,
8335,4774,190,1,11.99,0,0,,
8336,4775,90,1,39.99,10,0,,
8337,4776,95,1,29.99,0,0,,
8338,4776,17,1,12.99,0,0,,
8339,4777,139,2,32.99,10,0,,
8340,4778,143,1,19.99,10,0,,
8341,4778,96,1,34.99,10,0,,
8342,4778,64,1,10.49,10,0,,
8343,4779,109,1,44.99,0,0,,
8344,4779,125,1,11.99,0,0,,
8345,4780,144,1,69.99,0,1,not_as_described,2025-08-17
8346,4781,198,1,39.99,10,0,,
8347,4782,98,1,8.49,0,0,,
8348,4782,148,1,27.99,0,0,,
8349,4783,135,1,24.99,0,0,,
8350,4784,165,1,13.99,0,0,,
8351,4785,143,1,19.99,0,0,,
8352,4786,41,1,22.99,0,0,,
8353,4787,158,1,29.99,0,0,,
8354,4788,195,1,12.99,0,0,,
8355,4789,62,1,27.99,0,0,,
8356,4790,18,1,37.99,10,0,,
8357,4791,200,2,29.99,0,0,,
8358,4792,33,1,34.99,0,0,,
8359,4792,67,1,34.99,0,0,,
8360,4792,28,1,34.99,0,0,,
8361,4793,12,1,13.49,0,0,,
8362,4794,215,1,18.99,0,0,,
8363,4795,9,1,24.99,0,0,,
8364,4795,36,1,12.99,0,0,,
8365,4795,103,1,19.99,0,0,,
8366,4796,53,1,94.99,10,0,,
8367,4797,196,1,39.99,10,0,,
8368,4798,80,1,69.99,0,1,,2025-08-18
8369,4798,125,1,11.99,0,0,,
8370,4799,70,1,14.49,0,0,,
8371,4799,59,1,9.99,0,0,,
8372,4800,155,1,129.99,0,0,,
8373,4800,89,1,29.99,0,1,defective,2025-09-01
8374,4801,107,1,8.99,0,0,,
8375,4802,65,1,34.99,0,0,,
8376,4802,119,1,34.99,0,0,,
8377,4803,147,1,19.99,0,1,size_too_small,2025-08-17
8378,4804,134,1,12.99,10,0,,
8379,4805,177,1,64.99,0,0,,
8380,4806,185,1,99.99,0,1,changed_mind,2025-08-16
8381,4806,17,2,12.99,0,0,,
8382,4807,211,1,34.99,0,0,,
8383,4807,83,1,29.99,0,0,,
8384,4807,8,1,13.99,0,0,,
8385,4808,4,1,14.99,0,0,,
8386,4809,168,1,32.99,0,0,,
8387,4809,65,1,34.99,0,1,changed_mind,2025-08-19
8388,4810,129,1,27.99,0,0,,
8389,4811,34,1,27.99,0,0,,
8390,4812,167,1,47.99,0,0,,
8391,4812,91,1,44.99,0,0,,
8392,4812,165,1,13.99,0,0,,
8393,4813,134,2,12.99,0,0,,
8394,4814,58,1,16.99,0,0,,
8395,4814,36,1,12.99,0,0,,
8396,4814,83,1,29.99,0,0,,
8397,4814,158,1,29.99,0,0,,
8398,4815,129,1,27.99,0,0,,
8399,4815,188,1,27.99,0,0,,
8400,4816,33,1,34.99,15,0,,
8401,4816,95,1,29.99,10,0,,
8402,4817,98,1,8.49,0,0,,
8403,4818,58,1,16.99,0,0,,
8404,4819,89,1,29.99,10,0,,
8405,4819,56,1,19.99,10,0,,
8406,4819,62,1,27.99,10,0,,
8407,4820,98,1,8.49,0,0,,
8408,4821,94,1,12.99,10,0,,
8409,4822,164,1,29.99,0,0,,
8410,4822,171,1,29.99,0,0,,
8411,4823,108,1,89.99,0,0,,
8412,4824,134,1,12.99,20,0,,
8413,4825,52,1,16.49,0,1,defective,2025-08-24
8414,4826,82,2,10.49,0,0,,
8415,4827,130,1,16.49,0,0,,
8416,4828,215,1,18.99,0,0,,
8417,4828,89,1,29.99,0,0,,
8418,4828,153,1,14.99,20,0,,
8419,4829,153,1,14.99,20,0,,
8420,4830,88,1,37.99,0,0,,
8421,4830,45,1,32.99,0,0,,
8422,4831,51,1,27.99,0,0,,
8423,4831,26,1,14.99,0,0,,
8424,4832,123,1,49.99,0,0,,
8425,4833,90,1,39.99,0,0,,
8426,4834,39,1,37.99,0,0,,
8427,4835,134,1,12.99,20,0,,
8428,4836,162,1,15.99,10,0,,
8429,4837,158,1,29.99,0,0,,
8430,4837,41,1,22.99,0,0,,
8431,4838,98,1,8.49,0,0,,
8432,4839,82,2,10.49,0,0,,
8433,4839,8,1,13.99,0,0,,
8434,4840,160,1,149.99,0,1,changed_mind,2025-08-19
8435,4841,117,1,6.49,0,0,,
8436,4841,111,1,18.99,0,0,,
8437,4842,33,1,34.99,15,0,,
8438,4842,30,1,22.99,0,0,,
8439,4842,145,1,14.99,0,0,,
8440,4842,141,1,24.99,0,0,,
8441,4843,111,1,18.99,0,0,,
8442,4843,141,1,24.99,0,0,,
8443,4843,24,1,32.99,0,0,,
8444,4843,95,1,29.99,0,0,,
8445,4844,142,1,49.99,15,1,not_as_described,2025-08-22
8446,4844,213,1,99.99,15,0,,
8447,4844,195,1,12.99,15,0,,
8448,4844,218,1,22.99,15,0,,
8449,4844,129,1,27.99,15,0,,
8450,4844,145,1,14.99,15,0,,
8451,4845,88,2,37.99,15,0,,
8452,4846,179,1,49.99,0,0,,
8453,4846,218,1,22.99,0,1,not_as_described,2025-08-23
8454,4847,82,3,10.49,0,0,,
8455,4848,124,1,69.99,0,0,,
8456,4848,96,1,34.99,0,0,,
8457,4849,159,1,29.99,10,0,,
8458,4849,178,1,129.99,30,0,,
8459,4849,138,1,64.99,10,0,,
8460,4850,13,1,89.99,0,0,,
8461,4851,106,1,259.99,0,0,,
8462,4851,30,1,22.99,0,0,,
8463,4852,147,1,19.99,0,0,,
8464,4853,129,1,27.99,0,0,,
8465,4854,154,1,32.99,10,0,,
8466,4854,125,1,11.99,10,0,,
8467,4855,116,1,34.99,0,0,,
8468,4856,103,1,19.99,30,1,changed_mind,2025-08-24
8469,4857,163,1,32.99,15,0,,
8470,4858,140,1,10.99,0,0,,
8471,4859,156,1,29.99,0,1,size_too_small,2025-08-26
8472,4859,28,1,34.99,15,1,changed_mind,2025-08-23
8473,4859,140,1,10.99,0,0,,
8474,4860,7,1,129.99,10,0,,
8475,4861,13,1,89.99,0,0,,
8476,4861,106,1,259.99,0,1,not_as_described,2025-08-27
8477,4862,130,1,16.49,0,0,,
8478,4862,33,1,34.99,15,1,defective,2025-09-27
8479,4862,153,1,14.99,20,0,,
8480,4863,138,1,64.99,0,0,,
8481,4864,134,1,12.99,20,0,,
8482,4865,92,1,24.99,0,0,,
8483,4866,44,1,69.99,0,0,,
8484,4866,56,1,19.99,0,0,,
8485,4866,12,1,13.49,0,0,,
8486,4866,188,1,27.99,0,0,,
8487,4866,79,2,54.99,0,0,,
8488,4866,182,1,94.99,0,0,,
8489,4867,14,1,24.99,30,0,,
8490,4868,175,1,15.99,10,0,,
8491,4868,17,1,12.99,10,0,,
8492,4869,41,1,22.99,0,0,,
8493,4870,62,1,27.99,10,0,,
8494,4870,82,1,10.49,10,0,,
8495,4871,103,1,19.99,30,0,,
8496,4871,139,1,32.99,0,0,,
8497,4871,119,1,34.99,0,1,changed_mind,2025-08-28
8498,4871,8,1,13.99,0,0,,
8499,4872,91,1,44.99,0,0,,
8500,4872,116,1,34.99,0,0,,
8501,4873,58,1,16.99,0,0,,
8502,4873,220,1,29.99,0,0,,
8503,4873,106,1,259.99,0,0,,
8504,4873,140,1,10.99,0,0,,
8505,4874,195,1,12.99,0,0,,
8506,4875,91,1,44.99,0,0,,
8507,4875,62,1,27.99,0,0,,
8508,4875,33,1,34.99,15,0,,
8509,4876,43,1,18.99,10,1,changed_mind,2025-08-22
8510,4876,4,1,14.99,10,0,,
8511,4876,96,1,34.99,10,0,,
8512,4877,175,1,15.99,0,0,,
8513,4878,58,1,16.99,0,0,,
8514,4878,72,1,24.99,0,0,,
8515,4878,52,1,16.49,0,0,,
8516,4879,129,1,27.99,0,0,,
8517,4880,191,1,27.99,0,0,,
8518,4881,41,1,22.99,10,0,,
8519,4882,34,1,27.99,0,0,,
8520,4883,118,1,149.99,0,1,defective,2025-09-08
8521,4884,220,1,29.99,0,0,,
8522,4885,43,1,18.99,0,0,,
8523,4885,97,1,47.99,0,0,,
8524,4885,96,1,34.99,0,0,,
8525,4885,68,1,99.99,0,0,,
8526,4885,42,1,22.99,0,0,,
8527,4886,41,1,22.99,0,0,,
8528,4886,93,1,13.99,0,0,,
8529,4886,58,1,16.99,0,0,,
8530,4887,59,2,9.99,10,0,,
8531,4887,130,1,16.49,10,0,,
8532,4887,94,1,12.99,10,0,,
8533,4887,194,2,10.99,10,0,,
8534,4888,201,1,29.99,0,0,,
8535,4889,117,1,6.49,0,0,,
8536,4889,41,1,22.99,0,0,,
8537,4889,22,1,99.99,0,0,,
8538,4890,148,1,27.99,0,0,,
8539,4891,65,1,34.99,0,0,,
8540,4891,79,1,54.99,0,0,,
8541,4892,95,1,29.99,0,0,,
8542,4893,153,1,14.99,20,0,,
8543,4894,122,1,29.99,40,0,,
8544,4895,110,1,19.99,10,0,,
8545,4895,167,1,47.99,10,0,,
8546,4896,165,1,13.99,0,0,,
8547,4897,180,1,16.49,0,0,,
8548,4898,89,1,29.99,0,0,,
8549,4898,90,1,39.99,0,0,,
8550,4899,117,1,6.49,10,0,,
8551,4900,187,1,699.99,0,0,,
8552,4901,202,1,349.99,0,0,,
8553,4901,145,1,14.99,0,0,,
8554,4902,135,1,24.99,10,0,,
8555,4903,212,1,39.99,0,0,,
8556,4903,156,1,29.99,0,0,,
8557,4903,140,1,10.99,15,0,,
8558,4904,144,1,69.99,0,0,,
8559,4904,59,1,9.99,0,0,,
8560,4905,140,1,10.99,15,0,,
8561,4906,154,1,32.99,0,0,,
8562,4907,109,1,44.99,0,0,,
8563,4907,153,1,14.99,20,0,,
8564,4908,36,2,12.99,0,0,,
8565,4909,82,1,10.49,0,0,,
8566,4910,187,1,699.99,0,0,,
8567,4910,30,1,22.99,0,0,,
8568,4911,130,1,16.49,15,0,,
8569,4912,82,1,10.49,10,0,,
8570,4912,156,1,29.99,10,1,not_as_described,2025-09-07
8571,4913,100,1,79.99,0,1,changed_mind,2025-08-23
8572,4914,39,1,37.99,0,0,,
8573,4915,59,1,9.99,0,0,,
8574,4916,26,1,14.99,10,0,,
8575,4917,111,1,18.99,0,0,,
8576,4918,144,1,69.99,10,1,not_as_described,2025-08-24
8577,4918,125,1,11.99,10,0,,
8578,4918,192,1,22.99,10,0,,
8579,4919,70,1,14.49,0,0,,
8580,4919,58,1,16.99,0,0,,
8581,4920,204,1,69.99,40,0,,
8582,4921,31,1,27.99,0,0,,
8583,4921,175,1,15.99,0,0,,
8584,4922,138,1,64.99,0,0,,
8585,4922,171,1,29.99,0,0,,
8586,4923,214,1,14.99,0,1,changed_mind,2025-08-24
8587,4923,12,1,13.49,0,0,,
8588,4923,153,1,14.99,20,0,,
8589,4923,14,1,24.99,30,0,,
8590,4924,188,1,27.99,10,0,,
8591,4924,142,2,49.99,10,1,size_too_small,2025-08-27
8592,4925,166,1,34.99,0,1,size_too_large,2025-08-30
8593,4925,183,1,59.99,0,0,,
8594,4926,85,2,24.99,15,0,,
8595,4926,152,1,22.99,15,0,,
8596,4926,20,1,32.99,20,0,,
8597,4926,162,1,15.99,15,0,,
8598,4926,33,1,34.99,15,0,,
8599,4927,126,1,54.99,0,0,,
8600,4927,151,1,24.99,0,0,,
8601,4928,169,1,39.99,0,0,,
8602,4928,137,1,89.99,0,0,,
8603,4928,220,1,29.99,0,0,,
8604,4928,201,1,29.99,10,0,,
8605,4929,111,1,18.99,0,0,,
8606,4930,150,1,15.99,30,0,,
8607,4931,4,2,14.99,0,0,,
8608,4932,129,1,27.99,0,0,,
8609,4932,143,1,19.99,0,0,,
8610,4933,93,1,13.99,0,0,,
8611,4933,195,1,12.99,0,0,,
8612,4934,165,1,13.99,0,0,,
8613,4935,194,1,10.99,0,0,,
8614,4935,59,1,9.99,0,0,,
8615,4936,93,1,13.99,0,0,,
8616,4937,33,1,34.99,0,0,,
8617,4937,44,1,69.99,0,0,,
8618,4938,111,1,18.99,0,0,,
8619,4939,175,1,15.99,10,0,,
8620,4939,24,1,32.99,10,0,,
8621,4940,49,1,42.99,0,0,,
8622,4940,180,1,16.49,0,0,,
8623,4941,175,1,15.99,0,0,,
8624,4941,144,1,69.99,0,0,,
8625,4942,163,1,32.99,0,0,,
8626,4943,212,1,39.99,0,0,,
8627,4944,103,1,19.99,30,0,,
8628,4945,9,1,24.99,0,0,,
8629,4945,26,1,14.99,0,0,,
8630,4946,33,1,34.99,0,0,,
8631,4947,211,1,34.99,20,0,,
8632,4948,42,1,22.99,10,0,,
8633,4949,148,1,27.99,0,0,,
8634,4950,109,1,44.99,0,1,size_too_small,2025-08-28
8635,4951,205,1,19.99,0,0,,
8636,4952,163,1,32.99,0,0,,
8637,4952,12,1,13.49,0,0,,
8638,4952,93,1,13.99,0,0,,
8639,4953,139,1,32.99,0,0,,
8640,4953,201,1,29.99,10,0,,
8641,4954,138,1,64.99,0,1,changed_mind,2025-08-29
8642,4954,145,1,14.99,0,0,,
8643,4955,190,1,11.99,0,0,,
8644,4956,98,2,8.49,0,0,,
8645,4957,36,1,12.99,0,0,,
8646,4958,44,1,69.99,0,0,,
8647,4959,165,1,13.99,0,0,,
8648,4960,58,1,16.99,0,0,,
8649,4961,156,1,29.99,0,0,,
8650,4962,43,1,18.99,10,0,,
8651,4963,59,1,9.99,0,0,,
8652,4964,86,1,8.99,0,0,,
8653,4964,107,1,8.99,0,0,,
8654,4964,111,1,18.99,0,0,,
8655,4965,166,1,34.99,0,1,size_too_large,2025-08-30
8656,4965,168,1,32.99,0,0,,
8657,4966,197,1,39.99,0,0,,
8658,4967,164,1,29.99,0,0,,
8659,4968,148,1,27.99,20,0,,
8660,4969,14,2,24.99,30,0,,
8661,4970,59,1,9.99,0,0,,
8662,4971,145,1,14.99,10,0,,
8663,4972,148,2,27.99,20,1,size_too_small,2025-09-03
8664,4972,110,1,19.99,10,0,,
8665,4973,108,1,89.99,0,0,,
8666,4974,217,1,44.99,0,0,,
8667,4975,174,1,22.99,0,0,,
8668,4976,41,1,22.99,0,1,,2025-09-13
8669,4977,154,1,32.99,0,0,,
8670,4978,154,1,32.99,10,0,,
8671,4978,34,1,27.99,10,0,,
8672,4979,43,1,18.99,0,0,,
8673,4979,79,1,54.99,0,1,size_too_small,2025-08-31
8674,4980,175,1,15.99,0,0,,
8675,4980,98,2,8.49,0,0,,
8676,4981,211,1,34.99,20,0,,
8677,4982,168,2,32.99,0,0,,
8678,4982,117,1,6.49,0,0,,
8679,4983,148,2,27.99,20,0,,
8680,4983,58,1,16.99,10,0,,
8681,4984,62,1,27.99,0,0,,
8682,4985,106,1,259.99,0,0,,
8683,4986,140,1,10.99,0,0,,
8684,4986,5,1,49.99,0,0,,
8685,4986,123,1,49.99,10,0,,
8686,4986,82,1,10.49,0,0,,
8687,4986,84,1,29.99,0,0,,
8688,4986,168,1,32.99,0,0,,
8689,4987,43,1,18.99,0,0,,
8690,4987,32,1,37.99,30,0,,
8691,4988,86,1,8.99,15,0,,
8692,4989,148,2,27.99,20,0,,
8693,4989,113,1,42.99,0,0,,
8694,4989,47,1,94.99,0,1,arrived_late,2025-09-05
8695,4989,180,1,16.49,0,0,,
8696,4990,30,1,22.99,0,0,,
8697,4990,14,1,24.99,30,0,,
8698,4990,62,1,27.99,0,0,,
8699,4991,43,1,18.99,0,0,,
8700,4991,211,1,34.99,20,0,,
8701,4991,36,1,12.99,0,0,,
8702,4992,93,1,13.99,0,0,,
8703,4993,12,1,13.49,0,0,,
8704,4993,211,1,34.99,20,0,,
8705,4994,123,1,49.99,10,0,,
8706,4994,31,1,27.99,0,0,,
8707,4995,42,1,22.99,10,0,,
8708,4996,124,1,69.99,0,0,,
8709,4997,30,1,22.99,0,0,,
8710,4998,98,1,8.49,0,0,,
8711,4999,39,1,37.99,10,0,,
8712,5000,129,1,27.99,10,1,not_as_described,2025-09-05
8713,5000,222,1,109.99,10,0,,
8714,5001,115,1,79.99,30,1,wrong_item,2025-09-05
8715,5001,140,1,10.99,0,0,,
8716,5002,107,1,8.99,0,0,,
8717,5003,84,1,29.99,0,0,,
8718,5003,33,1,34.99,0,0,,
8719,5004,109,1,44.99,0,0,,
8720,5005,42,1,22.99,0,0,,
8721,5005,16,1,69.99,0,0,,
8722,5006,153,1,14.99,20,0,,
8723,5007,158,1,29.99,10,0,,
8724,5007,117,1,6.49,10,0,,
8725,5007,177,1,64.99,10,0,,
8726,5008,116,1,34.99,0,0,,
8727,5009,98,1,8.49,10,0,,
8728,5010,129,1,27.99,0,1,not_as_described,2025-09-08
8729,5010,109,1,44.99,0,0,,
8730,5010,195,1,12.99,0,0,,
8731,5010,165,1,13.99,0,0,,
8732,5011,89,1,29.99,0,0,,
8733,5011,93,1,13.99,0,0,,
8734,5012,33,1,34.99,0,0,,
8735,5013,26,1,14.99,0,0,,
8736,5013,148,1,27.99,20,0,,
8737,5014,25,1,22.99,20,0,,
8738,5015,95,1,29.99,10,0,,
8739,5015,114,1,27.99,10,0,,
8740,5016,166,1,34.99,0,1,size_too_large,2025-09-08
8741,5017,107,1,8.99,0,1,changed_mind,2025-09-05
8742,5018,159,1,29.99,15,0,,
8743,5018,90,1,39.99,10,0,,
8744,5018,17,1,12.99,10,0,,
8745,5019,39,1,37.99,0,0,,
8746,5020,58,1,16.99,0,0,,
8747,5021,73,1,49.99,0,0,,
8748,5022,59,1,9.99,0,0,,
8749,5022,194,1,10.99,0,0,,
8750,5023,41,1,22.99,0,0,,
8751,5024,171,1,29.99,0,0,,
8752,5025,72,1,24.99,0,0,,
8753,5026,86,1,8.99,0,0,,
8754,5027,183,1,59.99,0,1,size_too_large,2025-09-08
8755,5028,23,1,37.99,10,0,,
8756,5028,11,1,54.99,10,1,size_too_large,2025-09-10
8757,5029,204,1,69.99,40,0,,
8758,5030,59,1,9.99,10,0,,
8759,5031,111,1,18.99,0,0,,
8760,5032,191,1,27.99,0,0,,
8761,5033,222,1,109.99,0,0,,
8762,5034,78,1,11.99,0,0,,
8763,5035,152,1,22.99,0,0,,
8764,5035,168,1,32.99,0,1,changed_mind,2025-09-08
8765,5036,111,1,18.99,0,0,,
8766,5037,39,1,37.99,0,0,,
8767,5037,122,1,29.99,40,0,,
8768,5038,93,1,13.99,0,0,,
8769,5038,129,1,27.99,0,0,,
8770,5039,146,1,21.99,0,0,,
8771,5040,27,1,29.99,10,0,,
8772,5040,44,1,69.99,10,0,,
8773,5040,175,1,15.99,10,0,,
8774,5040,96,1,37.99,10,0,,
8775,5041,24,1,32.99,0,0,,
8776,5042,89,1,29.99,0,0,,
8777,5042,201,1,29.99,10,0,,
8778,5042,200,1,29.99,0,0,,
8779,5042,58,1,16.99,0,1,defective,2025-09-11
8780,5042,108,1,89.99,0,1,defective,2025-10-15
8781,5042,165,1,13.99,0,0,,
8782,5043,44,1,69.99,15,0,,
8783,5044,11,1,54.99,0,0,,
8784,5044,39,1,37.99,0,0,,
8785,5045,148,1,27.99,0,0,,
8786,5045,11,1,54.99,0,0,,
8787,5046,11,1,54.99,0,0,,
8788,5047,122,1,29.99,40,0,,
8789,5048,64,1,10.49,10,1,not_as_described,2025-09-09
8790,5049,23,1,37.99,0,0,,
8791,5049,84,1,29.99,0,0,,
8792,5050,148,1,27.99,0,0,,
8793,5051,160,1,149.99,0,0,,
8794,5051,145,1,14.99,0,0,,
8795,5052,111,1,18.99,0,0,,
8796,5053,2,1,69.99,10,0,,
8797,5054,188,1,27.99,40,0,,
8798,5055,111,1,18.99,0,0,,
8799,5056,152,1,22.99,0,1,size_too_small,2025-09-11
8800,5056,33,1,34.99,0,0,,
8801,5057,134,1,12.99,20,0,,
8802,5058,220,1,29.99,0,0,,
8803,5058,41,1,22.99,0,0,,
8804,5059,93,1,13.99,0,0,,
8805,5060,44,1,69.99,0,0,,
8806,5060,150,1,15.99,30,0,,
8807,5060,79,1,54.99,0,0,,
8808,5060,105,1,34.99,0,0,,
8809,5060,188,1,27.99,40,0,,
8810,5060,51,1,27.99,0,0,,
8811,5061,130,1,16.49,0,0,,
8812,5061,8,1,13.99,0,0,,
8813,5062,68,1,99.99,0,0,,
8814,5063,80,1,69.99,15,1,size_too_small,2025-09-08
8815,5063,79,1,54.99,15,0,,
8816,5064,88,1,37.99,10,0,,
8817,5064,66,1,69.99,10,0,,
8818,5065,122,1,32.99,40,0,,
8819,5066,98,1,8.49,0,0,,
8820,5067,132,1,11.99,0,0,,
8821,5067,108,1,89.99,0,0,,
8822,5068,70,1,14.49,10,0,,
8823,5069,141,1,24.99,0,0,,
8824,5069,214,1,14.99,0,0,,
8825,5069,64,1,10.49,0,0,,
8826,5070,130,1,16.49,0,0,,
8827,5071,165,2,13.99,0,0,,
8828,5072,216,1,54.99,0,0,,
8829,5072,145,1,14.99,0,0,,
8830,5073,41,1,22.99,0,0,,
8831,5074,148,1,27.99,10,0,,
8832,5074,31,1,27.99,10,0,,
8833,5075,3,1,209.99,0,0,,
8834,5076,13,1,89.99,0,0,,
8835,5077,133,1,13.99,0,0,,
8836,5078,41,1,22.99,0,0,,
8837,5079,84,2,29.99,0,0,,
8838,5080,148,1,27.99,0,0,,
8839,5081,117,1,6.49,0,0,,
8840,5082,107,1,8.99,0,0,,
8841,5082,92,1,24.99,0,0,,
8842,5082,66,1,69.99,0,0,,
8843,5082,117,1,6.49,0,0,,
8844,5083,220,1,29.99,0,0,,
8845,5083,52,1,16.49,0,0,,
8846,5084,109,1,44.99,0,0,,
8847,5085,108,1,89.99,0,0,,
8848,5086,74,1,17.49,0,0,,
8849,5087,14,1,24.99,30,0,,
8850,5087,64,1,10.49,15,0,,
8851,5087,212,2,39.99,15,0,,
8852,5088,64,1,10.49,0,1,wrong_item,2025-09-11
8853,5089,168,1,32.99,0,0,,
8854,5090,143,1,19.99,0,0,,
8855,5091,24,1,32.99,0,0,,
8856,5092,95,1,29.99,0,0,,
8857,5093,159,1,29.99,15,0,,
8858,5093,119,1,34.99,10,0,,
8859,5094,59,1,9.99,0,0,,
8860,5095,59,1,9.99,0,0,,
8861,5095,222,2,109.99,0,0,,
8862,5095,218,1,22.99,0,0,,
8863,5096,117,1,6.49,0,0,,
8864,5096,167,1,47.99,0,0,,
8865,5097,70,2,14.49,0,0,,
8866,5097,113,1,42.99,0,0,,
8867,5098,96,1,37.99,0,0,,
8868,5098,56,1,19.99,0,0,,
8869,5099,148,1,27.99,0,0,,
8870,5100,28,1,34.99,0,0,,
8871,5100,152,1,19.99,25,0,,
8872,5100,117,1,6.49,0,0,,
8873,5101,191,1,27.99,0,1,changed_mind,2025-09-22
8874,5101,62,1,27.99,0,0,,
8875,5102,126,1,54.99,0,1,wrong_item,2025-09-14
8876,5102,119,1,34.99,0,0,,
8877,5102,151,1,24.99,0,0,,
8878,5103,70,1,14.49,0,0,,
8879,5103,215,1,18.99,0,0,,
8880,5104,97,1,47.99,20,0,,
8881,5104,188,1,27.99,40,0,,
8882,5105,8,1,13.99,0,0,,
8883,5106,9,1,24.99,0,0,,
8884,5106,188,1,27.99,40,0,,
8885,5106,80,1,69.99,0,0,,
8886,5107,58,1,16.99,0,0,,
8887,5107,166,1,34.99,0,1,size_too_small,2025-09-16
8888,5108,139,1,34.99,0,0,,
8889,5109,190,1,11.99,0,0,,
8890,5109,98,1,8.49,0,0,,
8891,5110,164,1,29.99,0,0,,
8892,5110,98,1,8.49,0,0,,
8893,5110,153,1,14.99,20,0,,
8894,5111,129,1,27.99,0,0,,
8895,5112,110,1,19.99,10,0,,
8896,5112,163,1,32.99,10,0,,
8897,5112,153,1,14.99,20,0,,
8898,5113,117,1,6.49,0,0,,
8899,5114,167,1,47.99,0,0,,
8900,5115,150,1,15.99,30,1,changed_mind,2025-09-16
8901,5115,148,1,27.99,10,0,,
8902,5115,109,1,44.99,10,1,defective,2025-10-02
8903,5116,177,1,64.99,0,0,,
8904,5117,152,1,19.99,25,0,,
8905,5118,39,1,37.99,10,1,wrong_item,2025-09-17
8906,5119,191,1,27.99,0,0,,
8907,5120,166,1,34.99,0,0,,
8908,5120,167,1,47.99,0,0,,
8909,5121,134,1,12.99,20,0,,
8910,5122,86,1,8.99,0,0,,
8911,5122,33,1,34.99,0,0,,
8912,5122,146,1,21.99,0,0,,
8913,5123,116,1,34.99,15,0,,
8914,5124,93,1,13.99,10,0,,
8915,5125,6,2,59.99,0,0,,
8916,5126,108,1,89.99,0,0,,
8917,5126,170,1,32.99,0,0,,
8918,5126,5,1,49.99,0,0,,
8919,5126,65,1,34.99,0,1,size_too_large,2025-09-25
8920,5126,185,1,99.99,0,0,,
8921,5126,167,1,47.99,0,0,,
8922,5127,220,1,29.99,0,0,,
8923,5128,176,1,999.99,0,0,,
8924,5128,141,1,24.99,0,0,,
8925,5128,175,1,15.99,0,0,,
8926,5129,142,1,49.99,0,0,,
8927,5129,93,1,13.99,0,1,defective,2025-09-19
8928,5130,69,1,149.99,0,0,,
8929,5130,215,1,18.99,0,0,,
8930,5130,44,1,69.99,0,0,,
8931,5131,30,1,22.99,0,0,,
8932,5132,140,2,11.99,0,0,,
8933,5133,150,1,15.99,30,0,,
8934,5133,159,2,29.99,0,0,,
8935,5134,111,1,18.99,0,0,,
8936,5134,45,1,32.99,0,0,,
8937,5135,112,1,47.99,0,0,,
8938,5136,58,1,16.99,0,0,,
8939,5136,64,3,10.49,0,0,,
8940,5136,134,1,12.99,20,1,defective,2025-09-20
8941,5137,148,1,27.99,0,0,,
8942,5137,222,1,109.99,0,0,,
8943,5138,188,1,27.99,40,0,,
8944,5139,159,1,29.99,0,0,,
8945,5139,36,1,12.99,0,0,,
8946,5139,153,1,16.49,20,0,,
8947,5140,98,1,8.49,0,0,,
8948,5141,24,1,32.99,0,0,,
8949,5141,88,1,37.99,0,0,,
8950,5142,64,1,10.49,0,0,,
8951,5143,62,1,29.99,10,0,,
8952,5144,153,1,16.49,20,1,changed_mind,2025-09-15
8953,5145,156,1,29.99,10,0,,
8954,5146,33,1,34.99,0,1,changed_mind,2025-09-25
8955,5146,160,1,149.99,0,0,,
8956,5147,152,1,19.99,25,0,,
8957,5148,98,3,8.49,0,0,,
8958,5148,220,1,29.99,0,0,,
8959,5149,13,1,89.99,0,0,,
8960,5149,204,1,69.99,40,0,,
8961,5150,190,1,10.99,0,0,,
8962,5151,170,1,32.99,0,0,,
8963,5151,41,1,22.99,0,0,,
8964,5152,143,1,19.99,0,0,,
8965,5152,130,1,14.99,0,0,,
8966,5152,165,3,13.99,0,0,,
8967,5153,41,1,22.99,0,0,,
8968,5153,134,1,12.99,20,1,changed_mind,2025-09-23
8969,5153,42,1,22.99,0,0,,
8970,5154,217,1,44.99,0,0,,
8971,5154,8,1,13.99,0,0,,
8972,5155,39,1,37.99,0,0,,
8973,5155,129,1,27.99,0,0,,
8974,5156,85,1,24.99,0,0,,
8975,5156,169,1,39.99,0,0,,
8976,5157,143,1,19.99,0,0,,
8977,5157,165,1,13.99,0,0,,
8978,5158,188,1,27.99,40,0,,
8979,5159,123,1,49.99,0,0,,
8980,5160,141,1,24.99,0,0,,
8981,5161,5,1,49.99,10,0,,
8982,5161,8,1,13.99,10,0,,
8983,5162,26,1,14.99,0,0,,
8984,5162,91,1,44.99,0,0,,
8985,5163,90,1,39.99,0,0,,
8986,5163,30,1,22.99,30,0,,
8987,5164,187,1,699.99,0,0,,
8988,5164,30,1,22.99,30,0,,
8989,5164,145,1,14.99,0,0,,
8990,5165,135,1,24.99,0,0,,
8991,5165,150,1,15.99,30,0,,
8992,5165,146,1,21.99,0,0,,
8993,5166,51,1,27.99,0,0,,
8994,5167,99,1,29.99,0,0,,
8995,5167,148,1,27.99,0,0,,
8996,5168,24,1,32.99,10,0,,
8997,5169,26,1,14.99,0,0,,
8998,5170,36,1,12.99,10,0,,
8999,5171,150,1,15.99,30,1,changed_mind,2025-09-18
9000,5172,174,1,22.99,0,0,,
9001,5172,123,1,49.99,0,0,,
9002,5173,79,1,54.99,10,1,size_too_large,2025-09-23
9003,5173,98,1,8.49,10,0,,
9004,5174,125,1,11.99,0,0,,
9005,5174,223,1,14.99,0,0,,
9006,5175,51,1,27.99,0,0,,
9007,5175,108,1,89.99,0,0,,
9008,5175,43,1,18.99,0,0,,
9009,5176,195,1,12.99,0,1,size_too_small,2025-09-19
9010,5176,102,1,59.99,0,1,size_too_small,2025-10-01
9011,5176,59,1,9.99,0,0,,
9012,5177,82,1,10.49,10,0,,
9013,5178,188,1,27.99,40,1,changed_mind,2025-09-25
9014,5179,159,1,29.99,0,0,,
9015,5179,108,1,89.99,0,1,defective,2025-10-18
9016,5180,50,1,24.99,20,0,,
9017,5180,38,1,79.99,0,0,,
9018,5181,167,1,47.99,0,0,,
9019,5182,12,1,13.49,0,0,,
9020,5183,126,1,54.99,10,0,,
9021,5183,111,1,18.99,10,0,,
9022,5183,146,1,21.99,10,0,,
9023,5183,42,1,22.99,10,0,,
9024,5184,145,1,14.99,0,0,,
9025,5185,121,1,27.99,0,0,,
9026,5185,86,1,8.99,0,0,,
9027,5185,202,1,349.99,0,0,,
9028,5185,145,2,14.99,0,0,,
9029,5185,30,1,22.99,30,0,,
9030,5186,13,1,89.99,0,0,,
9031,5187,195,3,12.99,0,0,,
9032,5187,174,1,22.99,0,0,,
9033,5188,224,1,12.99,10,0,,
9034,5189,196,1,39.99,0,0,,
9035,5189,62,1,29.99,0,0,,
9036,5190,113,3,42.99,10,1,changed_mind,2025-09-27
9037,5191,141,1,24.99,10,0,,
9038,5191,176,1,999.99,0,0,,
9039,5192,148,1,27.99,0,0,,
9040,5192,49,1,42.99,0,0,,
9041,5193,141,1,24.99,0,0,,
9042,5193,72,1,24.99,0,0,,
9043,5193,64,1,10.49,0,0,,
9044,5194,173,1,99.99,0,0,,
9045,5194,138,1,64.99,15,0,,
9046,5194,217,1,44.99,0,0,,
9047,5195,65,1,34.99,0,1,size_too_large,2025-09-20
9048,5195,166,1,34.99,0,0,,
9049,5195,79,1,54.99,0,0,,
9050,5196,126,1,54.99,0,0,,
9051,5197,148,1,27.99,10,0,,
9052,5198,103,1,19.99,30,0,,
9053,5198,45,1,32.99,0,0,,
9054,5199,198,1,39.99,0,0,,
9055,5199,214,1,14.99,20,0,,
9056,5200,17,1,12.99,10,0,,
9057,5201,125,1,11.99,0,0,,
9058,5202,220,1,29.99,0,0,,
9059,5203,138,1,64.99,15,0,,
9060,5204,47,1,94.99,0,0,,
9061,5204,139,1,34.99,0,0,,
9062,5205,134,1,12.99,20,0,,
9063,5206,135,1,24.99,10,0,,
9064,5206,85,1,24.99,10,0,,
9065,5206,94,1,12.99,10,0,,
9066,5207,94,1,12.99,0,0,,
9067,5207,165,1,13.99,0,0,,
9068,5208,42,1,22.99,0,0,,
9069,5209,36,1,12.99,0,0,,
9070,5209,145,1,14.99,0,0,,
9071,5210,153,1,16.49,20,0,,
9072,5211,198,1,39.99,0,0,,
9073,5212,11,1,54.99,10,0,,
9074,5212,98,1,8.49,10,0,,
9075,5213,47,1,94.99,10,1,not_as_described,2025-09-22
9076,5214,110,1,19.99,0,0,,
9077,5214,146,1,21.99,0,0,,
9078,5214,111,1,18.99,0,0,,
9079,5215,180,1,16.49,10,1,changed_mind,2025-09-20
9080,5216,119,1,34.99,0,0,,
9081,5217,188,1,27.99,40,0,,
9082,5218,88,1,37.99,0,0,,
9083,5218,64,1,10.49,0,0,,
9084,5219,139,2,34.99,0,0,,
9085,5220,198,1,39.99,0,1,changed_mind,2025-10-10
9086,5220,30,1,22.99,30,0,,
9087,5221,114,1,27.99,0,0,,
9088,5222,180,1,16.49,0,0,,
9089,5222,85,1,24.99,0,1,changed_mind,2025-10-03
9090,5222,214,1,14.99,20,0,,
9091,5222,47,1,94.99,0,0,,
9092,5222,140,1,11.99,0,0,,
9093,5222,39,1,37.99,0,0,,
9094,5223,8,2,13.99,10,0,,
9095,5223,190,2,10.99,10,0,,
9096,5224,150,1,15.99,30,1,defective,2025-10-12
9097,5224,27,1,29.99,0,0,,
9098,5225,103,1,19.99,30,0,,
9099,5226,171,1,32.99,0,0,,
9100,5227,111,1,18.99,0,0,,
9101,5227,24,1,32.99,0,0,,
9102,5227,95,1,29.99,0,0,,
9103,5228,23,2,37.99,0,0,,
9104,5228,205,3,19.99,0,0,,
9105,5229,156,1,29.99,10,0,,
9106,5229,28,1,34.99,10,0,,
9107,5229,79,1,54.99,10,0,,
9108,5229,53,1,94.99,10,0,,
9109,5229,3,1,229.99,10,0,,
9110,5230,77,1,49.99,10,0,,
9111,5230,110,1,19.99,10,0,,
9112,5230,62,1,29.99,10,0,,
9113,5231,163,1,32.99,0,1,defective,2025-09-28
9114,5232,134,1,12.99,20,0,,
9115,5233,17,1,12.99,0,0,,
9116,5234,133,1,13.99,0,0,,
9117,5235,143,1,19.99,0,1,not_as_described,2025-09-27
9118,5236,164,1,29.99,0,0,,
9119,5237,39,1,37.99,0,0,,
9120,5237,133,1,13.99,0,0,,
9121,5238,17,1,12.99,0,0,,
9122,5238,175,1,15.99,0,0,,
9123,5238,37,1,179.99,0,0,,
9124,5239,125,1,11.99,0,0,,
9125,5239,96,1,37.99,0,1,not_as_described,2025-10-01
9126,5239,150,1,15.99,30,0,,
9127,5240,56,1,19.99,0,0,,
9128,5240,25,1,22.99,20,0,,
9129,5240,44,2,69.99,0,0,,
9130,5241,34,1,27.99,0,0,,
9131,5241,21,1,22.99,0,0,,
9132,5241,137,1,89.99,0,0,,
9133,5241,159,1,29.99,0,0,,
9134,5242,75,1,44.99,0,0,,
9135,5242,188,1,27.99,40,0,,
9136,5243,98,1,8.49,0,0,,
9137,5244,167,1,47.99,0,0,,
9138,5244,212,1,39.99,0,0,,
9139,5245,108,1,89.99,0,0,,
9140,5246,51,1,27.99,0,0,,
9141,5246,91,1,44.99,0,0,,
9142,5247,123,1,49.99,10,0,,
9143,5248,86,1,8.99,0,0,,
9144,5248,108,3,89.99,0,0,,
9145,5249,182,1,94.99,10,0,,
9146,5249,53,1,94.99,10,0,,
9147,5249,88,1,37.99,10,0,,
9148,5250,72,1,24.99,0,0,,
9149,5251,33,1,34.99,0,0,,
9150,5251,190,1,10.99,0,0,,
9151,5252,89,1,29.99,0,0,,
9152,5252,150,1,15.99,30,0,,
9153,5252,103,1,19.99,30,0,,
9154,5253,84,1,29.99,0,0,,
9155,5253,159,1,29.99,0,0,,
9156,5254,65,1,34.99,0,0,,
9157,5255,168,1,32.99,0,0,,
9158,5256,88,1,37.99,0,0,,
9159,5256,111,1,18.99,0,0,,
9160,5256,13,1,89.99,0,0,,
9161,5257,130,1,14.99,0,0,,
9162,5257,179,1,49.99,0,0,,
9163,5258,58,1,16.99,10,0,,
9164,5259,199,1,89.99,30,0,,
9165,5259,78,2,11.99,10,0,,
9166,5259,134,1,12.99,20,0,,
9167,5260,175,1,15.99,0,0,,
9168,5261,93,1,13.99,0,0,,
9169,5262,177,1,64.99,0,0,,
9170,5263,17,1,12.99,0,0,,
9171,5263,118,1,149.99,0,1,changed_mind,2025-09-25
9172,5263,87,1,89.99,0,0,,
9173,5263,9,1,24.99,0,1,not_as_described,2025-09-25
9174,5263,89,1,29.99,0,0,,
9175,5263,114,1,27.99,0,0,,
9176,5264,148,1,27.99,0,0,,
9177,5264,166,1,34.99,0,0,,
9178,5265,142,1,49.99,10,1,,2025-09-27
9179,5266,164,1,29.99,10,0,,
9180,5267,62,1,29.99,10,0,,
9181,5268,140,1,11.99,10,0,,
9182,5269,24,1,32.99,0,1,changed_mind,2025-09-27
9183,5270,134,1,12.99,20,0,,
9184,5270,120,1,89.99,0,0,,
9185,5271,102,1,59.99,10,0,,
9186,5271,148,1,27.99,10,0,,
9187,5272,26,2,14.99,0,0,,
9188,5272,93,1,13.99,0,0,,
9189,5273,98,1,8.49,0,0,,
9190,5273,218,1,22.99,0,0,,
9191,5273,124,1,69.99,0,0,,
9192,5273,47,1,94.99,0,0,,
9193,5273,174,1,22.99,0,0,,
9194,5273,58,1,16.99,0,1,defective,2025-10-16
9195,5274,36,1,12.99,10,0,,
9196,5275,148,1,27.99,0,0,,
9197,5275,24,1,32.99,0,0,,
9198,5276,162,1,15.99,10,0,,
9199,5276,90,1,39.99,10,0,,
9200,5277,62,1,29.99,0,0,,
9201,5278,24,1,32.99,0,0,,
9202,5279,98,2,8.49,0,0,,
9203,5279,134,1,12.99,20,0,,
9204,5280,82,1,10.49,0,0,,
9205,5280,44,1,69.99,20,0,,
9206,5280,66,1,69.99,0,0,,
9207,5281,220,1,29.99,0,0,,
9208,5281,165,2,13.99,0,0,,
9209,5282,186,1,24.99,0,0,,
9210,5282,12,1,13.49,0,0,,
9211,5282,145,1,14.99,0,0,,
9212,5283,63,1,89.99,10,0,,
9213,5284,12,1,13.49,0,0,,
9214,5285,51,1,27.99,10,0,,
9215,5285,86,1,8.99,10,0,,
9216,5286,78,1,11.99,10,0,,
9217,5286,183,1,59.99,10,0,,
9218,5287,112,1,47.99,10,0,,
9219,5288,51,1,27.99,0,0,,
9220,5288,6,1,59.99,0,0,,
9221,5288,122,1,32.99,40,1,wrong_item,2025-09-28
9222,5289,116,1,34.99,0,0,,
9223,5289,108,1,89.99,0,0,,
9224,5290,97,1,47.99,0,0,,
9225,5290,17,1,12.99,0,0,,
9226,5291,161,1,74.99,0,0,,
9227,5291,93,1,13.99,0,0,,
9228,5292,17,1,12.99,0,0,,
9229,5293,148,1,27.99,0,0,,
9230,5293,167,1,47.99,0,0,,
9231,5293,223,1,14.99,0,0,,
9232,5293,195,3,12.99,0,0,,
9233,5294,152,1,19.99,0,1,not_as_described,2025-09-30
9234,5294,195,1,12.99,0,0,,
9235,5294,63,1,89.99,0,1,size_too_large,2025-10-03
9236,5294,79,1,54.99,0,0,,
9237,5295,93,1,13.99,0,0,,
9238,5295,165,1,13.99,0,0,,
9239,5295,94,1,12.99,0,0,,
9240,5295,70,1,14.49,0,0,,
9241,5296,164,1,29.99,10,0,,
9242,5296,66,1,69.99,10,0,,
9243,5296,41,1,22.99,10,0,,
9244,5297,18,1,37.99,0,0,,
9245,5297,152,1,19.99,0,0,,
9246,5298,36,1,12.99,0,0,,
9247,5298,186,1,24.99,0,1,defective,2025-10-02
9248,5299,113,1,42.99,0,0,,
9249,5299,58,1,16.99,0,0,,
9250,5299,110,1,19.99,0,0,,
9251,5300,150,1,15.99,30,0,,
9252,5301,151,2,27.99,0,0,,
9253,5302,166,1,34.99,0,0,,
9254,5302,68,1,99.99,0,0,,
9255,5302,110,1,19.99,0,1,changed_mind,2025-09-30
9256,5303,106,1,259.99,0,0,,
9257,5304,169,1,39.99,0,0,,
9258,5304,109,1,44.99,0,0,,
9259,5304,146,1,21.99,0,0,,
9260,5305,98,1,8.49,0,0,,
9261,5305,117,1,6.49,0,0,,
9262,5306,95,1,29.99,10,0,,
9263,5307,217,1,44.99,10,0,,
9264,5307,41,1,22.99,10,0,,
9265,5308,153,1,16.49,20,0,,
9266,5308,174,2,22.99,0,0,,
9267,5309,33,2,34.99,0,0,,
9268,5310,111,1,18.99,0,0,,
9269,5311,134,1,12.99,20,0,,
9270,5311,150,1,15.99,30,0,,
9271,5312,33,1,34.99,0,0,,
9272,5313,17,1,12.99,0,1,defective,2025-10-04
9273,5313,89,1,29.99,0,0,,
9274,5314,111,1,18.99,0,0,,
9275,5314,140,1,11.99,0,0,,
9276,5314,141,1,24.99,0,0,,
9277,5314,116,1,34.99,0,0,,
9278,5314,7,1,139.99,0,0,,
9279,5314,4,1,14.99,0,0,,
9280,5315,82,1,10.49,0,0,,
9281,5315,9,1,24.99,0,0,,
9282,5315,188,1,27.99,40,0,,
9283,5316,93,3,13.99,0,0,,
9284,5316,90,1,39.99,0,0,,
9285,5317,158,1,29.99,0,0,,
9286,5318,179,1,49.99,0,0,,
9287,5318,134,1,12.99,20,0,,
9288,5319,159,1,29.99,0,0,,
9289,5320,218,1,22.99,0,1,size_too_small,2025-09-29
9290,5320,226,1,59.99,0,0,,
9291,5321,219,1,39.99,10,0,,
9292,5322,37,1,179.99,0,0,,
9293,5322,159,1,29.99,0,0,,
9294,5323,44,1,69.99,20,0,,
9295,5323,79,1,54.99,0,0,,
9296,5324,211,1,34.99,20,0,,
9297,5325,45,1,32.99,10,0,,
9298,5326,84,1,29.99,0,0,,
9299,5326,150,1,15.99,30,1,arrived_late,2025-10-04
9300,5326,190,1,10.99,0,0,,
9301,5327,96,1,37.99,0,0,,
9302,5328,183,1,59.99,10,0,,
9303,5329,220,1,29.99,0,0,,
9304,5329,36,1,12.99,0,0,,
9305,5330,78,2,11.99,0,0,,
9306,5331,132,1,11.99,0,0,,
9307,5332,158,1,29.99,0,0,,
9308,5332,120,1,89.99,0,0,,
9309,5333,134,1,12.99,20,0,,
9310,5333,110,1,19.99,0,0,,
9311,5334,98,1,8.49,10,0,,
9312,5335,51,2,27.99,0,0,,
9313,5335,62,1,29.99,0,0,,
9314,5335,88,1,37.99,0,0,,
9315,5336,104,1,54.99,0,0,,
9316,5336,98,1,8.49,0,0,,
9317,5337,137,1,89.99,0,0,,
9318,5337,153,1,16.49,20,0,,
9319,5338,175,1,15.99,0,0,,
9320,5339,142,1,49.99,0,0,,
9321,5339,123,1,49.99,0,0,,
9322,5340,201,1,29.99,10,0,,
9323,5340,180,1,16.49,10,0,,
9324,5341,11,1,54.99,0,1,size_too_small,2025-10-05
9325,5341,176,1,949.99,0,0,,
9326,5342,111,1,18.99,0,0,,
9327,5342,214,1,14.99,0,0,,
9328,5343,21,1,22.99,0,0,,
9329,5344,93,1,13.99,0,0,,
9330,5345,37,1,179.99,0,1,defective,2026-01-03
9331,5345,9,1,24.99,0,0,,
9332,5346,106,1,259.99,0,0,,
9333,5346,30,1,22.99,30,0,,
9334,5347,108,1,89.99,0,0,,
9335,5348,144,1,69.99,10,0,,
9336,5349,220,1,29.99,0,0,,
9337,5349,68,1,99.99,0,0,,
9338,5350,180,1,16.49,0,0,,
9339,5351,81,1,179.99,10,0,,
9340,5351,199,1,89.99,30,0,,
9341,5351,30,1,22.99,30,0,,
9342,5351,51,1,27.99,10,0,,
9343,5352,187,1,699.99,0,0,,
9344,5353,36,1,12.99,10,0,,
9345,5353,111,1,18.99,10,0,,
9346,5354,104,1,54.99,0,0,,
9347,5354,98,1,8.49,0,0,,
9348,5355,21,1,22.99,0,0,,
9349,5355,214,1,14.99,0,0,,
9350,5356,24,2,32.99,0,0,,
9351,5356,39,1,37.99,0,0,,
9352,5357,203,1,499.99,0,1,not_as_described,2025-10-08
9353,5357,39,1,37.99,10,0,,
9354,5358,111,1,18.99,0,0,,
9355,5358,170,1,32.99,0,0,,
9356,5358,1,1,19.99,0,0,,
9357,5359,223,1,14.99,0,0,,
9358,5360,109,1,44.99,0,1,changed_mind,2025-10-26
9359,5361,55,1,42.99,10,0,,
9360,5361,111,1,18.99,10,0,,
9361,5362,17,2,12.99,0,0,,
9362,5362,162,3,15.99,0,0,,
9363,5363,164,1,29.99,0,0,,
9364,5364,30,1,22.99,30,0,,
9365,5364,84,1,29.99,0,1,not_as_described,2025-10-02
9366,5365,62,1,29.99,0,0,,
9367,5365,111,1,18.99,0,0,,
9368,5366,223,1,14.99,0,0,,
9369,5367,28,1,34.99,10,0,,
9370,5368,1,1,19.99,0,0,,
9371,5369,182,1,94.99,0,0,,
9372,5369,17,1,12.99,0,0,,
9373,5370,114,1,27.99,0,0,,
9374,5370,150,1,15.99,30,0,,
9375,5371,226,1,59.99,0,0,,
9376,5371,41,1,22.99,0,1,not_as_described,2025-10-03
9377,5371,95,1,29.99,0,0,,
9378,5372,42,1,22.99,0,0,,
9379,5372,125,1,11.99,0,1,changed_mind,2025-10-04
9380,5373,181,1,349.99,0,0,,
9381,5373,14,1,24.99,30,0,,
9382,5374,9,1,24.99,0,0,,
9383,5375,98,1,8.49,0,0,,
9384,5375,181,1,349.99,0,0,,
9385,5376,9,1,24.99,0,0,,
9386,5377,105,1,34.99,0,0,,
9387,5377,132,1,11.99,0,0,,
9388,5377,64,1,10.49,0,0,,
9389,5378,148,1,27.99,0,0,,
9390,5379,21,1,22.99,10,0,,
9391,5379,17,1,12.99,10,1,changed_mind,2025-10-09
9392,5380,188,1,27.99,40,0,,
9393,5381,87,1,89.99,0,0,,
9394,5382,98,2,8.49,0,1,defective,2025-10-22
9395,5382,26,2,14.99,0,0,,
9396,5382,214,1,14.99,0,0,,
9397,5382,191,1,27.99,0,0,,
9398,5383,79,1,54.99,0,0,,
9399,5384,174,1,22.99,0,0,,
9400,5384,98,1,8.49,0,0,,
9401,5385,82,1,10.49,0,0,,
9402,5386,155,1,129.99,0,0,,
9403,5386,43,1,18.99,0,0,,
9404,5387,45,1,32.99,0,0,,
9405,5388,97,1,47.99,10,0,,
9406,5388,220,1,29.99,10,0,,
9407,5389,190,1,10.99,0,0,,
9408,5390,43,1,18.99,0,0,,
9409,5390,110,1,19.99,0,0,,
9410,5390,100,1,79.99,0,0,,
9411,5391,158,1,29.99,0,0,,
9412,5391,55,1,42.99,0,0,,
9413,5392,85,1,24.99,0,0,,
9414,5392,97,1,47.99,0,0,,
9415,5392,58,1,16.99,0,0,,
9416,5393,108,2,89.99,0,1,changed_mind,2025-10-06
9417,5394,148,1,27.99,0,1,changed_mind,2025-10-13
9418,5395,132,1,11.99,0,0,,
9419,5396,27,1,29.99,10,0,,
9420,5397,187,1,699.99,0,0,,
9421,5397,145,1,14.99,20,0,,
9422,5398,8,1,13.99,0,0,,
9423,5399,31,1,27.99,0,0,,
9424,5399,146,1,21.99,0,0,,
9425,5399,190,2,10.99,0,1,arrived_late,2025-10-08
9426,5400,134,1,12.99,0,0,,
9427,5400,121,1,27.99,0,0,,
9428,5400,150,1,15.99,0,1,changed_mind,2025-10-13
9429,5401,39,1,37.99,0,0,,
9430,5401,188,1,27.99,40,0,,
9431,5402,133,1,13.99,0,0,,
9432,5403,23,1,37.99,0,0,,
9433,5404,21,1,22.99,0,0,,
9434,5404,159,1,29.99,0,0,,
9435,5405,119,1,34.99,0,1,not_as_described,2025-10-08
9436,5405,175,1,15.99,20,0,,
9437,5406,88,1,37.99,10,0,,
9438,5406,111,1,18.99,10,0,,
9439,5407,225,1,199.99,0,1,size_too_large,2025-10-07
9440,5407,110,1,19.99,0,0,,
9441,5408,39,1,37.99,0,0,,
9442,5408,147,1,19.99,0,0,,
9443,5409,129,1,27.99,0,0,,
9444,5410,111,1,18.99,10,0,,
9445,5410,26,1,14.99,10,0,,
9446,5411,93,1,13.99,0,0,,
9447,5411,190,1,10.99,0,1,changed_mind,2025-10-07
9448,5412,165,1,13.99,0,0,,
9449,5413,68,1,99.99,0,0,,
9450,5413,62,1,29.99,0,0,,
9451,5414,79,1,54.99,0,0,,
9452,5414,26,1,14.99,0,0,,
9453,5415,166,1,34.99,10,1,size_too_small,2025-10-04
9454,5416,64,1,10.49,10,0,,
9455,5416,225,1,199.99,10,1,size_too_small,2025-10-07
9456,5417,129,1,27.99,0,0,,
9457,5417,226,1,59.99,0,1,wrong_item,2025-10-10
9458,5417,148,1,27.99,0,1,size_too_small,2025-10-06
9459,5418,52,1,16.49,0,0,,
9460,5419,42,1,22.99,0,0,,
9461,5420,4,1,14.99,0,0,,
9462,5421,92,1,24.99,0,0,,
9463,5421,146,1,21.99,0,0,,
9464,5421,26,1,14.99,0,0,,
9465,5422,216,1,54.99,0,0,,
9466,5423,142,1,49.99,0,0,,
9467,5423,91,1,44.99,0,0,,
9468,5424,33,1,34.99,0,0,,
9469,5424,54,2,129.99,0,0,,
9470,5424,126,1,54.99,0,0,,
9471,5424,182,2,94.99,0,0,,
9472,5424,151,1,27.99,0,0,,
9473,5424,140,1,11.99,0,0,,
9474,5425,217,1,44.99,0,0,,
9475,5426,92,1,24.99,0,0,,
9476,5427,111,1,18.99,0,1,defective,2025-10-19
9477,5428,93,1,13.99,0,1,defective,2025-10-13
9478,5429,158,1,29.99,10,0,,
9479,5430,26,1,14.99,0,0,,
9480,5431,45,1,32.99,0,1,wrong_item,2025-10-13
9481,5431,33,1,34.99,0,0,,
9482,5432,111,1,18.99,0,0,,
9483,5433,164,1,29.99,0,0,,
9484,5434,98,1,8.49,0,0,,
9485,5434,167,1,47.99,0,0,,
9486,5435,12,1,13.49,0,0,,
9487,5436,26,1,14.99,0,0,,
9488,5437,221,1,49.99,0,1,size_too_large,2025-10-09
9489,5437,77,1,49.99,0,0,,
9490,5437,26,1,14.99,0,0,,
9491,5438,226,1,59.99,0,0,,
9492,5438,133,1,13.99,0,0,,
9493,5438,42,1,22.99,0,0,,
9494,5438,138,1,64.99,0,0,,
9495,5439,62,1,29.99,0,0,,
9496,5440,167,1,47.99,0,0,,
9497,5440,226,1,59.99,0,0,,
9498,5441,62,1,29.99,0,0,,
9499,5441,157,1,94.99,0,0,,
9500,5442,125,1,11.99,0,0,,
9501,5443,195,1,12.99,0,1,defective,2025-10-23
9502,5443,96,1,37.99,0,0,,
9503,5444,117,1,6.49,0,0,,
9504,5444,148,1,27.99,0,1,size_too_small,2025-10-10
9505,5445,39,1,37.99,0,0,,
9506,5446,58,1,16.99,0,0,,
9507,5446,120,1,89.99,0,0,,
9508,5446,135,1,24.99,0,0,,
9509,5447,70,1,14.49,0,0,,
9510,5447,28,1,34.99,0,0,,
9511,5448,83,1,29.99,15,0,,
9512,5448,130,1,14.99,0,0,,
9513,5449,167,1,47.99,0,0,,
9514,5449,145,1,14.99,20,0,,
9515,5450,9,1,24.99,10,0,,
9516,5450,97,1,47.99,10,0,,
9517,5451,188,1,27.99,40,0,,
9518,5452,179,1,49.99,0,0,,
9519,5452,132,1,11.99,0,0,,
9520,5453,66,1,69.99,0,0,,
9521,5453,11,1,54.99,0,0,,
9522,5454,98,1,8.49,0,0,,
9523,5454,58,1,16.99,0,0,,
9524,5455,163,1,32.99,10,0,,
9525,5456,36,1,12.99,0,0,,
9526,5457,43,1,18.99,10,0,,
9527,5457,182,1,94.99,10,0,,
9528,5458,55,1,42.99,0,0,,
9529,5458,153,1,16.49,0,0,,
9530,5459,105,1,34.99,0,0,,
9531,5459,141,3,24.99,0,0,,
9532,5460,9,1,24.99,10,0,,
9533,5460,12,1,13.49,10,0,,
9534,5460,42,1,22.99,10,0,,
9535,5460,62,1,29.99,10,0,,
9536,5461,50,1,24.99,10,0,,
9537,5461,197,1,39.99,10,0,,
9538,5461,97,1,47.99,10,0,,
9539,5462,162,1,15.99,0,0,,
9540,5463,82,1,10.49,10,0,,
9541,5463,219,1,39.99,10,0,,
9542,5463,59,1,9.99,10,0,,
9543,5464,70,1,14.49,0,0,,
9544,5465,112,1,47.99,0,1,changed_mind,2025-10-10
9545,5465,94,1,12.99,0,0,,
9546,5466,95,1,29.99,0,0,,
9547,5466,225,1,199.99,0,0,,
9548,5467,153,1,16.49,0,0,,
9549,5468,24,1,32.99,0,1,not_as_described,2025-10-09
9550,5469,42,1,22.99,10,0,,
9551,5469,95,1,29.99,10,0,,
9552,5470,189,1,34.99,10,0,,
9553,5471,111,1,18.99,0,0,,
9554,5471,79,1,54.99,0,1,size_too_large,2025-10-12
9555,5471,190,1,10.99,0,0,,
9556,5472,187,1,699.99,0,0,,
9557,5472,72,1,24.99,10,0,,
9558,5473,68,1,99.99,0,0,,
9559,5473,54,1,129.99,0,0,,
9560,5474,163,1,32.99,0,0,,
9561,5474,54,1,129.99,0,0,,
9562,5475,93,1,13.99,10,0,,
9563,5476,23,1,37.99,0,0,,
9564,5477,98,1,8.49,0,0,,
9565,5478,64,1,10.49,0,0,,
9566,5479,113,2,42.99,0,1,size_too_small,2025-10-17
9567,5480,4,1,14.99,0,0,,
9568,5480,33,1,34.99,0,0,,
9569,5480,111,1,18.99,0,0,,
9570,5480,82,1,10.49,0,0,,
9571,5481,98,2,8.49,0,0,,
9572,5482,133,1,13.99,10,0,,
9573,5482,70,1,14.49,10,1,defective,2025-10-18
9574,5483,78,1,11.99,0,0,,
9575,5484,99,1,29.99,0,0,,
9576,5484,4,1,14.99,0,0,,
9577,5485,58,1,16.99,0,0,,
9578,5485,158,1,29.99,0,0,,
9579,5485,110,1,19.99,0,1,defective,2025-10-28
9580,5485,167,1,47.99,0,0,,
9581,5486,28,1,34.99,0,0,,
9582,5487,164,1,29.99,15,0,,
9583,5487,70,2,14.49,15,0,,
9584,5488,36,1,12.99,10,0,,
9585,5489,223,1,14.99,0,0,,
9586,5489,59,3,9.99,0,0,,
9587,5490,215,1,18.99,0,0,,
9588,5491,170,1,32.99,10,0,,
9589,5491,10,1,18.49,10,0,,
9590,5491,33,1,34.99,10,0,,
9591,5492,94,1,12.99,0,0,,
9592,5493,134,1,12.99,0,0,,
9593,5493,30,1,22.99,30,0,,
9594,5494,31,1,27.99,0,0,,
9595,5494,146,1,21.99,0,0,,
9596,5495,199,1,89.99,0,0,,
9597,5495,130,2,14.99,0,0,,
9598,5495,190,1,10.99,0,0,,
9599,5496,70,2,14.49,0,0,,
9600,5496,57,1,22.99,0,0,,
9601,5497,5,1,49.99,0,0,,
9602,5498,94,1,12.99,0,0,,
9603,5499,177,1,64.99,0,0,,
9604,5500,143,1,19.99,25,0,,
9605,5500,159,1,29.99,0,0,,
9606,5500,180,1,16.49,0,0,,
9607,5501,62,1,29.99,0,0,,
9608,5502,220,1,29.99,0,0,,
9609,5503,95,1,29.99,0,0,,
9610,5503,7,1,139.99,0,0,,
9611,5503,53,1,94.99,0,0,,
9612,5504,107,1,8.99,0,0,,
9613,5505,191,1,27.99,0,0,,
9614,5506,138,1,64.99,10,0,,
9615,5506,135,1,24.99,10,0,,
9616,5507,8,1,13.99,10,0,,
9617,5507,129,1,27.99,10,1,not_as_described,2025-10-18
9618,5508,39,1,37.99,10,1,defective,2025-10-29
9619,5509,191,2,27.99,0,0,,
9620,5509,148,1,27.99,0,0,,
9621,5510,133,1,13.99,0,0,,
9622,5510,226,1,59.99,0,0,,
9623,5511,191,1,27.99,0,0,,
9624,5511,52,1,16.49,25,0,,
9625,5512,50,1,24.99,0,1,changed_mind,2025-10-15
9626,5513,85,1,24.99,0,0,,
9627,5513,41,1,22.99,0,0,,
9628,5513,17,1,12.99,0,0,,
9629,5514,175,1,15.99,10,0,,
9630,5515,26,1,14.99,0,0,,
9631,5515,111,1,18.99,0,0,,
9632,5515,187,1,699.99,0,0,,
9633,5516,95,10,29.99,0,0,,
9634,5516,111,1,18.99,0,0,,
9635,5516,5,1,49.99,0,0,,
9636,5517,63,1,89.99,0,1,not_as_described,2025-10-19
9637,5518,167,3,47.99,0,0,,
9638,5519,145,1,14.99,10,0,,
9639,5519,72,1,24.99,10,0,,
9640,5520,150,1,15.99,0,0,,
9641,5520,39,1,37.99,0,0,,
9642,5521,165,1,13.99,0,0,,
9643,5522,153,1,16.49,0,0,,
9644,5523,217,3,44.99,0,0,,
9645,5524,139,1,34.99,0,0,,
9646,5524,117,1,6.49,0,1,defective,2025-10-26
9647,5525,102,1,59.99,0,0,,
9648,5525,72,1,24.99,0,0,,
9649,5526,102,1,59.99,0,0,,
9650,5526,167,1,47.99,0,0,,
9651,5527,210,2,24.99,0,0,,
9652,5528,51,1,27.99,0,0,,
9653,5529,92,1,24.99,0,0,,
9654,5530,101,1,39.99,0,0,,
9655,5531,123,1,49.99,0,0,,
9656,5532,84,1,29.99,10,0,,
9657,5533,44,1,69.99,0,0,,
9658,5534,150,1,15.99,10,0,,
9659,5535,59,1,9.99,0,0,,
9660,5535,110,1,19.99,0,0,,
9661,5536,124,1,69.99,10,0,,
9662,5536,48,1,89.99,10,0,,
9663,5537,88,1,37.99,0,0,,
9664,5538,172,1,149.99,0,0,,
9665,5538,111,1,18.99,0,0,,
9666,5539,8,1,13.99,0,0,,
9667,5539,108,1,89.99,0,0,,
9668,5540,132,1,11.99,0,0,,
9669,5540,70,1,14.49,0,0,,
9670,5541,17,1,12.99,10,0,,
9671,5541,98,1,8.49,10,0,,
9672,5542,30,1,22.99,30,0,,
9673,5543,26,1,14.99,0,0,,
9674,5543,192,1,22.99,0,0,,
9675,5544,55,2,42.99,0,0,,
9676,5544,5,1,49.99,0,0,,
9677,5545,177,1,64.99,10,1,changed_mind,2025-10-17
9678,5545,141,1,24.99,10,0,,
9679,5546,194,1,10.99,0,0,,
9680,5547,160,1,149.99,0,0,,
9681,5547,30,1,22.99,30,0,,
9682,5548,4,1,14.99,0,0,,
9683,5548,226,1,59.99,0,0,,
9684,5549,139,1,34.99,0,0,,
9685,5550,111,1,18.99,0,0,,
9686,5550,26,1,14.99,0,0,,
9687,5551,17,1,12.99,0,0,,
9688,5551,95,1,29.99,0,0,,
9689,5552,4,1,14.99,0,0,,
9690,5552,64,1,10.49,0,0,,
9691,5552,70,1,14.49,0,0,,
9692,5553,195,1,12.99,0,0,,
9693,5554,16,1,69.99,0,0,,
9694,5554,33,1,34.99,0,0,,
9695,5555,102,1,59.99,10,0,,
9696,5555,142,1,49.99,10,0,,
9697,5555,195,1,12.99,10,0,,
9698,5556,98,1,8.49,0,0,,
9699,5557,37,1,179.99,0,0,,
9700,5557,152,1,19.99,10,0,,
9701,5557,145,1,14.99,20,0,,
9702,5558,111,10,18.99,0,0,,
9703,5559,30,1,22.99,30,0,,
9704,5560,135,1,24.99,0,0,,
9705,5561,93,1,13.99,0,0,,
9706,5562,21,1,22.99,0,0,,
9707,5563,172,1,149.99,25,1,size_too_large,2025-10-18
9708,5564,16,1,69.99,10,0,,
9709,5565,7,1,139.99,0,0,,
9710,5566,64,1,10.49,0,0,,
9711,5567,134,1,12.99,10,0,,
9712,5567,12,1,13.49,10,0,,
9713,5568,153,1,16.49,0,0,,
9714,5569,143,1,19.99,0,0,,
9715,5569,165,2,13.99,0,0,,
9716,5570,98,1,8.49,0,0,,
9717,5571,36,1,12.99,0,0,,
9718,5572,217,1,44.99,10,0,,
9719,5572,82,1,10.49,10,0,,
9720,5573,7,1,139.99,0,1,changed_mind,2025-10-26
9721,5574,45,1,32.99,15,0,,
9722,5574,140,1,11.99,15,0,,
9723,5574,67,1,34.99,15,0,,
9724,5575,111,1,18.99,0,0,,
9725,5576,65,1,34.99,0,0,,
9726,5576,156,1,29.99,0,0,,
9727,5577,62,2,29.99,0,0,,
9728,5578,5,1,49.99,0,0,,
9729,5579,134,1,12.99,0,0,,
9730,5580,148,1,27.99,10,0,,
9731,5580,70,1,14.49,10,0,,
9732,5580,150,1,15.99,10,0,,
9733,5581,26,1,14.99,15,0,,
9734,5581,62,1,29.99,15,0,,
9735,5582,145,1,14.99,20,0,,
9736,5583,108,1,89.99,0,0,,
9737,5584,75,2,44.99,0,0,,
9738,5585,13,1,89.99,0,0,,
9739,5586,97,1,47.99,0,0,,
9740,5586,28,1,34.99,0,0,,
9741,5587,185,1,99.99,0,1,size_too_large,2025-10-26
9742,5587,175,1,15.99,0,0,,
9743,5587,162,1,15.99,0,0,,
9744,5588,161,2,74.99,0,0,,
9745,5589,98,2,8.49,0,0,,
9746,5590,226,2,59.99,0,0,,
9747,5590,111,1,18.99,0,0,,
9748,5590,220,1,29.99,0,0,,
9749,5591,217,1,44.99,0,0,,
9750,5591,111,1,18.99,0,0,,
9751,5591,170,1,32.99,0,1,changed_mind,2025-10-21
9752,5592,33,1,34.99,0,0,,
9753,5593,41,1,22.99,0,0,,
9754,5594,54,1,129.99,0,0,,
9755,5594,145,2,14.99,20,0,,
9756,5595,148,1,27.99,0,1,size_too_small,2025-10-21
9757,5596,62,1,29.99,0,0,,
9758,5597,138,1,64.99,0,0,,
9759,5597,75,1,44.99,0,0,,
9760,5597,70,1,14.49,0,0,,
9761,5598,134,1,12.99,0,0,,
9762,5598,72,1,24.99,0,0,,
9763,5598,7,1,139.99,0,0,,
9764,5599,133,1,13.99,0,0,,
9765,5599,140,1,11.99,0,0,,
9766,5599,138,1,64.99,0,0,,
9767,5600,155,1,129.99,0,0,,
9768,5601,148,1,27.99,0,1,size_too_small,2025-10-23
9769,5602,96,1,37.99,0,0,,
9770,5602,36,1,12.99,0,0,,
9771,5603,21,2,22.99,0,0,,
9772,5603,111,1,18.99,0,0,,
9773,5604,68,1,99.99,0,0,,
9774,5604,111,1,18.99,0,0,,
9775,5605,88,1,37.99,0,0,,
9776,5606,56,1,19.99,0,0,,
9777,5606,159,1,29.99,0,0,,
9778,5607,140,1,11.99,10,0,,
9779,5608,50,1,24.99,10,0,,
9780,5608,195,2,12.99,10,0,,
9781,5608,214,1,14.99,10,0,,
9782,5609,93,1,13.99,0,0,,
9783,5610,63,1,89.99,0,0,,
9784,5610,110,1,19.99,0,0,,
9785,5610,159,1,29.99,0,0,,
9786,5611,58,1,16.99,10,0,,
9787,5611,28,1,34.99,10,0,,
9788,5611,119,1,34.99,10,0,,
9789,5612,17,1,12.99,10,0,,
9790,5613,17,1,12.99,0,1,not_as_described,2025-10-23
9791,5614,62,1,29.99,0,0,,
9792,5614,181,1,349.99,0,1,changed_mind,2025-10-28
9793,5615,70,2,14.49,0,0,,
9794,5615,99,1,29.99,0,0,,
9795,5616,31,1,27.99,0,0,,
9796,5617,85,1,24.99,0,0,,
9797,5618,114,1,27.99,0,0,,
9798,5618,198,1,39.99,0,0,,
9799,5618,70,1,14.49,0,0,,
9800,5619,33,1,34.99,10,0,,
9801,5620,7,1,139.99,0,0,,
9802,5620,39,1,37.99,0,0,,
9803,5621,218,1,22.99,10,0,,
9804,5621,109,1,44.99,10,0,,
9805,5621,11,1,54.99,10,0,,
9806,5621,64,1,10.49,10,0,,
9807,5622,177,1,64.99,0,0,,
9808,5622,98,1,8.49,0,0,,
9809,5623,197,1,39.99,0,0,,
9810,5623,121,1,27.99,0,0,,
9811,5623,158,1,29.99,0,0,,
9812,5624,191,1,27.99,0,0,,
9813,5624,217,1,44.99,0,0,,
9814,5625,166,1,34.99,0,1,not_as_described,2025-10-24
9815,5626,21,1,22.99,0,0,,
9816,5626,205,1,19.99,0,0,,
9817,5627,8,1,13.99,0,0,,
9818,5627,228,1,49.99,0,1,size_too_large,2025-10-24
9819,5627,138,1,64.99,0,0,,
9820,5628,110,1,19.99,0,0,,
9821,5628,169,1,39.99,0,0,,
9822,5628,21,1,22.99,0,0,,
9823,5629,49,1,42.99,0,0,,
9824,5629,135,1,24.99,0,0,,
9825,5630,43,1,18.99,0,0,,
9826,5630,135,1,24.99,0,0,,
9827,5630,50,1,24.99,0,0,,
9828,5631,129,1,27.99,0,0,,
9829,5632,159,1,29.99,0,0,,
9830,5632,96,1,37.99,0,0,,
9831,5633,42,1,22.99,20,0,,
9832,5634,196,1,39.99,0,0,,
9833,5635,8,2,13.99,0,0,,
9834,5635,5,1,49.99,0,1,changed_mind,2025-10-27
9835,5635,100,1,79.99,0,0,,
9836,5636,101,1,39.99,10,0,,
9837,5636,92,1,24.99,10,0,,
9838,5637,214,1,14.99,0,0,,
9839,5638,36,2,12.99,0,0,,
9840,5638,169,2,39.99,0,0,,
9841,5638,138,1,64.99,0,0,,
9842,5639,159,1,29.99,0,0,,
9843,5639,41,1,22.99,0,0,,
9844,5639,175,1,15.99,0,0,,
9845,5639,108,1,89.99,0,0,,
9846,5640,120,1,89.99,0,0,,
9847,5641,211,1,34.99,0,0,,
9848,5641,148,1,27.99,0,0,,
9849,5642,51,1,27.99,0,0,,
9850,5642,17,2,12.99,0,0,,
9851,5643,174,1,22.99,0,0,,
9852,5644,215,1,18.99,0,0,,
9853,5644,168,1,32.99,0,0,,
9854,5644,62,1,29.99,15,0,,
9855,5645,8,2,13.99,0,0,,
9856,5645,72,1,24.99,0,0,,
9857,5646,121,1,27.99,0,0,,
9858,5646,82,1,10.49,0,0,,
9859,5647,181,1,349.99,10,0,,
9860,5647,162,1,15.99,10,0,,
9861,5648,51,1,27.99,10,1,changed_mind,2025-10-29
9862,5648,41,1,22.99,10,0,,
9863,5649,102,1,59.99,0,0,,
9864,5649,183,1,59.99,0,1,,2025-10-26
9865,5650,170,1,32.99,0,0,,
9866,5651,24,1,32.99,0,0,,
9867,5652,148,1,27.99,0,1,size_too_small,2025-11-02
9868,5653,225,1,199.99,0,1,defective,2025-11-03
9869,5654,138,1,64.99,0,0,,
9870,5655,1,1,19.99,0,0,,
9871,5655,228,1,49.99,0,0,,
9872,5656,102,1,59.99,0,0,,
9873,5656,148,1,27.99,0,1,size_too_small,2025-11-05
9874,5657,117,1,6.49,0,0,,
9875,5658,166,2,34.99,0,0,,
9876,5659,59,1,9.99,0,0,,
9877,5660,165,1,13.99,0,1,wrong_item,2025-10-29
9878,5661,59,1,9.99,0,0,,
9879,5661,110,1,19.99,0,0,,
9880,5661,95,1,29.99,0,0,,
9881,5662,68,1,99.99,10,0,,
9882,5663,163,1,32.99,0,0,,
9883,5664,101,1,39.99,10,0,,
9884,5665,166,1,34.99,0,0,,
9885,5665,33,1,34.99,0,0,,
9886,5665,125,1,11.99,0,0,,
9887,5666,165,1,13.99,0,0,,
9888,5666,99,1,29.99,0,0,,
9889,5667,162,1,15.99,0,0,,
9890,5667,65,1,34.99,0,0,,
9891,5667,146,1,21.99,0,0,,
9892,5668,33,1,34.99,0,0,,
9893,5669,129,1,27.99,0,0,,
9894,5670,132,1,11.99,0,0,,
9895,5671,73,1,49.99,0,0,,
9896,5671,154,1,32.99,0,0,,
9897,5672,51,1,27.99,0,0,,
9898,5672,138,1,64.99,0,0,,
9899,5672,120,1,89.99,0,1,changed_mind,2025-11-01
9900,5673,226,1,59.99,0,0,,
9901,5673,220,1,29.99,0,0,,
9902,5673,145,1,14.99,0,0,,
9903,5674,166,1,34.99,10,0,,
9904,5675,24,1,32.99,10,0,,
9905,5676,28,1,34.99,0,0,,
9906,5676,45,1,32.99,0,0,,
9907,5677,125,1,11.99,10,0,,
9908,5677,173,1,99.99,10,0,,
9909,5678,124,1,69.99,0,0,,
9910,5678,107,1,8.99,0,0,,
9911,5679,86,1,8.99,0,0,,
9912,5680,33,1,34.99,10,0,,
9913,5681,94,1,12.99,0,0,,
9914,5681,105,2,34.99,0,0,,
9915,5681,104,1,54.99,0,0,,
9916,5682,167,1,47.99,10,0,,
9917,5682,27,1,29.99,10,0,,
9918,5683,65,1,34.99,0,0,,
9919,5684,96,1,37.99,0,0,,
9920,5685,158,1,29.99,0,0,,
9921,5685,99,1,29.99,0,0,,
9922,5685,94,1,12.99,0,0,,
9923,5685,195,1,12.99,0,0,,
9924,5685,165,2,13.99,0,0,,
9925,5686,56,1,19.99,0,0,,
9926,5687,134,1,12.99,0,0,,
9927,5688,51,1,27.99,10,0,,
9928,5689,64,2,10.49,0,0,,
9929,5690,185,1,99.99,0,0,,
9930,5690,175,1,15.99,0,1,,2025-10-31
9931,5690,162,1,15.99,0,1,changed_mind,2025-10-30
9932,5691,11,1,54.99,0,0,,
9933,5692,50,1,24.99,0,0,,
9934,5693,143,1,19.99,0,0,,
9935,5693,158,3,29.99,0,0,,
9936,5694,110,1,19.99,0,0,,
9937,5695,183,1,59.99,0,1,size_too_small,2025-10-30
9938,5695,148,2,27.99,0,0,,
9939,5696,7,1,139.99,0,0,,
9940,5696,91,1,44.99,0,0,,
9941,5696,55,1,42.99,0,0,,
9942,5696,56,1,19.99,0,0,,
9943,5696,145,1,14.99,0,0,,
9944,5697,93,1,13.99,0,0,,
9945,5698,165,3,13.99,0,0,,
9946,5698,64,1,10.49,0,0,,
9947,5699,107,2,8.99,0,0,,
9948,5699,98,2,8.49,0,0,,
9949,5700,145,1,14.99,0,0,,
9950,5700,84,1,29.99,0,0,,
9951,5701,7,1,139.99,0,0,,
9952,5702,205,1,19.99,0,0,,
9953,5703,117,2,6.49,0,0,,
9954,5703,27,1,29.99,0,1,changed_mind,2025-11-02
9955,5704,59,1,9.99,0,0,,
9956,5704,227,3,14.99,0,0,,
9957,5705,140,2,11.99,0,0,,
9958,5706,228,1,49.99,15,0,,
9959,5707,85,1,24.99,10,0,,
9960,5707,94,1,12.99,10,0,,
9961,5707,59,3,9.99,10,0,,
9962,5708,26,10,14.99,0,0,,
9963,5708,231,1,24.99,0,0,,
9964,5708,85,1,24.99,0,0,,
9965,5709,158,1,29.99,0,0,,
9966,5710,110,1,19.99,0,0,,
9967,5710,24,1,32.99,0,0,,
9968,5711,24,1,32.99,0,0,,
9969,5711,95,1,29.99,0,0,,
9970,5712,27,1,29.99,0,0,,
9971,5712,145,1,14.99,0,0,,
9972,5712,80,1,69.99,0,0,,
9973,5713,111,1,18.99,10,0,,
9974,5714,227,3,14.99,0,0,,
9975,5714,229,1,11.99,0,0,,
9976,5715,145,1,14.99,0,0,,
9977,5715,230,1,249.99,0,0,,
9978,5715,174,2,22.99,0,0,,
9979,5716,156,1,29.99,0,0,,
9980,5716,196,1,39.99,0,0,,
9981,5717,52,1,16.49,0,0,,
9982,5718,187,1,699.99,0,0,,
9983,5719,13,1,89.99,0,0,,
9984,5720,229,1,11.99,0,0,,
9985,5721,190,1,10.99,0,0,,
9986,5721,110,1,19.99,0,0,,
9987,5722,133,1,13.99,10,0,,
9988,5723,139,1,34.99,0,0,,
9989,5724,134,2,12.99,10,0,,
9990,5725,111,1,18.99,0,0,,
9991,5726,17,1,12.99,0,0,,
9992,5727,27,1,29.99,0,0,,
9993,5728,70,1,14.49,0,0,,
9994,5728,222,1,109.99,0,1,not_as_described,2025-11-10
9995,5729,191,1,27.99,0,0,,
9996,5730,75,1,44.99,0,0,,
9997,5730,98,2,8.49,0,0,,
9998,5730,39,1,37.99,0,0,,
9999,5730,45,1,32.99,0,0,,
10000,5731,231,2,24.99,10,0,,
10001,5732,90,1,39.99,0,0,,
10002,5733,146,1,21.99,0,0,,
10003,5733,17,1,12.99,0,0,,
10004,5733,18,1,37.99,0,0,,
10005,5733,189,1,34.99,0,0,,
10006,5733,198,1,39.99,0,0,,
10007,5734,13,1,89.99,0,0,,
10008,5734,75,1,44.99,0,0,,
10009,5734,191,1,27.99,0,0,,
10010,5735,145,3,14.99,0,0,,
10011,5735,168,1,32.99,0,0,,
10012,5736,36,1,12.99,0,0,,
10013,5736,91,1,44.99,0,0,,
10014,5736,17,1,12.99,0,0,,
10015,5736,145,1,14.99,0,1,arrived_late,2025-11-18
10016,5737,228,1,49.99,15,1,size_too_large,2025-11-09
10017,5737,163,1,32.99,0,0,,
10018,5738,8,1,13.99,0,1,changed_mind,2025-11-02
10019,5738,39,1,37.99,0,0,,
10020,5739,2,1,69.99,0,0,,
10021,5739,214,1,14.99,0,0,,
10022,5739,58,1,16.99,0,0,,
10023,5740,231,1,24.99,0,0,,
10024,5741,26,2,14.99,0,0,,
10025,5741,170,1,32.99,0,0,,
10026,5741,111,1,18.99,0,0,,
10027,5742,9,1,24.99,0,0,,
10028,5743,17,1,12.99,0,1,defective,2025-12-03
10029,5744,130,1,14.99,0,0,,
10030,5744,78,1,11.99,0,0,,
10031,5745,196,1,39.99,0,0,,
10032,5745,175,1,15.99,0,0,,
10033,5746,134,1,12.99,0,1,wrong_item,2025-11-06
10034,5747,13,1,89.99,10,1,,2025-11-10
10035,5748,91,1,44.99,0,0,,
10036,5748,70,3,14.49,0,0,,
10037,5749,192,1,22.99,0,0,,
10038,5750,39,1,37.99,0,0,,
10039,5750,133,1,13.99,0,0,,
10040,5751,111,1,18.99,0,0,,
10041,5752,166,1,34.99,0,1,defective,2025-11-07
10042,5753,88,1,37.99,10,0,,
10043,5753,220,1,29.99,10,0,,
10044,5753,169,1,39.99,10,0,,
10045,5754,174,1,22.99,0,0,,
10046,5755,26,1,14.99,0,0,,
10047,5755,34,1,27.99,0,0,,
10048,5756,49,1,42.99,0,0,,
10049,5757,196,1,39.99,0,0,,
10050,5758,111,1,18.99,0,0,,
10051,5759,47,1,94.99,0,0,,
10052,5759,39,1,37.99,0,0,,
10053,5760,51,1,27.99,0,0,,
10054,5761,165,1,13.99,0,0,,
10055,5762,170,1,32.99,0,0,,
10056,5763,230,1,249.99,0,0,,
10057,5763,225,1,199.99,0,1,size_too_small,2025-11-07
10058,5763,130,1,14.99,0,0,,
10059,5764,117,1,6.49,0,0,,
10060,5764,125,2,11.99,0,1,changed_mind,2025-11-17
10061,5764,119,1,34.99,0,0,,
10062,5765,133,1,13.99,0,0,,
10063,5766,39,1,37.99,0,0,,
10064,5767,43,1,18.99,0,0,,
10065,5767,191,1,27.99,0,0,,
10066,5768,173,1,99.99,0,0,,
10067,5768,7,1,139.99,0,1,defective,2025-11-24
10068,5769,111,1,18.99,0,0,,
10069,5770,70,2,14.49,0,0,,
10070,5770,215,1,18.99,0,0,,
10071,5770,48,1,89.99,0,0,,
10072,5771,160,1,149.99,0,0,,
10073,5771,145,1,14.99,0,0,,
10074,5771,72,1,24.99,0,0,,
10075,5772,4,1,14.99,0,0,,
10076,5773,218,1,22.99,0,1,size_too_large,2025-11-08
10077,5774,143,1,19.99,0,0,,
10078,5774,130,1,14.99,0,0,,
10079,5775,176,1,949.99,0,0,,
10080,5776,139,1,34.99,0,0,,
10081,5777,214,1,14.99,0,1,changed_mind,2025-11-10
10082,5778,26,1,14.99,0,0,,
10083,5779,167,1,47.99,0,0,,
10084,5779,36,3,12.99,0,0,,
10085,5780,94,1,12.99,0,0,,
10086,5780,89,1,29.99,0,0,,
10087,5781,33,1,34.99,0,0,,
10088,5781,163,1,32.99,0,0,,
10089,5782,80,2,69.99,0,1,changed_mind,2025-11-12
10090,5782,110,1,19.99,0,1,not_as_described,2025-11-07
10091,5782,203,1,499.99,0,0,,
10092,5782,167,1,47.99,0,0,,
10093,5783,68,1,99.99,0,0,,
10094,5783,210,1,24.99,0,0,,
10095,5784,82,1,10.49,0,0,,
10096,5784,98,2,8.49,0,0,,
10097,5784,111,1,18.99,0,0,,
10098,5785,182,1,94.99,0,0,,
10099,5786,50,1,24.99,10,0,,
10100,5786,119,1,34.99,10,1,not_as_described,2025-11-10
10101,5787,25,1,22.99,0,0,,
10102,5787,138,1,64.99,0,0,,
10103,5787,148,1,27.99,0,1,size_too_large,2025-11-09
10104,5788,56,1,19.99,0,0,,
10105,5789,41,1,22.99,0,1,defective,2025-11-14
10106,5790,228,1,49.99,0,0,,
10107,5791,2,1,69.99,0,0,,
10108,5792,211,1,34.99,0,0,,
10109,5792,82,1,10.49,0,0,,
10110,5793,9,1,24.99,0,0,,
10111,5793,5,3,49.99,0,0,,
10112,5794,140,1,11.99,40,0,,
10113,5795,227,1,14.99,0,0,,
10114,5796,125,1,11.99,0,1,not_as_described,2025-11-08
10115,5796,85,1,24.99,0,0,,
10116,5796,36,2,12.99,0,0,,
10117,5796,138,1,64.99,0,0,,
10118,5796,134,1,12.99,0,0,,
10119,5797,90,1,39.99,0,0,,
10120,5797,39,1,37.99,0,0,,
10121,5797,153,1,16.49,0,0,,
10122,5798,100,1,79.99,0,0,,
10123,5799,148,1,27.99,0,1,size_too_large,2025-11-14
10124,5799,93,3,13.99,0,0,,
10125,5799,70,1,14.49,0,0,,
10126,5800,111,1,18.99,10,0,,
10127,5801,13,1,89.99,0,0,,
10128,5801,41,1,22.99,0,0,,
10129,5802,228,1,49.99,0,0,,
10130,5802,140,1,11.99,40,0,,
10131,5803,182,2,94.99,0,1,not_as_described,2025-11-15
10132,5804,109,1,44.99,0,0,,
10133,5805,33,1,34.99,0,0,,
10134,5805,37,1,179.99,0,0,,
10135,5806,59,1,9.99,10,0,,
10136,5807,120,1,89.99,0,1,size_too_large,2025-11-09
10137,5808,111,1,18.99,0,0,,
10138,5808,113,1,42.99,0,0,,
10139,5808,51,1,27.99,0,0,,
10140,5809,190,1,10.99,0,0,,
10141,5810,58,1,16.99,10,0,,
10142,5811,177,2,64.99,0,1,size_too_small,2025-11-16
10143,5811,232,1,49.99,0,0,,
10144,5811,228,1,49.99,0,0,,
10145,5812,121,1,27.99,10,0,,
10146,5812,120,1,89.99,10,0,,
10147,5812,36,1,12.99,10,0,,
10148,5813,146,1,21.99,0,0,,
10149,5813,232,1,49.99,0,0,,
10150,5813,191,1,27.99,0,0,,
10151,5814,72,1,24.99,0,0,,
10152,5815,27,1,29.99,0,0,,
10153,5816,68,1,99.99,0,1,,2025-11-15
10154,5816,138,1,64.99,0,0,,
10155,5816,91,1,44.99,0,0,,
10156,5816,62,1,29.99,0,0,,
10157,5816,45,1,32.99,0,0,,
10158,5816,226,1,59.99,0,0,,
10159,5817,100,2,79.99,0,1,defective,2026-03-27
10160,5818,145,1,14.99,0,0,,
10161,5819,85,1,24.99,0,0,,
10162,5820,59,2,9.99,0,0,,
10163,5820,70,1,14.49,0,0,,
10164,5821,45,1,32.99,0,0,,
10165,5822,83,1,29.99,0,0,,
10166,5823,64,2,10.49,0,0,,
10167,5824,114,1,27.99,0,0,,
10168,5825,8,1,13.99,0,0,,
10169,5826,221,1,49.99,10,1,not_as_described,2025-11-22
10170,5826,167,1,47.99,10,0,,
10171,5826,191,1,27.99,10,0,,
10172,5827,130,1,14.99,0,0,,
10173,5827,158,1,29.99,0,0,,
10174,5828,98,1,8.49,0,0,,
10175,5829,166,1,34.99,0,0,,
10176,5830,26,1,14.99,0,0,,
10177,5830,140,1,11.99,40,0,,
10178,5831,232,1,49.99,0,0,,
10179,5831,140,1,11.99,40,0,,
10180,5832,133,1,13.99,0,0,,
10181,5832,167,2,47.99,0,0,,
10182,5833,55,1,42.99,15,0,,
10183,5834,214,1,14.99,10,1,defective,2025-12-03
10184,5835,14,1,24.99,10,0,,
10185,5836,187,1,699.99,0,0,,
10186,5836,145,1,14.99,10,0,,
10187,5837,198,1,39.99,10,0,,
10188,5838,148,1,27.99,0,1,size_too_large,2025-11-14
10189,5838,228,1,49.99,0,1,size_too_large,2025-11-14
10190,5839,132,1,11.99,25,0,,
10191,5840,232,1,49.99,0,0,,
10192,5840,43,1,18.99,0,0,,
10193,5840,23,1,37.99,0,1,changed_mind,2025-11-26
10194,5841,116,1,34.99,0,0,,
10195,5842,196,1,39.99,0,0,,
10196,5843,31,1,27.99,15,0,,
10197,5843,21,1,22.99,15,0,,
10198,5844,223,1,14.99,10,0,,
10199,5845,220,1,29.99,0,0,,
10200,5846,182,1,94.99,0,0,,
10201,5846,202,1,299.99,0,1,defective,2025-11-29
10202,5847,232,1,49.99,0,0,,
10203,5847,86,1,8.99,0,0,,
10204,5848,33,1,34.99,0,0,,
10205,5849,230,1,249.99,0,0,,
10206,5849,187,1,699.99,0,0,,
10207,5850,82,1,10.49,0,0,,
10208,5851,73,1,49.99,0,0,,
10209,5851,190,1,10.99,0,0,,
10210,5852,161,1,74.99,0,0,,
10211,5853,59,1,9.99,0,0,,
10212,5853,130,3,14.99,0,0,,
10213,5854,169,1,39.99,0,0,,
10214,5855,130,1,14.99,0,0,,
10215,5855,78,1,11.99,0,0,,
10216,5856,173,1,99.99,10,0,,
10217,5857,74,1,17.49,0,0,,
10218,5858,98,1,8.49,0,0,,
10219,5858,5,1,49.99,0,0,,
10220,5858,84,1,29.99,0,0,,
10221,5859,164,1,29.99,0,0,,
10222,5859,146,1,21.99,0,0,,
10223,5859,177,1,64.99,0,0,,
10224,5860,24,1,32.99,0,0,,
10225,5861,232,1,49.99,0,0,,
10226,5861,147,1,19.99,40,0,,
10227,5862,189,1,34.99,0,0,,
10228,5862,72,1,24.99,0,0,,
10229,5863,94,2,12.99,0,0,,
10230,5864,62,1,29.99,0,1,changed_mind,2025-11-16
10231,5864,39,1,37.99,0,0,,
10232,5864,196,1,39.99,0,0,,
10233,5864,27,1,29.99,0,1,changed_mind,2025-12-05
10234,5865,181,1,349.99,0,0,,
10235,5865,33,1,34.99,0,0,,
10236,5866,26,1,14.99,0,0,,
10237,5867,26,1,14.99,0,0,,
10238,5867,111,1,18.99,0,0,,
10239,5867,145,2,14.99,0,0,,
10240,5867,41,1,22.99,0,0,,
10241,5868,177,1,64.99,0,1,size_too_large,2025-11-14
10242,5869,26,1,14.99,0,0,,
10243,5869,140,1,11.99,40,1,changed_mind,2025-11-14
10244,5870,36,2,12.99,0,0,,
10245,5870,86,1,8.99,0,0,,
10246,5871,92,1,24.99,0,0,,
10247,5872,70,1,14.49,0,0,,
10248,5872,23,1,37.99,0,0,,
10249,5873,134,1,12.99,0,0,,
10250,5873,85,1,24.99,0,0,,
10251,5873,223,2,14.99,0,0,,
10252,5873,117,1,6.49,0,0,,
10253,5874,33,1,34.99,0,0,,
10254,5874,70,1,14.49,0,0,,
10255,5874,96,1,37.99,0,0,,
10256,5875,24,1,32.99,0,0,,
10257,5875,231,1,24.99,0,0,,
10258,5876,130,1,14.99,0,0,,
10259,5877,167,1,47.99,0,1,not_as_described,2025-11-15
10260,5878,22,1,99.99,0,0,,
10261,5879,232,1,49.99,0,0,,
10262,5879,36,1,12.99,0,0,,
10263,5879,167,1,47.99,0,1,size_too_small,2025-11-14
10264,5880,138,1,64.99,0,0,,
10265,5881,226,1,59.99,10,0,,
10266,5882,163,1,32.99,0,0,,
10267,5882,84,1,29.99,0,0,,
10268,5883,26,1,14.99,10,0,,
10269,5884,26,1,14.99,0,0,,
10270,5884,1,1,19.99,0,0,,
10271,5885,108,1,89.99,0,1,defective,2025-11-19
10272,5886,125,1,11.99,10,1,size_too_large,2025-11-18
10273,5887,165,2,13.99,0,0,,
10274,5888,164,1,29.99,0,0,,
10275,5888,64,1,10.49,0,0,,
10276,5888,93,1,13.99,0,0,,
10277,5889,64,1,10.49,15,0,,
10278,5890,47,1,94.99,0,0,,
10279,5891,70,1,14.49,0,0,,
10280,5891,57,1,22.99,0,0,,
10281,5892,133,1,13.99,0,0,,
10282,5893,33,1,34.99,0,0,,
10283,5894,187,2,699.99,0,0,,
10284,5894,145,1,14.99,0,0,,
10285,5895,195,1,12.99,10,0,,
10286,5895,22,1,99.99,10,0,,
10287,5896,4,3,14.99,10,0,,
10288,5896,232,1,49.99,10,0,,
10289,5896,97,1,47.99,10,0,,
10290,5897,26,3,14.99,0,0,,
10291,5898,110,1,19.99,0,0,,
10292,5899,134,1,12.99,0,0,,
10293,5900,167,1,47.99,0,0,,
10294,5900,94,1,12.99,0,0,,
10295,5901,139,1,34.99,0,0,,
10296,5901,117,1,6.49,0,0,,
10297,5901,8,1,13.99,0,0,,
10298,5902,227,1,14.99,0,0,,
10299,5902,59,1,9.99,0,0,,
10300,5903,113,1,42.99,0,1,size_too_large,2025-11-17
10301,5904,12,3,13.49,0,0,,
10302,5904,94,1,12.99,0,0,,
10303,5905,191,1,27.99,10,0,,
10304,5905,17,1,12.99,10,0,,
10305,5906,212,1,39.99,0,0,,
10306,5906,111,1,18.99,0,0,,
10307,5907,39,1,37.99,0,1,changed_mind,2025-11-21
10308,5907,187,1,699.99,0,0,,
10309,5908,68,1,99.99,0,0,,
10310,5909,220,1,29.99,10,0,,
10311,5909,98,1,8.49,10,0,,
10312,5910,222,1,109.99,0,1,,2025-11-24
10313,5911,125,3,11.99,0,1,,2025-11-21
10314,5911,98,2,8.49,0,0,,
10315,5912,148,1,27.99,0,0,,
10316,5913,230,1,249.99,0,0,,
10317,5914,24,1,32.99,0,0,,
10318,5915,146,1,21.99,0,0,,
10319,5916,74,1,17.49,0,0,,
10320,5917,64,1,10.49,0,0,,
10321,5918,220,1,29.99,0,0,,
10322,5919,150,1,15.99,0,0,,
10323,5919,109,1,44.99,0,1,size_too_large,2025-11-21
10324,5920,92,1,24.99,0,1,arrived_late,2025-11-24
10325,5920,232,1,49.99,0,0,,
10326,5920,39,1,37.99,0,0,,
10327,5920,218,1,22.99,0,0,,
10328,5921,163,1,32.99,0,0,,
10329,5921,23,1,37.99,0,0,,
10330,5922,232,1,49.99,0,0,,
10331,5922,88,1,37.99,0,0,,
10332,5923,162,1,15.99,10,0,,
10333,5924,110,1,19.99,0,0,,
10334,5925,232,1,49.99,0,1,,2025-11-29
10335,5926,4,1,14.99,10,0,,
10336,5926,210,1,24.99,10,0,,
10337,5927,223,1,14.99,10,1,changed_mind,2025-11-28
10338,5928,82,1,10.49,0,0,,
10339,5929,232,1,49.99,0,0,,
10340,5929,91,1,44.99,0,0,,
10341,5929,111,1,18.99,0,1,changed_mind,2025-11-20
10342,5930,175,1,15.99,10,0,,
10343,5931,109,2,44.99,0,1,size_too_small,2025-12-05
10344,5931,232,1,49.99,0,0,,
10345,5932,41,1,22.99,0,0,,
10346,5933,13,1,89.99,0,0,,
10347,5933,62,1,29.99,0,0,,
10348,5933,45,1,32.99,0,0,,
10349,5933,192,1,22.99,0,0,,
10350,5933,78,2,11.99,15,0,,
10351,5934,55,1,42.99,0,0,,
10352,5935,98,1,8.49,0,0,,
10353,5936,231,1,24.99,0,0,,
10354,5936,228,1,49.99,0,0,,
10355,5936,111,1,18.99,0,0,,
10356,5936,3,1,229.99,0,0,,
10357,5936,163,1,32.99,0,0,,
10358,5936,108,1,89.99,0,0,,
10359,5937,212,1,39.99,0,0,,
10360,5937,222,1,109.99,0,1,size_too_large,2025-11-21
10361,5938,190,2,10.99,0,0,,
10362,5938,226,1,59.99,0,0,,
10363,5939,6,1,59.99,0,1,changed_mind,2025-11-22
10364,5939,208,1,199.99,0,0,,
10365,5940,191,1,27.99,0,0,,
10366,5940,95,1,29.99,0,0,,
10367,5940,26,1,14.99,0,1,arrived_late,2025-11-27
10368,5940,132,2,11.99,0,0,,
10369,5940,148,1,27.99,0,0,,
10370,5940,229,1,11.99,0,0,,
10371,5941,116,1,34.99,10,0,,
10372,5942,45,1,32.99,10,0,,
10373,5942,51,1,27.99,10,0,,
10374,5943,231,1,24.99,0,0,,
10375,5944,102,1,59.99,0,0,,
10376,5945,119,1,34.99,0,0,,
10377,5946,63,1,89.99,0,0,,
10378,5947,110,1,19.99,0,0,,
10379,5948,195,1,12.99,0,1,size_too_small,2025-11-21
10380,5948,49,1,42.99,0,0,,
10381,5949,112,1,47.99,0,0,,
10382,5949,117,1,6.49,0,0,,
10383,5950,45,1,32.99,0,0,,
10384,5951,110,1,19.99,0,1,changed_mind,2025-11-25
10385,5951,159,1,29.99,0,0,,
10386,5952,230,1,249.99,0,0,,
10387,5953,163,1,32.99,0,0,,
10388,5954,100,1,79.99,0,1,defective,2025-12-09
10389,5955,110,1,19.99,0,0,,
10390,5955,231,1,24.99,0,0,,
10391,5956,143,1,19.99,0,0,,
10392,5956,165,1,13.99,0,0,,
10393,5957,83,2,29.99,0,0,,
10394,5958,54,1,129.99,0,0,,
10395,5958,1,1,19.99,0,0,,
10396,5959,33,1,34.99,0,0,,
10397,5960,99,1,29.99,10,1,changed_mind,2025-11-23
10398,5961,139,1,34.99,0,0,,
10399,5961,117,1,6.49,0,0,,
10400,5961,150,1,15.99,0,0,,
10401,5962,191,1,27.99,0,0,,
10402,5962,228,1,49.99,0,1,defective,2025-12-01
10403,5962,205,1,19.99,0,0,,
10404,5962,111,1,18.99,0,0,,
10405,5962,24,1,32.99,0,0,,
10406,5962,91,1,44.99,0,0,,
10407,5963,165,2,13.99,0,0,,
10408,5963,94,1,12.99,0,0,,
10409,5964,109,1,44.99,15,0,,
10410,5965,165,3,13.99,0,0,,
10411,5966,89,1,29.99,0,0,,
10412,5966,117,1,6.49,0,0,,
10413,5966,106,1,259.99,0,0,,
10414,5967,39,1,37.99,10,0,,
10415,5968,154,3,32.99,0,0,,
10416,5969,110,1,19.99,0,0,,
10417,5969,231,1,24.99,0,0,,
10418,5970,84,1,29.99,0,0,,
10419,5970,145,1,14.99,0,0,,
10420,5971,49,1,42.99,0,0,,
10421,5971,111,1,18.99,0,0,,
10422,5972,102,1,59.99,0,1,size_too_large,2025-11-23
10423,5973,167,1,47.99,0,0,,
10424,5973,59,1,9.99,0,0,,
10425,5974,230,1,249.99,10,1,defective,2025-11-24
10426,5974,223,1,14.99,10,0,,
10427,5974,229,1,11.99,10,0,,
10428,5975,64,1,10.49,0,0,,
10429,5975,125,2,11.99,0,0,,
10430,5976,167,1,47.99,0,0,,
10431,5977,42,1,22.99,20,0,,
10432,5977,24,1,32.99,0,0,,
10433,5978,94,1,12.99,0,0,,
10434,5979,98,1,8.49,10,0,,
10435,5979,33,1,34.99,10,0,,
10436,5979,106,1,259.99,0,0,,
10437,5979,140,1,11.99,40,0,,
10438,5980,172,1,149.99,0,0,,
10439,5980,232,1,49.99,0,0,,
10440,5981,161,1,74.99,0,0,,
10441,5982,135,1,24.99,0,0,,
10442,5983,108,1,89.99,10,0,,
10443,5984,13,1,89.99,10,0,,
10444,5985,186,1,24.99,0,0,,
10445,5986,96,1,37.99,25,0,,
10446,5986,93,2,13.99,0,0,,
10447,5986,64,1,10.49,0,0,,
10448,5987,140,1,11.99,40,0,,
10449,5987,196,1,39.99,0,0,,
10450,5987,133,1,13.99,0,0,,
10451,5988,214,1,14.99,0,0,,
10452,5989,24,1,32.99,0,0,,
10453,5990,125,2,11.99,0,1,changed_mind,2025-11-27
10454,5991,164,1,29.99,0,0,,
10455,5991,111,1,18.99,0,0,,
10456,5992,4,1,14.99,0,0,,
10457,5993,58,1,16.99,10,1,defective,2025-12-09
10458,5994,170,1,32.99,10,0,,
10459,5994,41,1,22.99,10,0,,
10460,5995,70,1,14.49,0,0,,
10461,5996,65,1,34.99,0,1,changed_mind,2025-11-26
10462,5996,150,1,15.99,0,0,,
10463,5997,230,1,249.99,0,0,,
10464,5997,150,3,15.99,0,0,,
10465,5998,84,1,29.99,10,0,,
10466,5999,90,1,39.99,0,0,,
10467,6000,64,1,10.49,0,0,,
10468,6000,62,1,29.99,0,0,,
10469,6000,105,1,34.99,0,0,,
10470,6000,173,1,99.99,0,1,not_as_described,2025-11-25
10471,6001,223,1,14.99,0,1,defective,2025-12-03
10472,6001,216,1,54.99,0,0,,
10473,6001,230,1,249.99,0,0,,
10474,6002,191,1,27.99,0,0,,
10475,6003,111,1,18.99,0,0,,
10476,6003,62,1,29.99,0,0,,
10477,6003,36,1,12.99,0,0,,
10478,6004,140,2,11.99,40,0,,
10479,6004,26,1,14.99,0,0,,
10480,6004,84,1,29.99,0,1,arrived_late,2025-11-23
10481,6004,113,1,42.99,0,1,not_as_described,2025-11-23
10482,6005,191,1,27.99,0,0,,
10483,6005,120,1,89.99,0,1,size_too_large,2025-11-25
10484,6005,169,1,39.99,0,0,,
10485,6006,148,1,27.99,0,0,,
10486,6006,20,1,32.99,0,0,,
10487,6007,91,1,44.99,0,0,,
10488,6007,223,1,14.99,0,0,,
10489,6008,4,1,14.99,0,0,,
10490,6009,95,1,29.99,0,1,arrived_late,2025-11-29
10491,6009,227,1,14.99,0,0,,
10492,6009,14,1,24.99,0,0,,
10493,6009,55,1,42.99,0,0,,
10494,6010,70,1,14.49,0,0,,
10495,6011,26,1,14.99,0,0,,
10496,6011,92,1,24.99,0,0,,
10497,6012,63,1,89.99,15,1,not_as_described,2025-11-27
10498,6012,146,1,21.99,15,0,,
10499,6013,232,1,49.99,0,0,,
10500,6013,140,1,11.99,40,0,,
10501,6014,161,1,74.99,10,0,,
10502,6015,150,1,15.99,10,1,changed_mind,2025-11-25
10503,6016,49,1,42.99,0,0,,
10504,6016,110,1,19.99,0,0,,
10505,6017,108,1,89.99,0,0,,
10506,6017,133,2,13.99,0,0,,
10507,6018,94,1,12.99,0,0,,
10508,6019,104,2,54.99,15,0,,
10509,6019,224,1,12.99,15,0,,
10510,6019,86,1,8.99,15,0,,
10511,6020,36,1,12.99,10,0,,
10512,6020,74,1,17.49,10,0,,
10513,6021,173,2,99.99,10,0,,
10514,6021,45,1,32.99,10,0,,
10515,6022,59,1,9.99,0,0,,
10516,6022,220,1,29.99,0,0,,
10517,6022,227,1,14.99,0,0,,
10518,6023,157,2,94.99,0,0,,
10519,6024,111,1,18.99,0,0,,
10520,6024,44,1,69.99,0,0,,
10521,6024,220,1,29.99,0,0,,
10522,6024,181,1,349.99,0,0,,
10523,6025,163,1,32.99,0,0,,
10524,6025,217,2,44.99,0,0,,
10525,6026,33,1,34.99,0,0,,
10526,6026,191,1,27.99,0,0,,
10527,6026,95,1,29.99,0,0,,
10528,6027,153,1,16.49,0,0,,
10529,6027,232,1,49.99,0,0,,
10530,6028,56,1,19.99,0,0,,
10531,6028,48,1,89.99,0,0,,
10532,6029,135,1,24.99,0,0,,
10533,6030,111,1,18.99,0,0,,
10534,6031,20,1,32.99,0,0,,
10535,6031,200,1,29.99,0,0,,
10536,6032,36,1,12.99,0,0,,
10537,6032,95,1,29.99,0,0,,
10538,6033,233,1,39.99,0,0,,
10539,6034,232,1,49.99,0,0,,
10540,6035,222,1,109.99,0,1,not_as_described,2025-11-30
10541,6036,159,1,29.99,0,0,,
10542,6037,64,2,10.49,0,0,,
10543,6038,185,2,99.99,0,0,,
10544,6038,162,1,15.99,0,0,,
10545,6039,232,1,49.99,0,0,,
10546,6040,98,2,8.49,10,0,,
10547,6040,111,1,18.99,10,0,,
10548,6041,232,1,49.99,0,0,,
10549,6041,111,1,18.99,0,0,,
10550,6042,231,1,24.99,0,0,,
10551,6043,145,1,14.99,0,0,,
10552,6044,98,3,8.49,0,0,,
10553,6045,198,1,39.99,0,0,,
10554,6046,187,1,699.99,0,0,,
10555,6047,218,1,22.99,0,0,,
10556,6048,172,1,149.99,0,0,,
10557,6048,195,1,12.99,0,0,,
10558,6049,140,1,11.99,40,0,,
10559,6050,141,1,24.99,0,0,,
10560,6050,228,1,49.99,0,0,,
10561,6050,84,1,29.99,0,0,,
10562,6051,93,1,13.99,0,0,,
10563,6052,66,1,69.99,0,0,,
10564,6053,88,1,37.99,0,0,,
10565,6054,198,1,39.99,0,0,,
10566,6054,150,1,15.99,0,0,,
10567,6055,45,1,32.99,0,0,,
10568,6055,36,1,12.99,0,0,,
10569,6056,93,1,13.99,0,0,,
10570,6056,95,1,29.99,0,0,,
10571,6056,171,1,32.99,0,0,,
10572,6057,45,1,32.99,0,0,,
10573,6058,229,1,11.99,0,0,,
10574,6058,89,1,29.99,0,0,,
10575,6059,196,1,39.99,0,0,,
10576,6060,11,1,54.99,0,0,,
10577,6060,231,1,24.99,0,0,,
10578,6061,191,1,27.99,0,0,,
10579,6062,174,1,22.99,0,0,,
10580,6063,26,1,14.99,30,0,,
10581,6064,123,1,49.99,0,0,,
10582,6064,45,1,32.99,25,0,,
10583,6064,98,1,8.49,0,0,,
10584,6064,26,1,14.99,30,0,,
10585,6064,111,1,18.99,25,0,,
10586,6065,111,1,18.99,25,0,,
10587,6065,26,1,14.99,30,0,,
10588,6066,70,1,14.49,20,0,,
10589,6066,215,1,18.99,0,0,,
10590,6067,232,1,49.99,0,0,,
10591,6068,70,1,14.49,20,0,,
10592,6068,215,1,18.99,0,0,,
10593,6068,218,1,22.99,0,0,,
10594,6069,108,1,89.99,15,0,,
10595,6070,75,1,44.99,0,0,,
10596,6071,148,1,27.99,40,0,,
10597,6072,159,1,29.99,30,0,,
10598,6073,98,2,8.49,0,0,,
10599,6074,231,1,24.99,0,0,,
10600,6074,223,1,14.99,0,0,,
10601,6074,112,1,47.99,20,0,,
10602,6075,26,1,14.99,30,0,,
10603,6075,111,1,18.99,25,0,,
10604,6076,186,1,24.99,15,0,,
10605,6076,1,1,19.99,25,0,,
10606,6077,225,1,199.99,20,0,,
10607,6077,220,1,29.99,25,1,,2025-12-05
10608,6078,94,1,12.99,25,0,,
10609,6079,214,1,14.99,30,0,,
10610,6080,82,2,10.49,10,0,,
10611,6080,93,1,13.99,20,0,,
10612,6081,231,1,24.99,0,0,,
10613,6082,109,1,44.99,30,0,,
10614,6082,133,1,13.99,15,0,,
10615,6082,166,1,34.99,20,0,,
10616,6083,64,1,10.49,15,0,,
10617,6084,93,2,13.99,20,0,,
10618,6085,96,1,37.99,25,1,defective,2025-12-23
10619,6086,123,1,49.99,0,1,arrived_late,2025-11-29
10620,6086,133,1,13.99,0,0,,
10621,6086,139,2,34.99,10,0,,
10622,6087,48,1,89.99,20,0,,
10623,6087,223,1,14.99,0,0,,
10624,6088,190,1,10.99,0,0,,
10625,6088,69,1,149.99,15,0,,
10626,6088,111,1,18.99,25,0,,
10627,6088,26,1,14.99,30,0,,
10628,6088,85,2,24.99,20,0,,
10629,6089,84,1,29.99,15,0,,
10630,6089,176,1,949.99,0,0,,
10631,6090,113,1,42.99,30,0,,
10632,6090,28,1,34.99,40,0,,
10633,6091,70,1,14.49,20,0,,
10634,6091,57,1,22.99,25,0,,
10635,6092,123,1,49.99,0,0,,
10636,6092,84,1,29.99,15,0,,
10637,6093,117,1,6.49,10,0,,
10638,6093,107,1,8.99,15,0,,
10639,6093,223,1,14.99,0,0,,
10640,6093,36,2,12.99,0,0,,
10641,6094,111,1,18.99,25,1,defective,2025-12-02
10642,6095,186,1,24.99,15,0,,
10643,6095,144,1,69.99,25,0,,
10644,6096,36,1,12.99,10,0,,
10645,6096,140,1,11.99,40,0,,
10646,6096,97,1,47.99,25,0,,
10647,6096,32,1,37.99,10,0,,
10648,6097,1,1,19.99,25,0,,
10649,6097,95,1,29.99,20,0,,
10650,6098,140,1,11.99,40,0,,
10651,6098,45,1,32.99,25,0,,
10652,6099,79,1,54.99,0,0,,
10653,6100,84,1,29.99,15,0,,
10654,6101,222,1,109.99,10,1,changed_mind,2025-11-29
10655,6101,162,1,15.99,25,0,,
10656,6101,93,1,13.99,20,0,,
10657,6101,49,1,42.99,20,0,,
10658,6101,194,1,10.99,15,0,,
10659,6102,111,1,18.99,25,0,,
10660,6102,26,1,14.99,30,1,not_as_described,2025-12-02
10661,6103,41,1,22.99,30,0,,
10662,6103,228,1,49.99,0,0,,
10663,6104,223,1,14.99,0,0,,
10664,6104,74,1,17.49,20,0,,
10665,6105,220,2,29.99,25,0,,
10666,6106,39,1,37.99,30,0,,
10667,6106,171,1,32.99,0,0,,
10668,6106,91,1,44.99,0,0,,
10669,6107,215,1,18.99,0,0,,
10670,6108,189,1,34.99,15,0,,
10671,6109,140,1,11.99,40,0,,
10672,6109,96,1,37.99,25,0,,
10673,6110,159,1,29.99,30,0,,
10674,6111,214,1,14.99,30,0,,
10675,6112,152,1,19.99,30,0,,
10676,6113,170,1,32.99,20,0,,
10677,6113,108,1,89.99,15,0,,
10678,6114,12,1,13.49,20,0,,
10679,6115,103,1,19.99,0,0,,
10680,6116,215,1,18.99,15,0,,
10681,6116,5,1,49.99,15,0,,
10682,6117,17,1,12.99,20,1,wrong_item,2025-12-02
10683,6117,27,1,29.99,20,0,,
10684,6118,146,1,21.99,0,1,not_as_described,2025-12-01
10685,6118,229,1,11.99,20,0,,
10686,6119,62,1,29.99,15,0,,
10687,6119,105,1,34.99,15,0,,
10688,6119,26,1,14.99,30,0,,
10689,6119,86,2,8.99,10,0,,
10690,6120,41,1,22.99,30,0,,
10691,6120,93,1,13.99,20,0,,
10692,6120,120,1,89.99,20,1,size_too_large,2025-12-08
10693,6121,179,1,49.99,20,0,,
10694,6121,226,1,59.99,20,0,,
10695,6122,157,1,94.99,25,1,arrived_late,2025-12-01
10696,6123,194,1,10.99,15,0,,
10697,6124,58,1,16.99,15,0,,
10698,6124,78,1,11.99,10,0,,
10699,6125,62,1,29.99,15,0,,
10700,6126,152,1,19.99,30,0,,
10701,6127,39,1,37.99,30,0,,
10702,6128,132,1,11.99,10,0,,
10703,6128,111,1,18.99,25,0,,
10704,6128,94,2,12.99,25,0,,
10705,6129,68,1,99.99,20,0,,
10706,6129,111,1,18.99,25,0,,
10707,6130,191,1,27.99,0,0,,
10708,6131,169,1,39.99,25,0,,
10709,6132,6,1,59.99,15,1,not_as_described,2025-12-04
10710,6133,225,1,199.99,20,1,size_too_large,2025-12-01
10711,6134,165,1,13.99,15,0,,
10712,6135,229,1,11.99,20,0,,
10713,6135,111,1,18.99,25,0,,
10714,6135,129,1,27.99,30,0,,
10715,6136,83,1,29.99,10,0,,
10716,6136,158,1,29.99,10,0,,
10717,6137,137,1,89.99,30,0,,
10718,6137,33,1,34.99,0,0,,
10719,6138,125,1,11.99,20,0,,
10720,6139,33,1,34.99,0,0,,
10721,6139,141,1,24.99,0,0,,
10722,6140,108,1,89.99,15,0,,
10723,6140,21,1,22.99,20,0,,
10724,6141,117,3,6.49,10,0,,
10725,6142,224,1,12.99,10,0,,
10726,6142,107,1,8.99,15,0,,
10727,6143,74,1,17.49,20,0,,
10728,6144,17,1,12.99,20,0,,
10729,6144,227,1,14.99,0,0,,
10730,6145,79,1,54.99,15,0,,
10731,6145,182,1,94.99,30,1,size_too_large,2025-12-17
10732,6146,117,1,6.49,10,0,,
10733,6146,166,1,34.99,20,1,size_too_large,2025-12-06
10734,6147,39,1,37.99,30,0,,
10735,6147,151,1,27.99,0,1,not_as_described,2025-12-07
10736,6147,226,1,59.99,20,1,defective,2025-12-09
10737,6148,84,1,29.99,15,0,,
10738,6148,117,1,6.49,10,0,,
10739,6149,228,1,49.99,0,0,,
10740,6149,182,2,94.99,30,0,,
10741,6150,7,1,139.99,15,0,,
10742,6150,177,1,64.99,10,0,,
10743,6151,49,1,42.99,20,0,,
10744,6151,62,1,29.99,15,0,,
10745,6151,215,1,18.99,10,0,,
10746,6151,183,1,59.99,10,0,,
10747,6151,164,1,29.99,30,0,,
10748,6152,130,1,14.99,0,0,,
10749,6153,45,1,32.99,25,0,,
10750,6154,163,1,32.99,15,0,,
10751,6155,94,2,12.99,25,0,,
10752,6156,26,1,14.99,30,0,,
10753,6156,53,1,94.99,40,0,,
10754,6156,163,1,32.99,15,1,changed_mind,2025-12-04
10755,6157,130,1,14.99,0,0,,
10756,6157,196,1,39.99,30,0,,
10757,6158,148,2,27.99,40,0,,
10758,6159,158,1,29.99,0,0,,
10759,6159,99,1,29.99,0,0,,
10760,6159,166,1,34.99,20,0,,
10761,6160,108,1,89.99,15,0,,
10762,6160,123,1,49.99,0,0,,
10763,6160,168,1,32.99,0,0,,
10764,6160,96,1,37.99,25,0,,
10765,6161,41,1,22.99,30,1,arrived_late,2025-12-11
10766,6162,180,1,16.49,15,0,,
10767,6162,111,1,18.99,25,0,,
10768,6163,58,1,16.99,15,0,,
10769,6164,165,3,13.99,0,0,,
10770,6164,232,1,49.99,0,1,not_as_described,2025-12-06
10771,6164,59,1,9.99,0,0,,
10772,6165,7,1,139.99,15,0,,
10773,6165,39,1,37.99,30,0,,
10774,6166,23,1,37.99,15,1,,2025-12-05
10775,6166,105,1,34.99,15,0,,
10776,6166,59,1,9.99,0,0,,
10777,6167,186,1,24.99,15,0,,
10778,6167,114,1,27.99,0,0,,
10779,6168,82,2,10.49,10,0,,
10780,6169,26,1,14.99,30,0,,
10781,6169,64,1,10.49,0,0,,
10782,6170,164,1,29.99,30,0,,
10783,6170,180,1,16.49,15,0,,
10784,6171,132,1,11.99,0,0,,
10785,6171,83,1,29.99,0,0,,
10786,6171,41,1,22.99,30,0,,
10787,6172,93,1,13.99,20,0,,
10788,6173,232,1,49.99,0,0,,
10789,6174,229,1,11.99,20,1,changed_mind,2025-12-06
10790,6175,224,1,12.99,10,0,,
10791,6175,109,1,44.99,30,0,,
10792,6176,39,1,37.99,30,0,,
10793,6176,220,1,29.99,25,0,,
10794,6177,205,1,19.99,20,0,,
10795,6178,231,1,24.99,0,0,,
10796,6179,152,1,19.99,30,1,size_too_small,2025-12-02
10797,6180,111,1,18.99,25,0,,
10798,6181,62,1,29.99,15,0,,
10799,6181,94,1,12.99,25,0,,
10800,6182,36,1,12.99,0,0,,
10801,6183,157,3,94.99,25,0,,
10802,6184,174,1,22.99,10,0,,
10803,6184,224,2,12.99,10,0,,
10804,6185,41,2,22.99,30,0,,
10805,6186,116,1,34.99,25,0,,
10806,6186,11,1,54.99,40,1,size_too_large,2025-12-05
10807,6187,33,1,34.99,0,0,,
10808,6188,145,1,14.99,0,0,,
10809,6189,21,1,22.99,20,0,,
10810,6189,89,1,29.99,25,0,,
10811,6189,214,1,14.99,30,0,,
10812,6190,148,1,27.99,40,1,size_too_small,2025-12-09
10813,6190,120,1,89.99,20,0,,
10814,6191,45,1,32.99,25,0,,
10815,6191,211,1,34.99,10,0,,
10816,6192,212,1,39.99,20,0,,
10817,6192,223,1,14.99,0,0,,
10818,6192,195,1,12.99,30,0,,
10819,6193,232,1,49.99,10,0,,
10820,6193,148,1,27.99,40,1,size_too_large,2025-12-08
10821,6194,36,1,12.99,0,0,,
10822,6195,231,1,24.99,0,0,,
10823,6195,177,1,64.99,0,1,changed_mind,2025-12-10
10824,6196,125,3,11.99,20,0,,
10825,6197,120,1,89.99,20,0,,
10826,6198,159,1,29.99,30,1,not_as_described,2025-12-09
10827,6198,17,2,12.99,20,0,,
10828,6199,129,1,27.99,30,0,,
10829,6200,232,1,49.99,0,0,,
10830,6200,75,1,44.99,0,0,,
10831,6201,1,1,19.99,25,0,,
10832,6201,62,1,29.99,15,0,,
10833,6202,168,2,32.99,0,0,,
10834,6203,99,1,29.99,10,0,,
10835,6204,230,2,249.99,15,0,,
10836,6205,191,1,27.99,0,0,,
10837,6206,233,1,39.99,0,0,,
10838,6207,21,1,22.99,20,0,,
10839,6207,98,1,8.49,0,0,,
10840,6207,2,1,69.99,20,0,,
10841,6207,183,1,59.99,0,0,,
10842,6208,231,1,24.99,0,0,,
10843,6209,51,1,27.99,20,0,,
10844,6209,66,1,69.99,30,0,,
10845,6210,7,1,139.99,15,1,changed_mind,2025-12-04
10846,6210,93,1,13.99,20,0,,
10847,6211,172,1,149.99,0,1,defective,2025-12-15
10848,6212,41,1,22.99,30,0,,
10849,6213,36,1,12.99,0,0,,
10850,6213,7,1,139.99,15,1,changed_mind,2025-12-16
10851,6214,134,2,12.99,0,0,,
10852,6214,13,1,89.99,0,0,,
10853,6215,36,1,12.99,15,0,,
10854,6215,148,1,27.99,40,0,,
10855,6216,228,1,49.99,0,0,,
10856,6216,157,1,94.99,25,0,,
10857,6217,36,1,12.99,0,0,,
10858,6218,117,1,6.49,10,0,,
10859,6218,205,1,19.99,20,0,,
10860,6218,96,1,37.99,25,0,,
10861,6219,45,1,32.99,25,0,,
10862,6220,124,1,69.99,0,0,,
10863,6221,163,1,32.99,15,0,,
10864,6221,229,1,11.99,20,0,,
10865,6221,210,1,24.99,15,0,,
10866,6222,198,1,39.99,30,0,,
10867,6222,174,1,22.99,10,0,,
10868,6222,132,1,11.99,0,0,,
10869,6223,183,1,59.99,0,0,,
10870,6224,108,1,89.99,15,0,,
10871,6224,93,1,13.99,20,0,,
10872,6225,175,1,15.99,10,0,,
10873,6226,17,1,12.99,20,0,,
10874,6227,119,1,34.99,20,0,,
10875,6227,62,1,29.99,15,0,,
10876,6228,62,1,29.99,15,0,,
10877,6228,3,1,229.99,30,0,,
10878,6229,195,1,12.99,30,1,arrived_late,2025-12-16
10879,6230,83,1,29.99,0,0,,
10880,6230,11,1,54.99,40,0,,
10881,6230,158,1,29.99,0,0,,
10882,6230,58,1,16.99,15,0,,
10883,6230,88,1,37.99,0,0,,
10884,6230,64,1,10.49,0,0,,
10885,6231,114,1,27.99,0,1,,2025-12-04
10886,6231,11,1,54.99,40,0,,
10887,6232,107,1,8.99,15,0,,
10888,6233,23,1,37.99,15,0,,
10889,6233,205,1,19.99,20,0,,
10890,6234,41,1,22.99,30,0,,
10891,6235,108,1,89.99,15,0,,
10892,6235,75,1,44.99,0,0,,
10893,6236,90,1,39.99,0,0,,
10894,6236,165,1,13.99,0,0,,
10895,6237,132,1,11.99,0,0,,
10896,6237,177,1,64.99,0,0,,
10897,6237,129,1,27.99,30,1,wrong_item,2025-12-11
10898,6238,214,1,14.99,30,0,,
10899,6238,41,1,22.99,30,0,,
10900,6239,108,1,89.99,15,0,,
10901,6239,196,1,39.99,30,0,,
10902,6240,110,1,19.99,0,0,,
10903,6240,101,1,39.99,30,0,,
10904,6240,166,1,34.99,20,0,,
10905,6241,9,1,24.99,0,0,,
10906,6242,33,1,34.99,10,0,,
10907,6243,72,1,24.99,30,0,,
10908,6244,227,1,14.99,0,0,,
10909,6245,24,1,32.99,20,0,,
10910,6245,95,1,29.99,20,0,,
10911,6245,62,1,29.99,15,0,,
10912,6246,125,1,11.99,20,1,changed_mind,2025-12-07
10913,6247,205,1,19.99,20,0,,
10914,6248,217,1,44.99,20,0,,
10915,6249,183,1,59.99,0,1,size_too_small,2025-12-07
10916,6250,148,1,27.99,40,0,,
10917,6251,125,1,11.99,20,0,,
10918,6251,12,1,13.49,20,0,,
10919,6251,94,1,12.99,25,0,,
10920,6252,230,1,249.99,15,0,,
10921,6252,55,1,42.99,0,0,,
10922,6253,33,1,34.99,10,1,changed_mind,2025-12-05
10923,6253,111,1,18.99,25,0,,
10924,6254,64,1,10.49,0,0,,
10925,6254,140,1,11.99,40,0,,
10926,6255,25,1,22.99,0,0,,
10927,6256,133,2,13.99,0,0,,
10928,6256,95,1,29.99,20,0,,
10929,6257,214,2,14.99,30,0,,
10930,6258,157,1,94.99,25,0,,
10931,6259,26,1,14.99,30,0,,
10932,6259,141,1,24.99,0,0,,
10933,6260,177,1,64.99,0,0,,
10934,6260,195,2,12.99,30,0,,
10935,6261,82,1,10.49,10,0,,
10936,6262,157,1,94.99,25,1,defective,2025-12-07
10937,6262,164,1,29.99,30,0,,
10938,6263,140,2,11.99,40,0,,
10939,6263,108,1,89.99,15,0,,
10940,6264,33,1,34.99,10,0,,
10941,6265,110,1,19.99,0,0,,
10942,6265,195,1,12.99,30,0,,
10943,6266,108,1,89.99,15,0,,
10944,6267,220,1,29.99,25,0,,
10945,6268,41,1,22.99,30,0,,
10946,6268,191,1,27.99,10,0,,
10947,6269,165,1,13.99,0,0,,
10948,6270,166,1,34.99,20,0,,
10949,6270,148,1,27.99,40,0,,
10950,6270,26,1,14.99,30,0,,
10951,6271,138,1,64.99,15,0,,
10952,6271,189,1,34.99,0,0,,
10953,6272,9,1,24.99,10,0,,
10954,6272,52,1,16.49,10,0,,
10955,6272,196,1,39.99,30,0,,
10956,6272,17,1,12.99,20,0,,
10957,6273,109,1,44.99,30,1,size_too_large,2025-12-04
10958,6274,45,1,32.99,25,0,,
10959,6275,24,1,32.99,20,0,,
10960,6275,95,1,29.99,20,0,,
10961,6276,196,3,39.99,30,0,,
10962,6277,148,1,27.99,40,0,,
10963,6278,54,1,129.99,0,0,,
10964,6279,22,1,99.99,0,0,,
10965,6280,165,2,13.99,10,0,,
10966,6281,110,1,19.99,0,0,,
10967,6282,116,1,34.99,25,0,,
10968,6283,26,1,14.99,30,0,,
10969,6284,94,2,12.99,25,0,,
10970,6284,130,1,14.99,0,0,,
10971,6284,64,2,10.49,0,0,,
10972,6284,105,1,34.99,15,0,,
10973,6285,108,1,89.99,15,0,,
10974,6286,9,1,24.99,10,0,,
10975,6287,170,1,32.99,20,0,,
10976,6287,83,1,29.99,0,0,,
10977,6287,24,1,32.99,20,0,,
10978,6288,93,1,13.99,20,0,,
10979,6288,83,1,29.99,0,0,,
10980,6289,111,1,18.99,25,0,,
10981,6290,44,1,69.99,0,0,,
10982,6291,26,2,14.99,30,0,,
10983,6291,68,1,99.99,20,0,,
10984,6292,26,1,14.99,30,0,,
10985,6293,25,2,22.99,0,0,,
10986,6293,79,1,54.99,0,0,,
10987,6293,187,1,699.99,0,0,,
10988,6293,152,1,19.99,30,0,,
10989,6293,145,1,14.99,0,0,,
10990,6293,200,1,29.99,30,0,,
10991,6294,226,1,59.99,20,0,,
10992,6294,111,1,18.99,25,0,,
10993,6295,134,1,12.99,15,0,,
10994,6295,75,1,44.99,15,0,,
10995,6295,133,1,13.99,15,0,,
10996,6296,196,1,39.99,30,0,,
10997,6297,74,2,17.49,20,0,,
10998,6298,82,2,10.49,10,1,not_as_described,2025-12-07
10999,6299,56,1,19.99,15,0,,
11000,6300,156,1,29.99,0,0,,
11001,6301,231,1,24.99,0,0,,
11002,6301,17,1,12.99,20,0,,
11003,6302,49,1,42.99,20,0,,
11004,6303,134,1,12.99,0,0,,
11005,6304,139,1,34.99,10,0,,
11006,6304,70,1,14.49,15,0,,
11007,6305,41,1,22.99,30,0,,
11008,6306,18,1,37.99,0,0,,
11009,6306,152,1,19.99,30,0,,
11010,6307,220,2,29.99,25,0,,
11011,6308,44,1,69.99,0,0,,
11012,6309,120,1,89.99,20,0,,
11013,6309,86,1,8.99,0,0,,
11014,6309,11,1,54.99,40,0,,
11015,6310,97,1,47.99,25,0,,
11016,6310,95,1,29.99,20,0,,
11017,6311,141,1,24.99,10,0,,
11018,6311,26,1,14.99,30,0,,
11019,6312,224,1,12.99,10,0,,
11020,6312,170,1,32.99,20,0,,
11021,6313,126,1,54.99,15,0,,
11022,6314,59,2,9.99,0,0,,
11023,6315,215,1,18.99,0,0,,
11024,6316,39,1,37.99,30,0,,
11025,6317,197,1,39.99,25,0,,
11026,6318,169,1,39.99,25,0,,
11027,6318,148,1,27.99,40,1,,2025-12-08
11028,6318,26,1,14.99,30,0,,
11029,6319,44,1,69.99,0,0,,
11030,6320,111,1,18.99,25,0,,
11031,6321,49,1,42.99,20,0,,
11032,6322,159,1,29.99,30,0,,
11033,6322,8,1,13.99,0,0,,
11034,6322,167,1,47.99,20,0,,
11035,6323,223,1,14.99,0,0,,
11036,6324,93,1,13.99,0,0,,
11037,6325,98,1,8.49,15,0,,
11038,6326,111,1,18.99,0,0,,
11039,6327,232,1,49.99,15,0,,
11040,6327,70,1,14.49,15,0,,
11041,6328,125,1,11.99,0,0,,
11042,6329,17,1,12.99,10,0,,
11043,6330,212,1,39.99,0,0,,
11044,6330,110,1,19.99,0,0,,
11045,6331,165,1,13.99,0,0,,
11046,6332,75,1,44.99,0,0,,
11047,6332,58,1,16.99,0,0,,
11048,6333,117,2,6.49,0,0,,
11049,6334,24,1,32.99,0,0,,
11050,6335,126,1,54.99,0,1,wrong_item,2025-12-21
11051,6335,98,1,8.49,0,0,,
11052,6336,233,1,39.99,10,0,,
11053,6337,108,1,89.99,0,0,,
11054,6337,119,1,34.99,0,0,,
11055,6337,121,1,27.99,0,0,,
11056,6338,165,1,13.99,0,0,,
11057,6339,232,1,49.99,10,0,,
11058,6339,177,1,64.99,10,1,size_too_large,2025-12-07
11059,6339,129,1,27.99,10,1,size_too_small,2025-12-05
11060,6339,106,1,259.99,0,0,,
11061,6340,231,1,24.99,0,0,,
11062,6341,182,1,94.99,10,1,arrived_late,2025-12-11
11063,6341,92,1,24.99,10,0,,
11064,6341,26,1,14.99,10,0,,
11065,6342,111,1,18.99,0,0,,
11066,6343,36,1,12.99,0,1,arrived_late,2025-12-10
11067,6343,164,1,29.99,0,0,,
11068,6344,24,1,32.99,0,0,,
11069,6345,79,1,54.99,0,1,changed_mind,2025-12-08
11070,6346,111,1,18.99,0,0,,
11071,6347,64,1,10.49,0,0,,
11072,6348,123,1,49.99,0,0,,
11073,6349,98,1,8.49,0,0,,
11074,6349,100,1,79.99,0,0,,
11075,6349,107,1,8.99,0,0,,
11076,6349,111,1,18.99,0,0,,
11077,6350,109,1,44.99,0,1,,2025-12-11
11078,6350,142,1,49.99,0,0,,
11079,6350,129,1,27.99,0,1,not_as_described,2025-12-07
11080,6351,148,1,27.99,0,0,,
11081,6352,223,1,14.99,0,0,,
11082,6353,26,1,14.99,0,0,,
11083,6353,34,1,27.99,0,0,,
11084,6354,226,1,59.99,0,0,,
11085,6354,87,1,89.99,0,0,,
11086,6355,223,1,14.99,0,0,,
11087,6356,164,1,29.99,10,0,,
11088,6357,148,1,27.99,0,1,size_too_small,2025-12-08
11089,6357,116,1,34.99,0,0,,
11090,6358,233,1,39.99,0,0,,
11091,6358,220,1,29.99,0,0,,
11092,6359,194,1,10.99,0,0,,
11093,6359,59,1,9.99,0,0,,
11094,6360,231,1,24.99,15,0,,
11095,6361,231,1,24.99,10,0,,
11096,6361,223,1,14.99,10,0,,
11097,6361,45,1,32.99,10,0,,
11098,6361,110,1,19.99,10,0,,
11099,6362,163,1,32.99,0,0,,
11100,6363,39,1,37.99,10,0,,
11101,6364,87,1,89.99,0,0,,
11102,6365,156,1,29.99,0,0,,
11103,6365,216,1,54.99,0,0,,
11104,6366,23,1,37.99,10,0,,
11105,6366,205,1,19.99,10,0,,
11106,6366,109,1,44.99,10,0,,
11107,6367,140,1,11.99,40,0,,
11108,6368,205,1,19.99,0,0,,
11109,6369,31,1,27.99,0,0,,
11110,6369,21,1,22.99,0,1,not_as_described,2025-12-08
11111,6370,94,1,12.99,0,0,,
11112,6371,138,1,64.99,10,0,,
11113,6372,7,1,139.99,0,0,,
11114,6373,148,1,27.99,0,0,,
11115,6374,114,1,27.99,15,0,,
11116,6374,39,1,37.99,15,0,,
11117,6375,223,1,14.99,0,0,,
11118,6375,230,1,249.99,0,0,,
11119,6375,140,1,11.99,40,0,,
11120,6376,64,1,10.49,10,0,,
11121,6377,138,1,64.99,10,0,,
11122,6378,111,1,18.99,10,0,,
11123,6379,214,2,14.99,0,0,,
11124,6380,27,1,29.99,0,0,,
11125,6381,82,1,10.49,0,0,,
11126,6381,56,1,19.99,0,0,,
11127,6382,89,1,29.99,0,0,,
11128,6383,109,1,44.99,0,1,changed_mind,2025-12-09
11129,6384,231,1,24.99,0,0,,
11130,6385,49,1,42.99,10,0,,
11131,6386,223,1,14.99,0,0,,
11132,6386,141,1,24.99,0,0,,
11133,6386,220,1,29.99,0,0,,
11134,6386,130,2,14.99,0,0,,
11135,6386,186,1,24.99,0,0,,
11136,6387,133,1,13.99,10,1,not_as_described,2025-12-18
11137,6387,231,1,24.99,10,0,,
11138,6387,4,1,14.99,10,0,,
11139,6387,64,1,10.49,10,0,,
11140,6388,223,1,14.99,0,0,,
11141,6388,36,1,12.99,0,0,,
11142,6389,225,1,199.99,0,0,,
11143,6389,110,1,19.99,0,0,,
11144,6389,59,1,9.99,0,0,,
11145,6390,232,1,49.99,0,0,,
11146,6390,64,1,10.49,0,0,,
11147,6391,49,1,42.99,0,1,arrived_late,2025-12-15
11148,6392,197,1,39.99,15,0,,
11149,6393,1,1,19.99,0,0,,
11150,6393,220,2,29.99,0,0,,
11151,6393,104,2,54.99,0,0,,
11152,6394,164,1,29.99,0,0,,
11153,6394,217,1,44.99,0,0,,
11154,6395,197,1,39.99,15,0,,
11155,6395,219,1,39.99,0,0,,
11156,6396,189,1,34.99,0,0,,
11157,6397,80,1,69.99,0,1,size_too_large,2025-12-16
11158,6397,110,1,19.99,0,0,,
11159,6398,229,1,11.99,0,0,,
11160,6399,111,1,18.99,10,0,,
11161,6400,45,1,32.99,0,0,,
11162,6401,98,1,8.49,0,0,,
11163,6401,231,2,24.99,0,0,,
11164,6402,23,1,37.99,0,0,,
11165,6402,205,1,19.99,0,0,,
11166,6403,110,2,19.99,0,0,,
11167,6404,94,1,12.99,0,0,,
11168,6405,148,1,27.99,10,0,,
11169,6406,133,1,13.99,0,0,,
11170,6406,39,2,37.99,0,0,,
11171,6406,26,2,14.99,0,0,,
11172,6407,170,1,32.99,0,0,,
11173,6408,95,1,29.99,0,0,,
11174,6409,220,1,29.99,0,0,,
11175,6410,98,1,8.49,0,0,,
11176,6410,159,1,29.99,0,0,,
11177,6411,230,1,249.99,0,0,,
11178,6411,26,1,14.99,0,0,,
11179,6412,133,1,13.99,10,0,,
11180,6412,230,1,249.99,10,0,,
11181,6413,62,1,29.99,0,0,,
11182,6413,45,1,32.99,0,0,,
11183,6413,138,1,64.99,0,0,,
11184,6414,47,1,94.99,10,0,,
11185,6415,177,1,64.99,0,0,,
11186,6416,223,1,14.99,0,0,,
11187,6416,23,1,37.99,0,0,,
11188,6416,198,1,39.99,0,0,,
11189,6417,16,1,69.99,0,0,,
11190,6418,36,1,12.99,10,0,,
11191,6419,5,1,49.99,0,0,,
11192,6419,163,1,32.99,0,0,,
11193,6420,59,1,9.99,0,0,,
11194,6421,36,1,12.99,0,0,,
11195,6422,106,1,259.99,0,1,defective,2025-12-26
11196,6423,111,2,18.99,0,0,,
11197,6423,220,1,29.99,0,0,,
11198,6423,86,1,8.99,0,0,,
11199,6423,47,1,94.99,0,0,,
11200,6423,94,1,12.99,0,0,,
11201,6424,68,1,99.99,0,0,,
11202,6424,164,1,29.99,0,0,,
11203,6425,65,1,34.99,10,1,size_too_small,2025-12-14
11204,6426,140,1,11.99,40,0,,
11205,6427,70,1,14.49,0,0,,
11206,6427,129,1,27.99,0,0,,
11207,6428,189,1,34.99,0,0,,
11208,6428,214,2,14.99,0,0,,
11209,6429,146,1,21.99,10,0,,
11210,6429,119,1,34.99,10,0,,
11211,6430,100,1,79.99,0,0,,
11212,6431,18,1,37.99,0,0,,
11213,6432,134,1,12.99,0,0,,
11214,6432,164,1,29.99,0,0,,
11215,6433,161,1,74.99,10,0,,
11216,6434,133,1,13.99,0,0,,
11217,6435,8,1,13.99,10,0,,
11218,6436,31,1,27.99,10,0,,
11219,6436,167,1,47.99,10,1,size_too_large,2025-12-12
11220,6437,65,1,34.99,15,0,,
11221,6437,41,1,22.99,15,0,,
11222,6437,222,1,109.99,15,1,size_too_small,2025-12-14
11223,6437,59,1,9.99,15,0,,
11224,6437,110,1,19.99,15,0,,
11225,6437,177,1,64.99,15,0,,
11226,6438,145,3,14.99,0,0,,
11227,6438,36,1,12.99,0,0,,
11228,6439,138,1,64.99,10,0,,
11229,6439,94,1,12.99,10,0,,
11230,6440,231,1,24.99,0,0,,
11231,6441,26,1,14.99,15,0,,
11232,6442,28,1,34.99,10,0,,
11233,6443,110,1,19.99,0,0,,
11234,6444,183,1,59.99,0,0,,
11235,6445,163,1,32.99,0,0,,
11236,6445,5,1,49.99,0,0,,
11237,6445,220,1,29.99,0,0,,
11238,6445,140,1,11.99,40,0,,
11239,6446,9,1,24.99,10,0,,
11240,6446,171,1,32.99,10,0,,
11241,6447,191,1,27.99,0,0,,
11242,6447,26,1,14.99,0,0,,
11243,6448,95,1,29.99,0,0,,
11244,6449,176,1,949.99,0,0,,
11245,6449,141,1,24.99,10,0,,
11246,6450,223,1,14.99,0,0,,
11247,6451,191,1,27.99,10,0,,
11248,6451,24,1,32.99,10,0,,
11249,6452,80,1,69.99,0,1,size_too_large,2025-12-20
11250,6453,168,1,32.99,10,0,,
11251,6453,228,1,49.99,10,0,,
11252,6454,58,1,16.99,10,0,,
11253,6454,148,1,27.99,10,0,,
11254,6455,120,1,89.99,0,1,,2025-12-14
11255,6456,173,1,99.99,0,0,,
11256,6456,17,2,12.99,0,0,,
11257,6456,26,2,14.99,0,0,,
11258,6456,96,1,37.99,0,0,,
11259,6456,217,1,44.99,0,0,,
11260,6457,233,1,39.99,0,0,,
11261,6457,191,1,27.99,0,0,,
11262,6458,49,1,42.99,0,0,,
11263,6459,232,1,49.99,0,0,,
11264,6459,65,1,34.99,0,1,changed_mind,2025-12-17
11265,6460,80,1,69.99,0,0,,
11266,6460,232,1,49.99,0,1,arrived_late,2025-12-13
11267,6460,228,1,49.99,0,1,size_too_small,2025-12-16
11268,6461,31,1,27.99,0,0,,
11269,6462,96,1,37.99,0,0,,
11270,6462,108,1,89.99,0,0,,
11271,6463,26,1,14.99,0,0,,
11272,6464,220,1,29.99,0,0,,
11273,6464,140,1,11.99,40,0,,
11274,6465,93,1,13.99,15,0,,
11275,6465,170,1,32.99,15,0,,
11276,6466,232,1,49.99,0,0,,
11277,6467,231,1,24.99,0,0,,
11278,6467,44,1,69.99,0,0,,
11279,6468,65,1,34.99,0,0,,
11280,6469,145,1,14.99,10,0,,
11281,6469,176,1,949.99,0,0,,
11282,6470,148,1,27.99,0,1,changed_mind,2025-12-15
11283,6470,63,1,89.99,0,0,,
11284,6471,2,1,69.99,0,0,,
11285,6472,111,1,18.99,0,0,,
11286,6472,166,1,34.99,0,0,,
11287,6473,100,1,79.99,0,1,changed_mind,2025-12-13
11288,6474,9,1,24.99,0,0,,
11289,6474,59,2,9.99,0,0,,
11290,6474,86,1,8.99,0,0,,
11291,6475,57,1,22.99,0,0,,
11292,6475,223,1,14.99,0,0,,
11293,6475,148,1,27.99,0,0,,
11294,6476,112,1,47.99,0,1,not_as_described,2025-12-15
11295,6476,140,1,11.99,40,0,,
11296,6477,221,1,49.99,0,0,,
11297,6478,158,1,29.99,10,0,,
11298,6479,191,1,27.99,0,0,,
11299,6480,232,1,49.99,0,1,changed_mind,2025-12-19
11300,6481,156,1,29.99,0,0,,
11301,6482,189,1,34.99,0,0,,
11302,6483,212,1,39.99,0,0,,
11303,6483,113,1,42.99,0,1,size_too_small,2025-12-14
11304,6484,140,1,11.99,40,0,,
11305,6485,106,1,259.99,0,0,,
11306,6485,140,1,11.99,40,0,,
11307,6486,231,1,24.99,0,0,,
11308,6487,231,1,24.99,0,0,,
11309,6488,187,1,649.99,0,0,,
11310,6488,36,1,12.99,0,0,,
11311,6488,145,1,14.99,0,0,,
11312,6488,163,1,32.99,0,0,,
11313,6489,116,1,34.99,0,1,defective,2025-12-20
11314,6489,111,1,18.99,0,0,,
11315,6489,233,1,39.99,0,0,,
11316,6490,176,1,949.99,0,0,,
11317,6490,56,1,19.99,0,0,,
11318,6491,107,1,8.99,0,0,,
11319,6492,232,1,49.99,0,0,,
11320,6493,95,1,29.99,10,0,,
11321,6493,68,1,99.99,10,0,,
11322,6494,163,1,32.99,0,0,,
11323,6495,86,1,8.99,10,0,,
11324,6495,14,1,24.99,10,0,,
11325,6496,36,3,12.99,0,0,,
11326,6497,68,1,99.99,10,0,,
11327,6497,150,1,15.99,10,1,defective,2025-12-21
11328,6498,152,1,19.99,0,0,,
11329,6499,195,1,12.99,0,1,wrong_item,2025-12-20
11330,6499,45,1,32.99,0,0,,
11331,6499,132,1,11.99,0,0,,
11332,6500,13,1,89.99,0,0,,
11333,6501,143,1,19.99,0,0,,
11334,6501,165,1,13.99,0,0,,
11335,6501,130,2,14.99,0,0,,
11336,6502,58,1,16.99,0,0,,
11337,6503,84,1,29.99,10,0,,
11338,6504,182,1,94.99,0,0,,
11339,6504,180,1,16.49,0,0,,
11340,6505,7,1,139.99,0,0,,
11341,6506,28,1,34.99,0,1,not_as_described,2025-12-19
11342,6506,70,2,14.49,0,0,,
11343,6507,186,2,24.99,0,0,,
11344,6507,231,1,24.99,0,0,,
11345,6508,95,3,29.99,0,0,,
11346,6509,77,1,49.99,0,0,,
11347,6509,107,1,8.99,0,1,not_as_described,2025-12-20
11348,6510,232,1,49.99,0,0,,
11349,6510,226,1,59.99,0,0,,
11350,6510,95,1,29.99,0,0,,
11351,6511,220,1,29.99,0,0,,
11352,6511,140,1,11.99,40,0,,
11353,6512,94,2,12.99,0,1,changed_mind,2025-12-20
11354,6512,4,1,14.99,0,0,,
11355,6513,70,1,14.49,10,0,,
11356,6514,8,1,13.99,0,0,,
11357,6515,197,1,39.99,0,0,,
11358,6515,24,1,32.99,0,0,,
11359,6516,129,1,27.99,0,1,size_too_small,2025-12-20
11360,6517,3,1,229.99,0,0,,
11361,6517,177,1,64.99,0,0,,
11362,6517,144,1,69.99,0,0,,
11363,6517,18,1,37.99,0,0,,
11364,6518,134,1,12.99,0,0,,
11365,6519,18,1,37.99,10,0,,
11366,6519,129,3,27.99,10,0,,
11367,6519,144,1,69.99,10,0,,
11368,6519,148,1,27.99,10,1,size_too_small,2025-12-21
11369,6520,100,1,79.99,0,0,,
11370,6520,12,2,13.49,0,0,,
11371,6520,230,1,249.99,0,0,,
11372,6521,36,2,12.99,0,0,,
11373,6522,191,1,27.99,0,1,defective,2026-01-05
11374,6523,140,1,11.99,40,0,,
11375,6524,96,1,37.99,0,0,,
11376,6524,98,3,8.49,15,0,,
11377,6524,140,1,11.99,40,0,,
11378,6525,145,1,14.99,0,0,,
11379,6525,82,1,10.49,0,0,,
11380,6526,94,3,12.99,0,1,changed_mind,2025-12-22
11381,6527,70,1,14.49,0,0,,
11382,6527,214,2,14.99,0,0,,
11383,6528,111,1,18.99,0,0,,
11384,6529,4,1,14.99,0,0,,
11385,6530,84,1,29.99,0,0,,
11386,6531,146,1,21.99,0,1,changed_mind,2025-12-23
11387,6531,220,1,29.99,0,0,,
11388,6532,23,1,37.99,0,0,,
11389,6533,140,1,11.99,40,0,,
11390,6534,99,1,29.99,10,0,,
11391,6534,93,1,13.99,10,0,,
11392,6535,78,1,11.99,0,0,,
11393,6536,33,1,34.99,10,0,,
11394,6537,133,1,13.99,0,1,defective,2025-12-30
11395,6537,55,1,42.99,0,1,not_as_described,2025-12-28
11396,6537,233,1,39.99,0,1,not_as_described,2025-12-24
11397,6538,196,1,39.99,0,0,,
11398,6538,111,1,18.99,0,0,,
11399,6539,141,1,24.99,0,0,,
11400,6539,232,1,49.99,0,0,,
11401,6539,159,1,29.99,0,0,,
11402,6539,152,1,19.99,0,0,,
11403,6539,111,1,18.99,0,0,,
11404,6540,94,1,12.99,0,0,,
11405,6541,55,2,42.99,15,0,,
11406,6541,110,1,19.99,15,0,,
11407,6542,21,1,22.99,10,0,,
11408,6543,31,1,27.99,0,0,,
11409,6543,146,1,21.99,0,0,,
11410,6543,107,1,8.99,0,0,,
11411,6544,110,1,19.99,0,0,,
11412,6544,49,1,42.99,0,0,,
11413,6545,78,2,11.99,10,0,,
11414,6546,212,1,39.99,0,0,,
11415,6546,14,1,24.99,0,0,,
11416,6547,135,1,24.99,0,0,,
11417,6548,152,1,19.99,0,0,,
11418,6548,111,1,18.99,0,0,,
11419,6548,26,1,14.99,0,0,,
11420,6549,36,1,12.99,0,0,,
11421,6549,74,1,17.49,0,0,,
11422,6550,201,1,29.99,10,0,,
11423,6551,146,1,21.99,0,0,,
11424,6552,175,1,15.99,0,0,,
11425,6553,39,1,37.99,10,0,,
11426,6554,21,1,22.99,0,0,,
11427,6554,211,1,34.99,0,0,,
11428,6555,190,1,10.99,0,0,,
11429,6556,226,1,59.99,0,0,,
11430,6556,231,1,24.99,0,0,,
11431,6557,167,1,47.99,0,0,,
11432,6557,7,1,139.99,0,0,,
11433,6558,233,1,39.99,10,0,,
11434,6559,72,1,24.99,0,0,,
11435,6559,84,1,29.99,0,0,,
11436,6560,58,1,16.99,0,0,,
11437,6561,111,1,18.99,0,0,,
11438,6561,95,1,29.99,0,0,,
11439,6561,78,1,11.99,0,0,,
11440,6562,232,1,49.99,0,0,,
11441,6562,64,1,10.49,0,0,,
11442,6563,168,1,32.99,0,0,,
11443,6564,94,2,12.99,0,0,,
11444,6564,5,1,49.99,0,0,,
11445,6564,100,1,79.99,0,0,,
11446,6564,214,1,14.99,0,0,,
11447,6565,148,1,27.99,0,0,,
11448,6565,111,1,18.99,0,0,,
11449,6566,113,1,42.99,0,0,,
11450,6567,58,1,16.99,0,0,,
11451,6567,54,1,129.99,0,0,,
11452,6567,117,2,6.49,15,0,,
11453,6567,28,1,34.99,0,0,,
11454,6568,74,1,17.49,0,0,,
11455,6569,165,1,13.99,0,0,,
11456,6570,33,1,34.99,0,1,wrong_item,2025-12-19
11457,6570,52,1,16.49,0,0,,
11458,6571,110,1,19.99,0,0,,
11459,6571,45,1,32.99,0,0,,
11460,6572,98,1,8.49,0,0,,
11461,6573,51,1,27.99,10,0,,
11462,6574,92,1,24.99,15,0,,
11463,6575,97,1,47.99,0,0,,
11464,6575,140,1,11.99,40,0,,
11465,6576,89,1,29.99,0,0,,
11466,6577,148,1,27.99,0,0,,
11467,6578,39,1,37.99,0,0,,
11468,6578,111,1,18.99,0,0,,
11469,6578,223,1,14.99,0,0,,
11470,6578,200,1,29.99,0,0,,
11471,6579,231,1,24.99,0,0,,
11472,6580,148,1,27.99,10,1,defective,2025-12-29
11473,6580,205,1,19.99,10,0,,
11474,6580,229,1,11.99,10,0,,
11475,6581,58,1,16.99,0,0,,
11476,6581,91,1,44.99,0,0,,
11477,6582,93,1,13.99,0,0,,
11478,6583,65,1,34.99,0,0,,
11479,6584,171,2,32.99,0,0,,
11480,6584,181,1,349.99,0,0,,
11481,6585,125,1,11.99,0,0,,
11482,6586,176,1,949.99,0,0,,
11483,6586,141,1,24.99,0,0,,
11484,6587,231,1,24.99,0,0,,
11485,6587,73,1,49.99,0,0,,
11486,6588,214,1,14.99,0,0,,
11487,6589,175,1,15.99,10,1,size_too_small,2025-12-31
11488,6589,26,1,14.99,10,0,,
11489,6589,159,1,29.99,10,0,,
11490,6589,31,1,27.99,10,0,,
11491,6589,21,1,22.99,10,0,,
11492,6589,146,2,21.99,10,0,,
11493,6590,191,1,27.99,0,0,,
11494,6590,41,1,22.99,0,0,,
11495,6591,141,1,24.99,0,0,,
11496,6591,186,1,24.99,0,0,,
11497,6592,72,3,24.99,0,0,,
11498,6593,132,1,11.99,10,0,,
11499,6593,232,1,49.99,10,1,not_as_described,2025-12-21
11500,6593,111,1,18.99,10,0,,
11501,6594,26,1,14.99,0,0,,
11502,6595,33,1,34.99,0,0,,
11503,6596,166,1,34.99,0,0,,
11504,6597,33,1,34.99,10,0,,
11505,6598,86,1,8.99,0,0,,
11506,6599,98,3,8.49,0,0,,
11507,6599,227,2,14.99,0,0,,
11508,6599,95,1,29.99,0,0,,
11509,6599,191,1,27.99,0,0,,
11510,6599,111,1,18.99,0,0,,
11511,6599,117,2,6.49,15,0,,
11512,6600,11,1,54.99,0,0,,
11513,6600,84,1,29.99,0,0,,
11514,6601,105,1,34.99,0,0,,
11515,6601,194,2,10.99,0,0,,
11516,6601,59,1,9.99,0,0,,
11517,6601,138,1,64.99,0,0,,
11518,6602,97,1,47.99,10,0,,
11519,6603,64,1,10.49,0,0,,
11520,6604,99,1,29.99,10,0,,
11521,6604,130,3,14.99,10,0,,
11522,6604,64,2,10.49,10,0,,
11523,6605,96,2,37.99,0,0,,
11524,6605,110,1,19.99,0,0,,
11525,6605,141,1,24.99,0,0,,
11526,6606,65,1,34.99,0,0,,
11527,6606,141,1,24.99,0,0,,
11528,6607,196,1,39.99,0,0,,
11529,6607,111,1,18.99,0,0,,
11530,6607,17,1,12.99,0,0,,
11531,6608,182,1,94.99,0,0,,
11532,6609,7,1,139.99,0,0,,
11533,6609,26,1,14.99,0,0,,
11534,6610,144,1,69.99,0,1,not_as_described,2025-12-25
11535,6611,141,1,24.99,0,0,,
11536,6611,230,1,249.99,0,0,,
11537,6612,64,2,10.49,0,0,,
11538,6612,167,1,47.99,0,0,,
11539,6613,59,1,9.99,0,0,,
11540,6614,191,1,27.99,0,0,,
11541,6615,195,1,12.99,0,0,,
11542,6616,89,1,29.99,0,0,,
11543,6617,100,1,79.99,0,0,,
11544,6617,39,1,37.99,0,0,,
11545,6618,145,1,14.99,0,0,,
11546,6619,179,1,49.99,0,0,,
11547,6619,23,1,37.99,0,0,,
11548,6620,59,1,9.99,10,0,,
11549,6620,194,1,10.99,10,0,,
11550,6621,194,1,10.99,0,0,,
11551,6621,111,1,18.99,0,0,,
11552,6622,74,1,17.49,10,0,,
11553,6623,75,1,44.99,0,0,,
11554,6624,223,1,14.99,0,1,changed_mind,2025-12-29
11555,6625,215,1,18.99,0,0,,
11556,6626,191,1,27.99,0,0,,
11557,6627,119,1,34.99,0,0,,
11558,6627,86,1,8.99,0,0,,
11559,6627,45,1,32.99,0,0,,
11560,6628,34,1,27.99,0,0,,
11561,6629,36,1,12.99,0,0,,
11562,6629,12,1,13.49,0,0,,
11563,6630,167,2,47.99,0,0,,
11564,6631,7,1,139.99,0,0,,
11565,6632,92,1,24.99,15,0,,
11566,6632,162,1,15.99,0,0,,
11567,6633,13,1,89.99,0,0,,
11568,6634,223,1,14.99,0,0,,
11569,6634,194,2,10.99,0,0,,
11570,6634,111,1,18.99,0,0,,
11571,6635,228,1,49.99,10,0,,
11572,6636,36,1,12.99,0,0,,
11573,6636,189,1,34.99,0,0,,
11574,6636,132,1,11.99,0,0,,
11575,6637,163,1,32.99,10,0,,
11576,6638,16,1,69.99,0,0,,
11577,6638,182,1,94.99,0,0,,
11578,6638,196,1,39.99,0,0,,
11579,6639,58,1,16.99,0,0,,
11580,6639,137,1,89.99,0,0,,
11581,6639,143,1,19.99,0,0,,
11582,6640,231,1,24.99,0,1,wrong_item,2025-12-31
11583,6641,202,1,299.99,0,0,,
11584,6641,150,1,15.99,0,0,,
11585,6642,175,1,15.99,0,0,,
11586,6643,187,1,649.99,0,0,,
11587,6643,145,1,14.99,0,1,changed_mind,2025-12-26
11588,6644,215,1,18.99,10,0,,
11589,6644,59,1,9.99,10,0,,
11590,6645,111,1,18.99,0,0,,
11591,6646,175,1,15.99,0,0,,
11592,6647,108,1,89.99,10,0,,
11593,6648,220,1,29.99,0,0,,
11594,6648,223,1,14.99,0,0,,
11595,6648,198,1,39.99,0,0,,
11596,6649,75,1,44.99,0,0,,
11597,6650,157,1,94.99,0,0,,
11598,6650,111,1,18.99,0,0,,
11599,6651,9,1,24.99,0,0,,
11600,6651,62,1,29.99,0,1,changed_mind,2026-01-13
11601,6652,27,1,29.99,0,0,,
11602,6652,168,1,32.99,0,0,,
11603,6653,17,2,12.99,0,0,,
11604,6654,106,1,259.99,0,0,,
11605,6654,26,1,14.99,15,0,,
11606,6655,143,2,19.99,0,0,,
11607,6655,94,3,12.99,0,0,,
11608,6656,226,1,59.99,0,0,,
11609,6656,4,1,14.99,0,0,,
11610,6657,64,1,10.49,0,0,,
11611,6658,232,1,49.99,0,0,,
11612,6658,111,1,18.99,0,0,,
11613,6658,83,1,29.99,0,0,,
11614,6659,94,1,12.99,15,0,,
11615,6659,226,1,59.99,15,0,,
11616,6660,215,1,18.99,10,0,,
11617,6660,145,1,14.99,10,0,,
11618,6661,26,1,14.99,0,0,,
11619,6661,85,1,24.99,0,0,,
11620,6662,146,1,21.99,0,0,,
11621,6663,70,2,14.49,0,0,,
11622,6663,57,1,22.99,0,0,,
11623,6664,232,1,49.99,0,1,changed_mind,2026-01-07
11624,6664,150,1,15.99,0,0,,
11625,6665,111,1,18.99,0,0,,
11626,6665,62,1,29.99,0,0,,
11627,6665,133,1,13.99,0,0,,
11628,6666,232,1,49.99,0,0,,
11629,6666,116,1,34.99,0,0,,
11630,6666,191,1,27.99,0,0,,
11631,6666,212,1,39.99,0,0,,
11632,6667,26,1,14.99,0,0,,
11633,6668,111,1,18.99,0,0,,
11634,6668,229,1,11.99,0,1,changed_mind,2025-12-30
11635,6668,95,1,29.99,0,0,,
11636,6668,112,1,47.99,0,0,,
11637,6668,84,1,29.99,0,0,,
11638,6669,113,1,42.99,0,0,,
11639,6669,82,1,10.49,0,0,,
11640,6670,187,1,649.99,0,0,,
11641,6670,145,1,14.99,0,0,,
11642,6671,138,1,64.99,0,1,arrived_late,2026-01-05
11643,6671,84,1,29.99,0,1,defective,2026-01-06
11644,6671,117,1,6.49,0,0,,
11645,6672,224,1,12.99,0,0,,
11646,6673,26,1,14.99,10,0,,
11647,6674,75,1,44.99,0,0,,
11648,6674,74,1,17.49,0,0,,
11649,6674,165,1,13.99,20,0,,
11650,6674,111,1,18.99,0,0,,
11651,6675,230,1,249.99,0,0,,
11652,6676,44,1,69.99,10,0,,
11653,6676,1,1,19.99,10,0,,
11654,6677,33,1,34.99,0,1,defective,2026-01-20
11655,6677,1,1,19.99,0,0,,
11656,6677,88,1,37.99,0,0,,
11657,6677,230,1,249.99,0,0,,
11658,6678,64,1,10.49,0,0,,
11659,6678,165,1,13.99,20,0,,
11660,6679,75,1,44.99,0,0,,
11661,6679,95,1,29.99,0,0,,
11662,6680,8,2,13.99,10,0,,
11663,6681,33,1,34.99,0,0,,
11664,6681,223,1,14.99,0,0,,
11665,6682,45,1,32.99,0,0,,
11666,6683,194,2,10.99,0,0,,
11667,6684,153,1,16.49,0,0,,
11668,6685,170,1,32.99,0,0,,
11669,6686,4,1,14.99,0,0,,
11670,6687,23,1,37.99,0,0,,
11671,6687,225,1,199.99,0,0,,
11672,6687,132,1,11.99,0,0,,
11673,6687,165,1,13.99,20,0,,
11674,6687,205,1,19.99,0,0,,
11675,6688,132,1,11.99,0,0,,
11676,6688,93,1,13.99,0,0,,
11677,6689,194,1,10.99,0,0,,
11678,6689,167,1,47.99,0,1,size_too_large,2026-01-17
11679,6690,111,1,18.99,0,0,,
11680,6691,98,1,8.49,0,0,,
11681,6692,229,1,11.99,10,0,,
11682,6692,111,1,18.99,10,0,,
11683,6693,220,1,29.99,10,0,,
11684,6694,58,1,16.99,0,0,,
11685,6695,117,1,6.49,0,0,,
11686,6695,219,1,39.99,0,0,,
11687,6695,94,1,12.99,0,0,,
11688,6695,111,1,18.99,0,0,,
11689,6696,62,1,29.99,0,0,,
11690,6697,231,1,24.99,0,0,,
11691,6697,220,1,29.99,0,0,,
11692,6698,111,1,18.99,0,0,,
11693,6698,157,1,94.99,0,0,,
11694,6699,90,1,39.99,0,0,,
11695,6700,215,1,18.99,0,0,,
11696,6701,52,1,16.49,0,0,,
11697,6702,36,1,12.99,0,0,,
11698,6703,210,1,24.99,0,0,,
11699,6704,231,1,24.99,0,0,,
11700,6704,205,1,19.99,0,0,,
11701,6705,124,1,69.99,10,0,,
11702,6705,79,1,54.99,10,1,wrong_item,2026-01-04
11703,6705,177,1,64.99,10,1,size_too_large,2026-01-08
11704,6706,31,1,27.99,10,0,,
11705,6706,146,1,21.99,10,0,,
11706,6706,26,1,14.99,10,0,,
11707,6706,21,1,22.99,10,0,,
11708,6707,223,1,14.99,10,0,,
11709,6707,162,1,15.99,10,0,,
11710,6708,96,1,37.99,0,0,,
11711,6709,91,1,44.99,0,0,,
11712,6709,62,1,29.99,0,0,,
11713,6709,111,1,18.99,0,0,,
11714,6710,39,1,37.99,15,0,,
11715,6710,44,1,69.99,15,1,changed_mind,2026-01-02
11716,6711,168,1,32.99,0,0,,
11717,6712,78,2,11.99,0,0,,
11718,6713,95,1,29.99,0,1,not_as_described,2026-01-08
11719,6714,5,1,49.99,0,0,,
11720,6715,132,1,11.99,0,0,,
11721,6716,89,1,29.99,0,0,,
11722,6717,39,1,37.99,0,0,,
11723,6718,129,1,27.99,15,1,not_as_described,2026-01-05
11724,6719,148,1,27.99,0,0,,
11725,6720,36,2,12.99,0,0,,
11726,6720,189,1,34.99,0,0,,
11727,6721,191,1,27.99,0,0,,
11728,6722,4,1,14.99,0,0,,
11729,6722,51,1,27.99,0,0,,
11730,6723,189,1,34.99,0,0,,
11731,6724,110,1,19.99,10,0,,
11732,6725,174,1,22.99,0,0,,
11733,6725,98,1,8.49,0,0,,
11734,6725,86,1,8.99,0,0,,
11735,6726,143,1,19.99,0,0,,
11736,6726,165,1,13.99,0,0,,
11737,6727,180,1,16.49,0,0,,
11738,6727,96,1,37.99,0,0,,
11739,6728,144,1,69.99,0,0,,
11740,6729,92,1,24.99,0,0,,
11741,6729,5,1,49.99,0,0,,
11742,6730,26,1,14.99,0,0,,
11743,6731,70,1,14.49,0,0,,
11744,6732,11,1,54.99,0,0,,
11745,6733,44,1,69.99,10,1,changed_mind,2026-01-07
11746,6733,23,1,37.99,10,0,,
11747,6734,189,1,34.99,0,0,,
11748,6734,163,1,32.99,0,0,,
11749,6734,230,1,249.99,0,0,,
11750,6734,84,1,29.99,0,0,,
11751,6735,62,1,29.99,0,0,,
11752,6735,84,1,29.99,0,0,,
11753,6736,186,1,24.99,0,0,,
11754,6737,138,1,64.99,0,0,,
11755,6738,41,1,22.99,0,0,,
11756,6739,98,2,8.49,0,0,,
11757,6739,180,1,16.49,0,0,,
11758,6740,189,1,34.99,0,0,,
11759,6741,36,1,12.99,0,0,,
11760,6742,110,1,19.99,0,0,,
11761,6743,88,1,37.99,0,0,,
11762,6744,148,1,27.99,10,0,,
11763,6745,26,1,14.99,10,0,,
11764,6746,143,1,19.99,0,0,,
11765,6746,130,1,14.99,0,0,,
11766,6747,232,1,49.99,0,0,,
11767,6747,130,1,14.99,0,0,,
11768,6748,111,1,18.99,0,0,,
11769,6749,171,1,32.99,0,0,,
11770,6750,45,1,32.99,0,0,,
11771,6750,44,1,69.99,0,0,,
11772,6751,84,1,29.99,0,0,,
11773,6752,41,1,22.99,0,0,,
11774,6753,53,1,94.99,0,0,,
11775,6754,150,1,15.99,0,0,,
11776,6755,173,1,99.99,10,0,,
11777,6755,26,1,14.99,10,0,,
11778,6756,233,1,39.99,0,0,,
11779,6756,120,1,89.99,0,0,,
11780,6756,231,1,24.99,0,0,,
11781,6757,191,2,27.99,0,0,,
11782,6757,133,1,13.99,0,0,,
11783,6758,85,1,24.99,0,0,,
11784,6758,111,1,18.99,0,0,,
11785,6759,66,1,69.99,0,0,,
11786,6759,82,1,10.49,0,0,,
11787,6760,132,2,11.99,0,0,,
11788,6761,229,1,11.99,0,0,,
11789,6762,157,1,94.99,0,0,,
11790,6762,182,1,94.99,0,0,,
11791,6763,118,1,149.99,0,0,,
11792,6763,43,1,18.99,0,0,,
11793,6763,139,1,34.99,0,0,,
11794,6764,135,1,24.99,0,0,,
11795,6765,111,1,18.99,0,0,,
11796,6766,148,1,27.99,0,0,,
11797,6766,190,2,10.99,0,0,,
11798,6767,33,1,34.99,0,0,,
11799,6767,105,1,34.99,0,0,,
11800,6768,191,1,27.99,0,0,,
11801,6768,1,1,19.99,0,0,,
11802,6769,80,1,69.99,20,0,,
11803,6769,190,1,10.99,15,0,,
11804,6769,108,1,89.99,0,0,,
11805,6770,224,1,12.99,10,0,,
11806,6771,64,1,10.49,0,0,,
11807,6772,232,1,49.99,0,0,,
11808,6772,117,1,6.99,0,0,,
11809,6773,170,1,32.99,0,1,not_as_described,2026-01-11
11810,6773,92,1,24.99,0,1,changed_mind,2026-01-16
11811,6773,8,1,13.99,15,0,,
11812,6774,170,1,32.99,10,0,,
11813,6775,93,1,13.99,0,0,,
11814,6776,229,1,11.99,20,0,,
11815,6776,41,1,22.99,10,0,,
11816,6777,125,2,11.99,20,0,,
11817,6778,170,2,32.99,0,0,,
11818,6779,85,1,24.99,0,0,,
11819,6780,231,1,24.99,0,0,,
11820,6781,47,1,94.99,0,0,,
11821,6782,24,1,32.99,0,0,,
11822,6782,95,1,29.99,0,0,,
11823,6783,14,1,24.99,0,0,,
11824,6783,166,1,34.99,0,0,,
11825,6783,43,1,18.99,20,0,,
11826,6783,1,1,19.99,0,0,,
11827,6784,64,1,10.49,0,0,,
11828,6784,94,1,12.99,0,0,,
11829,6784,70,2,14.49,0,0,,
11830,6784,215,1,18.99,0,0,,
11831,6784,33,1,34.99,0,0,,
11832,6785,98,3,8.49,0,0,,
11833,6785,8,1,13.99,15,0,,
11834,6786,230,1,249.99,10,0,,
11835,6786,72,1,24.99,10,0,,
11836,6786,182,1,94.99,50,1,defective,2026-01-14
11837,6787,182,1,94.99,50,1,size_too_small,2026-01-08
11838,6788,41,1,22.99,0,0,,
11839,6788,62,1,29.99,0,0,,
11840,6788,112,1,47.99,20,0,,
11841,6788,229,3,11.99,20,0,,
11842,6788,200,1,29.99,0,0,,
11843,6788,111,1,18.99,30,0,,
11844,6789,88,1,37.99,0,0,,
11845,6789,170,1,32.99,0,0,,
11846,6789,182,1,94.99,50,1,size_too_small,2026-01-11
11847,6790,96,1,37.99,0,0,,
11848,6790,70,1,14.49,0,1,wrong_item,2026-01-15
11849,6791,143,1,19.99,0,0,,
11850,6791,130,1,14.99,0,0,,
11851,6792,103,1,19.99,30,0,,
11852,6792,63,1,89.99,50,0,,
11853,6793,210,1,24.99,10,0,,
11854,6793,191,1,27.99,10,0,,
11855,6793,112,1,47.99,20,0,,
11856,6793,109,1,44.99,30,1,size_too_large,2026-01-10
11857,6794,220,1,29.99,0,0,,
11858,6794,198,1,42.99,0,0,,
11859,6795,175,1,15.99,0,0,,
11860,6796,39,1,37.99,20,1,defective,2026-01-15
11861,6796,36,3,12.99,0,0,,
11862,6797,222,1,109.99,40,0,,
11863,6797,110,1,19.99,30,0,,
11864,6798,186,1,24.99,10,0,,
11865,6798,64,2,10.49,10,0,,
11866,6798,43,1,18.99,20,0,,
11867,6799,148,1,27.99,30,0,,
11868,6800,170,1,32.99,0,0,,
11869,6800,41,1,22.99,0,0,,
11870,6801,41,1,22.99,0,0,,
11871,6802,231,1,27.99,0,0,,
11872,6803,111,1,18.99,30,0,,
11873,6804,230,1,249.99,0,0,,
11874,6804,145,1,14.99,0,0,,
11875,6805,155,1,129.99,0,0,,
11876,6805,159,1,29.99,0,0,,
11877,6806,104,1,54.99,0,0,,
11878,6806,98,1,8.49,0,0,,
11879,6807,169,1,39.99,0,0,,
11880,6808,166,1,34.99,0,0,,
11881,6808,169,1,39.99,0,0,,
11882,6809,174,1,22.99,0,0,,
11883,6809,98,1,8.49,0,0,,
11884,6810,146,1,21.99,10,0,,
11885,6811,231,1,27.99,0,0,,
11886,6811,44,1,69.99,0,0,,
11887,6812,109,1,44.99,30,1,size_too_small,2026-01-13
11888,6813,229,1,11.99,20,0,,
11889,6814,220,1,29.99,0,0,,
11890,6814,170,1,32.99,0,0,,
11891,6814,41,1,22.99,25,0,,
11892,6814,164,1,32.99,40,0,,
11893,6814,51,1,27.99,0,0,,
11894,6814,183,1,59.99,20,0,,
11895,6815,173,1,99.99,0,0,,
11896,6815,133,1,14.99,20,0,,
11897,6815,119,1,34.99,0,0,,
11898,6816,94,1,12.99,10,0,,
11899,6816,159,1,29.99,10,0,,
11900,6817,152,1,19.99,20,0,,
11901,6818,59,1,9.99,0,0,,
11902,6818,194,1,11.49,0,0,,
11903,6819,165,1,13.99,0,0,,
11904,6819,148,1,27.99,30,1,arrived_late,2026-01-18
11905,6820,111,1,18.99,30,0,,
11906,6821,145,1,14.99,0,0,,
11907,6821,112,1,47.99,20,0,,
11908,6822,125,2,11.99,20,0,,
11909,6823,168,1,32.99,20,0,,
11910,6824,222,1,109.99,40,0,,
11911,6824,190,1,10.99,15,0,,
11912,6824,166,1,34.99,0,0,,
11913,6825,88,1,37.99,0,0,,
11914,6825,7,1,139.99,0,0,,
11915,6826,103,1,19.99,30,0,,
11916,6826,36,1,12.99,0,0,,
11917,6827,212,1,39.99,40,0,,
11918,6828,33,1,34.99,0,0,,
11919,6829,55,1,42.99,15,0,,
11920,6830,107,3,8.99,0,0,,
11921,6830,66,1,69.99,0,0,,
11922,6831,103,1,19.99,30,0,,
11923,6831,228,1,49.99,30,0,,
11924,6831,166,1,34.99,0,0,,
11925,6832,187,1,649.99,0,0,,
11926,6832,145,1,14.99,0,0,,
11927,6833,166,1,34.99,10,0,,
11928,6833,139,1,34.99,10,0,,
11929,6833,130,1,14.99,15,0,,
11930,6834,163,1,32.99,15,0,,
11931,6835,130,2,14.99,15,1,changed_mind,2026-01-11
11932,6836,33,1,34.99,0,0,,
11933,6836,145,1,14.99,0,0,,
11934,6836,28,1,34.99,50,1,size_too_large,2026-01-10
11935,6836,168,1,32.99,20,0,,
11936,6837,93,1,13.99,0,0,,
11937,6838,106,1,259.99,0,0,,
11938,6839,126,1,59.99,0,0,,
11939,6839,21,1,22.99,0,0,,
11940,6839,63,1,89.99,50,0,,
11941,6840,161,1,74.99,0,0,,
11942,6840,8,1,13.99,15,0,,
11943,6841,50,1,24.99,0,0,,
11944,6841,95,1,29.99,0,0,,
11945,6841,125,1,11.99,20,0,,
11946,6841,51,1,27.99,0,0,,
11947,6842,58,1,16.99,0,0,,
11948,6843,146,1,21.99,10,0,,
11949,6844,134,2,12.99,0,0,,
11950,6844,44,2,69.99,0,0,,
11951,6844,230,1,249.99,0,0,,
11952,6845,31,1,27.99,10,0,,
11953,6845,111,1,18.99,30,0,,
11954,6845,146,1,21.99,10,0,,
11955,6846,138,1,64.99,0,0,,
11956,6847,165,1,13.99,0,0,,
11957,6848,28,1,34.99,50,0,,
11958,6849,148,1,27.99,30,0,,
11959,6850,144,1,69.99,10,1,not_as_described,2026-01-14
11960,6850,182,1,94.99,50,0,,
11961,6850,3,1,249.99,10,0,,
11962,6851,232,1,49.99,0,0,,
11963,6852,148,1,27.99,30,1,defective,2026-02-16
11964,6853,145,1,14.99,0,0,,
11965,6853,194,1,11.49,0,0,,
11966,6854,162,1,15.99,0,0,,
11967,6854,194,1,11.49,0,0,,
11968,6855,36,1,12.99,0,0,,
11969,6856,212,1,39.99,40,0,,
11970,6856,148,1,27.99,30,1,size_too_large,2026-01-12
11971,6856,93,1,13.99,0,0,,
11972,6857,143,1,19.99,0,0,,
11973,6857,132,1,12.49,0,0,,
11974,6858,111,1,18.99,30,0,,
11975,6859,26,1,14.99,20,0,,
11976,6859,196,1,39.99,0,0,,
11977,6859,109,1,44.99,30,1,changed_mind,2026-01-15
11978,6860,94,1,12.99,0,0,,
11979,6860,28,1,34.99,50,1,size_too_large,2026-01-10
11980,6861,170,1,32.99,15,0,,
11981,6861,210,1,24.99,15,0,,
11982,6861,49,1,42.99,30,0,,
11983,6862,18,1,39.99,10,0,,
11984,6863,33,1,34.99,0,1,not_as_described,2026-01-19
11985,6864,130,2,14.99,15,0,,
11986,6864,215,1,18.99,0,0,,
11987,6864,132,1,12.49,0,0,,
11988,6865,106,1,259.99,0,0,,
11989,6865,92,1,24.99,10,0,,
11990,6866,41,1,22.99,25,0,,
11991,6866,112,1,47.99,20,0,,
11992,6866,167,1,47.99,0,0,,
11993,6867,158,1,29.99,10,0,,
11994,6868,229,1,11.99,20,0,,
11995,6869,24,1,32.99,0,0,,
11996,6869,191,1,27.99,0,0,,
11997,6870,177,1,64.99,0,0,,
11998,6871,223,2,14.99,0,0,,
11999,6872,86,1,8.99,0,0,,
12000,6873,165,1,13.99,15,0,,
12001,6874,95,1,29.99,0,0,,
12002,6874,111,1,18.99,30,0,,
12003,6874,8,1,13.99,15,0,,
12004,6875,148,1,27.99,30,0,,
12005,6876,228,1,49.99,30,0,,
12006,6877,8,1,13.99,15,0,,
12007,6877,39,1,39.99,20,0,,
12008,6878,92,1,24.99,0,0,,
12009,6879,177,1,64.99,0,0,,
12010,6880,125,1,11.99,20,0,,
12011,6881,59,1,10.99,0,0,,
12012,6881,99,1,29.99,0,0,,
12013,6881,124,1,69.99,30,1,not_as_described,2026-01-15
12014,6882,26,1,14.99,20,0,,
12015,6882,41,1,22.99,25,0,,
12016,6882,230,1,229.99,0,0,,
12017,6882,111,1,18.99,30,0,,
12018,6882,79,1,54.99,20,0,,
12019,6882,17,1,12.99,0,0,,
12020,6883,79,1,54.99,20,1,changed_mind,2026-01-31
12021,6884,17,1,12.99,0,0,,
12022,6885,94,1,12.99,0,0,,
12023,6885,229,1,11.99,20,0,,
12024,6886,52,1,16.49,20,0,,
12025,6887,93,1,13.99,0,0,,
12026,6888,93,1,13.99,0,0,,
12027,6888,195,1,12.99,40,0,,
12028,6888,11,1,54.99,0,0,,
12029,6889,113,1,42.99,30,0,,
12030,6889,24,1,32.99,0,0,,
12031,6889,111,1,18.99,30,0,,
12032,6890,21,1,24.99,0,0,,
12033,6891,135,1,27.99,0,0,,
12034,6892,222,1,109.99,40,1,defective,2026-01-28
12035,6893,233,1,39.99,0,0,,
12036,6893,24,1,32.99,0,0,,
12037,6894,112,1,47.99,20,0,,
12038,6894,218,1,22.99,30,0,,
12039,6895,182,2,94.99,50,0,,
12040,6895,205,1,19.99,0,0,,
12041,6896,39,1,39.99,20,0,,
12042,6897,153,1,16.49,0,0,,
12043,6897,186,1,24.99,0,0,,
12044,6898,167,2,47.99,0,0,,
12045,6899,66,1,69.99,0,0,,
12046,6899,229,1,11.99,20,0,,
12047,6900,62,1,29.99,0,0,,
12048,6900,190,1,10.99,15,0,,
12049,6901,104,1,54.99,0,0,,
12050,6901,98,1,8.49,0,0,,
12051,6902,165,1,13.99,10,0,,
12052,6902,148,1,27.99,30,0,,
12053,6903,39,1,39.99,20,1,changed_mind,2026-01-16
12054,6904,167,1,47.99,0,0,,
12055,6904,111,1,18.99,30,0,,
12056,6904,21,1,24.99,0,0,,
12057,6905,197,1,39.99,20,0,,
12058,6906,207,1,89.99,15,0,,
12059,6907,109,1,44.99,30,0,,
12060,6907,67,1,34.99,0,0,,
12061,6908,62,1,29.99,10,0,,
12062,6909,94,1,12.99,0,0,,
12063,6909,130,1,14.99,15,0,,
12064,6910,153,1,16.49,0,0,,
12065,6910,189,1,34.99,0,0,,
12066,6910,44,1,74.99,0,0,,
12067,6911,138,1,64.99,0,0,,
12068,6911,170,1,32.99,0,0,,
12069,6912,98,1,8.49,0,0,,
12070,6912,117,1,6.99,0,0,,
12071,6912,39,1,39.99,20,0,,
12072,6913,36,1,12.99,10,0,,
12073,6914,33,1,34.99,0,0,,
12074,6914,109,1,44.99,30,1,size_too_large,2026-01-18
12075,6915,24,1,32.99,0,1,changed_mind,2026-01-16
12076,6915,167,1,47.99,0,0,,
12077,6916,191,1,27.99,0,0,,
12078,6917,150,1,15.99,0,0,,
12079,6917,173,1,99.99,0,0,,
12080,6918,162,1,15.99,0,0,,
12081,6918,158,1,29.99,0,0,,
12082,6918,36,1,12.99,0,0,,
12083,6919,145,2,14.99,0,0,,
12084,6919,14,1,24.99,0,0,,
12085,6919,152,1,19.99,20,1,size_too_small,2026-01-20
12086,6920,111,1,18.99,30,0,,
12087,6921,195,1,12.99,40,1,size_too_small,2026-01-29
12088,6922,111,1,18.99,30,0,,
12089,6922,164,1,32.99,40,0,,
12090,6923,58,1,16.99,0,0,,
12091,6924,120,1,89.99,30,0,,
12092,6925,165,1,13.99,0,0,,
12093,6926,70,1,14.49,0,0,,
12094,6926,105,1,37.99,0,0,,
12095,6927,229,2,11.99,20,1,defective,2026-02-20
12096,6927,138,1,64.99,0,0,,
12097,6928,24,1,32.99,0,0,,
12098,6928,7,1,139.99,0,0,,
12099,6929,229,1,11.99,20,0,,
12100,6930,58,1,16.99,0,0,,
12101,6931,62,1,29.99,0,0,,
12102,6932,23,1,37.99,10,0,,
12103,6932,110,1,18.99,30,0,,
12104,6932,78,1,12.49,10,0,,
12105,6933,201,1,29.99,15,0,,
12106,6934,33,1,34.99,0,0,,
12107,6934,17,1,11.99,0,0,,
12108,6934,231,1,27.99,0,0,,
12109,6935,130,1,14.99,0,0,,
12110,6936,70,2,14.49,0,0,,
12111,6936,41,1,22.99,0,0,,
12112,6937,190,1,10.99,15,0,,
12113,6938,110,1,18.99,30,0,,
12114,6939,170,1,32.99,0,0,,
12115,6940,143,1,19.99,0,0,,
12116,6941,95,1,29.99,0,0,,
12117,6941,228,1,54.99,30,0,,
12118,6941,217,1,44.99,0,0,,
12119,6942,41,1,22.99,15,0,,
12120,6943,98,2,8.49,0,0,,
12121,6943,17,1,11.99,0,0,,
12122,6944,86,1,8.99,0,1,defective,2026-02-10
12123,6945,12,1,13.49,0,0,,
12124,6945,214,1,15.99,0,0,,
12125,6946,143,1,19.99,0,0,,
12126,6947,134,1,12.99,0,0,,
12127,6947,148,1,29.99,30,0,,
12128,6948,58,1,16.99,0,0,,
12129,6949,98,1,8.49,0,0,,
12130,6950,12,1,13.49,10,0,,
12131,6951,170,1,32.99,0,0,,
12132,6951,3,1,249.99,0,0,,
12133,6952,24,1,32.99,0,0,,
12134,6952,95,1,29.99,0,0,,
12135,6953,210,1,24.99,10,0,,
12136,6953,111,1,18.99,30,0,,
12137,6953,110,1,18.99,30,0,,
12138,6954,191,1,27.99,0,1,defective,2026-01-28
12139,6955,187,1,649.99,0,0,,
12140,6955,145,1,14.99,0,0,,
12141,6956,62,1,29.99,0,0,,
12142,6956,28,1,34.99,50,1,changed_mind,2026-01-17
12143,6956,139,1,34.99,0,0,,
12144,6957,59,1,10.99,0,0,,
12145,6958,135,1,27.99,10,0,,
12146,6958,165,3,13.99,10,0,,
12147,6959,8,2,13.99,15,0,,
12148,6959,33,1,34.99,0,0,,
12149,6959,125,1,11.99,20,1,changed_mind,2026-01-18
12150,6959,146,1,21.99,0,1,not_as_described,2026-01-25
12151,6959,232,1,49.99,0,0,,
12152,6960,39,1,39.99,20,0,,
12153,6960,17,1,11.99,0,0,,
12154,6961,109,1,44.99,30,0,,
12155,6961,70,3,14.49,10,0,,
12156,6962,148,1,29.99,30,0,,
12157,6962,195,3,12.99,40,1,size_too_large,2026-01-20
12158,6962,110,1,18.99,30,1,,2026-01-26
12159,6963,201,1,29.99,15,0,,
12160,6964,78,1,12.49,10,0,,
12161,6964,64,1,10.99,10,0,,
12162,6964,124,1,69.99,30,1,size_too_small,2026-01-20
12163,6964,6,1,59.99,10,0,,
12164,6964,132,1,12.49,10,0,,
12165,6965,191,1,27.99,10,0,,
12166,6965,33,1,34.99,10,0,,
12167,6966,111,1,18.99,30,0,,
12168,6966,171,1,32.99,0,0,,
12169,6966,182,1,99.99,50,0,,
12170,6966,189,3,34.99,0,0,,
12171,6967,4,1,14.99,0,0,,
12172,6967,91,1,44.99,0,0,,
12173,6968,166,1,32.99,0,0,,
12174,6969,111,1,18.99,30,0,,
12175,6970,226,1,59.99,0,0,,
12176,6971,167,1,47.99,0,0,,
12177,6971,17,1,11.99,0,0,,
12178,6972,24,1,32.99,0,0,,
12179,6972,97,1,47.99,30,0,,
12180,6973,167,1,47.99,0,0,,
12181,6974,102,1,59.99,30,0,,
12182,6974,175,1,15.99,0,0,,
12183,6975,209,1,74.99,15,0,,
12184,6975,125,1,11.99,20,0,,
12185,6976,94,1,12.99,0,0,,
12186,6977,186,1,24.99,0,0,,
12187,6978,110,1,18.99,30,0,,
12188,6978,222,1,109.99,40,0,,
12189,6979,164,1,32.99,40,0,,
12190,6980,142,1,49.99,30,0,,
12191,6980,221,1,49.99,40,0,,
12192,6980,51,1,27.99,0,0,,
12193,6981,228,1,54.99,30,0,,
12194,6981,107,1,9.99,0,0,,
12195,6981,134,1,12.99,0,0,,
12196,6982,93,1,13.99,0,0,,
12197,6983,41,1,22.99,0,0,,
12198,6984,65,1,37.99,0,0,,
12199,6984,214,1,15.99,0,0,,
12200,6985,167,1,47.99,10,0,,
12201,6985,232,1,49.99,10,0,,
12202,6986,171,1,32.99,0,0,,
12203,6986,213,1,99.99,0,0,,
12204,6986,175,1,15.99,0,0,,
12205,6986,162,1,15.99,0,1,changed_mind,2026-01-21
12206,6987,96,1,37.99,0,0,,
12207,6988,64,1,10.99,0,0,,
12208,6988,51,1,27.99,0,0,,
12209,6988,163,1,34.99,0,0,,
12210,6988,124,1,69.99,30,0,,
12211,6989,145,1,14.99,0,0,,
12212,6989,111,2,18.99,30,1,changed_mind,2026-01-30
12213,6990,116,1,34.99,0,0,,
12214,6991,11,1,54.99,0,0,,
12215,6991,167,1,47.99,0,0,,
12216,6992,7,1,139.99,0,1,defective,2026-01-26
12217,6993,194,1,11.49,0,0,,
12218,6994,109,1,44.99,30,1,size_too_large,2026-01-25
12219,6994,148,1,29.99,30,1,,2026-01-29
12220,6995,171,1,32.99,0,0,,
12221,6996,59,1,10.99,0,0,,
12222,6996,232,1,49.99,0,1,wrong_item,2026-01-23
12223,6997,219,1,42.99,0,0,,
12224,6997,82,1,10.49,0,0,,
12225,6998,16,1,69.99,0,0,,
12226,6999,168,1,32.99,20,0,,
12227,6999,232,1,49.99,0,0,,
12228,7000,64,1,10.99,0,0,,
12229,7001,108,1,89.99,10,1,defective,2026-02-18
12230,7001,26,1,16.49,20,0,,
12231,7002,3,1,249.99,0,1,size_too_small,2026-01-31
12232,7003,106,1,259.99,0,0,,
12233,7003,153,1,16.49,0,0,,
12234,7004,124,1,69.99,30,1,not_as_described,2026-01-28
12235,7005,132,1,12.49,0,0,,
12236,7006,125,1,11.99,20,0,,
12237,7007,229,1,11.99,20,0,,
12238,7007,62,1,29.99,0,0,,
12239,7008,113,1,42.99,30,1,size_too_large,2026-02-01
12240,7008,166,1,32.99,0,0,,
12241,7009,148,1,29.99,30,0,,
12242,7010,231,1,27.99,0,0,,
12243,7010,183,1,59.99,20,0,,
12244,7010,59,1,10.99,0,0,,
12245,7011,133,1,14.99,20,0,,
12246,7012,96,1,37.99,0,0,,
12247,7013,51,1,27.99,0,0,,
12248,7013,212,1,39.99,40,1,defective,2026-02-01
12249,7014,229,1,11.99,20,0,,
12250,7014,226,1,59.99,0,0,,
12251,7014,17,1,11.99,0,0,,
12252,7015,91,1,44.99,10,0,,
12253,7015,64,1,10.99,10,0,,
12254,7016,152,1,22.99,20,1,not_as_described,2026-01-29
12255,7017,43,1,18.99,20,0,,
12256,7018,95,1,29.99,0,0,,
12257,7018,232,1,49.99,0,0,,
12258,7018,176,1,949.99,0,0,,
12259,7019,163,1,34.99,0,0,,
12260,7020,70,1,14.49,0,0,,
12261,7020,215,1,19.99,0,0,,
12262,7020,94,2,12.99,0,0,,
12263,7021,196,1,39.99,0,0,,
12264,7021,96,1,37.99,0,0,,
12265,7022,79,1,54.99,20,1,size_too_large,2026-01-26
12266,7022,111,1,18.99,30,0,,
12267,7023,142,1,49.99,30,0,,
12268,7023,124,1,69.99,30,0,,
12269,7024,190,1,10.99,15,0,,
12270,7025,98,1,8.49,0,0,,
12271,7025,33,1,34.99,0,0,,
12272,7025,17,1,11.99,0,0,,
12273,7026,99,1,29.99,0,0,,
12274,7027,118,1,159.99,0,0,,
12275,7027,28,1,34.99,50,0,,
12276,7028,145,1,14.99,0,0,,
12277,7029,111,2,18.99,30,0,,
12278,7030,7,1,139.99,0,0,,
12279,7031,62,1,29.99,0,0,,
12280,7031,214,1,15.99,0,0,,
12281,7032,21,1,24.99,10,0,,
12282,7033,196,1,39.99,0,0,,
12283,7034,125,1,11.99,20,1,changed_mind,2026-02-05
12284,7034,111,1,18.99,30,0,,
12285,7035,120,1,89.99,30,0,,
12286,7036,28,1,34.99,50,0,,
12287,7037,17,1,11.99,10,0,,
12288,7038,11,1,54.99,10,1,not_as_described,2026-02-02
12289,7038,63,1,94.99,50,0,,
12290,7039,84,1,29.99,25,0,,
12291,7040,125,1,11.99,20,0,,
12292,7041,94,2,12.99,0,0,,
12293,7042,48,1,89.99,0,0,,
12294,7043,54,1,129.99,0,1,changed_mind,2026-01-26
12295,7044,167,1,47.99,10,0,,
12296,7045,64,1,10.99,0,0,,
12297,7045,124,1,69.99,30,1,changed_mind,2026-01-30
12298,7045,158,1,29.99,0,0,,
12299,7046,173,1,99.99,0,0,,
12300,7047,44,1,74.99,0,0,,
12301,7048,70,1,14.49,0,0,,
12302,7048,191,1,27.99,0,0,,
12303,7048,4,3,14.99,0,0,,
12304,7049,215,1,19.99,0,0,,
12305,7049,135,1,27.99,0,0,,
12306,7050,41,1,22.99,0,0,,
12307,7051,51,1,27.99,0,0,,
12308,7051,171,1,32.99,0,0,,
12309,7051,111,1,18.99,30,1,not_as_described,2026-01-29
12310,7052,129,1,29.99,40,0,,
12311,7052,183,1,59.99,20,0,,
12312,7052,4,1,14.99,0,0,,
12313,7053,93,1,13.99,0,0,,
12314,7054,31,1,29.99,0,0,,
12315,7054,21,1,24.99,0,0,,
12316,7054,146,1,21.99,0,0,,
12317,7055,218,1,22.99,30,0,,
12318,7055,148,1,29.99,30,0,,
12319,7056,113,1,42.99,30,1,not_as_described,2026-01-29
12320,7057,185,1,109.99,0,1,changed_mind,2026-02-19
12321,7058,111,1,18.99,30,0,,
12322,7059,66,1,69.99,0,0,,
12323,7060,102,1,59.99,30,0,,
12324,7060,135,1,27.99,10,0,,
12325,7061,120,1,89.99,30,1,size_too_small,2026-01-30
12326,7062,132,1,12.49,0,0,,
12327,7062,70,1,14.49,0,0,,
12328,7062,59,2,10.99,0,0,,
12329,7063,41,1,22.99,0,1,not_as_described,2026-02-05
12330,7064,220,1,29.99,10,0,,
12331,7065,143,1,19.99,0,0,,
12332,7065,165,1,13.99,0,0,,
12333,7066,214,1,15.99,0,0,,
12334,7067,119,1,34.99,0,1,changed_mind,2026-02-04
12335,7068,148,1,29.99,30,1,size_too_small,2026-02-01
12336,7069,186,1,24.99,0,1,changed_mind,2026-01-30
12337,7069,100,1,79.99,0,1,not_as_described,2026-02-09
12338,7070,135,1,27.99,0,0,,
12339,7071,180,1,16.49,0,0,,
12340,7072,109,1,44.99,30,0,,
12341,7072,220,1,29.99,0,0,,
12342,7073,47,1,84.99,0,0,,
12343,7073,4,2,14.99,0,0,,
12344,7073,180,1,16.49,0,0,,
12345,7074,120,1,89.99,30,0,,
12346,7075,150,1,15.99,0,0,,
12347,7076,167,1,47.99,0,0,,
12348,7077,182,1,99.99,50,0,,
12349,7077,125,1,11.99,20,1,size_too_small,2026-02-01
12350,7078,154,1,32.99,0,0,,
12351,7078,31,1,29.99,0,1,changed_mind,2026-02-05
12352,7078,119,1,34.99,0,0,,
12353,7079,159,1,29.99,0,0,,
12354,7080,165,1,13.99,0,0,,
12355,7080,45,1,32.99,0,0,,
12356,7081,39,1,39.99,20,0,,
12357,7082,130,1,14.99,0,0,,
12358,7083,41,1,22.99,0,0,,
12359,7084,110,1,18.99,30,1,defective,2026-02-25
12360,7085,145,3,14.99,0,0,,
12361,7085,150,1,15.99,0,0,,
12362,7085,5,1,49.99,0,0,,
12363,7086,159,1,29.99,0,0,,
12364,7087,111,1,18.99,30,0,,
12365,7088,222,1,109.99,40,0,,
12366,7089,201,1,29.99,15,1,defective,2026-02-08
12367,7090,192,1,24.99,0,0,,
12368,7090,165,1,13.99,0,0,,
12369,7090,111,1,18.99,30,0,,
12370,7091,222,1,109.99,40,0,,
12371,7091,164,1,32.99,40,0,,
12372,7092,82,1,10.49,0,0,,
12373,7093,49,1,42.99,30,0,,
12374,7093,17,1,11.99,0,0,,
12375,7094,4,1,14.99,0,0,,
12376,7095,161,1,74.99,0,0,,
12377,7095,223,1,15.49,0,0,,
12378,7096,88,1,34.99,0,0,,
12379,7097,31,1,29.99,0,1,wrong_item,2026-02-01
12380,7098,84,1,29.99,10,0,,
12381,7099,172,1,159.99,30,0,,
12382,7099,166,1,32.99,0,0,,
12383,7100,59,1,10.99,0,1,not_as_described,2026-02-04
12384,7101,59,3,10.99,0,0,,
12385,7102,158,1,29.99,0,0,,
12386,7103,163,1,34.99,0,0,,
12387,7104,229,2,11.99,20,0,,
12388,7105,220,1,29.99,0,1,defective,2026-02-01
12389,7105,85,1,24.99,0,0,,
12390,7106,230,1,229.99,10,0,,
12391,7107,109,1,44.99,30,1,changed_mind,2026-02-05
12392,7108,168,1,32.99,20,0,,
12393,7108,17,1,11.99,0,1,defective,2026-02-16
12394,7108,134,1,12.99,0,0,,
12395,7109,148,1,29.99,30,1,size_too_small,2026-02-02
12396,7110,70,1,14.49,0,0,,
12397,7111,49,1,42.99,30,0,,
12398,7111,148,1,29.99,30,0,,
12399,7111,228,1,54.99,30,0,,
12400,7112,21,1,24.99,10,0,,
12401,7113,92,1,24.99,0,0,,
12402,7113,104,2,59.99,0,0,,
12403,7113,98,1,8.49,0,0,,
12404,7114,125,1,11.99,20,0,,
12405,7115,231,1,27.99,0,0,,
12406,7115,28,1,34.99,50,0,,
12407,7115,111,1,18.99,30,0,,
12408,7116,164,1,32.99,40,1,changed_mind,2026-02-02
12409,7116,138,1,64.99,0,0,,
12410,7117,33,1,34.99,0,0,,
12411,7118,110,1,18.99,30,0,,
12412,7118,148,1,29.99,30,0,,
12413,7119,94,1,12.99,0,0,,
12414,7120,191,1,27.99,0,0,,
12415,7120,116,1,34.99,0,0,,
12416,7120,232,1,49.99,0,0,,
12417,7121,132,2,12.49,10,0,,
12418,7122,120,1,89.99,30,0,,
12419,7123,24,1,32.99,0,0,,
12420,7123,91,1,44.99,0,0,,
12421,7124,25,1,22.99,0,0,,
12422,7125,69,1,149.99,0,0,,
12423,7126,88,1,34.99,0,0,,
12424,7127,167,1,47.99,10,1,size_too_small,2026-02-05
12425,7127,36,1,12.99,10,0,,
12426,7128,130,2,14.99,0,0,,
12427,7128,83,1,27.99,0,0,,
12428,7128,232,1,49.99,0,0,,
12429,7129,148,1,29.99,30,1,,2026-02-15
12430,7130,218,1,22.99,30,0,,
12431,7131,85,1,24.99,0,0,,
12432,7132,68,1,99.99,0,0,,
12433,7132,88,1,34.99,0,0,,
12434,7133,51,1,27.99,0,0,,
12435,7134,4,1,14.99,0,0,,
12436,7135,170,1,32.99,0,0,,
12437,7135,212,1,39.99,40,0,,
12438,7135,36,1,12.99,0,0,,
12439,7135,183,1,59.99,20,0,,
12440,7136,214,2,15.99,0,0,,
12441,7137,41,1,22.99,0,0,,
12442,7137,141,1,24.99,0,0,,
12443,7137,168,1,32.99,20,0,,
12444,7138,8,1,13.99,15,0,,
12445,7138,98,1,8.49,0,0,,
12446,7138,111,1,18.99,30,0,,
12447,7138,190,1,10.99,15,0,,
12448,7139,70,3,14.49,10,0,,
12449,7139,145,1,14.99,10,0,,
12450,7139,4,1,14.99,10,0,,
12451,7140,168,1,32.99,20,0,,
12452,7140,195,1,12.99,40,1,size_too_small,2026-02-09
12453,7141,4,3,14.99,10,0,,
12454,7141,165,1,13.99,10,0,,
12455,7142,164,1,32.99,40,0,,
12456,7142,220,1,29.99,0,0,,
12457,7142,229,1,11.99,20,0,,
12458,7143,17,1,11.99,0,0,,
12459,7144,191,1,27.99,0,1,changed_mind,2026-02-11
12460,7145,232,1,49.99,0,1,arrived_late,2026-02-11
12461,7146,111,1,18.99,30,0,,
12462,7146,164,1,32.99,40,0,,
12463,7146,41,1,22.99,0,0,,
12464,7146,91,1,44.99,0,0,,
12465,7147,92,1,24.99,0,0,,
12466,7148,170,1,32.99,0,0,,
12467,7148,95,1,29.99,0,0,,
12468,7149,205,1,19.99,10,0,,
12469,7150,31,1,29.99,0,0,,
12470,7151,125,1,11.99,20,0,,
12471,7152,159,1,29.99,0,0,,
12472,7152,36,2,12.99,0,0,,
12473,7153,44,1,74.99,0,0,,
12474,7154,24,1,32.99,10,0,,
12475,7154,91,1,44.99,10,0,,
12476,7155,93,1,13.99,0,0,,
12477,7156,1,1,19.99,0,0,,
12478,7156,39,1,39.99,20,0,,
12479,7157,17,2,11.99,0,0,,
12480,7158,189,1,34.99,0,0,,
12481,7159,191,1,27.99,0,0,,
12482,7160,111,1,18.99,0,0,,
12483,7161,13,1,89.99,0,0,,
12484,7161,99,1,29.99,0,0,,
12485,7162,28,1,34.99,10,0,,
12486,7162,80,1,69.99,10,0,,
12487,7163,107,1,9.99,0,0,,
12488,7163,51,1,27.99,0,0,,
12489,7164,164,1,32.99,40,0,,
12490,7164,91,1,44.99,0,0,,
12491,7165,141,1,24.99,10,0,,
12492,7166,111,1,18.99,0,0,,
12493,7167,111,1,18.99,0,0,,
12494,7168,148,1,29.99,0,1,size_too_small,2026-02-09
12495,7169,139,2,34.99,0,0,,
12496,7170,21,1,24.99,0,0,,
12497,7171,125,1,11.99,10,0,,
12498,7171,111,1,18.99,10,0,,
12499,7172,4,1,14.99,0,0,,
12500,7173,232,1,49.99,10,0,,
12501,7174,109,1,44.99,0,0,,
12502,7175,205,1,19.99,0,0,,
12503,7176,64,1,10.99,0,0,,
12504,7177,93,2,13.99,0,0,,
12505,7178,130,1,14.99,0,0,,
12506,7179,139,1,34.99,0,0,,
12507,7180,125,1,11.99,0,0,,
12508,7180,36,2,12.99,0,0,,
12509,7180,27,1,29.99,0,0,,
12510,7181,191,1,27.99,0,0,,
12511,7181,165,1,13.99,0,0,,
12512,7182,158,1,29.99,0,0,,
12513,7183,145,1,14.99,0,0,,
12514,7183,146,1,21.99,0,0,,
12515,7184,125,1,11.99,0,0,,
12516,7184,21,1,24.99,0,0,,
12517,7184,123,1,54.99,0,0,,
12518,7185,8,1,13.99,0,0,,
12519,7185,180,1,16.49,0,0,,
12520,7186,102,1,59.99,0,0,,
12521,7187,124,1,69.99,0,0,,
12522,7187,229,1,11.99,0,0,,
12523,7188,132,1,12.49,0,0,,
12524,7189,4,1,14.99,0,1,arrived_late,2026-02-14
12525,7189,51,1,27.99,0,0,,
12526,7189,64,2,10.99,0,0,,
12527,7189,138,1,64.99,0,0,,
12528,7189,172,1,159.99,0,1,changed_mind,2026-02-09
12529,7190,190,1,10.99,0,0,,
12530,7190,119,1,34.99,0,0,,
12531,7190,185,1,109.99,0,0,,
12532,7191,59,2,10.99,0,0,,
12533,7192,59,1,10.99,0,0,,
12534,7193,97,1,47.99,0,0,,
12535,7194,223,1,15.49,0,0,,
12536,7194,101,1,39.99,0,0,,
12537,7195,123,1,54.99,0,0,,
12538,7195,167,1,47.99,0,0,,
12539,7196,95,1,29.99,25,0,,
12540,7197,95,1,29.99,25,0,,
12541,7197,91,1,44.99,0,0,,
12542,7198,226,1,59.99,0,0,,
12543,7198,229,1,11.99,0,0,,
12544,7199,62,1,29.99,0,0,,
12545,7200,41,1,22.99,10,0,,
12546,7201,205,1,19.99,0,0,,
12547,7202,168,2,32.99,0,0,,
12548,7203,214,1,15.99,0,0,,
12549,7204,142,1,49.99,10,0,,
12550,7205,36,1,12.99,0,0,,
12551,7206,9,2,24.99,20,0,,
12552,7206,229,1,11.99,0,0,,
12553,7206,146,1,21.99,0,0,,
12554,7206,119,1,34.99,0,0,,
12555,7207,191,1,27.99,0,1,arrived_late,2026-02-09
12556,7208,86,1,8.99,0,0,,
12557,7209,116,1,34.99,0,0,,
12558,7210,87,1,89.99,0,0,,
12559,7211,179,1,49.99,0,0,,
12560,7211,227,2,14.99,0,0,,
12561,7211,132,1,12.49,0,0,,
12562,7211,93,2,13.99,0,0,,
12563,7211,165,1,13.99,0,0,,
12564,7212,158,1,29.99,0,0,,
12565,7212,130,1,14.99,0,0,,
12566,7212,98,1,8.49,0,0,,
12567,7213,164,1,32.99,40,0,,
12568,7214,134,1,12.99,0,0,,
12569,7214,214,1,15.99,0,0,,
12570,7215,158,1,29.99,0,0,,
12571,7216,109,1,44.99,0,1,arrived_late,2026-02-12
12572,7216,132,3,12.49,0,0,,
12573,7216,89,1,29.99,0,0,,
12574,7217,224,1,12.99,0,0,,
12575,7218,41,1,22.99,0,1,changed_mind,2026-02-10
12576,7219,2,1,69.99,0,0,,
12577,7219,130,1,14.99,0,0,,
12578,7219,197,1,39.99,0,0,,
12579,7220,57,1,22.99,0,0,,
12580,7221,139,1,34.99,0,0,,
12581,7221,24,1,32.99,0,0,,
12582,7222,218,1,22.99,10,0,,
12583,7223,171,1,32.99,15,0,,
12584,7224,133,3,14.99,0,0,,
12585,7224,153,1,16.49,0,0,,
12586,7225,55,1,44.99,10,0,,
12587,7225,33,1,34.99,10,0,,
12588,7225,82,1,10.49,10,0,,
12589,7225,187,1,649.99,0,0,,
12590,7225,145,1,14.99,10,0,,
12591,7226,173,1,99.99,0,0,,
12592,7227,169,1,39.99,0,0,,
12593,7228,175,1,15.99,10,0,,
12594,7228,92,1,24.99,10,0,,
12595,7229,217,1,47.99,0,0,,
12596,7229,194,1,11.49,0,0,,
12597,7230,196,1,39.99,0,0,,
12598,7231,160,1,149.99,0,0,,
12599,7231,145,1,14.99,0,0,,
12600,7231,72,1,24.99,0,0,,
12601,7232,196,1,39.99,0,1,defective,2026-02-17
12602,7233,146,1,21.99,0,0,,
12603,7233,187,1,649.99,0,0,,
12604,7234,159,1,29.99,10,0,,
12605,7234,171,1,32.99,10,0,,
12606,7235,79,1,54.99,0,0,,
12607,7235,166,1,32.99,0,0,,
12608,7235,28,1,34.99,0,0,,
12609,7235,80,1,69.99,0,1,size_too_large,2026-02-21
12610,7236,141,1,24.99,0,0,,
12611,7236,106,1,259.99,0,1,changed_mind,2026-02-13
12612,7236,111,1,18.99,0,1,changed_mind,2026-02-13
12613,7237,41,1,22.99,0,0,,
12614,7238,83,1,27.99,0,0,,
12615,7238,158,1,29.99,0,0,,
12616,7238,6,1,59.99,0,0,,
12617,7238,94,1,12.99,0,0,,
12618,7239,169,1,39.99,0,1,defective,2026-02-18
12619,7240,148,1,29.99,0,0,,
12620,7241,72,1,24.99,10,0,,
12621,7241,33,2,34.99,10,0,,
12622,7242,85,1,24.99,0,0,,
12623,7243,12,1,13.49,0,0,,
12624,7244,84,1,29.99,0,1,defective,2026-02-23
12625,7245,1,1,19.99,0,0,,
12626,7245,111,1,18.99,0,0,,
12627,7245,51,1,27.99,0,0,,
12628,7246,220,1,29.99,15,0,,
12629,7247,21,1,24.99,0,0,,
12630,7247,31,1,29.99,0,0,,
12631,7248,70,1,14.49,10,0,,
12632,7248,215,1,19.99,10,0,,
12633,7249,33,1,34.99,0,0,,
12634,7249,141,1,24.99,0,0,,
12635,7249,92,1,24.99,0,0,,
12636,7249,182,1,99.99,0,0,,
12637,7250,33,1,34.99,0,0,,
12638,7251,226,1,59.99,0,0,,
12639,7251,132,1,12.49,0,0,,
12640,7252,183,1,59.99,10,0,,
12641,7253,229,1,11.99,0,0,,
12642,7253,125,1,11.99,0,1,not_as_described,2026-02-12
12643,7253,44,1,74.99,0,0,,
12644,7254,201,1,29.99,0,0,,
12645,7255,54,1,129.99,0,0,,
12646,7255,215,1,19.99,0,0,,
12647,7255,162,1,15.99,0,0,,
12648,7256,68,1,99.99,0,0,,
12649,7256,210,1,24.99,0,0,,
12650,7257,228,1,54.99,0,1,changed_mind,2026-02-13
12651,7258,125,1,11.99,0,0,,
12652,7259,79,1,54.99,0,0,,
12653,7259,146,1,21.99,0,1,changed_mind,2026-02-14
12654,7260,133,1,14.99,10,0,,
12655,7260,220,1,29.99,10,0,,
12656,7261,62,1,29.99,0,0,,
12657,7262,194,1,11.49,0,0,,
12658,7262,59,1,10.99,0,0,,
12659,7263,83,1,27.99,0,0,,
12660,7263,14,1,24.99,0,0,,
12661,7263,158,1,29.99,0,0,,
12662,7264,129,1,29.99,0,0,,
12663,7265,129,1,29.99,10,0,,
12664,7265,4,1,14.99,10,0,,
12665,7265,222,1,109.99,10,0,,
12666,7266,139,1,34.99,0,0,,
12667,7266,8,1,13.99,0,0,,
12668,7266,117,1,6.99,0,0,,
12669,7267,163,1,34.99,0,0,,
12670,7267,77,1,54.99,0,0,,
12671,7268,234,1,16.99,0,0,,
12672,7268,159,1,29.99,0,0,,
12673,7268,39,1,39.99,0,0,,
12674,7269,93,1,13.99,0,0,,
12675,7269,186,1,24.99,0,1,defective,2026-02-16
12676,7270,195,1,12.99,10,0,,
12677,7271,170,1,32.99,15,0,,
12678,7272,170,1,32.99,15,0,,
12679,7272,86,1,8.99,0,0,,
12680,7272,164,1,32.99,40,0,,
12681,7273,183,1,59.99,20,0,,
12682,7274,95,1,29.99,0,0,,
12683,7274,62,1,29.99,0,0,,
12684,7274,64,1,10.99,0,0,,
12685,7275,186,1,24.99,0,0,,
12686,7276,70,1,14.49,0,0,,
12687,7277,28,1,34.99,0,0,,
12688,7278,158,1,29.99,0,0,,
12689,7279,99,1,29.99,0,0,,
12690,7279,135,1,27.99,0,0,,
12691,7280,94,2,12.99,0,0,,
12692,7280,93,1,13.99,0,0,,
12693,7281,13,1,89.99,10,0,,
12694,7281,125,1,11.99,10,0,,
12695,7282,36,1,12.99,0,0,,
12696,7282,164,1,32.99,40,0,,
12697,7282,7,1,139.99,0,0,,
12698,7282,153,1,16.49,0,0,,
12699,7282,170,1,32.99,15,0,,
12700,7283,159,1,29.99,10,0,,
12701,7283,84,1,29.99,10,0,,
12702,7284,39,1,39.99,0,0,,
12703,7285,17,1,11.99,10,0,,
12704,7285,39,1,39.99,10,0,,
12705,7286,141,1,24.99,0,0,,
12706,7286,31,1,29.99,0,0,,
12707,7287,170,1,32.99,15,0,,
12708,7287,232,1,49.99,0,0,,
12709,7288,221,1,49.99,0,1,size_too_small,2026-02-16
12710,7289,44,1,74.99,10,0,,
12711,7289,36,1,12.99,10,0,,
12712,7290,143,1,19.99,0,0,,
12713,7290,165,2,13.99,0,0,,
12714,7290,102,1,59.99,0,0,,
12715,7291,95,1,29.99,0,0,,
12716,7291,211,1,37.99,0,1,changed_mind,2026-02-21
12717,7291,134,1,12.99,0,0,,
12718,7292,98,1,8.49,10,0,,
12719,7293,232,1,49.99,0,0,,
12720,7293,164,1,32.99,40,0,,
12721,7293,125,1,11.99,0,0,,
12722,7293,92,1,24.99,0,0,,
12723,7294,141,1,24.99,10,0,,
12724,7295,70,1,14.49,0,0,,
12725,7296,66,1,69.99,0,0,,
12726,7297,12,2,13.49,0,0,,
12727,7298,196,1,39.99,0,0,,
12728,7298,24,1,32.99,0,0,,
12729,7299,70,2,14.49,0,0,,
12730,7300,113,1,42.99,0,0,,
12731,7301,139,1,34.99,0,0,,
12732,7301,117,1,6.99,0,0,,
12733,7302,79,1,54.99,0,0,,
12734,7303,79,1,54.99,0,1,size_too_small,2026-02-23
12735,7303,21,1,24.99,0,0,,
12736,7304,232,1,49.99,0,0,,
12737,7305,41,1,22.99,0,0,,
12738,7306,119,1,34.99,0,0,,
12739,7307,234,1,16.99,0,0,,
12740,7307,88,1,34.99,0,0,,
12741,7307,167,1,47.99,0,1,size_too_small,2026-03-08
12742,7307,82,1,10.49,0,0,,
12743,7308,235,1,19.99,0,0,,
12744,7309,51,2,27.99,0,0,,
12745,7310,11,1,54.99,0,0,,
12746,7311,167,1,47.99,10,0,,
12747,7311,110,1,18.99,10,0,,
12748,7311,129,1,29.99,10,1,size_too_small,2026-02-21
12749,7311,177,1,64.99,10,0,,
12750,7312,158,1,29.99,0,0,,
12751,7312,33,1,34.99,0,0,,
12752,7312,58,1,16.99,0,0,,
12753,7312,124,1,69.99,0,0,,
12754,7313,45,1,32.99,10,0,,
12755,7313,148,1,29.99,10,0,,
12756,7314,129,1,29.99,0,0,,
12757,7315,45,1,32.99,0,0,,
12758,7316,156,1,29.99,0,0,,
12759,7316,148,1,29.99,0,0,,
12760,7316,144,1,69.99,0,0,,
12761,7317,144,1,69.99,0,1,not_as_described,2026-02-28
12762,7317,53,1,84.99,0,0,,
12763,7318,70,2,14.49,0,0,,
12764,7319,92,1,24.99,0,0,,
12765,7319,186,1,24.99,0,0,,
12766,7319,125,1,11.99,0,0,,
12767,7320,160,1,149.99,0,0,,
12768,7320,145,1,14.99,0,0,,
12769,7321,135,1,27.99,0,0,,
12770,7321,39,1,39.99,0,0,,
12771,7322,206,1,19.99,0,0,,
12772,7322,111,1,18.99,0,0,,
12773,7322,146,1,21.99,25,0,,
12774,7323,116,1,34.99,0,0,,
12775,7324,145,1,14.99,0,0,,
12776,7325,228,1,54.99,0,1,changed_mind,2026-02-22
12777,7326,13,1,89.99,0,0,,
12778,7326,78,1,12.49,0,0,,
12779,7327,24,2,32.99,0,0,,
12780,7328,36,1,12.99,0,0,,
12781,7328,4,3,14.99,0,0,,
12782,7328,21,2,24.99,0,0,,
12783,7329,41,1,22.99,0,0,,
12784,7330,8,2,13.99,0,0,,
12785,7331,234,1,16.99,10,0,,
12786,7332,59,2,10.99,0,0,,
12787,7332,62,1,29.99,0,0,,
12788,7333,12,1,13.49,0,0,,
12789,7334,195,1,12.99,10,0,,
12790,7334,148,1,29.99,10,0,,
12791,7334,129,1,29.99,10,0,,
12792,7335,80,2,69.99,0,0,,
12793,7336,59,1,10.99,10,0,,
12794,7336,24,1,32.99,10,0,,
12795,7337,166,1,32.99,0,0,,
12796,7338,94,1,12.99,0,0,,
12797,7338,64,1,10.99,0,0,,
12798,7339,125,1,11.99,0,0,,
12799,7339,196,1,39.99,0,0,,
12800,7340,114,1,27.99,10,0,,
12801,7341,79,1,54.99,0,0,,
12802,7341,228,1,54.99,0,0,,
12803,7341,33,1,34.99,0,0,,
12804,7342,139,1,34.99,0,0,,
12805,7343,159,1,29.99,0,0,,
12806,7344,98,1,8.49,0,0,,
12807,7345,117,1,6.99,0,0,,
12808,7345,41,1,22.99,0,0,,
12809,7345,105,1,37.99,0,0,,
12810,7346,88,1,34.99,0,0,,
12811,7347,59,1,10.99,0,0,,
12812,7347,194,3,11.49,0,0,,
12813,7347,162,1,15.99,0,0,,
12814,7348,70,1,14.49,0,0,,
12815,7349,144,1,69.99,15,0,,
12816,7349,153,1,16.49,15,0,,
12817,7350,165,2,13.99,0,0,,
12818,7350,99,1,29.99,0,0,,
12819,7351,105,1,37.99,0,0,,
12820,7352,232,1,49.99,15,0,,
12821,7352,31,1,29.99,15,0,,
12822,7353,21,1,24.99,0,0,,
12823,7353,148,1,29.99,0,0,,
12824,7354,55,1,44.99,10,0,,
12825,7355,120,1,89.99,0,0,,
12826,7355,170,1,32.99,0,0,,
12827,7356,9,1,24.99,0,0,,
12828,7357,213,1,99.99,0,0,,
12829,7357,98,3,8.49,0,0,,
12830,7358,138,1,64.99,0,0,,
12831,7358,110,1,18.99,0,0,,
12832,7359,82,1,10.49,10,0,,
12833,7359,72,1,24.99,10,0,,
12834,7360,95,1,29.99,25,0,,
12835,7361,120,1,89.99,0,0,,
12836,7361,43,1,18.99,0,0,,
12837,7362,98,1,8.49,0,0,,
12838,7363,130,1,14.99,0,0,,
12839,7364,82,1,10.49,10,0,,
12840,7365,143,1,19.99,0,0,,
12841,7365,130,1,14.99,0,0,,
12842,7366,85,1,24.99,0,0,,
12843,7366,138,1,64.99,0,0,,
12844,7366,24,2,32.99,0,0,,
12845,7367,158,1,29.99,0,0,,
12846,7368,59,1,10.99,0,0,,
12847,7368,194,1,11.49,0,0,,
12848,7369,231,1,27.99,0,0,,
12849,7370,130,1,14.99,0,0,,
12850,7370,165,1,13.99,0,0,,
12851,7371,23,1,37.99,0,0,,
12852,7371,205,1,19.99,0,0,,
12853,7372,234,1,16.99,0,0,,
12854,7372,148,1,29.99,0,0,,
12855,7372,165,1,13.99,0,0,,
12856,7373,141,1,24.99,0,0,,
12857,7373,84,1,29.99,0,0,,
12858,7374,135,1,27.99,0,0,,
12859,7375,195,1,12.99,0,0,,
12860,7376,98,1,8.49,0,0,,
12861,7377,11,1,54.99,0,1,,2026-02-27
12862,7377,231,1,27.99,0,0,,
12863,7378,82,1,10.49,0,0,,
12864,7378,98,2,8.49,0,0,,
12865,7378,94,1,12.99,0,0,,
12866,7378,51,1,27.99,0,0,,
12867,7378,223,1,15.49,0,0,,
12868,7379,117,1,6.99,0,0,,
12869,7380,148,1,29.99,0,0,,
12870,7381,214,1,15.99,10,0,,
12871,7381,180,1,16.49,10,0,,
12872,7382,111,1,18.99,0,0,,
12873,7383,167,1,47.99,0,1,not_as_described,2026-02-27
12874,7384,1,1,19.99,10,0,,
12875,7385,95,1,29.99,25,1,not_as_described,2026-02-28
12876,7386,215,1,19.99,0,0,,
12877,7387,59,1,10.99,0,0,,
12878,7387,102,1,59.99,0,0,,
12879,7388,165,1,13.99,0,0,,
12880,7389,24,1,32.99,0,0,,
12881,7390,44,1,74.99,0,0,,
12882,7390,59,1,10.99,0,0,,
12883,7391,228,1,54.99,0,0,,
12884,7392,111,1,18.99,0,0,,
12885,7393,98,1,8.49,0,0,,
12886,7393,187,1,649.99,0,1,defective,2026-02-28
12887,7394,33,1,34.99,0,0,,
12888,7394,18,1,39.99,0,0,,
12889,7394,117,1,6.99,0,0,,
12890,7394,203,1,499.99,0,0,,
12891,7395,130,1,14.99,0,0,,
12892,7395,88,1,34.99,0,0,,
12893,7395,214,1,15.99,0,0,,
12894,7396,21,1,24.99,0,0,,
12895,7396,108,1,89.99,0,0,,
12896,7397,215,1,19.99,15,0,,
12897,7397,138,1,64.99,15,1,arrived_late,2026-02-27
12898,7397,31,1,29.99,15,0,,
12899,7398,145,3,14.99,0,0,,
12900,7398,134,1,12.99,0,0,,
12901,7399,114,1,27.99,0,0,,
12902,7400,83,1,27.99,10,0,,
12903,7400,158,1,29.99,10,0,,
12904,7401,107,1,9.99,0,1,not_as_described,2026-03-03
12905,7402,31,1,29.99,0,0,,
12906,7403,232,1,49.99,0,0,,
12907,7403,96,1,37.99,0,0,,
12908,7404,79,1,54.99,0,0,,
12909,7405,222,1,109.99,0,1,size_too_small,2026-03-03
12910,7406,150,1,15.99,0,0,,
12911,7407,163,1,34.99,10,0,,
12912,7407,94,2,12.99,10,0,,
12913,7407,73,1,49.99,10,0,,
12914,7407,96,1,37.99,10,0,,
12915,7408,41,1,22.99,0,0,,
12916,7409,24,1,32.99,15,0,,
12917,7409,91,1,44.99,15,0,,
12918,7410,236,1,49.99,15,0,,
12919,7411,162,1,15.99,10,1,defective,2026-03-09
12920,7411,111,1,18.99,10,0,,
12921,7412,57,1,22.99,0,0,,
12922,7413,148,1,29.99,0,0,,
12923,7413,113,1,42.99,0,0,,
12924,7413,11,1,54.99,0,0,,
12925,7413,129,1,29.99,0,1,size_too_large,2026-03-06
12926,7413,167,1,47.99,0,0,,
12927,7413,144,1,69.99,0,0,,
12928,7414,88,1,34.99,10,0,,
12929,7414,210,3,24.99,10,0,,
12930,7414,138,1,64.99,10,0,,
12931,7415,48,1,89.99,0,0,,
12932,7416,159,1,29.99,10,0,,
12933,7417,13,1,89.99,10,0,,
12934,7417,162,1,15.99,10,0,,
12935,7417,113,1,42.99,10,0,,
12936,7418,220,2,29.99,0,0,,
12937,7418,88,1,34.99,0,0,,
12938,7418,230,1,229.99,0,0,,
12939,7418,98,2,8.49,0,0,,
12940,7419,195,1,13.99,0,1,size_too_small,2026-03-03
12941,7419,75,1,44.99,0,0,,
12942,7420,33,1,34.99,0,0,,
12943,7420,51,1,27.99,0,0,,
12944,7421,24,1,32.99,0,0,,
12945,7421,95,1,29.99,0,0,,
12946,7421,4,1,14.99,0,0,,
12947,7422,82,1,10.49,0,0,,
12948,7423,223,1,15.49,0,0,,
12949,7423,229,1,11.99,0,0,,
12950,7424,36,1,12.99,0,0,,
12951,7425,212,1,39.99,0,0,,
12952,7426,141,1,24.99,0,0,,
12953,7426,108,1,89.99,0,0,,
12954,7427,94,1,12.99,0,0,,
12955,7428,176,1,949.99,0,0,,
12956,7428,141,1,24.99,0,0,,
12957,7429,222,1,109.99,15,0,,
12958,7430,98,1,8.49,0,0,,
12959,7430,192,1,24.99,0,0,,
12960,7430,51,1,27.99,0,0,,
12961,7431,37,1,179.99,0,0,,
12962,7432,104,1,59.99,0,0,,
12963,7433,234,1,16.99,0,0,,
12964,7433,55,1,44.99,0,0,,
12965,7434,111,1,18.99,0,0,,
12966,7435,62,1,29.99,0,0,,
12967,7436,8,1,13.99,0,0,,
12968,7437,102,1,59.99,0,1,size_too_large,2026-03-13
12969,7438,70,1,14.49,0,1,defective,2026-03-07
12970,7439,13,1,89.99,0,0,,
12971,7439,95,1,29.99,0,0,,
12972,7440,95,1,29.99,0,0,,
12973,7441,192,1,24.99,0,0,,
12974,7442,214,1,15.99,0,0,,
12975,7442,234,1,16.99,0,0,,
12976,7442,51,1,27.99,0,0,,
12977,7443,62,2,29.99,0,0,,
12978,7444,219,1,42.99,10,0,,
12979,7444,59,1,10.99,10,0,,
12980,7444,64,1,10.99,20,1,wrong_item,2026-03-08
12981,7445,97,1,47.99,0,0,,
12982,7446,196,1,39.99,10,0,,
12983,7446,190,1,10.99,10,0,,
12984,7446,36,1,12.99,10,0,,
12985,7447,86,1,8.99,10,0,,
12986,7447,156,1,29.99,10,1,not_as_described,2026-03-05
12987,7447,162,1,15.99,10,0,,
12988,7447,27,1,29.99,10,0,,
12989,7447,119,1,34.99,10,0,,
12990,7448,196,1,39.99,0,0,,
12991,7449,98,1,8.49,0,0,,
12992,7450,121,2,29.99,0,0,,
12993,7451,121,1,29.99,0,0,,
12994,7452,92,1,24.99,0,0,,
12995,7453,229,1,11.99,10,0,,
12996,7454,120,1,89.99,10,0,,
12997,7454,166,1,32.99,10,0,,
12998,7455,12,1,13.49,0,0,,
12999,7456,111,1,18.99,10,0,,
13000,7456,55,1,44.99,20,0,,
13001,7457,43,1,18.99,0,0,,
13002,7458,94,3,12.99,15,0,,
13003,7459,144,1,69.99,0,0,,
13004,7459,110,1,18.99,0,0,,
13005,7460,41,1,22.99,0,1,defective,2026-03-21
13006,7461,232,1,49.99,0,1,defective,2026-03-18
13007,7461,17,1,11.99,0,0,,
13008,7462,158,1,29.99,0,0,,
13009,7463,205,1,19.99,0,0,,
13010,7464,143,1,19.99,0,0,,
13011,7465,111,1,18.99,0,0,,
13012,7465,121,1,29.99,0,0,,
13013,7465,82,1,10.49,0,0,,
13014,7466,5,1,49.99,10,0,,
13015,7466,134,1,12.99,10,0,,
13016,7466,173,1,99.99,10,0,,
13017,7466,58,1,16.99,10,0,,
13018,7467,27,1,29.99,10,0,,
13019,7467,127,1,74.99,10,0,,
13020,7468,33,1,34.99,0,0,,
13021,7469,85,1,24.99,0,0,,
13022,7469,234,1,16.99,0,0,,
13023,7470,41,1,22.99,10,0,,
13024,7471,194,1,11.49,10,0,,
13025,7472,58,1,16.99,0,0,,
13026,7472,226,1,59.99,0,0,,
13027,7473,145,1,14.99,0,0,,
13028,7474,82,1,10.49,10,0,,
13029,7475,59,1,10.99,0,0,,
13030,7476,41,1,22.99,0,0,,
13031,7476,88,1,34.99,0,0,,
13032,7476,33,1,34.99,0,0,,
13033,7477,37,1,179.99,0,0,,
13034,7477,236,1,49.99,0,0,,
13035,7478,95,1,29.99,0,0,,
13036,7478,230,1,229.99,0,0,,
13037,7478,24,1,32.99,0,0,,
13038,7479,41,1,22.99,0,0,,
13039,7479,166,1,32.99,0,0,,
13040,7480,150,1,15.99,0,0,,
13041,7480,196,1,39.99,0,0,,
13042,7481,138,1,64.99,0,0,,
13043,7482,130,1,14.99,0,1,changed_mind,2026-03-07
13044,7482,64,1,10.99,20,0,,
13045,7483,228,1,54.99,0,1,size_too_large,2026-03-10
13046,7483,169,1,39.99,0,0,,
13047,7484,39,1,39.99,0,1,defective,2026-03-09
13048,7484,129,1,29.99,0,0,,
13049,7485,220,1,29.99,0,0,,
13050,7486,4,1,14.99,0,0,,
13051,7487,232,1,49.99,0,0,,
13052,7487,217,1,47.99,0,0,,
13053,7488,111,1,18.99,0,0,,
13054,7489,39,1,39.99,0,0,,
13055,7489,153,1,16.49,0,0,,
13056,7490,175,1,15.99,0,0,,
13057,7490,41,1,22.99,0,0,,
13058,7490,72,1,24.99,0,0,,
13059,7490,223,1,15.49,0,0,,
13060,7490,86,1,8.99,0,0,,
13061,7491,177,1,64.99,0,1,changed_mind,2026-03-19
13062,7491,109,1,44.99,0,1,size_too_small,2026-03-10
13063,7491,102,1,59.99,0,0,,
13064,7492,205,1,19.99,15,0,,
13065,7492,174,1,24.99,15,0,,
13066,7492,132,1,12.49,15,0,,
13067,7493,79,1,54.99,0,1,changed_mind,2026-03-07
13068,7494,64,1,10.99,20,0,,
13069,7495,24,1,32.99,10,0,,
13070,7495,95,1,29.99,10,0,,
13071,7496,125,1,11.99,0,0,,
13072,7497,162,1,15.99,0,0,,
13073,7498,9,1,24.99,0,0,,
13074,7498,16,1,69.99,0,0,,
13075,7499,52,1,16.49,10,0,,
13076,7499,16,1,69.99,10,0,,
13077,7500,116,1,34.99,0,0,,
13078,7501,48,2,89.99,20,0,,
13079,7501,21,1,24.99,0,0,,
13080,7501,85,1,24.99,0,0,,
13081,7502,121,1,29.99,0,0,,
13082,7503,112,1,47.99,0,1,changed_mind,2026-03-09
13083,7503,159,1,29.99,0,0,,
13084,7503,141,1,24.99,0,0,,
13085,7504,33,1,34.99,0,0,,
13086,7504,56,1,19.99,0,0,,
13087,7504,236,1,49.99,0,0,,
13088,7505,229,2,11.99,0,0,,
13089,7505,95,1,29.99,0,1,defective,2026-03-18
13090,7505,146,2,21.99,0,0,,
13091,7506,168,1,32.99,0,0,,
13092,7506,232,1,49.99,0,1,wrong_item,2026-03-09
13093,7506,43,1,18.99,0,0,,
13094,7506,53,1,84.99,0,1,size_too_large,2026-03-18
13095,7507,146,1,21.99,0,0,,
13096,7508,232,1,49.99,0,0,,
13097,7509,195,1,13.99,0,0,,
13098,7510,169,1,39.99,10,0,,
13099,7510,214,1,15.99,10,0,,
13100,7510,7,1,139.99,10,0,,
13101,7510,85,1,24.99,10,0,,
13102,7510,55,1,44.99,20,0,,
13103,7511,64,1,10.99,20,0,,
13104,7512,165,1,13.99,20,0,,
13105,7513,231,1,27.99,0,0,,
13106,7514,43,1,18.99,0,0,,
13107,7514,228,1,54.99,0,0,,
13108,7515,171,1,32.99,0,1,not_as_described,2026-03-17
13109,7516,11,1,54.99,0,0,,
13110,7516,148,1,29.99,0,0,,
13111,7517,36,2,12.99,0,0,,
13112,7517,135,1,27.99,20,0,,
13113,7518,59,1,10.99,10,0,,
13114,7518,227,1,14.99,15,0,,
13115,7519,109,2,44.99,0,1,size_too_large,2026-03-15
13116,7519,27,1,29.99,0,0,,
13117,7520,158,1,29.99,0,0,,
13118,7521,167,1,47.99,0,0,,
13119,7521,116,1,34.99,0,0,,
13120,7522,33,1,34.99,0,1,defective,2026-03-20
13121,7523,214,1,15.99,0,1,defective,2026-03-25
13122,7524,98,1,8.49,0,0,,
13123,7524,167,1,47.99,0,0,,
13124,7525,98,1,8.49,10,0,,
13125,7526,39,1,39.99,0,0,,
13126,7527,93,1,13.99,20,0,,
13127,7527,90,1,39.99,0,0,,
13128,7528,93,2,13.99,20,0,,
13129,7529,95,1,29.99,0,0,,
13130,7529,93,1,13.99,20,0,,
13131,7529,70,1,14.49,20,0,,
13132,7530,80,1,69.99,15,1,size_too_small,2026-03-18
13133,7530,134,1,12.99,0,0,,
13134,7531,229,1,11.99,0,0,,
13135,7531,111,1,18.99,0,0,,
13136,7531,137,1,89.99,0,0,,
13137,7532,94,1,12.99,15,0,,
13138,7533,165,1,13.99,20,0,,
13139,7534,1,1,19.99,0,1,changed_mind,2026-03-21
13140,7535,120,1,89.99,0,0,,
13141,7535,111,1,18.99,0,0,,
13142,7535,93,1,13.99,20,0,,
13143,7535,39,1,39.99,0,0,,
13144,7535,129,1,29.99,0,0,,
13145,7536,102,1,59.99,0,1,,2026-03-15
13146,7537,119,1,34.99,0,0,,
13147,7538,47,1,84.99,0,0,,
13148,7538,39,1,39.99,0,0,,
13149,7538,180,1,16.49,0,0,,
13150,7539,165,2,13.99,20,0,,
13151,7539,64,1,10.99,20,0,,
13152,7539,148,1,29.99,0,0,,
13153,7540,41,1,22.99,0,0,,
13154,7541,113,1,42.99,0,0,,
13155,7541,109,1,44.99,0,1,size_too_small,2026-03-22
13156,7542,73,2,49.99,0,1,changed_mind,2026-03-18
13157,7543,58,1,16.99,10,0,,
13158,7543,168,1,32.99,10,0,,
13159,7543,107,1,9.99,10,1,defective,2026-03-22
13160,7544,101,1,39.99,10,0,,
13161,7544,52,1,16.49,10,0,,
13162,7545,199,1,89.99,0,0,,
13163,7545,67,1,34.99,0,0,,
13164,7546,226,1,59.99,0,0,,
13165,7547,121,1,29.99,0,0,,
13166,7548,98,1,8.49,0,0,,
13167,7548,110,1,18.99,0,0,,
13168,7549,232,1,49.99,10,0,,
13169,7550,169,1,39.99,10,0,,
13170,7551,162,1,15.99,0,0,,
13171,7551,111,1,18.99,0,0,,
13172,7551,232,1,49.99,0,0,,
13173,7551,123,1,54.99,0,0,,
13174,7551,98,3,8.49,0,0,,
13175,7552,85,1,24.99,0,0,,
13176,7553,64,1,10.99,20,0,,
13177,7554,160,1,149.99,0,0,,
13178,7554,145,1,14.99,0,0,,
13179,7555,26,1,16.49,0,0,,
13180,7555,191,1,27.99,0,0,,
13181,7556,138,1,64.99,0,0,,
13182,7556,20,1,32.99,0,1,changed_mind,2026-03-18
13183,7556,91,1,44.99,0,0,,
13184,7557,143,1,19.99,50,0,,
13185,7558,111,1,18.99,0,0,,
13186,7559,43,1,18.99,0,0,,
13187,7560,108,1,89.99,0,0,,
13188,7561,59,1,10.99,0,0,,
13189,7562,215,1,19.99,0,0,,
13190,7562,158,1,29.99,0,0,,
13191,7563,165,1,13.99,0,0,,
13192,7564,104,2,59.99,0,0,,
13193,7565,11,3,54.99,0,1,size_too_small,2026-03-18
13194,7566,135,1,27.99,0,0,,
13195,7567,217,1,47.99,0,0,,
13196,7568,113,1,42.99,0,1,,2026-03-20
13197,7568,232,1,49.99,15,0,,
13198,7569,211,1,37.99,0,0,,
13199,7569,121,1,29.99,0,0,,
13200,7569,162,1,15.99,0,0,,
13201,7570,24,1,32.99,10,0,,
13202,7570,33,1,34.99,10,0,,
13203,7571,4,3,14.99,0,0,,
13204,7571,73,2,49.99,0,1,changed_mind,2026-03-16
13205,7571,79,1,54.99,0,1,changed_mind,2026-03-18
13206,7572,73,1,49.99,10,0,,
13207,7573,109,1,44.99,20,0,,
13208,7573,153,1,16.49,0,0,,
13209,7574,170,1,32.99,0,0,,
13210,7574,135,1,27.99,0,0,,
13211,7575,33,1,34.99,0,1,defective,2026-04-29
13212,7576,93,1,13.99,0,0,,
13213,7576,138,1,64.99,0,0,,
13214,7576,167,1,47.99,0,0,,
13215,7577,174,2,24.99,0,0,,
13216,7577,125,1,11.99,0,0,,
13217,7578,161,1,74.99,0,0,,
13218,7579,94,1,12.99,0,0,,
13219,7580,84,2,29.99,0,0,,
13220,7581,7,1,139.99,0,0,,
13221,7582,70,1,14.49,10,0,,
13222,7582,93,1,13.99,10,0,,
13223,7582,22,1,109.99,10,0,,
13224,7583,221,1,49.99,0,0,,
13225,7583,17,1,11.99,0,0,,
13226,7584,141,1,24.99,0,0,,
13227,7585,64,1,10.99,0,0,,
13228,7586,63,3,94.99,0,0,,
13229,7587,20,1,32.99,0,0,,
13230,7587,17,1,11.99,0,0,,
13231,7587,153,1,16.49,0,0,,
13232,7588,236,1,49.99,0,0,,
13233,7589,237,1,249.99,0,0,,
13234,7590,88,1,34.99,10,0,,
13235,7591,214,1,15.99,0,0,,
13236,7591,230,1,229.99,0,0,,
13237,7591,62,1,29.99,0,0,,
13238,7592,24,1,32.99,0,0,,
13239,7592,95,1,29.99,0,1,not_as_described,2026-03-19
13240,7593,96,1,37.99,0,0,,
13241,7593,229,1,11.99,0,0,,
13242,7594,44,1,74.99,0,0,,
13243,7594,229,2,11.99,0,1,not_as_described,2026-03-19
13244,7595,25,1,22.99,0,0,,
13245,7596,192,1,24.99,0,0,,
13246,7596,165,1,13.99,0,0,,
13247,7596,59,1,10.99,0,0,,
13248,7596,194,2,11.49,0,0,,
13249,7597,134,2,12.99,10,0,,
13250,7597,175,1,15.99,10,0,,
13251,7598,26,1,16.49,0,0,,
13252,7599,165,1,13.99,0,0,,
13253,7600,229,1,11.99,0,0,,
13254,7601,51,1,27.99,0,0,,
13255,7601,54,2,129.99,0,0,,
13256,7601,119,1,34.99,0,0,,
13257,7601,125,1,11.99,0,0,,
13258,7601,96,1,37.99,0,0,,
13259,7601,39,1,39.99,0,0,,
13260,7602,41,1,22.99,0,0,,
13261,7602,112,1,47.99,0,0,,
13262,7603,95,1,29.99,0,0,,
13263,7604,212,1,39.99,10,0,,
13264,7605,98,2,8.49,10,0,,
13265,7606,134,1,12.99,0,0,,
13266,7607,177,1,64.99,0,0,,
13267,7608,233,1,39.99,0,0,,
13268,7609,232,1,49.99,15,1,changed_mind,2026-03-23
13269,7610,195,1,13.99,0,0,,
13270,7610,228,1,54.99,0,0,,
13271,7610,64,1,10.99,0,0,,
13272,7611,232,1,49.99,15,0,,
13273,7611,59,1,10.99,0,1,wrong_item,2026-03-19
13274,7611,41,1,22.99,0,0,,
13275,7612,28,1,34.99,15,0,,
13276,7613,98,1,8.49,10,0,,
13277,7613,151,1,29.99,10,0,,
13278,7614,236,1,49.99,10,0,,
13279,7614,79,1,54.99,10,0,,
13280,7615,119,1,34.99,0,0,,
13281,7616,148,1,29.99,0,0,,
13282,7616,23,1,37.99,0,0,,
13283,7616,117,1,6.99,0,0,,
13284,7617,231,1,27.99,0,0,,
13285,7617,163,1,34.99,0,0,,
13286,7617,167,1,47.99,0,0,,
13287,7618,214,1,15.99,0,0,,
13288,7618,141,1,24.99,0,0,,
13289,7619,116,1,34.99,0,0,,
13290,7619,82,1,10.49,0,0,,
13291,7619,78,1,12.49,0,0,,
13292,7620,232,1,49.99,15,0,,
13293,7621,143,1,19.99,50,0,,
13294,7621,130,1,14.99,0,0,,
13295,7622,134,1,12.99,15,0,,
13296,7622,100,1,79.99,15,0,,
13297,7622,50,1,24.99,15,0,,
13298,7623,85,1,24.99,10,1,changed_mind,2026-03-25
13299,7624,232,1,49.99,15,0,,
13300,7624,97,1,47.99,0,0,,
13301,7625,125,1,11.99,0,0,,
13302,7625,156,1,29.99,0,0,,
13303,7626,170,1,32.99,0,0,,
13304,7626,107,1,9.99,0,0,,
13305,7627,156,1,29.99,15,0,,
13306,7628,97,1,47.99,0,0,,
13307,7629,162,1,15.99,0,0,,
13308,7629,93,1,13.99,0,0,,
13309,7630,118,1,159.99,0,0,,
13310,7631,41,1,22.99,10,0,,
13311,7632,59,1,10.99,0,0,,
13312,7632,215,1,19.99,0,0,,
13313,7633,43,1,18.99,0,0,,
13314,7634,87,1,89.99,0,0,,
13315,7635,41,1,22.99,0,0,,
13316,7636,163,1,34.99,0,0,,
13317,7637,192,3,24.99,0,0,,
13318,7638,86,1,8.99,0,0,,
13319,7639,5,1,49.99,10,0,,
13320,7639,108,1,89.99,10,0,,
13321,7640,36,1,12.99,0,0,,
13322,7641,117,1,6.99,0,0,,
13323,7641,74,1,17.49,0,0,,
13324,7642,59,1,10.99,0,0,,
13325,7643,194,1,11.49,0,0,,
13326,7643,226,1,59.99,0,0,,
13327,7644,83,1,27.99,0,0,,
13328,7644,158,1,29.99,0,0,,
13329,7644,143,1,19.99,50,0,,
13330,7644,130,1,14.99,0,0,,
13331,7645,98,1,8.49,10,0,,
13332,7645,122,1,34.99,10,0,,
13333,7645,145,1,14.99,10,0,,
13334,7646,211,1,37.99,10,0,,
13335,7647,158,1,29.99,0,0,,
13336,7648,18,1,39.99,0,0,,
13337,7649,58,3,16.99,0,0,,
13338,7649,189,1,34.99,0,0,,
13339,7650,229,1,11.99,0,0,,
13340,7650,31,1,29.99,15,1,changed_mind,2026-03-25
13341,7651,12,1,13.49,0,0,,
13342,7651,231,1,27.99,0,0,,
13343,7651,223,1,15.49,0,0,,
13344,7651,159,1,29.99,0,0,,
13345,7652,48,1,89.99,0,0,,
13346,7653,45,1,32.99,0,0,,
13347,7653,80,1,69.99,0,0,,
13348,7653,82,1,10.49,0,0,,
13349,7654,33,1,34.99,10,0,,
13350,7655,171,1,32.99,0,0,,
13351,7656,165,3,13.99,0,0,,
13352,7656,111,1,18.99,0,0,,
13353,7657,23,2,37.99,10,0,,
13354,7658,106,1,259.99,0,0,,
13355,7659,153,1,16.49,0,0,,
13356,7660,234,1,16.99,0,0,,
13357,7661,5,1,49.99,10,0,,
13358,7662,111,1,18.99,0,0,,
13359,7663,145,1,14.99,0,0,,
13360,7663,228,1,54.99,0,0,,
13361,7664,17,1,11.99,0,0,,
13362,7664,120,1,89.99,0,1,size_too_small,2026-03-26
13363,7665,20,1,32.99,0,0,,
13364,7665,18,1,39.99,0,0,,
13365,7666,126,1,59.99,0,0,,
13366,7666,119,2,34.99,0,0,,
13367,7666,185,2,109.99,0,0,,
13368,7666,162,1,15.99,0,0,,
13369,7667,214,1,15.99,0,0,,
13370,7668,171,3,32.99,0,0,,
13371,7668,168,1,32.99,0,0,,
13372,7669,41,1,22.99,0,0,,
13373,7670,17,2,11.99,0,0,,
13374,7670,102,1,59.99,0,1,arrived_late,2026-03-26
13375,7670,111,1,18.99,0,0,,
13376,7671,130,1,14.99,0,0,,
13377,7672,148,1,29.99,0,0,,
13378,7673,151,2,29.99,10,0,,
13379,7673,141,1,24.99,20,0,,
13380,7673,41,1,22.99,10,0,,
13381,7674,167,1,47.99,15,0,,
13382,7674,39,1,39.99,15,1,,2026-03-24
13383,7675,179,1,49.99,25,0,,
13384,7676,111,1,18.99,0,0,,
13385,7677,58,1,16.99,0,0,,
13386,7678,206,1,19.99,10,0,,
13387,7679,82,1,10.49,0,0,,
13388,7679,231,2,27.99,0,0,,
13389,7679,130,1,14.99,0,0,,
13390,7680,229,1,11.99,0,0,,
13391,7681,95,1,29.99,0,0,,
13392,7681,62,1,29.99,0,0,,
13393,7682,25,1,22.99,0,0,,
13394,7683,64,1,10.99,0,0,,
13395,7683,4,1,14.99,0,0,,
13396,7683,158,1,29.99,0,0,,
13397,7683,39,1,39.99,0,1,not_as_described,2026-03-26
13398,7683,205,1,19.99,0,0,,
13399,7683,111,1,18.99,0,0,,
13400,7684,212,1,39.99,10,1,not_as_described,2026-03-24
13401,7685,189,1,34.99,0,0,,
13402,7686,121,1,29.99,10,0,,
13403,7687,141,1,24.99,20,0,,
13404,7688,230,1,229.99,0,0,,
13405,7689,213,1,99.99,0,0,,
13406,7689,175,1,15.99,0,0,,
13407,7690,223,1,15.49,0,0,,
13408,7690,64,1,10.99,0,0,,
13409,7690,232,1,49.99,0,0,,
13410,7691,200,1,32.99,10,0,,
13411,7691,153,1,16.49,10,0,,
13412,7692,220,1,29.99,0,0,,
13413,7692,62,1,29.99,0,0,,
13414,7692,111,1,18.99,0,0,,
13415,7692,229,2,11.99,0,0,,
13416,7692,234,1,16.99,0,0,,
13417,7693,223,1,15.49,0,0,,
13418,7694,118,1,159.99,10,0,,
13419,7695,98,2,8.49,10,0,,
13420,7695,110,1,18.99,10,0,,
13421,7696,108,1,89.99,0,0,,
13422,7696,169,1,39.99,0,0,,
13423,7697,59,1,10.99,0,0,,
13424,7698,96,1,37.99,0,0,,
13425,7698,89,1,29.99,0,1,wrong_item,2026-03-28
13426,7699,143,2,19.99,50,0,,
13427,7700,17,1,11.99,0,0,,
13428,7700,152,1,22.99,0,0,,
13429,7701,167,1,47.99,10,0,,
13430,7701,17,1,11.99,10,0,,
13431,7702,1,1,19.99,0,0,,
13432,7703,72,1,24.99,0,0,,
13433,7704,25,1,22.99,0,1,changed_mind,2026-04-07
13434,7705,96,1,37.99,0,0,,
13435,7705,117,1,6.99,0,0,,
13436,7706,231,1,27.99,0,1,wrong_item,2026-03-26
13437,7707,145,1,14.99,0,0,,
13438,7707,228,2,54.99,0,1,size_too_small,2026-04-08
13439,7708,145,1,14.99,10,0,,
13440,7709,72,1,24.99,0,0,,
13441,7709,152,1,22.99,0,0,,
13442,7710,80,1,69.99,0,0,,
13443,7710,141,1,24.99,20,0,,
13444,7711,58,1,16.99,0,0,,
13445,7712,82,1,10.49,0,0,,
13446,7712,158,1,29.99,0,0,,
13447,7712,59,1,10.99,0,0,,
13448,7713,214,1,15.99,0,0,,
13449,7713,150,1,15.99,0,0,,
13450,7714,113,1,42.99,0,1,not_as_described,2026-04-01
13451,7714,125,1,11.99,0,0,,
13452,7715,226,1,59.99,0,0,,
13453,7715,133,3,14.99,0,0,,
13454,7716,145,1,14.99,0,0,,
13455,7717,94,1,12.99,10,0,,
13456,7718,70,1,14.49,0,0,,
13457,7719,52,1,16.49,0,0,,
13458,7720,62,1,29.99,10,0,,
13459,7720,133,3,14.99,10,0,,
13460,7721,58,1,16.99,0,0,,
13461,7722,36,1,12.99,10,0,,
13462,7723,214,1,15.99,0,0,,
13463,7723,99,1,29.99,0,0,,
13464,7724,101,1,39.99,0,1,size_too_small,2026-03-25
13465,7725,130,1,14.99,0,0,,
13466,7725,57,1,22.99,0,0,,
13467,7726,166,1,32.99,0,0,,
13468,7727,205,1,19.99,0,0,,
13469,7728,41,1,22.99,0,0,,
13470,7729,17,2,11.99,0,0,,
13471,7730,102,1,59.99,0,1,size_too_small,2026-04-05
13472,7731,185,1,109.99,0,1,size_too_small,2026-04-04
13473,7731,175,1,15.99,0,1,size_too_small,2026-04-04
13474,7732,31,1,29.99,15,0,,
13475,7733,123,1,54.99,0,0,,
13476,7734,146,1,21.99,0,0,,
13477,7735,210,1,24.99,0,0,,
13478,7735,229,1,11.99,0,0,,
13479,7735,41,1,22.99,0,0,,
13480,7736,132,1,12.49,0,0,,
13481,7736,148,1,29.99,0,0,,
13482,7736,70,1,14.49,0,0,,
13483,7737,94,1,12.99,0,0,,
13484,7737,231,1,27.99,0,0,,
13485,7737,134,1,12.99,0,0,,
13486,7738,175,1,15.99,10,0,,
13487,7739,50,1,24.99,0,0,,
13488,7740,5,1,49.99,0,0,,
13489,7740,111,1,18.99,0,0,,
13490,7740,55,1,44.99,0,0,,
13491,7740,77,1,54.99,0,0,,
13492,7740,191,1,27.99,0,0,,
13493,7741,111,1,18.99,0,0,,
13494,7741,121,1,29.99,0,0,,
13495,7742,130,1,14.99,0,0,,
13496,7743,129,1,29.99,0,1,size_too_large,2026-03-27
13497,7744,59,1,10.99,0,0,,
13498,7745,52,1,16.49,15,0,,
13499,7745,236,1,49.99,15,0,,
13500,7746,172,1,159.99,10,0,,
13501,7746,43,1,18.99,10,1,not_as_described,2026-04-04
13502,7747,58,1,16.99,10,0,,
13503,7747,78,1,12.49,10,0,,
13504,7748,82,1,10.49,0,1,wrong_item,2026-03-30
13505,7749,129,1,29.99,0,0,,
13506,7750,139,1,34.99,0,0,,
13507,7750,117,1,6.99,0,0,,
13508,7751,194,2,11.49,0,0,,
13509,7752,158,1,29.99,15,0,,
13510,7752,129,1,29.99,15,1,changed_mind,2026-03-28
13511,7753,234,1,16.99,10,0,,
13512,7753,33,1,34.99,10,0,,
13513,7754,104,1,59.99,0,0,,
13514,7755,27,1,29.99,0,0,,
13515,7756,141,1,24.99,0,0,,
13516,7756,33,1,34.99,0,1,changed_mind,2026-04-06
13517,7756,169,1,39.99,0,0,,
13518,7757,126,1,59.99,0,1,changed_mind,2026-03-29
13519,7758,231,1,27.99,10,0,,
13520,7758,66,1,69.99,10,1,changed_mind,2026-03-28
13521,7759,148,1,29.99,10,0,,
13522,7759,4,2,14.99,10,0,,
13523,7760,122,1,34.99,10,0,,
13524,7761,148,1,29.99,10,1,size_too_small,2026-03-28
13525,7761,129,1,29.99,10,1,changed_mind,2026-03-29
13526,7761,142,1,49.99,10,0,,
13527,7762,23,1,37.99,10,0,,
13528,7763,100,1,79.99,0,0,,
13529,7764,51,1,27.99,0,0,,
13530,7765,90,1,39.99,0,0,,
13531,7765,148,1,29.99,0,1,size_too_small,2026-03-31
13532,7765,120,1,89.99,0,0,,
13533,7766,121,1,29.99,0,0,,
13534,7767,194,1,11.49,0,0,,
13535,7767,84,1,29.99,0,0,,
13536,7768,113,1,42.99,0,0,,
13537,7768,177,1,64.99,0,0,,
13538,7768,102,1,59.99,0,0,,
13539,7769,214,1,15.99,0,0,,
13540,7770,25,1,22.99,10,0,,
13541,7770,228,1,54.99,10,1,changed_mind,2026-03-31
13542,7771,232,1,49.99,0,0,,
13543,7771,231,1,27.99,0,0,,
13544,7772,114,1,27.99,0,0,,
13545,7773,33,1,34.99,0,0,,
13546,7773,39,1,39.99,0,0,,
13547,7774,139,1,34.99,0,0,,
13548,7774,117,2,6.99,0,0,,
13549,7775,17,1,11.99,15,0,,
13550,7776,138,1,64.99,0,0,,
13551,7777,95,1,29.99,0,0,,
13552,7777,70,1,14.49,0,0,,
13553,7777,130,1,14.99,0,0,,
13554,7778,39,1,39.99,0,0,,
13555,7778,98,1,8.49,0,0,,
13556,7779,56,1,19.99,15,0,,
13557,7780,112,1,47.99,10,0,,
13558,7780,82,2,10.49,10,0,,
13559,7781,39,1,39.99,0,0,,
13560,7782,33,1,34.99,0,0,,
13561,7782,158,1,29.99,0,0,,
13562,7782,145,1,14.99,0,0,,
13563,7783,64,1,10.99,0,0,,
13564,7784,102,1,59.99,0,0,,
13565,7785,33,1,34.99,0,0,,
13566,7785,95,1,29.99,0,0,,
13567,7785,125,1,11.99,0,0,,
13568,7786,133,1,14.99,0,0,,
13569,7787,94,3,12.99,0,0,,
13570,7787,204,1,69.99,0,1,changed_mind,2026-04-03
13571,7787,25,1,22.99,0,0,,
13572,7788,9,1,24.99,0,0,,
13573,7788,151,1,29.99,0,0,,
13574,7788,119,1,34.99,0,0,,
13575,7789,82,1,10.49,0,0,,
13576,7789,55,2,44.99,0,0,,
13577,7789,223,1,15.49,0,0,,
13578,7790,168,1,32.99,0,0,,
13579,7790,48,1,89.99,0,0,,
13580,7791,232,1,49.99,0,0,,
13581,7792,155,1,139.99,0,0,,
13582,7792,146,1,21.99,0,0,,
13583,7792,10,1,19.99,0,0,,
13584,7793,148,1,29.99,10,0,,
13585,7794,64,1,10.99,10,0,,
13586,7794,48,2,89.99,10,0,,
13587,7795,88,1,34.99,0,0,,
13588,7796,1,1,19.99,0,0,,
13589,7797,31,1,29.99,0,0,,
13590,7797,146,1,21.99,0,0,,
13591,7798,171,1,32.99,0,0,,
13592,7799,122,1,34.99,0,0,,
13593,7800,105,1,37.99,15,1,defective,2026-04-09
13594,7801,218,1,22.99,0,0,,
13595,7801,223,1,15.49,0,0,,
13596,7801,62,1,29.99,0,0,,
13597,7801,129,1,29.99,0,0,,
13598,7802,86,1,8.99,0,0,,
13599,7802,122,1,34.99,0,0,,
13600,7802,84,1,29.99,0,0,,
13601,7802,167,1,47.99,0,0,,
13602,7803,10,1,19.99,10,0,,
13603,7804,25,1,22.99,0,0,,
13604,7805,134,1,12.99,0,0,,
13605,7806,119,1,34.99,0,1,changed_mind,2026-04-09
13606,7807,93,2,13.99,0,0,,
13607,7807,234,1,16.99,0,0,,
13608,7808,234,1,16.99,0,0,,
13609,7808,95,1,29.99,0,0,,
13610,7809,169,1,39.99,0,0,,
13611,7809,26,1,16.49,0,1,not_as_described,2026-04-02
13612,7810,166,1,32.99,0,0,,
13613,7810,14,1,24.99,0,0,,
13614,7810,80,1,69.99,0,0,,
13615,7811,138,1,64.99,0,0,,
13616,7811,134,1,12.99,0,0,,
13617,7812,24,1,32.99,0,0,,
13618,7812,91,1,44.99,0,1,defective,2026-04-13
13619,7813,70,1,14.49,0,0,,
13620,7814,161,1,74.99,10,0,,
13621,7815,232,1,49.99,0,0,,
13622,7816,163,1,34.99,10,0,,
13623,7817,39,1,39.99,0,1,wrong_item,2026-04-03
13624,7818,175,1,15.99,0,0,,
13625,7819,158,1,29.99,0,0,,
13626,7819,4,1,14.99,0,0,,
13627,7820,88,1,34.99,0,0,,
13628,7821,5,1,49.99,0,0,,
13629,7821,143,1,19.99,50,0,,
13630,7822,167,1,47.99,10,0,,
13631,7822,93,1,13.99,10,0,,
13632,7823,39,1,39.99,0,0,,
13633,7823,97,1,47.99,0,0,,
13634,7824,91,1,44.99,0,0,,
13635,7824,134,1,12.99,0,0,,
13636,7825,59,1,10.99,0,0,,
13637,7826,70,2,14.49,0,0,,
13638,7826,99,1,29.99,0,0,,
13639,7826,215,1,19.99,0,0,,
13640,7826,64,1,10.99,0,0,,
13641,7827,78,1,12.49,0,0,,
13642,7827,111,1,18.99,0,0,,
13643,7828,223,1,15.49,10,0,,
13644,7828,7,1,139.99,10,0,,
13645,7829,59,1,10.99,0,0,,
13646,7829,4,1,14.99,0,0,,
13647,7829,111,1,18.99,0,0,,
13648,7830,93,1,13.99,0,0,,
13649,7831,146,1,21.99,0,0,,
13650,7831,41,1,22.99,0,0,,
13651,7832,99,1,29.99,0,0,,
13652,7833,96,1,37.99,0,0,,
13653,7833,141,1,24.99,0,0,,
13654,7834,44,1,74.99,0,0,,
13655,7835,64,1,10.99,10,0,,
13656,7836,7,1,139.99,0,0,,
13657,7836,102,1,59.99,0,1,size_too_large,2026-04-11
13658,7836,111,1,18.99,0,0,,
13659,7836,51,1,27.99,0,0,,
13660,7836,148,1,29.99,0,0,,
13661,7836,234,1,16.99,0,0,,
13662,7837,45,1,32.99,0,0,,
13663,7838,231,1,27.99,0,0,,
13664,7839,138,1,64.99,0,0,,
13665,7839,17,1,11.99,0,0,,
13666,7840,51,1,27.99,0,1,defective,2026-04-15
13667,7841,82,1,10.49,10,0,,
13668,7842,177,1,64.99,0,0,,
13669,7842,231,1,27.99,0,0,,
13670,7842,74,1,17.49,0,0,,
13671,7843,24,1,32.99,0,0,,
13672,7843,41,1,22.99,0,0,,
13673,7844,86,1,8.99,0,0,,
13674,7845,45,1,32.99,0,0,,
13675,7846,43,1,18.99,10,0,,
13676,7847,210,1,24.99,0,0,,
13677,7848,165,1,13.99,0,0,,
13678,7848,64,1,10.99,0,0,,
13679,7849,23,1,37.99,0,0,,
13680,7849,205,1,19.99,0,0,,
13681,7850,148,1,29.99,0,1,changed_mind,2026-04-06
13682,7851,88,1,34.99,10,0,,
13683,7852,25,1,22.99,0,0,,
13684,7853,70,3,14.49,0,0,,
13685,7853,189,1,34.99,0,0,,
13686,7854,139,1,34.99,0,0,,
13687,7854,117,1,6.99,0,0,,
13688,7854,218,1,22.99,0,1,defective,2026-04-05
13689,7854,158,1,29.99,0,0,,
13690,7855,59,1,10.99,0,0,,
13691,7856,235,1,19.99,0,0,,
13692,7856,84,1,29.99,0,0,,
13693,7857,43,1,18.99,0,0,,
13694,7857,58,1,16.99,0,0,,
13695,7857,228,1,54.99,0,0,,
13696,7858,50,1,24.99,10,0,,
13697,7858,145,1,14.99,10,0,,
13698,7859,98,1,8.49,0,0,,
13699,7860,206,1,19.99,0,0,,
13700,7860,199,1,89.99,0,0,,
13701,7860,122,1,34.99,0,0,,
13702,7861,145,1,14.99,0,0,,
13703,7862,232,1,49.99,0,0,,
13704,7863,148,1,29.99,0,1,,2026-04-06
13705,7864,62,1,29.99,10,0,,
13706,7864,191,1,27.99,10,0,,
13707,7864,174,1,24.99,10,0,,
13708,7864,39,1,39.99,10,0,,
13709,7864,98,1,8.49,10,0,,
13710,7864,85,2,24.99,10,0,,
13711,7865,94,1,12.99,0,0,,
13712,7865,195,2,13.99,0,0,,
13713,7865,135,1,27.99,0,0,,
13714,7865,25,1,22.99,0,0,,
13715,7866,228,1,54.99,0,1,not_as_described,2026-04-08
13716,7867,162,1,15.99,0,0,,
13717,7867,89,2,29.99,0,0,,
13718,7868,238,1,119.99,10,0,,
13719,7869,150,1,15.99,0,0,,
13720,7869,129,1,29.99,0,0,,
13721,7869,82,1,10.49,0,0,,
13722,7870,165,1,13.99,15,0,,
13723,7871,205,1,19.99,0,0,,
13724,7871,130,1,14.99,0,0,,
13725,7872,97,1,47.99,0,0,,
13726,7872,14,1,24.99,0,0,,
13727,7873,240,1,49.99,0,1,changed_mind,2026-04-06
13728,7873,150,1,15.99,0,0,,
13729,7873,159,1,29.99,0,0,,
13730,7874,67,2,34.99,0,0,,
13731,7874,143,1,19.99,50,0,,
13732,7875,151,1,29.99,0,0,,
13733,7876,98,2,8.49,0,0,,
13734,7876,232,1,49.99,0,0,,
13735,7876,8,1,13.99,0,0,,
13736,7877,4,1,14.99,10,0,,
13737,7878,111,1,18.99,0,0,,
13738,7878,176,1,949.99,0,1,not_as_described,2026-04-06
13739,7878,8,1,13.99,0,0,,
13740,7879,232,1,49.99,10,0,,
13741,7879,28,1,34.99,10,0,,
13742,7880,96,1,37.99,0,0,,
13743,7881,134,1,12.99,0,0,,
13744,7881,98,1,8.49,0,0,,
13745,7882,229,1,11.99,0,1,changed_mind,2026-04-07
13746,7882,189,1,34.99,0,0,,
13747,7883,121,1,29.99,10,0,,
13748,7883,114,1,27.99,10,0,,
13749,7884,67,1,34.99,0,0,,
13750,7885,156,1,29.99,10,0,,
13751,7886,134,1,12.99,0,1,wrong_item,2026-05-03
13752,7886,150,1,15.99,0,0,,
13753,7887,70,1,14.49,0,0,,
13754,7887,105,1,37.99,0,1,not_as_described,2026-04-13
13755,7888,166,1,32.99,0,0,,
13756,7888,87,1,89.99,0,0,,
13757,7889,44,1,74.99,0,0,,
13758,7889,79,1,54.99,0,0,,
13759,7890,119,1,34.99,0,0,,
13760,7890,89,1,29.99,0,0,,
13761,7891,221,1,49.99,0,0,,
13762,7891,111,1,18.99,0,0,,
13763,7891,75,1,44.99,0,0,,
13764,7892,98,1,8.49,0,0,,
13765,7893,134,2,12.99,0,0,,
13766,7894,111,1,18.99,0,0,,
13767,7895,36,1,12.99,0,0,,
13768,7896,156,1,29.99,0,0,,
13769,7896,97,1,47.99,0,0,,
13770,7897,143,1,19.99,50,0,,
13771,7897,165,1,13.99,0,0,,
13772,7897,130,1,14.99,0,0,,
13773,7897,4,1,14.99,0,0,,
13774,7898,106,1,259.99,0,0,,
13775,7898,14,1,24.99,10,0,,
13776,7898,25,1,22.99,10,0,,
13777,7898,7,1,139.99,10,0,,
13778,7899,9,1,24.99,0,0,,
13779,7899,235,1,19.99,0,0,,
13780,7900,121,1,29.99,10,0,,
13781,7901,134,1,12.99,0,0,,
13782,7901,114,1,27.99,0,0,,
13783,7901,110,1,18.99,0,0,,
13784,7902,156,1,29.99,0,0,,
13785,7903,17,1,11.99,0,0,,
13786,7903,223,1,15.49,0,0,,
13787,7904,154,1,32.99,0,0,,
13788,7904,137,1,89.99,0,0,,
13789,7904,52,1,16.49,0,0,,
13790,7904,9,1,24.99,0,0,,
13791,7904,196,1,39.99,0,1,,2026-04-14
13792,7905,187,1,649.99,0,0,,
13793,7905,169,1,39.99,0,0,,
13794,7906,231,1,27.99,0,0,,
13795,7907,148,2,29.99,0,0,,
13796,7907,91,1,44.99,0,0,,
13797,7908,1,1,19.99,0,0,,
13798,7908,14,1,24.99,0,0,,
13799,7908,153,1,16.49,0,0,,
13800,7909,138,1,64.99,0,0,,
13801,7909,237,1,249.99,0,0,,
13802,7910,129,1,29.99,0,0,,
13803,7911,26,1,16.49,0,0,,
13804,7912,220,1,29.99,0,0,,
13805,7913,45,1,32.99,0,0,,
13806,7913,120,1,89.99,0,0,,
13807,7914,191,1,27.99,0,0,,
13808,7915,141,1,24.99,0,0,,
13809,7916,169,1,39.99,10,0,,
13810,7916,186,1,24.99,10,0,,
13811,7916,7,1,139.99,10,0,,
13812,7917,45,1,32.99,0,0,,
13813,7917,7,1,139.99,0,0,,
13814,7917,124,1,69.99,0,0,,
13815,7918,79,1,54.99,0,0,,
13816,7918,65,1,37.99,0,1,not_as_described,2026-04-11
13817,7919,158,1,29.99,0,0,,
13818,7919,190,1,10.99,0,0,,
13819,7920,211,1,37.99,0,0,,
13820,7920,150,1,15.99,0,0,,
13821,7921,223,1,15.49,0,0,,
13822,7921,107,1,9.99,0,0,,
13823,7921,125,1,11.99,25,1,size_too_small,2026-04-11
13824,7922,52,1,16.49,10,0,,
13825,7922,107,1,9.99,10,0,,
13826,7923,111,1,18.99,0,0,,
13827,7924,138,1,64.99,0,0,,
13828,7924,45,1,32.99,0,0,,
13829,7925,154,1,32.99,0,0,,
13830,7925,97,1,47.99,0,0,,
13831,7926,129,1,29.99,0,0,,
13832,7927,56,1,19.99,25,0,,
13833,7927,65,1,37.99,10,0,,
13834,7928,58,1,16.99,0,0,,
13835,7928,238,1,119.99,0,1,not_as_described,2026-04-14
13836,7929,18,1,39.99,10,0,,
13837,7929,238,1,119.99,10,0,,
13838,7930,152,1,22.99,0,0,,
13839,7930,24,1,32.99,0,0,,
13840,7930,66,1,69.99,0,0,,
13841,7931,52,1,16.49,0,0,,
13842,7931,84,1,29.99,0,0,,
13843,7931,133,1,14.99,0,0,,
13844,7932,124,1,69.99,10,0,,
13845,7933,98,3,8.49,0,0,,
13846,7934,70,1,14.49,0,0,,
13847,7934,36,2,12.99,0,0,,
13848,7935,68,1,99.99,0,0,,
13849,7935,95,1,29.99,0,0,,
13850,7936,141,1,24.99,0,0,,
13851,7936,238,1,119.99,0,0,,
13852,7937,175,1,15.99,0,0,,
13853,7937,148,1,29.99,0,0,,
13854,7937,165,1,13.99,0,0,,
13855,7938,81,1,179.99,0,0,,
13856,7938,20,2,32.99,20,0,,
13857,7939,59,2,10.99,0,0,,
13858,7939,116,1,34.99,0,0,,
13859,7940,58,1,16.99,0,0,,
13860,7940,33,1,34.99,0,0,,
13861,7941,214,1,15.99,0,0,,
13862,7942,212,1,39.99,0,0,,
13863,7942,162,1,15.99,0,1,changed_mind,2026-04-21
13864,7943,24,1,32.99,0,0,,
13865,7943,95,1,29.99,0,0,,
13866,7943,192,1,24.99,0,0,,
13867,7943,229,1,11.99,0,0,,
13868,7944,1,1,19.99,0,1,changed_mind,2026-04-14
13869,7945,134,1,12.99,10,0,,
13870,7946,82,2,10.49,10,0,,
13871,7947,99,1,29.99,0,0,,
13872,7947,119,1,34.99,0,0,,
13873,7947,195,1,13.99,0,0,,
13874,7947,132,1,12.49,0,0,,
13875,7948,226,1,59.99,0,0,,
13876,7948,27,1,29.99,0,0,,
13877,7949,232,1,49.99,0,0,,
13878,7949,126,1,59.99,0,0,,
13879,7949,68,1,99.99,0,0,,
13880,7950,111,1,18.99,10,0,,
13881,7950,27,1,29.99,10,0,,
13882,7951,191,1,27.99,10,0,,
13883,7952,108,1,89.99,0,0,,
13884,7953,153,1,16.49,0,0,,
13885,7953,44,1,74.99,0,0,,
13886,7954,135,1,27.99,0,0,,
13887,7955,191,1,27.99,0,0,,
13888,7955,92,1,24.99,0,0,,
13889,7956,135,1,27.99,0,0,,
13890,7956,109,1,44.99,0,0,,
13891,7957,101,1,39.99,15,0,,
13892,7957,98,1,8.49,15,0,,
13893,7958,211,2,37.99,0,0,,
13894,7958,134,1,12.99,0,1,,2026-04-17
13895,7958,39,1,39.99,0,0,,
13896,7959,12,1,13.49,0,0,,
13897,7959,84,1,29.99,0,1,not_as_described,2026-04-19
13898,7959,143,1,19.99,50,0,,
13899,7960,137,1,89.99,0,0,,
13900,7960,175,1,15.99,0,0,,
13901,7961,125,1,11.99,25,0,,
13902,7961,126,1,59.99,10,0,,
13903,7961,66,1,69.99,10,0,,
13904,7961,119,1,34.99,10,0,,
13905,7961,151,1,29.99,10,0,,
13906,7962,162,1,15.99,0,1,defective,2026-04-23
13907,7963,121,1,29.99,10,0,,
13908,7964,238,1,119.99,0,0,,
13909,7964,232,1,49.99,0,0,,
13910,7965,7,1,139.99,0,0,,
13911,7966,14,1,24.99,0,0,,
13912,7966,50,1,24.99,0,0,,
13913,7967,227,1,14.99,0,0,,
13914,7967,21,1,24.99,0,0,,
13915,7968,111,1,18.99,0,0,,
13916,7969,95,1,29.99,0,0,,
13917,7970,64,1,10.99,15,0,,
13918,7971,155,1,139.99,0,0,,
13919,7971,73,1,49.99,0,0,,
13920,7972,189,1,34.99,0,0,,
13921,7972,90,1,39.99,0,0,,
13922,7972,27,1,29.99,0,0,,
13923,7973,180,1,16.49,0,0,,
13924,7974,12,1,13.49,0,0,,
13925,7974,97,1,47.99,0,0,,
13926,7975,191,1,27.99,0,0,,
13927,7975,232,1,49.99,0,0,,
13928,7975,214,1,15.99,0,0,,
13929,7975,52,1,16.49,0,0,,
13930,7976,88,1,34.99,0,0,,
13931,7976,49,1,42.99,0,0,,
13932,7977,21,1,24.99,0,0,,
13933,7978,201,1,29.99,0,0,,
13934,7979,98,1,8.49,0,0,,
13935,7979,124,1,69.99,0,1,not_as_described,2026-04-20
13936,7980,121,2,29.99,0,0,,
13937,7980,150,1,15.99,0,0,,
13938,7980,81,1,179.99,0,0,,
13939,7981,238,1,119.99,0,0,,
13940,7981,242,3,14.99,0,0,,
13941,7981,5,1,49.99,0,0,,
13942,7982,125,1,11.99,25,0,,
13943,7983,111,1,18.99,0,0,,
13944,7984,176,1,949.99,0,0,,
13945,7985,190,1,10.99,10,0,,
13946,7986,56,1,19.99,25,0,,
13947,7986,159,1,29.99,0,0,,
13948,7987,12,1,13.49,0,0,,
13949,7988,34,1,27.99,0,0,,
13950,7988,159,1,29.99,0,0,,
13951,7988,14,1,24.99,0,0,,
13952,7989,145,1,14.99,0,0,,
13953,7990,167,1,47.99,0,0,,
13954,7990,143,1,19.99,50,0,,
13955,7991,37,1,179.99,0,0,,
13956,7992,55,1,44.99,10,0,,
13957,7993,58,1,16.99,0,0,,
13958,7994,129,1,29.99,0,1,changed_mind,2026-04-16
13959,7995,126,1,59.99,0,0,,
13960,7995,119,1,34.99,0,0,,
13961,7996,243,1,29.99,0,0,,
13962,7996,205,1,19.99,0,1,changed_mind,2026-04-18
13963,7996,17,1,11.99,0,1,changed_mind,2026-04-18
13964,7997,12,1,13.49,0,0,,
13965,7997,98,1,8.49,0,0,,
13966,7998,111,1,18.99,0,0,,
13967,7998,86,1,8.99,0,0,,
13968,7999,237,1,249.99,0,0,,
13969,8000,168,1,32.99,0,0,,
13970,8000,100,1,79.99,0,0,,
13971,8001,214,1,15.99,10,0,,
13972,8002,229,1,11.99,0,0,,
13973,8002,169,1,39.99,0,0,,
13974,8003,121,1,29.99,0,0,,
13975,8004,101,1,39.99,0,0,,
13976,8005,58,3,16.99,0,0,,
13977,8005,64,1,10.99,0,0,,
13978,8005,59,1,10.99,0,0,,
13979,8006,93,1,13.99,0,0,,
13980,8006,70,1,14.49,0,0,,
13981,8007,4,1,14.99,0,0,,
13982,8008,94,1,12.99,0,0,,
13983,8008,144,1,69.99,0,0,,
13984,8009,190,1,10.99,10,0,,
13985,8010,68,1,99.99,0,0,,
13986,8010,150,1,15.99,0,0,,
13987,8011,238,1,119.99,0,0,,
13988,8012,99,1,29.99,0,0,,
13989,8013,242,1,14.99,0,1,wrong_item,2026-04-19
13990,8014,143,1,19.99,50,0,,
13991,8014,130,1,14.99,0,0,,
13992,8015,133,1,14.99,0,0,,
13993,8015,58,1,16.99,0,0,,
13994,8016,145,1,14.99,10,0,,
13995,8016,72,1,24.99,10,0,,
13996,8016,175,1,15.99,10,1,not_as_described,2026-04-23
13997,8017,21,1,24.99,0,0,,
13998,8017,185,1,109.99,0,0,,
13999,8018,191,1,27.99,10,0,,
14000,8018,25,1,22.99,10,0,,
14001,8018,223,1,15.49,10,0,,
14002,8019,167,1,47.99,0,0,,
14003,8020,111,1,18.99,10,0,,
14004,8020,7,1,139.99,10,0,,
14005,8021,109,1,44.99,10,0,,
14006,8022,223,1,15.49,0,0,,
14007,8022,148,1,29.99,0,0,,
14008,8022,98,1,8.49,0,0,,
14009,8023,214,1,15.99,0,0,,
14010,8024,195,1,13.99,0,0,,
14011,8025,111,1,18.99,0,0,,
14012,8025,223,1,15.49,0,0,,
14013,8026,222,1,109.99,10,0,,
14014,8027,138,1,64.99,0,0,,
14015,8028,223,1,15.49,0,0,,
14016,8029,5,1,49.99,0,0,,
14017,8030,173,1,99.99,0,0,,
14018,8031,97,1,47.99,0,0,,
14019,8031,49,1,42.99,0,0,,
14020,8031,119,1,34.99,0,0,,
14021,8031,99,1,29.99,0,0,,
14022,8032,13,1,89.99,0,0,,
14023,8033,84,1,29.99,0,0,,
14024,8033,156,1,29.99,0,0,,
14025,8033,242,1,14.99,0,0,,
14026,8034,137,1,89.99,20,0,,
14027,8035,174,1,24.99,0,0,,
14028,8035,98,1,8.49,0,0,,
14029,8036,52,1,16.49,15,0,,
14030,8037,156,1,29.99,0,0,,
14031,8038,226,1,59.99,0,0,,
14032,8039,25,1,22.99,0,0,,
14033,8039,148,1,29.99,0,1,changed_mind,2026-04-24
14034,8040,33,1,34.99,0,0,,
14035,8040,111,1,18.99,0,0,,
14036,8041,125,1,11.99,0,1,size_too_small,2026-04-20
14037,8042,94,1,12.99,0,1,defective,2026-05-17
14038,8043,93,1,13.99,10,0,,
14039,8043,166,1,32.99,10,0,,
14040,8043,6,1,59.99,10,0,,
14041,8044,109,1,44.99,0,0,,
14042,8044,124,1,69.99,0,0,,
14043,8045,165,3,13.99,0,0,,
14044,8046,242,1,14.99,0,0,,
14045,8046,52,1,16.49,15,0,,
14046,8047,144,1,69.99,0,0,,
14047,8048,236,1,49.99,0,0,,
14048,8049,241,1,8.99,0,0,,
14049,8049,77,2,54.99,0,0,,
14050,8050,134,1,12.99,0,0,,
14051,8051,142,1,49.99,0,0,,
14052,8051,88,1,34.99,0,0,,
14053,8052,59,1,10.99,0,0,,
14054,8053,70,1,14.49,10,0,,
14055,8053,215,1,19.99,10,0,,
14056,8054,148,1,29.99,0,0,,
14057,8055,58,1,16.99,0,0,,
14058,8055,78,2,12.49,0,0,,
14059,8055,228,1,54.99,0,1,size_too_large,2026-04-26
14060,8056,158,1,29.99,0,0,,
14061,8056,218,1,22.99,0,0,,
14062,8056,166,1,32.99,0,0,,
14063,8056,95,1,29.99,0,0,,
14064,8056,161,1,74.99,0,0,,
14065,8056,64,2,10.99,0,0,,
14066,8057,5,1,49.99,0,0,,
14067,8058,134,1,12.99,10,0,,
14068,8058,114,1,27.99,10,0,,
14069,8058,55,1,44.99,10,0,,
14070,8059,238,1,119.99,0,0,,
14071,8060,141,1,24.99,15,0,,
14072,8060,159,2,29.99,15,0,,
14073,8060,126,2,59.99,15,0,,
14074,8061,37,1,179.99,0,1,defective,2026-06-07
14075,8062,101,1,39.99,0,0,,
14076,8062,63,1,94.99,0,0,,
14077,8062,45,1,32.99,0,0,,
14078,8063,238,1,119.99,0,1,arrived_late,2026-04-26
14079,8063,39,1,39.99,0,0,,
14080,8063,58,1,16.99,0,0,,
14081,8064,190,1,10.99,0,0,,
14082,8065,14,1,24.99,0,1,changed_mind,2026-04-25
14083,8065,93,1,13.99,0,0,,
14084,8066,6,1,59.99,0,0,,
14085,8067,119,1,34.99,0,0,,
14086,8068,93,2,13.99,10,0,,
14087,8069,159,1,29.99,0,0,,
14088,8069,122,1,34.99,0,0,,
14089,8070,148,1,29.99,10,0,,
14090,8071,99,1,29.99,0,0,,
14091,8071,236,1,49.99,0,0,,
14092,8072,7,1,139.99,0,0,,
14093,8073,13,1,89.99,0,0,,
14094,8073,196,1,39.99,0,0,,
14095,8074,111,1,18.99,0,0,,
14096,8075,134,1,12.99,0,0,,
14097,8076,68,1,99.99,15,0,,
14098,8077,52,1,16.49,15,0,,
14099,8077,134,1,12.99,0,0,,
14100,8078,226,1,59.99,0,0,,
14101,8078,229,1,11.99,0,0,,
14102,8079,193,1,159.99,0,0,,
14103,8079,228,1,54.99,0,0,,
14104,8080,195,1,13.99,0,0,,
14105,8081,138,1,64.99,0,0,,
14106,8081,26,1,16.49,0,0,,
14107,8082,96,1,37.99,0,0,,
14108,8082,65,1,37.99,0,0,,
14109,8083,94,1,12.99,0,0,,
14110,8084,17,1,11.99,10,0,,
14111,8085,231,1,27.99,0,0,,
14112,8086,121,1,29.99,10,0,,
14113,8087,181,1,399.99,0,0,,
14114,8088,25,1,22.99,0,0,,
14115,8088,229,1,11.99,0,0,,
14116,8089,167,1,47.99,0,0,,
14117,8089,79,1,54.99,0,0,,
14118,8089,134,1,12.99,0,0,,
14119,8089,125,1,11.99,0,0,,
14120,8090,148,1,29.99,0,0,,
14121,8090,197,1,39.99,0,0,,
14122,8091,232,1,49.99,0,0,,
14123,8091,59,1,10.99,0,0,,
14124,8092,234,1,16.99,10,1,not_as_described,2026-04-23
14125,8093,91,1,44.99,0,0,,
14126,8093,159,1,29.99,0,0,,
14127,8094,33,1,34.99,0,0,,
14128,8094,5,1,49.99,0,0,,
14129,8095,104,2,59.99,10,0,,
14130,8095,98,1,8.49,10,0,,
14131,8096,158,1,29.99,10,0,,
14132,8097,9,1,24.99,0,0,,
14133,8097,148,1,29.99,0,1,not_as_described,2026-04-27
14134,8098,98,1,8.49,0,0,,
14135,8099,58,1,16.99,0,0,,
14136,8099,153,1,16.49,0,0,,
14137,8099,179,1,49.99,0,0,,
14138,8100,191,1,27.99,0,0,,
14139,8101,168,1,32.99,0,0,,
14140,8102,139,1,34.99,0,0,,
14141,8102,117,1,6.99,0,0,,
14142,8102,236,2,49.99,0,0,,
14143,8102,92,1,24.99,0,0,,
14144,8102,87,1,89.99,0,0,,
14145,8102,159,1,29.99,0,0,,
14146,8103,95,1,29.99,0,0,,
14147,8103,53,1,84.99,0,0,,
14148,8104,25,1,22.99,0,0,,
14149,8104,97,1,47.99,0,0,,
14150,8105,165,3,13.99,0,0,,
14151,8105,205,1,19.99,0,0,,
14152,8106,59,1,10.99,10,0,,
14153,8107,154,1,32.99,0,0,,
14154,8107,80,1,69.99,0,0,,
14155,8108,59,2,10.99,0,0,,
14156,8108,240,1,49.99,0,0,,
14157,8109,26,1,16.49,0,0,,
14158,8110,148,1,29.99,0,0,,
14159,8111,217,1,47.99,0,0,,
14160,8111,111,1,18.99,0,0,,
14161,8112,33,1,34.99,10,0,,
14162,8112,200,1,32.99,10,0,,
14163,8113,17,1,11.99,0,0,,
14164,8114,17,1,11.99,0,0,,
14165,8115,62,1,29.99,10,0,,
14166,8116,163,1,34.99,0,0,,
14167,8117,111,1,18.99,0,1,arrived_late,2026-05-01
14168,8118,151,1,29.99,0,0,,
14169,8119,185,1,109.99,0,0,,
14170,8120,36,2,12.99,10,0,,
14171,8120,109,1,44.99,10,0,,
14172,8121,114,1,27.99,0,0,,
14173,8121,134,1,12.99,0,0,,
14174,8122,206,1,19.99,0,0,,
14175,8123,169,1,39.99,0,0,,
14176,8123,180,1,16.49,0,0,,
14177,8124,230,1,229.99,0,0,,
14178,8124,52,1,16.49,0,0,,
14179,8125,70,1,14.49,0,0,,
14180,8126,142,1,49.99,0,0,,
14181,8126,194,1,11.49,0,0,,
14182,8127,43,1,18.99,10,0,,
14183,8128,4,1,14.99,15,0,,
14184,8128,118,1,159.99,15,0,,
14185,8128,230,1,229.99,15,0,,
14186,8129,104,1,59.99,0,0,,
14187,8130,234,1,16.99,0,0,,
14188,8130,17,2,11.99,0,0,,
14189,8131,142,1,49.99,0,1,wrong_item,2026-04-26
14190,8131,82,1,10.49,0,0,,
14191,8132,146,1,21.99,0,0,,
14192,8133,116,1,34.99,0,0,,
14193,8134,232,1,49.99,15,0,,
14194,8134,33,1,34.99,15,0,,
14195,8135,79,1,54.99,10,0,,
14196,8136,45,1,32.99,0,0,,
14197,8137,31,1,29.99,0,0,,
14198,8137,43,1,18.99,0,0,,
14199,8138,194,2,11.49,0,0,,
14200,8139,119,1,34.99,0,0,,
14201,8139,39,1,39.99,0,0,,
14202,8140,24,1,32.99,10,0,,
14203,8140,95,1,29.99,10,0,,
14204,8140,91,1,44.99,10,0,,
14205,8140,80,1,69.99,10,0,,
14206,8141,212,1,39.99,0,0,,
14207,8142,84,1,29.99,0,0,,
14208,8142,32,1,37.99,0,0,,
14209,8143,231,1,27.99,0,0,,
14210,8143,17,2,11.99,0,0,,
14211,8144,191,1,27.99,0,0,,
14212,8145,7,1,139.99,0,0,,
14213,8146,8,1,13.99,10,0,,
14214,8147,125,1,11.99,0,1,not_as_described,2026-05-01
14215,8148,234,1,16.99,0,0,,
14216,8149,31,1,29.99,0,0,,
14217,8150,243,1,29.99,10,0,,
14218,8151,212,1,39.99,0,0,,
14219,8151,162,1,15.99,0,0,,
14220,8152,142,1,49.99,0,1,changed_mind,2026-04-29
14221,8152,64,1,10.99,0,0,,
14222,8153,132,1,12.49,0,0,,
14223,8154,242,3,14.99,20,0,,
14224,8154,1,1,19.99,0,0,,
14225,8155,52,1,16.49,0,1,changed_mind,2026-04-28
14226,8156,160,1,149.99,0,0,,
14227,8156,145,1,14.99,0,0,,
14228,8157,23,1,37.99,0,0,,
14229,8157,232,1,49.99,0,0,,
14230,8158,7,1,139.99,0,0,,
14231,8158,119,1,34.99,0,0,,
14232,8159,163,1,34.99,10,0,,
14233,8160,212,1,39.99,0,0,,
14234,8160,232,1,49.99,0,0,,
14235,8161,180,1,16.49,0,0,,
14236,8161,198,1,42.99,0,0,,
14237,8161,81,1,179.99,0,0,,
14238,8161,4,1,14.99,0,0,,
14239,8162,226,1,59.99,0,0,,
14240,8163,111,1,18.99,0,0,,
14241,8163,169,1,39.99,0,0,,
14242,8164,129,1,29.99,0,0,,
14243,8164,232,1,49.99,0,0,,
14244,8165,215,1,19.99,0,0,,
14245,8165,22,1,109.99,0,1,defective,2026-05-21
14246,8165,158,1,29.99,0,0,,
14247,8166,107,3,9.99,10,0,,
14248,8167,126,1,59.99,0,0,,
14249,8168,205,1,19.99,0,0,,
14250,8169,104,1,59.99,0,0,,
14251,8170,50,1,24.99,0,0,,
14252,8171,58,1,16.99,0,0,,
14253,8172,56,1,19.99,10,0,,
14254,8172,206,1,19.99,10,0,,
14255,8173,196,1,39.99,0,0,,
14256,8174,220,1,29.99,0,0,,
14257,8174,44,1,74.99,0,0,,
14258,8174,205,1,19.99,0,0,,
14259,8175,126,1,59.99,0,0,,
14260,8176,162,1,15.99,10,0,,
14261,8177,32,1,37.99,0,0,,
14262,8178,154,1,32.99,0,0,,
14263,8179,110,1,18.99,0,0,,
14264,8180,138,1,64.99,10,0,,
14265,8181,58,1,16.99,0,0,,
14266,8182,39,1,39.99,0,0,,
14267,8183,228,1,54.99,0,1,size_too_large,2026-05-05
14268,8184,244,1,29.99,0,0,,
14269,8185,65,1,37.99,10,0,,
14270,8186,135,1,27.99,0,0,,
14271,8187,12,1,13.49,0,0,,
14272,8188,126,1,59.99,0,0,,
14273,8189,109,1,44.99,0,0,,
14274,8189,223,1,15.49,0,0,,
14275,8190,144,1,69.99,10,0,,
14276,8190,141,1,24.99,10,0,,
14277,8191,241,1,8.99,0,0,,
14278,8192,150,1,15.99,0,0,,
14279,8193,232,1,49.99,10,1,changed_mind,2026-05-03
14280,8194,130,1,14.99,10,0,,
14281,8194,195,1,13.99,10,0,,
14282,8194,244,1,29.99,10,0,,
14283,8195,148,1,29.99,0,1,size_too_small,2026-05-03
14284,8195,101,1,39.99,0,1,size_too_small,2026-05-05
14285,8196,195,1,13.99,10,1,size_too_small,2026-05-02
14286,8196,148,1,29.99,10,0,,
14287,8196,119,1,34.99,10,0,,
14288,8197,148,1,29.99,0,0,,
14289,8197,113,1,42.99,0,0,,
14290,8198,174,1,24.99,10,0,,
14291,8199,9,1,24.99,0,0,,
14292,8199,194,1,11.49,0,0,,
14293,8200,111,1,18.99,0,0,,
14294,8200,232,1,49.99,0,0,,
14295,8200,122,1,34.99,0,0,,
14296,8201,223,1,15.49,10,0,,
14297,8201,74,1,17.49,10,0,,
14298,8202,125,1,11.99,0,0,,
14299,8203,2,1,69.99,15,0,,
14300,8204,16,1,69.99,0,0,,
14301,8205,165,1,13.99,0,0,,
14302,8206,162,1,15.99,0,0,,
14303,8206,223,1,15.49,0,0,,
14304,8207,166,1,32.99,0,0,,
14305,8207,14,1,24.99,0,0,,
14306,8207,232,1,49.99,0,1,defective,2026-05-07
14307,8207,134,1,12.99,0,0,,
14308,8208,94,2,12.99,0,0,,
14309,8209,8,1,13.99,0,0,,
14310,8210,34,1,27.99,0,0,,
14311,8210,12,1,13.49,0,0,,
14312,8210,214,1,15.99,0,0,,
14313,8211,97,1,47.99,20,0,,
14314,8211,31,1,29.99,0,0,,
14315,8212,134,1,12.99,0,0,,
14316,8212,25,1,22.99,0,0,,
14317,8213,49,1,42.99,0,0,,
14318,8214,180,1,16.49,0,0,,
14319,8215,218,1,22.99,0,0,,
14320,8216,220,1,29.99,10,0,,
14321,8216,112,1,49.99,30,0,,
14322,8217,242,3,14.99,0,0,,
14323,8218,222,1,109.99,0,0,,
14324,8219,134,1,12.99,10,0,,
14325,8220,205,1,19.99,0,1,defective,2026-05-03
14326,8220,141,1,24.99,0,0,,
14327,8220,80,2,69.99,0,0,,
14328,8221,119,1,34.99,0,0,,
14329,8222,39,1,39.99,0,0,,
14330,8223,108,1,89.99,10,0,,
14331,8223,64,2,10.99,10,0,,
14332,8223,33,1,34.99,10,0,,
14333,8223,141,1,24.99,10,1,changed_mind,2026-05-03
14334,8224,132,1,12.49,0,0,,
14335,8224,70,1,14.49,0,0,,
14336,8225,96,1,37.99,0,0,,
14337,8225,74,1,17.49,0,0,,
14338,8225,133,1,14.99,0,1,changed_mind,2026-05-04
14339,8226,171,1,32.99,0,0,,
14340,8227,238,1,119.99,0,0,,
14341,8227,159,1,29.99,0,0,,
14342,8228,95,1,29.99,0,0,,
14343,8228,24,1,32.99,0,1,not_as_described,2026-05-04
14344,8228,159,1,29.99,0,0,,
14345,8228,92,1,24.99,0,0,,
14346,8228,229,1,11.99,0,0,,
14347,8229,192,2,24.99,10,0,,
14348,8230,232,1,49.99,0,0,,
14349,8230,214,1,15.99,0,0,,
14350,8230,43,1,18.99,0,0,,
14351,8231,154,1,32.99,10,1,defective,2026-05-15
14352,8232,139,1,34.99,0,0,,
14353,8232,117,1,6.99,0,0,,
14354,8232,8,3,13.99,0,0,,
14355,8233,12,1,13.49,0,0,,
14356,8233,153,1,16.49,0,0,,
14357,8234,64,2,10.99,0,0,,
14358,8234,130,1,14.99,0,0,,
14359,8235,160,1,149.99,0,0,,
14360,8235,72,1,24.99,10,0,,
14361,8236,55,1,44.99,0,0,,
14362,8236,93,1,13.99,0,0,,
14363,8237,170,1,32.99,0,1,not_as_described,2026-05-03
14364,8238,79,1,54.99,0,0,,
14365,8238,32,1,37.99,0,0,,
14366,8239,25,1,22.99,0,0,,
14367,8239,199,1,89.99,0,0,,
14368,8239,158,1,29.99,0,0,,
14369,8239,114,1,27.99,0,0,,
14370,8240,111,1,18.99,0,0,,
14371,8241,82,1,10.49,0,1,changed_mind,2026-05-13
14372,8242,97,1,47.99,20,1,arrived_late,2026-05-05
14373,8243,177,1,64.99,0,0,,
14374,8243,59,1,10.99,0,0,,
14375,8244,129,1,29.99,0,0,,
14376,8245,111,1,18.99,0,0,,
14377,8246,17,1,11.99,0,0,,
14378,8246,36,3,12.99,0,0,,
14379,8247,235,1,19.99,0,0,,
14380,8248,26,1,16.49,0,0,,
14381,8248,195,1,13.99,0,0,,
14382,8248,116,1,34.99,0,0,,
14383,8249,59,1,10.99,0,0,,
14384,8249,230,1,229.99,0,0,,
14385,8249,241,1,8.99,0,0,,
14386,8250,64,1,10.99,0,0,,
14387,8251,75,1,44.99,0,0,,
14388,8252,165,1,13.99,10,1,defective,2026-05-17
14389,8252,120,1,89.99,10,0,,
14390,8253,165,1,13.99,0,0,,
14391,8253,205,1,19.99,0,0,,
14392,8253,82,1,10.49,0,0,,
14393,8253,39,1,39.99,0,1,not_as_described,2026-05-11
14394,8254,129,1,29.99,0,0,,
14395,8255,80,1,69.99,0,1,not_as_described,2026-05-12
14396,8255,190,2,10.99,0,0,,
14397,8256,175,1,15.99,15,0,,
14398,8256,138,1,64.99,15,0,,
14399,8256,129,1,29.99,15,0,,
14400,8257,244,1,29.99,0,0,,
14401,8257,12,1,13.49,0,0,,
14402,8257,47,1,84.99,0,0,,
14403,8258,244,1,29.99,0,0,,
14404,8258,8,1,13.99,0,0,,
14405,8258,122,1,34.99,0,0,,
14406,8259,236,1,44.99,10,1,changed_mind,2026-05-08
14407,8259,238,1,119.99,10,0,,
14408,8260,41,1,22.99,0,0,,
14409,8260,158,1,29.99,0,0,,
14410,8261,33,1,34.99,0,0,,
14411,8261,79,1,54.99,0,0,,
14412,8262,218,1,22.99,0,1,not_as_described,2026-05-14
14413,8263,33,1,34.99,0,1,not_as_described,2026-05-09
14414,8264,79,1,54.99,0,0,,
14415,8264,168,1,32.99,0,0,,
14416,8265,242,2,14.99,0,0,,
14417,8265,25,1,22.99,0,0,,
14418,8266,23,1,37.99,10,0,,
14419,8266,205,1,19.99,10,0,,
14420,8267,215,1,19.99,0,0,,
14421,8267,206,1,19.99,0,0,,
14422,8267,59,1,10.99,0,0,,
14423,8268,24,1,32.99,0,0,,
14424,8269,121,1,29.99,0,0,,
14425,8270,125,1,11.99,0,1,not_as_described,2026-05-10
14426,8270,36,1,12.99,0,0,,
14427,8270,28,1,34.99,0,1,arrived_late,2026-05-12
14428,8270,102,1,59.99,0,0,,
14429,8271,175,1,15.99,0,0,,
14430,8272,62,2,29.99,10,0,,
14431,8272,165,1,13.99,10,0,,
14432,8273,25,1,22.99,0,1,wrong_item,2026-05-12
14433,8273,134,1,12.99,0,1,defective,2026-05-19
14434,8274,58,1,16.99,0,0,,
14435,8274,82,3,10.49,0,0,,
14436,8275,126,1,59.99,0,0,,
14437,8275,119,1,34.99,0,0,,
14438,8276,206,2,19.99,0,0,,
14439,8276,245,2,49.99,0,0,,
14440,8276,208,1,209.99,0,0,,
14441,8276,236,1,44.99,0,0,,
14442,8277,58,1,16.99,0,0,,
14443,8278,119,1,34.99,0,0,,
14444,8279,152,1,22.99,0,0,,
14445,8280,152,1,22.99,0,0,,
14446,8281,58,1,16.99,10,0,,
14447,8282,90,1,39.99,0,0,,
14448,8283,64,1,10.99,0,0,,
14449,8284,12,1,13.49,0,0,,
14450,8284,132,1,12.49,0,0,,
14451,8285,36,1,12.99,0,0,,
14452,8286,90,1,39.99,0,0,,
14453,8287,84,1,29.99,10,0,,
14454,8287,245,1,49.99,10,0,,
14455,8288,133,2,14.99,0,0,,
14456,8289,13,1,89.99,20,0,,
14457,8290,244,1,29.99,0,0,,
14458,8290,82,1,10.49,0,0,,
14459,8291,153,1,16.49,0,0,,
14460,8291,111,1,18.99,0,0,,
14461,8292,13,1,89.99,20,0,,
14462,8292,170,1,32.99,0,0,,
14463,8293,145,1,14.99,0,0,,
14464,8293,33,1,34.99,0,0,,
14465,8294,135,1,27.99,0,0,,
14466,8294,93,3,13.99,0,0,,
14467,8295,238,1,119.99,0,0,,
14468,8296,153,1,16.49,10,0,,
14469,8297,244,1,29.99,0,0,,
14470,8298,165,2,13.99,10,0,,
14471,8298,6,1,59.99,10,0,,
14472,8298,78,1,12.49,10,0,,
14473,8298,205,1,19.99,10,0,,
14474,8299,215,1,19.99,10,0,,
14475,8299,232,1,49.99,10,0,,
14476,8300,215,1,19.99,0,0,,
14477,8301,145,1,14.99,0,0,,
14478,8301,242,3,14.99,0,0,,
14479,8301,110,1,18.99,0,0,,
14480,8302,191,1,27.99,0,1,changed_mind,2026-05-11
14481,8302,97,1,47.99,20,0,,
14482,8303,98,1,8.49,0,0,,
14483,8303,134,1,12.99,0,0,,
14484,8303,32,1,37.99,0,0,,
14485,8303,85,1,24.99,0,0,,
14486,8304,95,1,29.99,15,0,,
14487,8304,9,1,24.99,15,0,,
14488,8305,175,1,15.99,0,0,,
14489,8306,201,1,29.99,0,0,,
14490,8307,221,1,49.99,0,0,,
14491,8307,17,1,11.99,0,1,not_as_described,2026-05-18
14492,8308,119,1,34.99,0,0,,
14493,8309,7,1,139.99,0,0,,
14494,8310,100,1,79.99,0,0,,
14495,8311,214,1,15.99,0,0,,
14496,8312,204,1,69.99,0,0,,
14497,8312,229,1,11.99,0,0,,
14498,8313,108,1,89.99,0,0,,
14499,8313,43,1,18.99,0,1,defective,2026-05-11
14500,8313,89,1,29.99,0,0,,
14501,8313,70,1,14.49,0,0,,
14502,8314,218,1,22.99,0,0,,
14503,8315,126,1,59.99,0,0,,
14504,8315,119,1,34.99,0,0,,
14505,8316,133,1,14.99,0,0,,
14506,8317,58,1,16.99,0,0,,
14507,8318,8,2,13.99,0,0,,
14508,8318,43,1,18.99,0,0,,
14509,8319,119,1,34.99,0,0,,
14510,8319,245,1,49.99,0,0,,
14511,8320,129,1,29.99,10,0,,
14512,8320,64,1,10.99,10,0,,
14513,8320,214,1,15.99,10,0,,
14514,8320,213,1,99.99,10,0,,
14515,8321,244,1,29.99,0,0,,
14516,8321,52,1,16.49,0,0,,
14517,8322,148,1,29.99,0,1,changed_mind,2026-05-10
14518,8323,33,1,34.99,0,0,,
14519,8324,99,1,29.99,0,0,,
14520,8324,165,1,13.99,0,0,,
14521,8324,12,1,13.49,0,0,,
14522,8325,117,1,6.99,0,0,,
14523,8326,230,1,229.99,0,0,,
14524,8327,134,1,12.99,0,0,,
14525,8328,129,1,29.99,10,1,size_too_small,2026-05-10
14526,8328,97,1,47.99,10,0,,
14527,8329,174,3,24.99,15,0,,
14528,8329,98,1,8.49,0,0,,
14529,8330,114,1,27.99,0,0,,
14530,8330,121,1,29.99,0,0,,
14531,8330,153,1,16.49,0,0,,
14532,8331,159,1,29.99,0,0,,
14533,8331,70,1,14.49,0,0,,
14534,8331,204,1,69.99,0,0,,
14535,8332,200,1,32.99,0,0,,
14536,8333,54,1,129.99,0,0,,
14537,8333,231,1,27.99,0,0,,
14538,8334,68,2,99.99,0,0,,
14539,8334,214,1,15.99,0,0,,
14540,8335,126,1,59.99,0,0,,
14541,8336,9,1,24.99,0,0,,
14542,8336,246,1,14.99,0,1,changed_mind,2026-05-16
14543,8336,111,1,18.99,0,0,,
14544,8336,156,1,29.99,0,0,,
14545,8337,134,1,12.99,0,0,,
14546,8337,129,1,29.99,0,0,,
14547,8338,141,1,24.99,10,0,,
14548,8339,238,1,119.99,0,0,,
14549,8340,65,1,37.99,0,0,,
14550,8340,234,1,16.99,0,0,,
14551,8341,89,1,29.99,0,0,,
14552,8342,148,1,29.99,0,1,,2026-05-12
14553,8343,66,1,69.99,0,0,,
14554,8344,95,1,29.99,0,0,,
14555,8344,25,1,22.99,0,0,,
14556,8345,100,2,79.99,0,0,,
14557,8345,126,1,59.99,0,0,,
14558,8346,187,1,649.99,0,0,,
14559,8346,145,1,14.99,0,0,,
14560,8346,125,1,11.99,0,1,size_too_large,2026-05-14
14561,8346,72,1,24.99,0,0,,
14562,8347,113,1,42.99,0,0,,
14563,8348,224,2,12.99,15,0,,
14564,8348,41,1,22.99,15,0,,
14565,8348,98,1,8.49,15,0,,
14566,8348,243,1,29.99,15,0,,
14567,8348,95,1,29.99,15,0,,
14568,8349,151,1,29.99,0,0,,
14569,8349,137,1,89.99,0,0,,
14570,8349,17,2,11.99,0,1,defective,2026-05-23
14571,8350,62,1,29.99,0,0,,
14572,8350,65,1,37.99,0,0,,
14573,8350,125,1,11.99,0,0,,
14574,8351,112,1,49.99,30,0,,
14575,8351,163,1,34.99,0,0,,
14576,8352,139,1,34.99,15,0,,
14577,8352,117,1,6.99,15,0,,
14578,8353,205,1,19.99,0,0,,
14579,8354,227,1,14.99,0,0,,
14580,8355,98,1,8.49,0,0,,
14581,8355,155,1,139.99,0,0,,
14582,8355,142,1,49.99,0,1,not_as_described,2026-05-24
14583,8356,148,1,29.99,0,0,,
14584,8357,153,1,16.49,10,0,,
14585,8358,13,1,89.99,0,0,,
14586,8358,98,2,8.49,0,0,,
14587,8359,58,3,16.99,10,0,,
14588,8359,83,1,27.99,10,0,,
14589,8359,158,1,29.99,10,0,,
14590,8360,162,1,15.99,0,0,,
14591,8361,94,1,12.99,10,0,,
14592,8362,43,1,18.99,0,0,,
14593,8362,228,2,54.99,0,0,,
14594,8362,218,1,22.99,0,0,,
14595,8363,52,1,16.49,0,0,,
14596,8364,122,1,34.99,0,0,,
14597,8365,12,1,13.49,0,0,,
14598,8366,162,1,15.99,0,0,,
14599,8367,159,1,29.99,0,0,,
14600,8367,230,1,229.99,0,0,,
14601,8368,41,1,22.99,0,0,,
14602,8369,134,2,12.99,0,0,,
14603,8369,202,1,299.99,0,0,,
14604,8370,121,1,29.99,0,0,,
14605,8371,44,1,74.99,10,0,,
14606,8372,12,2,13.49,0,0,,
14607,8372,134,1,12.99,0,0,,
14608,8372,36,1,12.99,0,0,,
14609,8373,83,1,27.99,0,0,,
14610,8373,208,1,209.99,0,1,changed_mind,2026-05-16
14611,8374,34,1,27.99,0,0,,
14612,8375,114,1,27.99,0,0,,
14613,8376,200,2,32.99,0,0,,
14614,8377,151,1,29.99,0,1,wrong_item,2026-05-16
14615,8377,134,1,12.99,0,0,,
14616,8377,17,1,11.99,0,0,,
14617,8378,121,1,29.99,10,0,,
14618,8378,132,3,12.49,10,0,,
14619,8378,78,1,12.49,10,0,,
14620,8379,189,1,34.99,0,0,,
14621,8379,148,2,29.99,0,0,,
14622,8380,4,1,14.99,0,0,,
14623,8380,135,1,27.99,0,0,,
14624,8380,215,1,19.99,0,0,,
14625,8381,125,2,11.99,10,0,,
14626,8382,39,1,39.99,0,0,,
14627,8383,167,1,47.99,10,0,,
14628,8383,125,1,11.99,10,0,,
14629,8384,59,3,10.99,0,0,,
14630,8384,93,1,13.99,20,0,,
14631,8384,49,1,42.99,0,0,,
14632,8385,80,1,69.99,0,1,not_as_described,2026-05-15
14633,8385,14,1,24.99,0,0,,
14634,8386,113,1,42.99,0,0,,
14635,8386,134,1,12.99,0,0,,
14636,8387,59,1,10.99,0,0,,
14637,8388,162,1,15.99,0,0,,
14638,8388,89,1,29.99,0,0,,
14639,8388,123,1,54.99,0,0,,
14640,8389,36,1,12.99,0,0,,
14641,8389,92,1,24.99,0,0,,
14642,8389,74,1,17.49,0,0,,
14643,8390,231,1,27.99,0,0,,
14644,8391,4,1,14.99,0,0,,
14645,8392,95,1,29.99,0,0,,
14646,8392,238,1,119.99,0,0,,
14647,8393,232,1,49.99,10,0,,
14648,8394,114,1,27.99,0,0,,
14649,8395,135,1,27.99,0,0,,
14650,8395,70,1,14.49,0,0,,
14651,8395,158,1,29.99,0,0,,
14652,8396,86,1,8.99,0,0,,
14653,8397,146,1,21.99,0,0,,
14654,8398,129,1,29.99,10,0,,
14655,8398,106,1,259.99,0,0,,
14656,8398,152,1,22.99,10,0,,
14657,8398,236,1,44.99,10,0,,
14658,8399,210,1,24.99,0,0,,
14659,8400,34,1,27.99,0,0,,
14660,8400,155,1,139.99,0,0,,
14661,8400,89,1,29.99,0,0,,
14662,8400,90,1,39.99,0,0,,
14663,8401,236,1,44.99,0,0,,
14664,8401,190,1,10.99,0,0,,
14665,8402,6,1,59.99,0,0,,
14666,8402,86,3,8.99,0,0,,
14667,8403,162,1,15.99,10,0,,
14668,8403,98,1,8.49,10,0,,
14669,8404,89,1,29.99,0,0,,
14670,8404,139,1,34.99,0,0,,
14671,8405,88,1,34.99,0,1,defective,2026-05-21
14672,8406,31,12,29.99,0,0,,
14673,8406,21,12,24.99,0,0,,
14674,8407,95,1,29.99,0,0,,
14675,8408,74,1,17.49,0,0,,
14676,8408,249,1,49.99,0,0,,
14677,8409,39,1,39.99,0,0,,
14678,8409,41,1,22.99,0,0,,
14679,8409,185,1,109.99,0,0,,
14680,8410,165,1,13.99,0,0,,
14681,8410,70,1,14.49,0,0,,
14682,8410,17,1,11.99,0,0,,
14683,8411,111,1,18.99,0,0,,
14684,8412,77,2,54.99,10,1,changed_mind,2026-05-18
14685,8412,36,1,12.99,10,0,,
14686,8413,114,1,27.99,15,0,,
14687,8414,65,1,37.99,0,1,defective,2026-05-25
14688,8414,223,1,15.49,0,0,,
14689,8415,175,1,15.99,0,0,,
14690,8415,98,1,8.49,0,0,,
14691,8416,194,1,11.49,10,0,,
14692,8416,59,1,10.99,10,1,wrong_item,2026-05-18
14693,8417,25,1,22.99,0,1,,2026-05-16
14694,8417,134,1,12.99,0,0,,
14695,8417,123,1,54.99,0,0,,
14696,8418,1,1,19.99,0,0,,
14697,8419,8,3,13.99,0,0,,
14698,8419,130,2,14.99,0,0,,
14699,8420,159,1,29.99,15,0,,
14700,8420,119,1,34.99,0,0,,
14701,8421,21,1,24.99,0,0,,
14702,8421,154,1,32.99,0,0,,
14703,8421,220,1,29.99,0,0,,
14704,8422,121,1,29.99,0,0,,
14705,8423,58,1,16.99,0,0,,
14706,8423,64,1,10.99,0,0,,
14707,8424,134,1,12.99,0,0,,
14708,8425,153,1,16.49,0,1,defective,2026-06-09
14709,8425,97,1,47.99,0,0,,
14710,8426,93,1,13.99,0,0,,
14711,8427,24,1,32.99,0,0,,
14712,8427,85,1,24.99,0,0,,
14713,8428,64,1,10.99,0,0,,
14714,8429,82,1,10.49,0,0,,
14715,8430,50,3,24.99,0,0,,
14716,8431,141,1,24.99,0,0,,
14717,8432,89,2,29.99,10,0,,
14718,8432,176,1,949.99,0,0,,
14719,8432,141,1,24.99,10,0,,
14720,8433,165,1,13.99,0,0,,
14721,8434,111,1,18.99,0,0,,
14722,8435,25,1,22.99,0,0,,
14723,8436,241,1,8.99,10,0,,
14724,8437,227,1,14.99,0,0,,
14725,8438,54,1,129.99,10,0,,
14726,8439,231,1,27.99,0,0,,
14727,8440,74,1,17.49,0,0,,
14728,8441,236,1,44.99,0,1,changed_mind,2026-05-19
14729,8441,94,1,12.99,0,0,,
14730,8442,250,1,44.99,0,0,,
14731,8442,153,1,16.49,0,0,,
14732,8443,154,1,32.99,0,0,,
14733,8443,79,1,54.99,0,1,not_as_described,2026-05-24
14734,8444,84,1,29.99,0,0,,
14735,8445,243,1,29.99,0,0,,
14736,8446,134,1,12.99,10,0,,
14737,8446,206,1,19.99,10,0,,
14738,8447,81,1,179.99,10,0,,
14739,8448,120,1,89.99,0,1,changed_mind,2026-05-20
14740,8448,153,1,16.49,0,0,,
14741,8448,211,1,37.99,0,0,,
14742,8449,134,1,12.99,0,0,,
14743,8449,244,1,29.99,0,0,,
14744,8449,195,1,13.99,0,0,,
14745,8450,112,1,49.99,30,0,,
14746,8451,211,1,37.99,10,0,,
14747,8452,39,1,39.99,0,0,,
14748,8452,51,1,27.99,0,0,,
14749,8452,142,1,49.99,0,0,,
14750,8453,121,1,29.99,0,0,,
14751,8453,199,1,89.99,0,0,,
14752,8454,108,1,89.99,0,0,,
14753,8455,12,1,13.49,0,0,,
14754,8456,34,1,27.99,0,0,,
14755,8456,220,1,29.99,0,0,,
14756,8456,68,1,99.99,0,0,,
14757,8457,145,1,14.99,0,0,,
14758,8458,134,1,12.99,0,0,,
14759,8459,109,1,44.99,0,0,,
14760,8459,242,1,14.99,0,0,,
14761,8460,95,1,29.99,0,0,,
14762,8461,165,1,13.99,10,0,,
14763,8462,141,1,24.99,10,0,,
14764,8463,208,1,209.99,0,0,,
14765,8463,199,1,89.99,0,0,,
14766,8463,117,2,6.99,0,0,,
14767,8464,223,2,15.49,0,0,,
14768,8465,130,1,14.99,0,0,,
14769,8466,120,1,89.99,10,1,arrived_late,2026-05-21
14770,8466,214,1,15.99,10,0,,
14771,8467,33,1,34.99,0,0,,
14772,8467,108,1,89.99,0,0,,
14773,8468,242,1,14.99,0,0,,
14774,8469,150,1,15.99,0,0,,
14775,8470,132,2,12.49,0,0,,
14776,8471,151,1,29.99,0,0,,
14777,8472,153,1,16.49,0,0,,
14778,8473,96,1,37.99,0,0,,
14779,8473,141,3,24.99,0,0,,
14780,8474,213,1,99.99,0,0,,
14781,8475,7,1,139.99,15,0,,
14782,8476,43,1,18.99,10,0,,
14783,8476,95,1,29.99,10,0,,
14784,8476,132,1,12.49,10,0,,
14785,8477,70,2,14.49,0,0,,
14786,8478,33,1,34.99,15,1,,2026-06-13
14787,8479,146,1,21.99,0,0,,
14788,8479,111,1,18.99,0,0,,
14789,8480,39,1,39.99,0,1,changed_mind,2026-05-23
14790,8480,194,1,11.49,0,0,,
14791,8480,138,1,64.99,0,0,,
14792,8481,93,1,13.99,0,0,,
14793,8481,153,1,16.49,0,0,,
14794,8482,228,1,54.99,0,0,,
14795,8482,41,1,22.99,0,0,,
14796,8483,171,1,32.99,10,0,,
14797,8483,134,2,12.99,10,1,changed_mind,2026-05-24
14798,8484,159,1,29.99,0,0,,
14799,8485,86,1,8.99,0,0,,
14800,8486,113,1,42.99,0,0,,
14801,8487,215,1,19.99,0,0,,
14802,8487,233,1,39.99,0,0,,
14803,8488,142,1,49.99,0,0,,
14804,8488,62,1,29.99,0,0,,
14805,8489,205,1,19.99,0,0,,
14806,8489,215,1,19.99,0,0,,
14807,8490,16,1,69.99,0,0,,
14808,8491,232,1,49.99,0,0,,
14809,8492,150,1,15.99,0,0,,
14810,8493,14,1,24.99,0,1,changed_mind,2026-05-22
14811,8494,242,1,14.99,0,1,changed_mind,2026-05-24
14812,8494,187,1,649.99,0,0,,
14813,8495,134,1,12.99,0,0,,
14814,8496,85,1,24.99,15,1,defective,2026-06-02
14815,8496,41,1,22.99,15,0,,
14816,8497,231,1,27.99,0,0,,
14817,8498,121,1,29.99,0,0,,
14818,8498,204,1,69.99,0,0,,
14819,8499,220,1,29.99,0,0,,
14820,8499,112,1,49.99,30,0,,
14821,8500,14,1,24.99,0,0,,
14822,8500,211,1,37.99,0,0,,
14823,8501,41,1,22.99,0,0,,
14824,8502,33,1,34.99,0,0,,
14825,8503,58,1,16.99,10,0,,
14826,8503,41,1,22.99,10,0,,
14827,8504,217,1,47.99,10,0,,
14828,8504,17,1,11.99,10,1,defective,2026-05-28
14829,8505,111,1,18.99,0,0,,
14830,8505,62,1,29.99,0,0,,
14831,8506,158,1,29.99,0,0,,
14832,8506,114,1,27.99,0,0,,
14833,8506,70,1,14.49,0,0,,
14834,8507,154,1,32.99,0,0,,
14835,8507,156,1,29.99,0,0,,
14836,8507,86,1,8.99,0,0,,
14837,8508,95,1,29.99,0,0,,
14838,8509,121,1,29.99,0,0,,
14839,8509,223,1,15.49,0,0,,
14840,8510,232,1,49.99,15,0,,
14841,8510,99,1,29.99,25,0,,
14842,8511,43,1,18.99,20,0,,
14843,8512,124,1,69.99,0,0,,
14844,8512,228,1,54.99,0,0,,
14845,8513,87,1,89.99,0,0,,
14846,8514,96,1,37.99,10,0,,
14847,8515,145,1,14.99,0,0,,
14848,8515,107,2,9.99,0,0,,
14849,8516,145,1,14.99,0,0,,
14850,8516,206,1,19.99,0,0,,
14851,8516,7,1,139.99,0,0,,
14852,8517,64,2,10.99,0,0,,
14853,8518,152,1,22.99,0,0,,
14854,8518,25,1,22.99,0,0,,
14855,8518,134,3,12.99,0,0,,
14856,8519,98,1,8.49,0,0,,
14857,8520,59,1,10.99,0,0,,
14858,8520,33,1,34.99,0,0,,
14859,8520,170,1,32.99,0,0,,
14860,8520,83,1,27.99,0,0,,
14861,8521,12,1,13.49,0,0,,
14862,8521,74,1,17.49,0,0,,
14863,8522,90,1,39.99,0,0,,
14864,8523,232,1,49.99,0,0,,
14865,8524,167,1,47.99,0,0,,
14866,8525,75,1,44.99,0,0,,
14867,8526,129,1,29.99,0,0,,
14868,8527,200,1,32.99,0,0,,
14869,8527,156,1,29.99,0,1,wrong_item,2026-05-30
14870,8528,43,2,18.99,20,1,not_as_described,2026-05-25
14871,8529,92,1,24.99,10,0,,
14872,8530,234,1,16.99,0,0,,
14873,8530,88,1,34.99,0,0,,
14874,8530,39,1,39.99,0,0,,
14875,8530,116,1,34.99,0,0,,
14876,8531,231,2,27.99,0,0,,
14877,8532,12,1,13.49,0,0,,
14878,8533,65,1,37.99,0,0,,
14879,8533,117,1,6.99,0,0,,
14880,8533,247,1,799.99,0,0,,
14881,8534,12,1,13.49,10,0,,
14882,8535,21,1,24.99,0,0,,
14883,8535,175,1,15.99,0,0,,
14884,8536,122,1,34.99,10,0,,
14885,8537,5,1,49.99,0,0,,
14886,8537,106,1,259.99,0,0,,
14887,8538,33,1,34.99,0,0,,
14888,8538,163,1,34.99,0,0,,
14889,8538,108,1,89.99,0,0,,
14890,8539,154,1,32.99,0,0,,
14891,8540,163,1,34.99,0,0,,
14892,8541,134,2,12.99,0,1,changed_mind,2026-05-27
14893,8542,148,1,29.99,0,0,,
14894,8542,225,1,199.99,0,0,,
14895,8543,236,1,44.99,0,0,,
14896,8544,43,1,18.99,20,0,,
14897,8545,58,1,16.99,10,0,,
14898,8546,165,1,13.99,0,0,,
14899,8547,11,1,54.99,0,0,,
14900,8548,146,1,21.99,0,0,,
14901,8549,107,1,9.99,0,0,,
14902,8550,193,1,159.99,10,0,,
14903,8551,213,1,99.99,0,0,,
14904,8552,58,1,16.99,0,0,,
14905,8553,43,1,18.99,20,1,changed_mind,2026-05-28
14906,8554,81,1,179.99,0,0,,
14907,8554,20,1,32.99,0,0,,
14908,8555,12,1,13.49,0,0,,
14909,8556,155,2,139.99,0,0,,
14910,8557,236,1,44.99,0,0,,
14911,8558,58,1,16.99,0,0,,
14912,8559,20,1,32.99,0,0,,
14913,8559,85,1,24.99,0,0,,
14914,8560,146,1,21.99,0,0,,
14915,8560,236,1,44.99,0,0,,
14916,8560,16,1,69.99,0,0,,
14917,8560,157,1,99.99,0,0,,
14918,8561,100,1,79.99,0,0,,
14919,8561,25,1,22.99,0,0,,
14920,8562,43,1,18.99,20,1,arrived_late,2026-05-29
14921,8563,139,1,34.99,0,0,,
14922,8563,8,1,13.99,0,0,,
14923,8564,196,1,39.99,10,0,,
14924,8565,242,2,14.99,10,0,,
14925,8566,49,1,42.99,0,0,,
14926,8566,36,1,12.99,0,0,,
14927,8567,212,1,39.99,0,0,,
14928,8567,218,1,22.99,0,0,,
14929,8567,148,1,29.99,0,0,,
14930,8568,194,1,11.49,10,0,,
14931,8568,59,1,10.99,10,0,,
14932,8569,64,1,10.99,0,0,,
14933,8570,79,1,54.99,0,0,,
14934,8570,234,1,16.99,0,0,,
14935,8571,232,1,49.99,0,0,,
14936,8571,190,1,10.99,0,0,,
14937,8572,95,1,29.99,0,0,,
14938,8573,25,1,22.99,0,1,changed_mind,2026-06-17
14939,8573,121,1,29.99,0,0,,
14940,8574,196,1,39.99,0,1,not_as_described,2026-06-01
14941,8574,39,1,39.99,0,0,,
14942,8574,175,1,15.99,0,0,,
14943,8574,64,1,10.99,0,1,not_as_described,2026-05-29
14944,8575,200,1,32.99,0,0,,
14945,8576,28,1,34.99,0,1,size_too_small,2026-05-27
14946,8576,70,1,14.49,0,0,,
14947,8577,166,1,32.99,0,0,,
14948,8578,191,1,27.99,0,0,,
14949,8579,12,1,13.49,0,0,,
14950,8580,148,1,29.99,0,0,,
14951,8580,153,1,16.49,0,0,,
14952,8581,145,2,14.99,0,0,,
14953,8582,4,1,14.99,0,1,changed_mind,2026-06-02
14954,8582,33,1,34.99,0,0,,
14955,8582,82,1,10.49,0,0,,
14956,8583,244,1,29.99,0,1,not_as_described,2026-05-31
14957,8583,25,1,22.99,0,0,,
14958,8584,223,2,15.49,0,0,,
14959,8585,159,1,29.99,0,0,,
14960,8585,200,1,32.99,0,1,not_as_described,2026-06-08
14961,8586,153,1,16.49,10,0,,
14962,8587,134,1,12.99,0,0,,
14963,8588,51,1,27.99,0,0,,
14964,8588,72,1,24.99,0,0,,
14965,8589,73,1,49.99,0,1,changed_mind,2026-05-29
14966,8589,175,1,15.99,0,0,,
14967,8590,208,1,209.99,10,0,,
14968,8590,199,1,89.99,10,0,,
14969,8591,231,1,27.99,0,0,,
14970,8591,13,1,89.99,0,0,,
14971,8591,153,1,16.49,0,0,,
14972,8591,217,1,47.99,0,0,,
14973,8592,126,1,59.99,0,0,,
14974,8593,135,1,27.99,0,0,,
14975,8594,52,1,16.49,10,0,,
14976,8595,112,1,49.99,30,0,,
14977,8595,244,1,29.99,0,0,,
14978,8595,70,1,14.49,0,0,,
14979,8596,14,1,24.99,0,0,,
14980,8597,159,1,29.99,0,0,,
14981,8598,148,1,29.99,0,1,changed_mind,2026-06-02
14982,8599,189,2,34.99,10,0,,
14983,8600,156,1,29.99,10,0,,
14984,8600,234,1,16.99,10,0,,
14985,8601,125,2,11.99,0,1,,2026-06-02
14986,8602,80,1,69.99,0,0,,
14987,8602,125,1,11.99,0,0,,
14988,8602,156,1,29.99,0,0,,
14989,8603,121,1,29.99,0,0,,
14990,8604,62,1,29.99,0,0,,
14991,8605,108,1,89.99,0,0,,
14992,8606,47,1,84.99,0,0,,
14993,8606,228,1,54.99,0,0,,
14994,8607,150,1,15.99,15,1,not_as_described,2026-06-15
14995,8608,64,1,10.99,25,0,,
14996,8609,226,1,59.99,0,0,,
14997,8610,64,1,10.99,25,0,,
14998,8610,165,1,13.99,0,0,,
14999,8611,13,1,89.99,15,0,,
15000,8612,58,1,16.99,0,0,,
15001,8612,47,1,84.99,0,0,,
15002,8613,1,1,19.99,0,0,,
15003,8614,121,1,29.99,10,0,,
15004,8614,64,1,10.99,25,0,,
15005,8615,32,1,37.99,0,0,,
15006,8615,34,1,27.99,15,0,,
15007,8616,68,1,99.99,0,1,arrived_late,2026-06-07
15008,8616,94,2,12.99,0,0,,
15009,8617,159,1,29.99,0,0,,
15010,8617,141,1,24.99,0,0,,
15011,8617,230,1,229.99,0,0,,
15012,8618,134,1,12.99,0,0,,
15013,8619,234,1,16.99,0,0,,
15014,8620,187,1,649.99,0,0,,
15015,8621,59,1,10.99,0,0,,
15016,8622,65,1,37.99,0,0,,
15017,8623,51,1,27.99,0,0,,
15018,8623,137,1,89.99,0,0,,
15019,8623,34,3,27.99,15,0,,
15020,8623,246,1,14.99,0,0,,
15021,8624,98,1,8.49,0,0,,
15022,8625,223,1,15.49,15,0,,
15023,8626,175,1,15.99,0,0,,
15024,8627,191,1,27.99,0,0,,
15025,8627,248,1,89.99,0,0,,
15026,8628,67,1,34.99,0,0,,
15027,8629,74,1,17.49,0,0,,
15028,8630,134,1,12.99,0,0,,
15029,8631,153,1,16.49,0,0,,
15030,8631,133,2,14.99,0,0,,
15031,8631,86,1,8.99,0,0,,
15032,8632,177,1,64.99,0,0,,
15033,8633,96,1,37.99,10,0,,
15034,8633,129,1,29.99,10,0,,
15035,8634,34,1,27.99,15,0,,
15036,8635,41,1,22.99,0,0,,
15037,8636,33,1,34.99,0,0,,
15038,8636,39,1,39.99,0,0,,
15039,8636,54,1,129.99,0,0,,
15040,8637,109,1,44.99,0,0,,
15041,8638,165,2,13.99,0,0,,
15042,8639,58,1,16.99,10,0,,
15043,8640,138,1,64.99,0,0,,
15044,8641,116,1,34.99,0,0,,
15045,8642,221,1,49.99,0,0,,
15046,8643,191,1,27.99,10,0,,
15047,8644,21,1,24.99,0,0,,
15048,8644,159,1,29.99,0,0,,
15049,8644,158,1,29.99,0,0,,
15050,8645,159,1,29.99,0,0,,
15051,8646,186,1,24.99,20,0,,
15052,8646,74,1,17.49,0,0,,
15053,8646,12,1,13.49,0,0,,
15054,8647,138,1,64.99,10,0,,
15055,8648,45,1,32.99,0,0,,
15056,8648,12,1,13.49,0,0,,
15057,8649,21,1,24.99,0,0,,
15058,8649,52,1,16.49,0,0,,
15059,8650,223,2,15.49,15,0,,
15060,8650,62,1,29.99,0,0,,
15061,8651,167,1,47.99,0,0,,
15062,8651,156,1,29.99,0,1,not_as_described,2026-06-07
15063,8652,129,1,29.99,0,0,,
15064,8652,250,1,44.99,0,0,,
15065,8652,232,1,49.99,0,1,arrived_late,2026-06-10
15066,8653,134,1,12.99,10,0,,
15067,8653,250,1,44.99,10,0,,
15068,8653,121,1,29.99,10,0,,
15069,8654,92,1,24.99,0,0,,
15070,8655,81,1,179.99,0,0,,
15071,8656,191,1,27.99,0,0,,
15072,8657,93,1,13.99,0,0,,
15073,8658,109,1,44.99,0,0,,
15074,8658,17,2,11.99,0,0,,
15075,8658,145,1,14.99,0,0,,
15076,8658,16,1,69.99,0,0,,
15077,8658,111,1,18.99,0,0,,
15078,8659,32,1,37.99,0,0,,
15079,8660,217,2,47.99,10,0,,
15080,8661,229,1,11.99,0,0,,
15081,8662,175,1,15.99,0,0,,
15082,8662,97,1,54.99,0,0,,
15083,8663,163,1,34.99,0,0,,
15084,8663,245,1,49.99,0,0,,
15085,8663,5,1,49.99,0,0,,
15086,8663,199,1,89.99,0,0,,
15087,8664,50,1,24.99,0,0,,
15088,8665,176,1,949.99,0,0,,
15089,8665,141,1,24.99,0,0,,
15090,8666,224,1,12.99,0,0,,
15091,8666,208,1,209.99,0,0,,
15092,8666,34,1,27.99,0,0,,
15093,8666,199,1,89.99,0,0,,
15094,8667,251,1,89.99,10,0,,
15095,8668,126,1,59.99,0,0,,
15096,8668,119,1,34.99,0,0,,
15097,8669,167,1,47.99,10,0,,
15098,8670,200,1,32.99,0,0,,
15099,8671,36,2,12.99,0,0,,
15100,8672,59,1,10.99,0,0,,
15101,8672,194,1,11.49,0,0,,
15102,8672,23,1,37.99,0,0,,
15103,8672,205,1,19.99,0,0,,
15104,8672,93,2,13.99,0,0,,
15105,8673,246,1,14.99,0,0,,
15106,8674,232,1,49.99,0,0,,
15107,8675,134,1,12.99,15,0,,
15108,8676,17,1,11.99,0,1,changed_mind,2026-06-15
15109,8676,138,1,64.99,0,0,,
15110,8676,141,1,24.99,0,1,changed_mind,2026-06-14
15111,8676,235,1,19.99,0,0,,
15112,8677,242,1,14.99,0,0,,
15113,8678,9,2,24.99,0,0,,
15114,8678,122,1,34.99,25,0,,
15115,8678,246,1,14.99,0,0,,
15116,8679,9,1,24.99,0,0,,
15117,8679,246,2,14.99,0,0,,
15118,8680,238,1,119.99,0,0,,
15119,8681,171,1,32.99,10,0,,
15120,8681,124,1,69.99,20,0,,
15121,8682,196,1,39.99,0,0,,
15122,8683,62,1,29.99,10,0,,
15123,8684,152,1,22.99,0,0,,
15124,8684,142,1,49.99,0,0,,
15125,8684,194,1,11.49,0,0,,
15126,8684,58,1,16.99,0,0,,
15127,8685,77,1,54.99,0,0,,
15128,8685,98,1,8.49,0,0,,
15129,8685,16,1,69.99,0,1,changed_mind,2026-06-12
15130,8686,252,1,44.99,0,0,,
15131,8686,134,1,12.99,0,0,,
15132,8687,95,1,29.99,10,0,,
15133,8687,153,1,16.49,10,0,,
15134,8688,208,1,209.99,0,0,,
15135,8688,230,1,229.99,0,0,,
15136,8689,84,1,29.99,0,1,,2026-06-08
15137,8690,234,1,16.99,10,0,,
15138,8690,117,1,6.99,10,0,,
15139,8691,154,1,32.99,0,1,size_too_large,2026-06-09
15140,8692,65,1,37.99,0,0,,
15141,8693,150,1,15.99,0,0,,
15142,8694,93,1,13.99,0,0,,
15143,8695,226,1,59.99,0,0,,
15144,8696,73,1,49.99,15,0,,
15145,8697,193,1,159.99,0,1,not_as_described,2026-06-11
15146,8698,99,1,29.99,0,0,,
15147,8699,93,1,13.99,0,0,,
15148,8699,12,1,13.49,0,0,,
15149,8700,43,1,18.99,0,0,,
15150,8701,18,1,39.99,10,0,,
15151,8701,199,1,89.99,10,0,,
15152,8702,59,2,10.99,10,0,,
15153,8702,111,1,18.99,10,1,changed_mind,2026-06-08
15154,8702,194,2,11.49,10,0,,
15155,8703,191,1,27.99,0,1,changed_mind,2026-06-12
15156,8703,145,1,14.99,0,0,,
15157,8703,153,1,16.49,0,1,changed_mind,2026-06-11
15158,8704,98,2,8.49,0,0,,
15159,8704,240,1,49.99,0,0,,
15160,8705,58,1,16.99,0,0,,
15161,8705,79,1,54.99,0,0,,
15162,8706,141,1,24.99,0,0,,
15163,8706,97,1,54.99,0,0,,
15164,8706,165,1,13.99,0,0,,
15165,8707,97,1,54.99,0,0,,
15166,8708,85,1,24.99,0,0,,
15167,8709,100,1,79.99,10,0,,
15168,8709,43,1,18.99,10,0,,
15169,8710,33,1,34.99,0,0,,
15170,8710,5,1,49.99,0,0,,
15171,8711,98,1,8.49,0,0,,
15172,8712,217,1,47.99,0,0,,
15173,8712,109,1,44.99,0,0,,
15174,8712,51,1,27.99,0,0,,
15175,8712,134,1,12.99,0,0,,
15176,8713,189,1,34.99,0,0,,
15177,8713,8,1,13.99,0,0,,
15178,8713,45,1,32.99,0,0,,
15179,8714,17,3,11.99,0,0,,
15180,8715,165,1,13.99,0,0,,
15181,8716,111,1,18.99,0,0,,
15182,8716,122,1,34.99,25,0,,
15183,8716,66,1,69.99,0,0,,
15184,8717,107,1,9.99,0,0,,
15185,8717,36,1,12.99,0,1,defective,2026-09-19
15186,8718,126,1,59.99,0,1,changed_mind,2026-06-11
15187,8718,119,1,34.99,0,0,,
15188,8719,12,1,13.49,0,0,,
15189,8719,163,1,34.99,0,0,,
15190,8719,172,1,159.99,0,1,not_as_described,2026-06-14
15191,8719,190,2,10.99,0,0,,
15192,8720,70,2,14.49,0,0,,
15193,8721,25,1,22.99,10,0,,
15194,8722,79,1,54.99,0,0,,
15195,8722,108,1,89.99,0,0,,
15196,8722,156,1,29.99,0,0,,
15197,8722,112,1,49.99,30,0,,
15198,8722,142,1,49.99,0,1,size_too_large,2026-06-16
15199,8722,96,1,37.99,0,0,,
15200,8723,196,1,39.99,0,0,,
15201,8724,229,1,11.99,0,0,,
15202,8724,50,1,24.99,0,0,,
15203,8725,148,1,29.99,0,1,size_too_large,2026-06-18
15204,8725,109,3,44.99,0,1,size_too_small,2026-06-13
15205,8726,165,1,13.99,0,0,,
15206,8727,150,1,15.99,0,0,,
15207,8727,122,1,34.99,25,0,,
15208,8728,36,1,12.99,0,0,,
15209,8729,8,1,13.99,0,0,,
15210,8730,133,1,14.99,10,0,,
15211,8730,111,1,18.99,10,0,,
15212,8730,119,1,34.99,10,0,,
15213,8731,148,1,29.99,0,0,,
15214,8731,50,1,24.99,0,0,,
15215,8732,170,1,32.99,10,0,,
15216,8733,14,1,24.99,0,0,,
15217,8734,181,1,399.99,10,0,,
15218,8735,223,1,15.49,0,0,,
15219,8736,148,1,29.99,0,1,not_as_described,2026-06-17
15220,8737,162,1,15.99,0,0,,
15221,8737,135,1,27.99,0,0,,
15222,8737,95,1,29.99,0,0,,
15223,8738,169,1,39.99,10,0,,
15224,8738,73,1,49.99,10,0,,
15225,8739,70,1,14.49,0,0,,
15226,8740,74,1,17.49,0,0,,
15227,8740,251,1,89.99,20,0,,
15228,8740,80,1,69.99,0,1,size_too_large,2026-06-13
15229,8741,62,1,29.99,0,0,,
15230,8742,121,1,29.99,0,1,not_as_described,2026-06-12
15231,8742,134,1,12.99,0,0,,
15232,8743,58,1,16.99,0,0,,
15233,8744,152,1,22.99,0,0,,
15234,8744,111,1,18.99,0,0,,
15235,8744,36,1,12.99,0,0,,
15236,8745,137,1,89.99,0,0,,
15237,8745,111,1,18.99,0,0,,
15238,8746,58,1,16.99,0,0,,
15239,8746,169,1,39.99,0,0,,
15240,8747,14,1,24.99,0,1,changed_mind,2026-06-17
15241,8748,190,1,10.99,10,0,,
15242,8749,199,1,89.99,10,0,,
15243,8750,111,1,18.99,0,1,not_as_described,2026-06-11
15244,8751,134,1,12.99,0,0,,
15245,8752,43,1,18.99,0,0,,
15246,8753,101,1,39.99,0,0,,
15247,8754,97,1,54.99,0,0,,
15248,8754,237,1,249.99,0,0,,
15249,8755,64,2,10.99,0,0,,
15250,8756,88,1,34.99,0,0,,
15251,8757,153,1,16.49,0,0,,
15252,8758,167,1,47.99,0,0,,
15253,8759,111,1,18.99,0,0,,
15254,8760,13,1,89.99,0,1,changed_mind,2026-06-17
15255,8761,20,1,32.99,0,0,,
15256,8762,205,1,19.99,0,0,,
15257,8763,186,1,24.99,0,0,,
15258,8764,168,1,32.99,0,0,,
15259,8765,135,1,27.99,0,0,,
15260,8765,88,2,34.99,0,0,,
15261,8766,228,1,54.99,0,0,,
15262,8767,245,1,49.99,10,0,,
15263,8767,241,1,8.99,10,0,,
15264,8768,68,1,99.99,0,0,,
15265,8769,176,1,949.99,0,0,,
15266,8769,231,1,27.99,10,0,,
15267,8770,211,1,37.99,0,0,,
15268,8770,64,2,10.99,0,0,,
15269,8771,114,1,27.99,10,0,,
15270,8772,39,1,39.99,0,0,,
15271,8772,238,1,119.99,0,0,,
15272,8773,70,1,14.49,0,0,,
15273,8774,58,1,16.99,15,0,,
15274,8775,58,1,16.99,0,0,,
15275,8775,232,1,49.99,0,1,changed_mind,2026-06-25
15276,8776,64,2,10.99,0,0,,
15277,8777,100,1,79.99,0,0,,
15278,8777,230,1,229.99,0,0,,
15279,8778,123,1,54.99,0,0,,
15280,8779,165,1,13.99,0,0,,
15281,8779,137,1,89.99,0,0,,
15282,8779,135,1,27.99,0,0,,
15283,8780,119,1,34.99,0,0,,
15284,8781,142,1,49.99,0,1,size_too_small,2026-06-29
15285,8781,139,1,34.99,0,0,,
15286,8781,8,2,13.99,0,0,,
15287,8782,106,1,259.99,0,0,,
15288,8783,84,1,29.99,10,0,,
15289,8784,92,1,24.99,0,0,,
15290,8785,166,1,32.99,0,0,,
15291,8786,83,1,27.99,0,0,,
15292,8787,109,1,44.99,10,0,,
15293,8788,7,1,139.99,0,0,,
15294,8789,59,2,10.99,0,0,,
15295,8790,109,1,44.99,0,0,,
15296,8790,145,1,14.99,0,0,,
15297,8791,43,1,18.99,0,0,,
15298,8791,121,1,29.99,0,0,,
15299,8791,94,1,12.99,0,0,,
15300,8792,53,1,84.99,0,0,,
15301,8792,231,3,27.99,0,0,,
15302,8793,113,1,42.99,0,1,changed_mind,2026-06-17
15303,8793,119,1,34.99,0,0,,
15304,8794,166,1,32.99,0,0,,
15305,8795,82,2,10.49,0,0,,
15306,8795,109,1,44.99,0,0,,
15307,8795,194,1,11.49,0,0,,
15308,8795,229,1,11.99,0,1,changed_mind,2026-06-21
15309,8796,73,1,49.99,0,0,,
15310,8796,125,1,11.99,0,0,,
15311,8797,121,1,29.99,0,0,,
15312,8797,7,1,139.99,0,0,,
15313,8798,246,1,14.99,0,0,,
15314,8798,97,1,54.99,0,0,,
15315,8799,12,1,13.49,0,0,,
15316,8799,87,2,89.99,0,0,,
15317,8800,174,2,24.99,5,0,,
15318,8800,98,1,8.49,15,0,,
15319,8801,133,1,14.99,0,0,,
15320,8802,159,1,29.99,0,0,,
15321,8803,245,1,49.99,0,0,,
15322,8803,194,1,11.49,0,0,,
15323,8804,84,1,29.99,0,0,,
15324,8805,79,1,54.99,10,1,size_too_small,2026-06-20
15325,8806,167,1,47.99,10,1,changed_mind,2026-06-22
15326,8806,232,1,49.99,10,0,,
15327,8806,144,1,69.99,10,0,,
15328,8807,113,1,42.99,0,0,,
15329,8807,36,1,12.99,0,0,,
15330,8808,132,1,12.49,0,0,,
15331,8809,62,1,29.99,0,1,arrived_late,2026-06-25
15332,8810,227,2,14.99,0,0,,
15333,8811,148,1,29.99,0,0,,
15334,8811,111,2,18.99,0,0,,
15335,8812,175,1,15.99,0,0,,
15336,8813,113,1,42.99,0,0,,
15337,8813,233,1,39.99,0,0,,
15338,8814,117,2,6.99,0,0,,
15339,8814,134,1,12.99,0,0,,
15340,8814,86,1,8.99,0,0,,
15341,8814,141,1,24.99,0,0,,
15342,8815,238,1,119.99,0,0,,
15343,8816,88,1,34.99,0,0,,
15344,8817,152,1,22.99,0,0,,
15345,8818,150,1,15.99,0,0,,
15346,8819,197,1,39.99,0,0,,
15347,8820,146,1,21.99,0,0,,
15348,8820,84,1,29.99,0,0,,
15349,8821,148,2,29.99,0,1,defective,2026-06-23
15350,8821,43,1,18.99,0,1,not_as_described,2026-06-21
15351,8821,242,1,14.99,0,0,,
15352,8821,134,1,12.99,0,0,,
15353,8822,199,1,89.99,0,0,,
15354,8822,138,1,64.99,0,0,,
15355,8822,244,1,29.99,0,0,,
15356,8823,210,1,24.99,0,0,,
15357,8824,25,1,22.99,10,0,,
15358,8825,119,1,34.99,10,0,,
15359,8826,84,2,29.99,0,0,,
15360,8826,145,2,14.99,0,0,,
15361,8827,79,1,54.99,0,1,arrived_late,2026-06-23
15362,8827,109,1,44.99,0,1,not_as_described,2026-06-24
15363,8828,58,1,16.99,0,0,,
15364,8829,153,1,16.49,0,0,,
15365,8830,250,2,44.99,0,0,,
15366,8831,109,1,44.99,0,0,,
15367,8832,98,1,8.49,0,0,,
15368,8833,139,1,34.99,0,0,,
15369,8834,108,1,89.99,10,0,,
15370,8835,111,1,18.99,0,0,,
15371,8836,159,1,29.99,0,0,,
15372,8836,14,1,24.99,0,0,,
15373,8837,135,1,27.99,0,0,,
15374,8838,98,1,8.49,0,0,,
15375,8839,84,1,29.99,0,0,,
15376,8839,96,1,37.99,0,0,,
15377,8840,162,1,15.99,0,0,,
15378,8841,52,1,16.49,0,0,,
15379,8842,180,1,16.49,10,0,,
15380,8843,58,2,16.99,0,0,,
15381,8843,37,1,179.99,0,1,,2026-06-25
15382,8843,12,1,13.49,0,0,,
15383,8844,119,1,34.99,0,0,,
15384,8845,41,1,22.99,0,0,,
15385,8845,150,2,15.99,0,0,,
15386,8845,51,1,27.99,0,0,,
15387,8846,165,1,13.99,0,0,,
15388,8846,64,2,10.99,0,0,,
15389,8847,214,1,15.99,0,0,,
15390,8847,217,1,47.99,0,0,,
15391,8848,232,1,49.99,10,1,defective,2026-06-25
15392,8849,113,1,42.99,0,0,,
15393,8849,223,1,15.49,0,0,,
15394,8850,100,1,79.99,15,0,,
15395,8851,167,1,47.99,15,0,,
15396,8851,36,1,12.99,15,0,,
15397,8852,119,1,34.99,0,0,,
15398,8852,80,1,69.99,0,0,,
15399,8852,39,2,39.99,0,0,,
15400,8853,204,1,69.99,0,0,,
15401,8853,125,1,11.99,0,0,,
15402,8854,86,1,8.99,0,0,,
15403,8854,89,1,29.99,0,0,,
15404,8854,185,1,109.99,0,1,not_as_described,2026-06-28
15405,8855,232,1,49.99,0,1,defective,2026-06-29
15406,8856,150,1,15.99,0,0,,
15407,8856,20,1,32.99,0,0,,
15408,8857,180,1,16.49,15,0,,
15409,8858,173,1,99.99,0,0,,
15410,8858,148,1,29.99,0,1,changed_mind,2026-07-02
15411,8859,7,1,139.99,0,0,,
15412,8860,191,2,27.99,0,0,,
15413,8860,210,1,24.99,0,0,,
15414,8860,21,1,24.99,0,0,,
15415,8861,200,1,32.99,0,0,,
15416,8862,156,1,29.99,0,1,size_too_small,2026-06-22
15417,8863,248,1,89.99,0,0,,
15418,8863,242,2,14.99,0,0,,
15419,8863,133,1,14.99,0,0,,
15420,8864,110,1,18.99,0,0,,
15421,8865,167,1,47.99,0,0,,
15422,8865,93,1,13.99,0,0,,
15423,8866,141,1,24.99,10,0,,
15424,8866,28,1,34.99,10,0,,
15425,8867,68,1,99.99,0,0,,
15426,8867,44,1,74.99,0,0,,
15427,8868,104,1,59.99,0,0,,
15428,8869,154,1,32.99,0,0,,
15429,8869,17,1,11.99,0,0,,
15430,8869,52,1,16.49,0,1,defective,2026-07-02
15431,8870,211,1,37.99,0,0,,
15432,8871,85,1,24.99,0,0,,
15433,8871,43,1,18.99,0,0,,
15434,8872,13,2,89.99,0,0,,
15435,8873,73,1,49.99,0,0,,
15436,8874,24,1,32.99,20,1,not_as_described,2026-07-02
15437,8874,95,1,29.99,0,0,,
15438,8874,55,1,44.99,0,0,,
15439,8875,52,1,16.49,0,0,,
15440,8875,215,1,19.99,0,1,not_as_described,2026-07-03
15441,8876,156,1,29.99,0,0,,
15442,8877,43,1,18.99,0,0,,
15443,8877,7,1,139.99,0,0,,
15444,8878,122,1,34.99,10,0,,
15445,8878,153,1,16.49,10,0,,
15446,8878,241,1,8.99,10,0,,
15447,8879,45,1,32.99,0,0,,
15448,8880,109,1,44.99,0,0,,
15449,8881,70,1,14.49,15,0,,
15450,8881,97,1,54.99,15,0,,
15451,8882,157,1,99.99,0,0,,
15452,8882,88,1,34.99,0,0,,
15453,8883,211,1,37.99,0,0,,
15454,8883,33,1,34.99,0,0,,
15455,8884,68,1,99.99,10,0,,
15456,8885,104,1,59.99,0,0,,
15457,8886,70,2,14.49,0,0,,
15458,8887,12,2,13.49,0,0,,
15459,8888,124,1,69.99,0,0,,
15460,8888,190,1,10.99,0,0,,
15461,8889,168,1,32.99,10,0,,
15462,8890,8,2,13.99,0,0,,
15463,8891,50,1,24.99,10,0,,
15464,8891,241,1,8.99,10,0,,
15465,8892,65,1,37.99,0,0,,
15466,8893,65,1,37.99,0,0,,
15467,8893,47,1,84.99,0,0,,
15468,8894,187,1,649.99,0,0,,
15469,8894,145,1,14.99,0,0,,
15470,8895,206,1,19.99,0,0,,
15471,8896,65,1,37.99,10,0,,
15472,8896,43,1,18.99,10,1,changed_mind,2026-07-08
15473,8897,8,2,13.99,10,0,,
15474,8897,49,1,42.99,10,0,,
15475,8897,170,1,32.99,10,0,,
15476,8897,232,1,49.99,10,0,,
15477,8898,16,1,69.99,0,0,,
15478,8899,114,1,27.99,0,0,,
15479,8899,68,1,99.99,0,0,,
15480,8900,129,1,29.99,0,1,size_too_small,2026-07-01
15481,8901,119,1,34.99,0,0,,
15482,8902,237,1,249.99,0,0,,
15483,8902,89,1,29.99,0,0,,
15484,8903,232,1,49.99,10,0,,
15485,8903,171,1,32.99,10,0,,
15486,8904,190,1,10.99,0,0,,
15487,8905,153,1,16.49,10,0,,
15488,8906,13,1,89.99,0,0,,
15489,8906,250,1,44.99,0,1,size_too_large,2026-06-28
15490,8907,145,1,14.99,0,0,,
15491,8907,119,1,34.99,0,0,,
15492,8908,150,1,15.99,15,0,,
15493,8908,25,1,22.99,15,0,,
15494,8909,148,2,29.99,0,0,,
15495,8909,64,1,10.99,0,0,,
15496,8910,139,1,34.99,0,0,,
15497,8911,148,1,29.99,0,0,,
15498,8911,111,1,18.99,0,0,,
15499,8912,111,1,18.99,10,0,,
15500,8913,196,1,39.99,0,0,,
15501,8913,134,1,12.99,0,0,,
15502,8914,191,1,27.99,0,0,,
15503,8915,150,1,15.99,0,0,,
15504,8916,41,1,22.99,0,0,,
15505,8917,79,1,54.99,0,0,,
15506,8918,78,1,12.49,0,0,,
15507,8919,25,1,22.99,0,0,,
15508,8919,129,1,29.99,0,1,changed_mind,2026-06-30
15509,8920,90,1,39.99,0,0,,
15510,8920,223,1,15.49,0,0,,
15511,8920,126,1,59.99,0,0,,
15512,8921,97,2,54.99,10,0,,
15513,8922,191,1,27.99,0,0,,
15514,8923,152,1,22.99,0,0,,
15515,8924,129,1,29.99,0,1,size_too_small,2026-07-05
15516,8924,223,1,15.49,0,0,,
15517,8925,232,1,49.99,10,0,,
15518,8925,78,1,12.49,10,0,,
15519,8926,58,1,16.99,0,0,,
15520,8926,250,1,44.99,0,0,,
15521,8926,110,1,18.99,0,0,,
15522,8926,50,1,24.99,0,0,,
15523,8926,1,1,19.99,0,0,,
15524,8927,138,1,64.99,0,0,,
15525,8927,170,1,32.99,0,0,,
15526,8928,70,1,14.49,0,0,,
15527,8928,215,1,19.99,0,0,,
15528,8929,177,2,64.99,0,1,size_too_large,2026-07-03
15529,8930,122,2,34.99,0,0,,
15530,8930,241,1,8.99,0,0,,
15531,8931,226,1,59.99,10,0,,
15532,8931,89,1,29.99,10,0,,
15533,8932,242,1,14.99,0,0,,
15534,8932,138,1,64.99,0,0,,
15535,8932,17,1,11.99,25,0,,
15536,8933,20,1,32.99,0,0,,
15537,8934,116,1,34.99,0,0,,
15538,8935,169,1,39.99,0,0,,
15539,8935,41,1,22.99,0,0,,
15540,8936,157,1,99.99,0,0,,
15541,8937,9,1,24.99,15,0,,
15542,8938,238,1,119.99,0,0,,
15543,8939,144,1,69.99,0,1,defective,2026-07-03
15544,8939,34,1,27.99,0,0,,
15545,8940,142,3,49.99,0,0,,
15546,8940,232,1,49.99,0,0,,
15547,8941,157,1,99.99,0,0,,
15548,8942,238,1,119.99,0,0,,
15549,8942,68,1,99.99,0,0,,
15550,8942,33,1,34.99,0,0,,
15551,8942,58,1,16.99,0,0,,
15552,8943,153,1,16.49,10,0,,
15553,8943,199,1,89.99,10,0,,
15554,8944,165,2,13.99,0,0,,
15555,8945,73,1,49.99,0,0,,
15556,8946,51,1,27.99,10,0,,
15557,8947,193,1,159.99,0,0,,
15558,8948,64,1,10.99,0,0,,
15559,8948,232,2,49.99,0,0,,
15560,8949,111,1,18.99,10,1,not_as_described,2026-07-03
15561,8950,20,1,32.99,0,0,,
15562,8950,145,1,14.99,0,0,,
15563,8950,25,1,22.99,0,0,,
15564,8951,150,1,15.99,0,0,,
15565,8952,194,2,11.49,0,0,,
15566,8953,244,1,29.99,0,0,,
15567,8954,228,1,54.99,0,1,defective,2026-07-09
15568,8955,237,1,249.99,0,0,,
15569,8956,247,1,799.99,0,0,,
15570,8957,98,2,8.49,0,0,,
15571,8957,238,1,119.99,0,0,,
15572,8957,84,2,29.99,0,0,,
15573,8958,78,1,12.49,0,0,,
15574,8959,36,1,12.99,0,0,,
15575,8960,12,2,13.49,0,0,,
15576,8960,251,1,89.99,0,0,,
15577,8961,109,1,44.99,10,0,,
15578,8961,129,1,29.99,10,1,size_too_small,2026-07-08
15579,8962,56,1,19.99,0,0,,
15580,8963,36,1,12.99,0,0,,
15581,8963,44,1,74.99,0,0,,
15582,8963,97,1,54.99,0,0,,
15583,8964,250,1,44.99,0,1,defective,2026-07-10
15584,8964,114,1,27.99,0,0,,
15585,8965,79,1,54.99,0,0,,
15586,8966,95,1,29.99,0,0,,
15587,8966,219,1,42.99,0,0,,
15588,8967,133,1,14.99,0,0,,
15589,8967,55,1,44.99,0,0,,
15590,8968,44,1,74.99,0,0,,
15591,8969,11,1,54.99,0,0,,
15592,8970,43,1,18.99,10,0,,
15593,8970,125,1,11.99,10,0,,
15594,8971,95,1,29.99,0,1,defective,2026-07-18
15595,8972,145,1,14.99,0,0,,
15596,8973,14,1,24.99,10,0,,
15597,8973,189,1,34.99,10,0,,
15598,8973,45,1,32.99,10,0,,
15599,8974,24,2,32.99,0,1,wrong_item,2026-07-06
15600,8974,95,1,29.99,0,0,,
15601,8975,72,1,24.99,0,0,,
15602,8975,12,2,13.49,0,0,,
15603,8976,41,1,22.99,10,1,not_as_described,2026-07-04
15604,8976,210,1,24.99,10,0,,
15605,8976,190,1,10.99,10,0,,
15606,8977,230,1,229.99,10,0,,
15607,8978,58,1,16.99,0,0,,
15608,8979,130,1,14.99,0,0,,
15609,8980,110,1,18.99,0,0,,
15610,8981,25,1,22.99,0,0,,
15611,8982,97,1,54.99,0,1,defective,2026-07-07
15612,8983,69,1,149.99,20,0,,
15613,8983,156,1,29.99,0,0,,
15614,8984,32,1,37.99,0,0,,
15615,8985,8,1,13.99,0,0,,
15616,8985,24,1,32.99,0,0,,
15617,8985,12,1,13.49,0,0,,
15618,8986,24,1,32.99,0,0,,
15619,8986,95,1,29.99,0,0,,
15620,8987,93,1,13.99,0,0,,
15621,8988,153,1,16.49,0,0,,
15622,8988,189,1,34.99,0,0,,
15623,8988,114,1,27.99,0,0,,
15624,8989,53,1,84.99,0,0,,
15625,8990,77,1,54.99,0,0,,
15626,8991,139,1,34.99,0,0,,
15627,8992,134,1,12.99,0,0,,
15628,8992,28,1,34.99,0,1,arrived_late,2026-07-09
15629,8993,52,1,16.49,0,0,,
15630,8993,245,1,49.99,0,0,,
15631,8993,20,1,32.99,0,0,,
15632,8994,129,1,29.99,0,1,wrong_item,2026-07-09
15633,8994,43,1,18.99,0,0,,
15634,8995,129,1,29.99,0,1,changed_mind,2026-07-07
15635,8995,111,1,18.99,0,0,,
15636,8996,33,1,34.99,15,0,,
15637,8997,129,1,29.99,0,0,,
15638,8997,162,1,15.99,0,0,,
15639,8997,232,1,49.99,0,0,,
15640,8997,17,1,11.99,0,0,,
15641,8998,159,2,29.99,0,1,not_as_described,2026-07-03
15642,8998,58,1,16.99,0,0,,
15643,8998,24,1,32.99,0,0,,
15644,8998,95,1,29.99,0,0,,
15645,8999,111,1,18.99,10,0,,
15646,9000,130,1,14.99,10,0,,
15647,9001,191,1,27.99,0,0,,
15648,9002,228,1,54.99,10,0,,
15649,9002,98,1,8.49,10,0,,
15650,9003,171,1,32.99,0,0,,
15651,9004,219,1,42.99,0,0,,
15652,9004,173,1,99.99,0,1,defective,2026-07-10
15653,9004,204,1,69.99,0,0,,
15654,9004,93,1,13.99,0,0,,
15655,9005,242,1,14.99,0,0,,
15656,9005,59,2,10.99,0,0,,
15657,9006,171,1,32.99,0,0,,
15658,9007,119,1,34.99,0,1,not_as_described,2026-07-05
15659,9008,221,1,49.99,10,0,,
15660,9008,78,1,12.49,10,0,,
15661,9008,165,1,13.99,10,0,,
15662,9009,84,1,29.99,0,0,,
15663,9009,52,1,16.49,0,0,,
15664,9009,145,1,14.99,0,0,,
15665,9010,125,2,11.99,40,0,,
15666,9011,135,1,27.99,10,0,,
15667,9012,195,1,13.99,0,1,not_as_described,2026-07-09
15668,9013,226,1,59.99,0,0,,
15669,9013,212,1,39.99,0,0,,
15670,9014,4,1,14.99,15,0,,
15671,9015,119,1,34.99,20,0,,
15672,9015,146,1,21.99,0,0,,
15673,9015,125,1,11.99,40,0,,
15674,9016,138,1,64.99,0,0,,
15675,9017,43,1,18.99,30,0,,
15676,9017,153,1,16.49,0,0,,
15677,9018,134,1,12.99,15,0,,
15678,9019,113,1,42.99,40,1,size_too_small,2026-07-07
15679,9020,26,1,16.49,0,0,,
15680,9020,153,1,16.49,0,0,,
15681,9021,141,1,24.99,0,0,,
15682,9022,238,1,119.99,0,0,,
15683,9023,199,1,89.99,0,0,,
15684,9023,52,1,16.49,0,0,,
15685,9024,64,3,10.99,25,0,,
15686,9024,59,1,10.99,15,0,,
15687,9025,7,1,139.99,0,0,,
15688,9026,165,1,13.99,0,0,,
15689,9026,111,1,18.99,0,0,,
15690,9026,36,1,12.99,0,0,,
15691,9026,86,1,8.99,0,0,,
15692,9027,43,1,18.99,30,1,defective,2026-07-10
15693,9028,55,1,44.99,15,1,not_as_described,2026-07-11
15694,9029,97,1,54.99,0,0,,
15695,9030,24,1,32.99,10,0,,
15696,9031,73,2,49.99,25,0,,
15697,9032,202,1,299.99,0,0,,
15698,9033,229,1,11.99,10,0,,
15699,9034,186,1,24.99,10,0,,
15700,9034,80,1,69.99,10,0,,
15701,9034,189,1,34.99,10,0,,
15702,9034,86,1,8.99,10,0,,
15703,9034,214,1,15.99,10,0,,
15704,9034,233,1,39.99,10,0,,
15705,9035,7,1,139.99,0,0,,
15706,9035,62,1,29.99,20,0,,
15707,9036,215,1,19.99,0,0,,
15708,9036,132,2,12.49,0,0,,
15709,9037,80,1,69.99,0,0,,
15710,9038,97,1,54.99,0,0,,
15711,9039,90,1,39.99,0,0,,
15712,9039,217,1,47.99,15,0,,
15713,9040,180,2,16.49,10,0,,
15714,9041,230,1,229.99,0,0,,
15715,9042,194,1,11.49,0,0,,
15716,9043,93,1,13.99,10,0,,
15717,9044,91,1,44.99,0,0,,
15718,9044,43,1,18.99,30,1,not_as_described,2026-07-22
15719,9045,190,1,10.99,0,0,,
15720,9046,134,1,12.99,0,0,,
15721,9047,166,1,32.99,0,0,,
15722,9048,193,1,159.99,0,0,,
15723,9049,124,1,69.99,10,0,,
15724,9049,145,1,14.99,10,0,,
15725,9050,191,1,27.99,15,0,,
15726,9051,238,1,119.99,10,0,,
15727,9051,117,1,6.99,10,0,,
15728,9051,98,1,8.49,10,0,,
15729,9052,70,1,14.49,0,0,,
15730,9052,179,1,49.99,0,0,,
15731,9053,58,1,16.99,0,0,,
15732,9054,108,1,89.99,0,0,,
15733,9054,62,1,29.99,20,0,,
15734,9055,65,1,37.99,0,0,,
15735,9056,138,1,64.99,10,0,,
15736,9056,41,1,22.99,10,0,,
15737,9056,55,1,44.99,15,0,,
15738,9057,232,1,49.99,10,0,,
15739,9057,125,1,11.99,40,0,,
15740,9058,231,1,27.99,0,0,,
15741,9058,223,1,15.49,0,0,,
15742,9059,214,1,15.99,10,0,,
15743,9060,142,1,49.99,30,0,,
15744,9061,181,1,399.99,0,0,,
15745,9061,165,1,13.99,0,0,,
15746,9062,150,1,15.99,0,0,,
15747,9063,169,1,39.99,0,0,,
15748,9064,191,1,27.99,15,0,,
15749,9065,64,1,10.99,25,0,,
15750,9066,23,1,37.99,0,0,,
15751,9066,205,1,19.99,0,0,,
15752,9067,130,1,14.99,0,0,,
15753,9068,93,1,13.99,0,0,,
15754,9069,72,1,24.99,0,1,defective,2026-08-11
15755,9069,146,1,21.99,0,0,,
15756,9069,244,1,29.99,0,0,,
15757,9070,4,1,14.99,15,0,,
15758,9071,218,1,22.99,40,0,,
15759,9072,153,1,16.49,0,0,,
15760,9072,165,1,13.99,0,0,,
15761,9073,170,1,32.99,0,0,,
15762,9074,14,1,24.99,0,0,,
15763,9074,134,1,12.99,0,0,,
15764,9075,163,1,34.99,0,0,,
15765,9076,167,1,47.99,0,0,,
15766,9077,148,3,29.99,0,0,,
15767,9078,148,1,29.99,0,0,,
15768,9078,191,1,27.99,15,0,,
15769,9079,95,1,29.99,15,0,,
15770,9080,73,1,49.99,25,0,,
15771,9081,157,1,99.99,0,0,,
15772,9082,165,1,13.99,0,0,,
15773,9082,6,2,59.99,0,0,,
15774,9083,211,1,37.99,0,0,,
15775,9084,43,1,18.99,30,0,,
15776,9085,98,1,8.49,0,0,,
15777,9085,142,1,49.99,30,0,,
15778,9086,207,1,89.99,0,0,,
15779,9087,242,1,14.99,10,0,,
15780,9088,73,1,49.99,25,0,,
15781,9089,43,1,18.99,30,0,,
15782,9089,41,1,22.99,0,0,,
15783,9089,250,1,44.99,0,0,,
15784,9090,245,1,49.99,0,0,,
15785,9090,59,1,10.99,15,0,,
15786,9091,32,1,37.99,0,0,,
15787,9091,24,1,32.99,0,0,,
15788,9092,14,1,24.99,0,0,,
15789,9093,52,1,16.49,0,0,,
15790,9093,41,1,22.99,0,0,,
15791,9094,232,1,49.99,0,0,,
15792,9095,190,1,10.99,0,0,,
15793,9096,27,1,29.99,0,0,,
15794,9096,104,1,59.99,0,0,,
15795,9097,113,1,42.99,40,1,defective,2026-07-16
15796,9097,232,1,49.99,0,0,,
15797,9098,236,1,44.99,0,0,,
15798,9099,158,1,29.99,10,0,,
15799,9099,205,1,19.99,10,0,,
15800,9099,58,1,16.99,10,0,,
15801,9100,98,2,8.49,0,0,,
15802,9101,204,1,69.99,0,0,,
15803,9102,129,1,29.99,0,0,,
15804,9102,110,1,18.99,0,0,,
15805,9102,36,1,12.99,0,0,,
15806,9103,100,1,79.99,0,0,,
15807,9104,234,1,16.99,0,0,,
15808,9104,125,1,11.99,40,1,size_too_small,2026-07-14
15809,9105,98,1,8.49,0,0,,
15810,9106,156,1,29.99,20,0,,
15811,9106,145,1,14.99,0,0,,
15812,9107,98,1,8.49,0,0,,
15813,9108,148,1,29.99,0,1,size_too_large,2026-07-12
15814,9108,119,1,34.99,20,0,,
15815,9109,84,1,29.99,0,1,changed_mind,2026-07-22
15816,9109,69,1,149.99,0,0,,
15817,9110,43,1,18.99,30,0,,
15818,9110,148,1,29.99,0,1,size_too_small,2026-07-19
15819,9110,145,1,14.99,0,0,,
15820,9111,98,1,8.49,0,0,,
15821,9111,244,1,29.99,0,0,,
15822,9111,101,1,39.99,30,0,,
15823,9112,28,1,34.99,30,0,,
15824,9113,105,1,37.99,15,0,,
15825,9114,152,1,22.99,30,0,,
15826,9114,43,1,18.99,30,0,,
15827,9114,254,1,69.99,40,0,,
15828,9115,135,1,27.99,0,0,,
15829,9116,34,1,27.99,0,0,,
15830,9117,155,1,139.99,20,0,,
15831,9117,90,1,39.99,10,0,,
15832,9118,150,1,15.99,0,1,changed_mind,2026-07-17
15833,9118,134,3,12.99,0,0,,
15834,9118,193,1,159.99,0,0,,
15835,9119,64,1,10.99,15,0,,
15836,9119,58,1,16.99,0,0,,
15837,9120,134,1,12.99,0,0,,
15838,9121,50,1,24.99,0,0,,
15839,9122,113,1,42.99,40,0,,
15840,9122,43,1,18.99,30,0,,
15841,9122,111,1,18.99,0,0,,
15842,9123,98,1,8.49,0,0,,
15843,9124,110,1,18.99,0,0,,
15844,9124,234,1,16.99,0,0,,
15845,9124,196,1,39.99,15,0,,
15846,9124,18,1,39.99,0,1,arrived_late,2026-07-20
15847,9125,190,1,10.99,0,0,,
15848,9126,208,1,209.99,0,0,,
15849,9126,20,1,32.99,0,0,,
15850,9126,199,1,89.99,0,0,,
15851,9126,126,2,59.99,0,0,,
15852,9127,50,1,24.99,10,0,,
15853,9127,205,1,19.99,10,0,,
15854,9127,8,2,13.99,10,0,,
15855,9128,8,1,13.99,0,0,,
15856,9128,170,1,32.99,0,0,,
15857,9128,153,1,16.49,0,0,,
15858,9129,69,1,149.99,0,0,,
15859,9130,244,1,29.99,0,0,,
15860,9130,28,1,34.99,30,0,,
15861,9131,159,1,29.99,15,0,,
15862,9131,90,1,39.99,0,0,,
15863,9131,126,1,59.99,0,0,,
15864,9131,119,1,34.99,20,0,,
15865,9132,82,1,10.49,0,0,,
15866,9133,17,1,11.99,10,0,,
15867,9133,34,1,27.99,10,0,,
15868,9134,153,1,16.49,10,0,,
15869,9135,175,1,15.99,0,0,,
15870,9135,121,1,29.99,0,0,,
15871,9136,152,1,22.99,30,0,,
15872,9137,232,1,49.99,0,0,,
15873,9137,241,1,8.99,15,0,,
15874,9138,98,1,8.49,10,0,,
15875,9139,111,1,18.99,0,0,,
15876,9140,70,2,14.49,0,0,,
15877,9140,58,1,16.99,0,0,,
15878,9141,190,1,10.99,10,0,,
15879,9142,246,1,14.99,25,1,not_as_described,2026-07-27
15880,9143,36,1,12.99,0,0,,
15881,9143,189,1,34.99,0,0,,
15882,9143,223,1,15.49,0,0,,
15883,9143,231,1,27.99,0,0,,
15884,9144,62,1,29.99,20,0,,
15885,9144,150,1,15.99,0,0,,
15886,9145,4,1,14.99,15,0,,
15887,9145,109,1,44.99,15,0,,
15888,9146,121,1,29.99,10,0,,
15889,9147,245,1,49.99,0,1,changed_mind,2026-07-17
15890,9148,253,1,34.99,0,0,,
15891,9149,158,1,29.99,10,0,,
15892,9150,130,1,14.99,0,0,,
15893,9151,251,1,89.99,0,0,,
15894,9152,223,1,15.49,0,0,,
15895,9152,134,1,12.99,0,0,,
15896,9152,8,1,13.99,0,0,,
15897,9153,33,1,34.99,0,1,changed_mind,2026-07-20
15898,9153,148,1,29.99,0,0,,
15899,9153,141,1,24.99,0,0,,
15900,9153,37,1,179.99,0,0,,
15901,9154,58,1,16.99,0,0,,
15902,9154,169,1,39.99,0,0,,
15903,9155,232,1,49.99,0,0,,
15904,9155,64,1,10.99,15,0,,
15905,9156,156,1,29.99,20,0,,
15906,9156,111,1,18.99,0,0,,
15907,9157,170,1,32.99,10,0,,
15908,9157,135,1,27.99,10,0,,
15909,9158,90,1,39.99,0,0,,
15910,9159,121,1,29.99,0,0,,
15911,9159,200,1,32.99,0,0,,
15912,9160,124,1,69.99,0,0,,
15913,9161,111,1,18.99,0,0,,
15914,9162,153,1,16.49,15,0,,
15915,9163,59,1,10.99,15,0,,
15916,9163,4,1,14.99,15,0,,
15917,9164,144,1,69.99,15,0,,
15918,9164,55,1,44.99,15,0,,
15919,9165,97,1,54.99,0,0,,
15920,9166,145,1,14.99,0,0,,
15921,9166,228,1,54.99,50,0,,
15922,9166,33,1,34.99,0,0,,
15923,9167,245,1,49.99,0,0,,
15924,9168,33,1,34.99,0,0,,
15925,9169,39,1,39.99,10,1,arrived_late,2026-07-21
15926,9169,145,1,14.99,10,0,,
15927,9170,151,1,29.99,0,0,,
15928,9171,142,1,49.99,30,0,,
15929,9171,110,1,18.99,0,0,,
15930,9172,64,1,10.99,15,0,,
15931,9172,254,1,69.99,40,0,,
15932,9173,7,1,139.99,10,0,,
15933,9174,238,1,119.99,0,0,,
15934,9175,113,1,42.99,40,0,,
15935,9176,64,3,10.99,15,0,,
15936,9176,39,1,39.99,0,0,,
15937,9176,129,1,29.99,0,1,not_as_described,2026-07-18
15938,9176,113,1,42.99,40,1,changed_mind,2026-07-25
15939,9176,148,1,29.99,0,0,,
15940,9177,156,1,29.99,20,0,,
15941,9177,64,1,10.99,15,0,,
15942,9177,129,1,29.99,0,0,,
15943,9178,138,1,64.99,10,0,,
15944,9178,93,2,13.99,10,0,,
15945,9179,152,1,22.99,30,0,,
15946,9180,90,1,39.99,0,0,,
15947,9180,238,1,119.99,0,1,defective,2026-08-04
15948,9180,31,1,29.99,0,0,,
15949,9180,21,1,24.99,15,0,,
15950,9181,33,2,34.99,0,0,,
15951,9181,27,1,29.99,0,0,,
15952,9182,2,1,69.99,0,0,,
15953,9183,205,1,19.99,0,0,,
15954,9183,111,1,18.99,0,0,,
15955,9183,176,1,949.99,0,0,,
15956,9184,232,1,49.99,0,0,,
15957,9185,161,1,74.99,10,0,,
15958,9186,129,1,29.99,10,0,,
15959,9187,5,1,49.99,0,0,,
15960,9188,217,1,47.99,15,0,,
15961,9189,81,1,179.99,0,0,,
15962,9189,199,1,89.99,0,0,,
15963,9190,89,1,29.99,0,0,,
15964,9190,235,1,19.99,0,0,,
15965,9190,64,1,10.99,15,0,,
15966,9191,109,1,44.99,15,1,wrong_item,2026-07-20
15967,9192,47,2,84.99,10,0,,
15968,9193,152,1,22.99,30,0,,
15969,9194,26,1,16.49,0,0,,
15970,9195,141,1,24.99,0,0,,
15971,9196,254,1,69.99,40,0,,
15972,9197,129,1,29.99,0,0,,
15973,9198,246,1,14.99,20,0,,
15974,9199,159,1,29.99,15,1,defective,2026-08-01
15975,9200,134,1,12.99,0,0,,
15976,9200,153,1,16.49,0,0,,
15977,9201,150,1,15.99,0,0,,
15978,9201,121,1,29.99,0,0,,
15979,9202,98,2,8.49,0,0,,
15980,9202,162,1,15.99,0,0,,
15981,9203,33,1,34.99,10,0,,
15982,9203,113,1,42.99,40,0,,
15983,9203,235,1,19.99,10,0,,
15984,9204,95,1,29.99,15,0,,
15985,9204,171,1,32.99,10,0,,
15986,9205,90,1,39.99,0,0,,
15987,9206,8,1,13.99,0,0,,
15988,9206,231,1,27.99,0,0,,
15989,9207,117,1,6.99,0,0,,
15990,9208,260,1,24.99,0,0,,
15991,9209,234,1,16.99,0,0,,
15992,9210,59,2,10.99,15,0,,
15993,9210,111,1,18.99,0,0,,
15994,9211,142,1,49.99,30,0,,
15995,9211,251,1,89.99,0,0,,
15996,9212,58,1,16.99,0,0,,
15997,9213,119,1,34.99,20,0,,
15998,9214,234,1,16.99,15,0,,
15999,9215,223,1,15.49,0,1,not_as_described,2026-07-28
16000,9215,10,1,19.99,0,0,,
16001,9216,33,1,34.99,0,0,,
16002,9217,58,1,16.99,0,0,,
16003,9218,11,1,54.99,40,0,,
16004,9219,187,1,649.99,0,0,,
16005,9219,145,1,14.99,0,0,,
16006,9220,120,1,89.99,40,1,size_too_large,2026-07-25
16007,9221,5,1,49.99,0,0,,
16008,9222,189,1,34.99,0,0,,
16009,9223,152,1,22.99,30,1,size_too_large,2026-07-26
16010,9223,65,1,37.99,20,0,,
16011,9223,141,1,24.99,0,0,,
16012,9224,12,3,13.49,10,0,,
16013,9225,70,3,14.49,0,0,,
16014,9225,215,1,19.99,0,0,,
16015,9226,5,1,49.99,0,1,defective,2026-07-26
16016,9226,229,1,11.99,0,0,,
16017,9227,226,1,59.99,0,0,,
16018,9227,101,1,39.99,30,0,,
16019,9227,33,1,34.99,0,0,,
16020,9227,175,1,15.99,0,1,size_too_large,2026-07-23
16021,9228,84,1,29.99,0,0,,
16022,9229,148,1,29.99,0,0,,
16023,9230,251,1,89.99,10,0,,
16024,9230,238,2,119.99,10,0,,
16025,9230,119,1,34.99,20,0,,
16026,9231,97,1,54.99,0,0,,
16027,9232,95,1,29.99,15,0,,
16028,9232,226,1,59.99,0,0,,
16029,9233,58,1,16.99,10,0,,
16030,9233,158,1,29.99,10,0,,
16031,9233,12,1,13.49,10,0,,
16032,9234,51,1,27.99,0,0,,
16033,9235,81,1,179.99,0,0,,
16034,9236,94,1,12.99,0,0,,
16035,9236,64,1,10.99,15,0,,
16036,9237,43,1,18.99,30,0,,
16037,9238,65,1,37.99,20,1,size_too_large,2026-07-26
16038,9239,205,1,19.99,0,0,,
16039,9240,129,1,29.99,0,0,,
16040,9241,111,1,18.99,0,0,,
16041,9242,145,3,14.99,10,1,,2026-08-03
16042,9242,9,1,24.99,10,0,,
16043,9243,17,1,11.99,0,0,,
16044,9244,129,1,29.99,0,1,size_too_large,2026-07-24
16045,9244,92,1,24.99,0,0,,
16046,9245,259,1,14.99,0,0,,
16047,9245,16,1,69.99,0,0,,
16048,9246,244,1,29.99,0,0,,
16049,9247,214,1,15.99,0,0,,
16050,9248,70,2,14.49,10,1,defective,2026-08-30
16051,9248,215,1,19.99,10,0,,
16052,9248,129,1,29.99,10,0,,
16053,9248,57,1,22.99,10,0,,
16054,9249,180,1,16.49,0,0,,
16055,9250,142,1,49.99,30,1,changed_mind,2026-08-04
16056,9251,228,1,54.99,50,0,,
16057,9252,169,1,39.99,0,0,,
16058,9252,153,1,16.49,0,0,,
16059,9253,8,1,13.99,0,0,,
16060,9254,111,1,18.99,0,0,,
16061,9254,17,1,11.99,0,0,,
16062,9254,62,1,29.99,20,0,,
16063,9255,232,1,49.99,10,0,,
16064,9256,167,1,47.99,0,0,,
16065,9257,58,1,16.99,0,0,,
16066,9258,142,1,49.99,30,1,,2026-07-25
16067,9259,259,1,14.99,0,0,,
16068,9259,97,1,54.99,0,0,,
16069,9260,59,1,10.99,15,0,,
16070,9261,74,1,17.49,0,0,,
16071,9261,226,1,59.99,0,0,,
16072,9262,155,1,139.99,20,0,,
16073,9262,73,1,49.99,25,0,,
16074,9263,259,1,14.99,10,0,,
16075,9263,156,1,29.99,20,0,,
16076,9263,153,1,16.49,10,0,,
16077,9264,238,1,119.99,10,0,,
16078,9265,244,1,29.99,0,0,,
16079,9265,191,1,27.99,15,0,,
16080,9265,195,1,13.99,0,0,,
16081,9266,238,2,119.99,0,0,,
16082,9267,27,1,29.99,0,0,,
16083,9268,138,1,64.99,0,0,,
16084,9268,196,1,39.99,15,0,,
16085,9268,199,1,89.99,0,0,,
16086,9268,34,1,27.99,0,1,changed_mind,2026-07-25
16087,9269,246,1,14.99,20,1,,2026-07-25
16088,9270,11,1,54.99,40,0,,
16089,9271,252,1,44.99,25,0,,
16090,9271,52,1,16.49,0,0,,
16091,9271,165,1,13.99,0,0,,
16092,9272,166,1,32.99,0,0,,
16093,9273,109,1,44.99,0,0,,
16094,9273,177,1,64.99,50,1,defective,2026-08-09
16095,9273,129,1,29.99,0,1,changed_mind,2026-08-03
16096,9274,156,1,29.99,20,0,,
16097,9275,121,1,29.99,0,0,,
16098,9276,126,1,59.99,0,1,changed_mind,2026-07-29
16099,9277,64,1,10.99,25,0,,
16100,9278,148,1,29.99,0,0,,
16101,9279,59,2,10.99,15,1,changed_mind,2026-07-25
16102,9279,156,1,29.99,20,1,,2026-07-26
16103,9279,150,1,15.99,0,0,,
16104,9280,228,1,54.99,50,0,,
16105,9280,232,1,49.99,0,0,,
16106,9281,89,1,29.99,0,0,,
16107,9281,246,1,14.99,20,0,,
16108,9282,119,1,34.99,20,0,,
16109,9282,17,1,11.99,0,0,,
16110,9282,34,1,27.99,0,0,,
16111,9283,58,1,16.99,0,0,,
16112,9283,156,1,29.99,20,0,,
16113,9283,144,1,69.99,0,0,,
16114,9284,51,1,27.99,10,0,,
16115,9285,205,1,19.99,0,0,,
16116,9285,13,1,89.99,0,0,,
16117,9285,238,1,119.99,0,0,,
16118,9286,211,1,37.99,0,0,,
16119,9286,259,1,14.99,0,0,,
16120,9286,167,1,47.99,0,1,wrong_item,2026-07-24
16121,9287,145,1,14.99,0,0,,
16122,9288,244,1,29.99,0,0,,
16123,9288,56,1,19.99,0,0,,
16124,9288,98,1,8.49,0,0,,
16125,9289,194,1,11.49,0,0,,
16126,9289,59,1,10.99,15,0,,
16127,9289,227,1,14.99,0,0,,
16128,9290,49,1,42.99,10,0,,
16129,9291,67,1,34.99,0,0,,
16130,9292,59,1,10.99,15,0,,
16131,9292,227,1,14.99,10,0,,
16132,9293,145,1,14.99,0,0,,
16133,9293,43,1,18.99,30,0,,
16134,9294,64,1,10.99,25,0,,
16135,9294,88,1,34.99,0,0,,
16136,9294,242,1,14.99,0,0,,
16137,9295,79,1,54.99,25,0,,
16138,9296,187,1,649.99,0,0,,
16139,9296,145,1,14.99,10,0,,
16140,9297,165,2,13.99,15,0,,
16141,9298,32,1,37.99,0,0,,
16142,9298,121,1,29.99,0,0,,
16143,9298,246,3,14.99,20,0,,
16144,9299,43,1,18.99,30,0,,
16145,9299,173,1,99.99,0,0,,
16146,9299,17,1,11.99,0,0,,
16147,9299,16,1,69.99,0,0,,
16148,9300,33,1,34.99,0,0,,
16149,9301,58,1,16.99,0,0,,
16150,9301,43,1,18.99,30,0,,
16151,9301,206,1,19.99,0,0,,
16152,9302,228,1,54.99,50,0,,
16153,9303,33,1,34.99,0,0,,
16154,9304,141,1,24.99,15,0,,
16155,9305,214,1,15.99,10,0,,
16156,9306,159,1,29.99,15,1,not_as_described,2026-08-08
16157,9307,93,3,13.99,0,0,,
16158,9307,23,1,37.99,0,0,,
16159,9308,12,1,13.49,0,0,,
16160,9309,242,1,14.99,0,0,,
16161,9310,187,1,649.99,0,0,,
16162,9310,185,1,109.99,0,0,,
16163,9310,162,1,15.99,0,0,,
16164,9311,14,1,24.99,0,0,,
16165,9312,17,1,11.99,0,0,,
16166,9313,191,1,27.99,15,0,,
16167,9314,234,1,16.99,0,0,,
16168,9315,24,1,32.99,0,0,,
16169,9315,170,1,32.99,0,0,,
16170,9315,152,1,22.99,30,0,,
16171,9316,58,1,16.99,10,0,,
16172,9317,230,1,229.99,10,0,,
16173,9318,98,1,8.49,0,0,,
16174,9318,231,1,27.99,0,0,,
16175,9319,12,1,13.49,0,0,,
16176,9319,135,1,27.99,0,0,,
16177,9320,23,1,37.99,0,0,,
16178,9320,67,1,34.99,0,0,,
16179,9320,105,1,37.99,15,0,,
16180,9320,111,1,18.99,0,0,,
16181,9320,205,1,19.99,0,0,,
16182,9321,16,1,69.99,0,0,,
16183,9321,252,1,44.99,25,0,,
16184,9322,88,1,34.99,10,0,,
16185,9323,36,2,12.99,0,0,,
16186,9324,119,1,34.99,20,0,,
16187,9324,185,1,109.99,0,0,,
16188,9324,175,1,15.99,0,0,,
16189,9325,113,2,42.99,40,0,,
16190,9325,120,1,89.99,40,0,,
16191,9326,64,2,10.99,25,0,,
16192,9326,66,1,69.99,0,0,,
16193,9326,26,1,16.49,0,0,,
16194,9326,58,1,16.99,0,0,,
16195,9326,234,1,16.99,0,0,,
16196,9327,114,1,27.99,10,0,,
16197,9327,18,1,39.99,10,0,,
16198,9328,223,1,15.49,0,0,,
16199,9329,119,1,34.99,20,0,,
16200,9329,134,1,12.99,0,0,,
16201,9330,175,1,15.99,0,0,,
16202,9331,156,1,29.99,20,0,,
16203,9332,229,3,11.99,0,0,,
16204,9332,111,1,18.99,0,0,,
16205,9333,199,1,89.99,0,0,,
16206,9333,58,1,16.99,0,0,,
16207,9334,137,1,89.99,25,0,,
16208,9334,56,1,19.99,0,0,,
16209,9335,175,1,15.99,10,0,,
16210,9335,95,1,29.99,15,0,,
16211,9336,134,3,12.99,0,0,,
16212,9336,244,1,29.99,0,0,,
16213,9337,96,1,37.99,10,0,,
16214,9338,43,1,18.99,30,1,changed_mind,2026-08-05
16215,9339,144,1,69.99,10,0,,
16216,9340,52,1,16.49,0,0,,
16217,9340,75,1,44.99,0,0,,
16218,9341,190,1,10.99,0,0,,
16219,9342,138,1,64.99,0,0,,
16220,9343,236,1,44.99,0,0,,
16221,9343,37,1,179.99,0,0,,
16222,9343,238,1,119.99,0,0,,
16223,9343,92,1,24.99,0,0,,
16224,9343,259,2,14.99,0,0,,
16225,9343,123,1,54.99,0,0,,
16226,9344,193,1,159.99,0,0,,
16227,9345,151,2,29.99,0,1,changed_mind,2026-07-31
16228,9346,98,2,8.49,0,0,,
16229,9347,234,1,16.99,0,0,,
16230,9348,5,1,49.99,10,0,,
16231,9348,260,1,24.99,10,0,,
16232,9349,32,1,37.99,0,0,,
16233,9350,137,3,89.99,25,0,,
16234,9351,153,1,16.49,0,0,,
16235,9352,91,1,44.99,0,0,,
16236,9352,175,1,15.99,0,0,,
16237,9353,90,1,39.99,10,0,,
16238,9354,254,1,69.99,40,0,,
16239,9355,220,1,29.99,0,0,,
16240,9356,196,1,39.99,15,0,,
16241,9356,89,1,29.99,0,1,not_as_described,2026-08-02
16242,9357,187,1,649.99,0,0,,
16243,9357,145,1,14.99,0,0,,
16244,9358,31,2,29.99,0,0,,
16245,9358,21,1,24.99,15,0,,
16246,9358,245,1,49.99,0,0,,
16247,9359,43,1,18.99,30,0,,
16248,9359,39,1,39.99,0,0,,
16249,9360,86,2,8.99,0,0,,
16250,9361,98,1,8.49,0,0,,
16251,9362,235,1,19.99,0,0,,
16252,9362,97,1,54.99,0,0,,
16253,9362,12,1,13.49,0,0,,
16254,9363,58,1,16.99,0,0,,
16255,9363,23,1,37.99,0,0,,
16256,9364,134,1,12.99,0,0,,
16257,9365,114,1,27.99,0,0,,
16258,9366,125,1,11.99,40,0,,
16259,9367,55,1,44.99,15,0,,
16260,9367,23,1,37.99,0,0,,
16261,9368,190,1,10.99,10,0,,
16262,9368,170,1,32.99,10,0,,
16263,9369,58,2,16.99,0,0,,
16264,9369,220,1,29.99,0,0,,
16265,9370,93,1,13.99,20,0,,
16266,9371,123,1,54.99,0,1,not_as_described,2026-08-14
16267,9371,43,1,18.99,30,0,,
16268,9372,250,1,44.99,0,0,,
16269,9372,165,1,13.99,0,0,,
16270,9373,248,1,89.99,0,0,,
16271,9373,205,1,19.99,0,0,,
16272,9374,240,1,49.99,0,0,,
16273,9374,243,1,29.99,0,0,,
16274,9374,154,1,32.99,15,1,not_as_described,2026-08-02
16275,9375,4,1,14.99,15,0,,
16276,9376,258,2,32.99,0,0,,
16277,9377,254,1,69.99,40,0,,
16278,9377,244,1,29.99,10,0,,
16279,9378,157,1,99.99,0,0,,
16280,9379,70,1,14.49,0,0,,
16281,9380,222,1,109.99,50,0,,
16282,9380,254,1,69.99,40,0,,
16283,9381,90,1,39.99,0,0,,
16284,9381,43,1,18.99,30,0,,
16285,9382,18,1,39.99,0,0,,
16286,9383,119,1,34.99,20,0,,
16287,9383,96,1,37.99,0,0,,
16288,9383,146,1,21.99,0,0,,
16289,9383,126,1,59.99,0,0,,
16290,9383,159,1,29.99,15,0,,
16291,9383,90,1,39.99,0,0,,
16292,9384,23,1,37.99,10,0,,
16293,9385,96,1,37.99,0,0,,
16294,9386,111,1,18.99,0,0,,
16295,9387,82,2,10.49,0,0,,
16296,9388,183,1,59.99,40,0,,
16297,9389,44,1,74.99,0,0,,
16298,9390,58,1,16.99,0,0,,
16299,9390,12,1,13.49,0,0,,
16300,9391,254,1,69.99,40,0,,
16301,9391,59,1,10.99,15,0,,
16302,9392,14,1,24.99,0,0,,
16303,9392,36,1,12.99,0,0,,
16304,9393,119,1,34.99,20,0,,
16305,9393,214,1,15.99,10,0,,
16306,9393,229,1,11.99,10,0,,
16307,9394,204,1,69.99,10,0,,
16308,9394,98,2,8.49,10,0,,
16309,9395,236,2,44.99,0,0,,
16310,9396,159,1,29.99,15,0,,
16311,9396,33,1,34.99,0,0,,
16312,9397,7,1,139.99,0,0,,
16313,9397,171,1,32.99,0,0,,
16314,9398,62,1,29.99,20,0,,
16315,9399,254,1,69.99,40,0,,
16316,9399,153,1,16.49,0,0,,
16317,9399,93,1,13.99,20,0,,
16318,9399,58,1,16.99,0,0,,
16319,9399,175,1,15.99,0,0,,
16320,9400,106,1,259.99,0,0,,
16321,9400,218,1,22.99,40,0,,
16322,9401,70,1,14.49,10,0,,
16323,9401,155,1,139.99,20,0,,
16324,9402,154,1,32.99,15,0,,
16325,9402,66,1,69.99,0,0,,
16326,9403,228,1,54.99,50,0,,
16327,9404,254,1,69.99,40,0,,
16328,9405,167,1,47.99,15,1,size_too_large,2026-08-06
16329,9405,109,1,44.99,0,0,,
16330,9406,134,1,12.99,0,0,,
16331,9407,148,1,29.99,0,1,changed_mind,2026-08-08
16332,9407,111,1,18.99,0,0,,
16333,9408,235,1,19.99,0,0,,
16334,9408,146,1,21.99,0,0,,
16335,9409,252,1,44.99,25,0,,
16336,9410,191,1,27.99,15,0,,
16337,9411,58,1,16.99,10,0,,
16338,9412,58,1,16.99,0,0,,
16339,9413,81,1,179.99,15,0,,
16340,9413,34,1,27.99,15,0,,
16341,9414,187,1,649.99,0,0,,
16342,9414,72,1,24.99,0,0,,
16343,9415,170,1,32.99,0,0,,
16344,9416,148,1,29.99,0,0,,
16345,9417,134,1,12.99,0,0,,
16346,9418,34,1,27.99,0,0,,
16347,9419,1,1,19.99,0,0,,
16348,9419,65,1,37.99,0,0,,
16349,9420,238,1,119.99,0,1,changed_mind,2026-08-15
16350,9420,218,1,22.99,40,1,not_as_described,2026-08-05
16351,9421,62,1,29.99,20,0,,
16352,9421,111,1,18.99,0,0,,
16353,9422,122,1,34.99,0,0,,
16354,9422,150,1,15.99,0,0,,
16355,9423,144,1,69.99,0,0,,
16356,9423,167,1,47.99,15,1,,2026-08-08
16357,9424,12,1,13.49,0,0,,
16358,9424,34,1,27.99,0,0,,
16359,9424,153,1,16.49,0,0,,
16360,9425,217,3,47.99,0,0,,
16361,9426,24,1,32.99,0,0,,
16362,9426,95,1,29.99,0,0,,
16363,9427,141,1,24.99,0,0,,
16364,9427,236,1,44.99,0,0,,
16365,9428,13,1,89.99,10,0,,
16366,9429,138,1,64.99,10,0,,
16367,9429,104,1,59.99,10,0,,
16368,9430,134,1,12.99,0,0,,
16369,9430,259,1,14.99,0,0,,
16370,9430,209,1,74.99,0,0,,
16371,9431,59,1,10.99,0,0,,
16372,9431,17,1,11.99,0,0,,
16373,9432,138,1,64.99,0,0,,
16374,9433,234,1,16.99,0,0,,
16375,9433,105,1,37.99,0,0,,
16376,9434,66,1,69.99,0,0,,
16377,9434,88,1,34.99,0,0,,
16378,9434,243,1,29.99,0,0,,
16379,9435,144,1,69.99,0,0,,
16380,9436,125,1,11.99,0,0,,
16381,9437,126,1,59.99,0,0,,
16382,9437,196,1,39.99,0,0,,
16383,9438,134,3,12.99,0,0,,
16384,9438,158,1,29.99,0,0,,
16385,9439,18,1,39.99,0,0,,
16386,9440,245,1,49.99,0,0,,
16387,9440,258,1,32.99,0,0,,
16388,9440,33,1,34.99,0,0,,
16389,9441,232,1,49.99,0,0,,
16390,9441,95,1,29.99,0,0,,
16391,9442,125,1,11.99,0,0,,
16392,9443,94,1,12.99,0,0,,
16393,9443,11,1,54.99,0,0,,
16394,9443,240,1,49.99,0,0,,
16395,9443,167,1,47.99,15,1,size_too_small,2026-08-08
16396,9443,98,1,8.49,0,0,,
16397,9444,208,1,209.99,0,0,,
16398,9444,86,2,8.99,0,0,,
16399,9445,229,2,11.99,0,0,,
16400,9445,218,1,22.99,0,0,,
16401,9446,98,2,8.49,0,0,,
16402,9447,259,1,14.99,0,0,,
16403,9448,163,1,34.99,10,0,,
16404,9449,161,1,74.99,0,0,,
16405,9449,135,1,27.99,0,0,,
16406,9450,185,1,109.99,0,1,size_too_large,2026-08-09
16407,9451,4,2,14.99,0,0,,
16408,9452,62,1,29.99,0,0,,
16409,9453,229,1,11.99,0,0,,
16410,9454,93,3,13.99,0,0,,
16411,9454,78,1,12.49,0,0,,
16412,9455,1,1,19.99,0,0,,
16413,9456,190,1,10.99,0,0,,
16414,9457,211,1,37.99,0,0,,
16415,9457,145,1,14.99,0,0,,
16416,9458,135,1,27.99,0,0,,
16417,9458,59,1,10.99,0,0,,
16418,9459,230,1,229.99,0,0,,
16419,9459,129,1,29.99,0,0,,
16420,9459,44,1,74.99,0,0,,
16421,9459,4,2,14.99,0,0,,
16422,9459,242,1,14.99,0,0,,
16423,9460,59,1,10.99,0,0,,
16424,9460,227,1,14.99,0,0,,
16425,9461,92,1,24.99,0,0,,
16426,9461,189,1,34.99,0,0,,
16427,9461,82,1,10.49,0,0,,
16428,9461,226,1,59.99,0,0,,
16429,9462,242,1,14.99,0,0,,
16430,9462,12,2,13.49,0,0,,
16431,9463,31,1,29.99,0,0,,
16432,9463,242,1,14.99,0,0,,
16433,9463,21,1,24.99,0,0,,
16434,9464,179,1,49.99,10,0,,
16435,9464,132,1,12.49,10,0,,
16436,9465,9,1,24.99,0,0,,
16437,9465,196,1,39.99,0,0,,
16438,9466,132,1,12.49,0,0,,
16439,9467,214,1,15.99,0,0,,
16440,9468,89,1,29.99,10,0,,
16441,9469,41,1,22.99,0,0,,
16442,9470,211,1,37.99,0,0,,
16443,9471,98,1,8.49,0,0,,
16444,9471,72,1,24.99,0,0,,
16445,9471,156,1,29.99,0,1,not_as_described,2026-08-09
16446,9472,84,1,29.99,0,0,,
16447,9473,34,1,27.99,0,0,,
16448,9474,51,1,27.99,0,0,,
16449,9475,51,1,27.99,0,0,,
16450,9476,138,2,64.99,0,0,,
16451,9477,260,1,24.99,0,0,,
16452,9478,196,1,39.99,0,1,not_as_described,2026-08-18
16453,9479,145,1,14.99,0,0,,
16454,9479,95,1,29.99,0,0,,
16455,9480,236,1,44.99,0,1,defective,2026-08-19
16456,9480,125,1,11.99,0,0,,
16457,9481,145,1,14.99,0,0,,
16458,9481,238,1,119.99,0,0,,
16459,9481,67,1,34.99,0,0,,
16460,9482,25,1,22.99,0,0,,
16461,9483,54,1,129.99,0,0,,
16462,9483,139,1,34.99,0,0,,
16463,9484,58,1,16.99,0,0,,
16464,9485,259,1,14.99,0,0,,
16465,9486,169,2,39.99,0,0,,
16466,9487,150,1,15.99,0,0,,
16467,9487,62,1,29.99,0,0,,
16468,9487,141,1,24.99,0,0,,
16469,9487,111,1,18.99,0,0,,
16470,9487,221,1,49.99,0,0,,
16471,9488,34,1,27.99,0,0,,
16472,9489,145,3,14.99,0,0,,
16473,9490,177,1,64.99,0,0,,
16474,9490,168,1,32.99,0,0,,
16475,9490,234,1,16.99,0,0,,
16476,9491,58,1,16.99,0,0,,
16477,9492,52,1,16.49,0,0,,
16478,9493,200,1,32.99,10,0,,
16479,9494,160,1,149.99,0,0,,
16480,9495,245,1,49.99,0,0,,
16481,9496,142,1,49.99,0,0,,
16482,9496,229,1,11.99,0,0,,
16483,9497,78,1,12.49,0,0,,
16484,9497,41,1,22.99,0,0,,
16485,9498,208,1,209.99,0,0,,
16486,9498,102,1,59.99,0,1,size_too_small,2026-08-20
16487,9499,9,1,24.99,0,0,,
16488,9500,111,1,18.99,0,0,,
16489,9500,248,1,89.99,0,0,,
16490,9501,98,1,8.49,0,0,,
16491,9501,51,1,27.99,0,0,,
16492,9502,111,1,18.99,0,0,,
16493,9503,175,1,15.99,0,0,,
16494,9504,259,1,14.99,0,0,,
16495,9504,129,1,29.99,0,0,,
16496,9504,8,1,13.99,0,0,,
16497,9505,177,1,64.99,0,1,,2026-08-15
16498,9505,51,1,27.99,0,0,,
16499,9506,25,1,22.99,10,0,,
16500,9506,113,1,42.99,10,0,,
16501,9507,134,1,12.99,0,0,,
16502,9507,124,1,69.99,0,0,,
16503,9507,153,1,16.49,0,0,,
16504,9508,199,1,89.99,0,0,,
16505,9509,254,1,69.99,0,0,,
16506,9509,64,1,10.99,0,0,,
16507,9510,120,1,89.99,0,1,not_as_described,2026-08-18
16508,9511,80,1,69.99,0,1,size_too_small,2026-08-21
16509,9511,202,1,299.99,0,0,,
16510,9512,121,1,29.99,0,0,,
16511,9512,70,1,14.49,0,0,,
16512,9513,102,1,59.99,0,0,,
16513,9514,258,2,32.99,0,0,,
16514,9514,64,1,10.99,0,0,,
16515,9515,232,1,49.99,10,0,,
16516,9515,166,1,32.99,10,0,,
16517,9516,119,1,34.99,15,0,,
16518,9516,183,1,59.99,0,1,changed_mind,2026-08-17
16519,9517,148,1,29.99,0,0,,
16520,9518,249,1,49.99,0,0,,
16521,9518,232,1,49.99,0,0,,
16522,9519,79,1,54.99,0,1,not_as_described,2026-08-18
16523,9519,55,1,44.99,0,0,,
16524,9519,65,1,37.99,0,0,,
16525,9520,67,1,34.99,0,0,,
16526,9520,229,1,11.99,0,0,,
16527,9521,114,1,27.99,0,0,,
16528,9522,111,1,18.99,0,0,,
16529,9522,85,1,24.99,0,0,,
16530,9523,4,2,14.99,0,0,,
16531,9523,20,1,32.99,0,0,,
16532,9523,234,1,16.99,0,0,,
16533,9524,70,3,14.49,0,0,,
16534,9525,91,1,44.99,0,0,,
16535,9526,53,1,84.99,0,0,,
16536,9527,58,1,16.99,0,0,,
16537,9528,96,1,37.99,0,0,,
16538,9528,89,2,29.99,0,0,,
16539,9529,125,1,11.99,0,1,size_too_large,2026-08-14
16540,9530,113,1,42.99,0,1,changed_mind,2026-08-18
16541,9531,59,1,10.99,0,0,,
16542,9532,45,1,32.99,0,0,,
16543,9533,246,1,14.99,0,0,,
16544,9534,104,1,59.99,0,0,,
16545,9535,205,2,19.99,0,0,,
16546,9535,39,1,39.99,0,0,,
16547,9536,137,1,89.99,15,1,,2026-08-15
16548,9536,246,1,14.99,0,0,,
16549,9537,166,1,32.99,15,0,,
16550,9538,223,1,15.49,0,0,,
16551,9539,59,1,10.99,0,0,,
16552,9539,145,1,14.99,0,0,,
16553,9539,194,1,11.49,0,0,,
16554,9540,119,1,34.99,10,0,,
16555,9540,145,1,14.99,10,0,,
16556,9540,254,1,69.99,10,0,,
16557,9541,95,1,29.99,0,0,,
16558,9541,259,1,14.99,0,0,,
16559,9542,11,1,54.99,0,0,,
16560,9542,148,1,29.99,0,0,,
16561,9543,106,1,259.99,0,0,,
16562,9544,111,1,18.99,0,0,,
16563,9544,51,1,27.99,0,0,,
16564,9545,228,1,54.99,0,1,changed_mind,2026-08-27
16565,9546,232,1,49.99,0,0,,
16566,9547,214,1,15.99,0,0,,
16567,9548,62,1,29.99,0,0,,
16568,9548,98,3,8.49,0,0,,
16569,9549,117,1,6.99,0,0,,
16570,9549,67,1,34.99,0,0,,
16571,9550,51,1,27.99,0,0,,
16572,9550,90,1,39.99,0,0,,
16573,9551,144,1,69.99,0,0,,
16574,9552,117,1,6.99,10,0,,
16575,9553,224,1,12.99,10,0,,
16576,9553,220,1,29.99,10,0,,
16577,9553,229,1,11.99,10,0,,
16578,9554,238,1,119.99,0,0,,
16579,9555,39,1,39.99,0,0,,
16580,9555,95,1,29.99,0,1,changed_mind,2026-08-15
16581,9556,26,2,16.49,0,1,defective,2026-08-28
16582,9556,248,1,89.99,0,0,,
16583,9557,259,1,14.99,10,1,changed_mind,2026-08-14
16584,9557,44,1,74.99,25,0,,
16585,9557,92,1,24.99,10,0,,
16586,9558,109,1,44.99,0,0,,
16587,9559,242,1,14.99,0,0,,
16588,9559,217,1,47.99,0,0,,
16589,9560,125,1,11.99,0,0,,
16590,9561,150,1,15.99,0,0,,
16591,9562,187,1,649.99,0,0,,
16592,9562,145,1,14.99,0,0,,
16593,9562,230,1,229.99,0,0,,
16594,9563,129,1,29.99,10,0,,
16595,9564,106,1,259.99,0,0,,
16596,9564,44,1,74.99,25,0,,
16597,9565,89,1,29.99,10,0,,
16598,9565,73,1,49.99,10,0,,
16599,9566,74,1,17.49,0,0,,
16600,9566,43,1,18.99,0,0,,
16601,9566,4,1,14.99,0,0,,
16602,9567,98,1,8.49,0,0,,
16603,9568,41,1,22.99,0,0,,
16604,9569,135,1,27.99,0,0,,
16605,9570,65,1,37.99,0,1,size_too_small,2026-08-17
16606,9571,244,1,29.99,0,0,,
16607,9571,175,1,15.99,0,0,,
16608,9572,64,1,10.99,0,0,,
16609,9572,93,1,13.99,0,0,,
16610,9572,130,1,14.99,0,0,,
16611,9573,9,1,24.99,0,0,,
16612,9573,159,1,29.99,0,0,,
16613,9574,69,1,149.99,0,1,defective,2026-09-03
16614,9574,148,1,29.99,0,0,,
16615,9575,232,1,49.99,0,0,,
16616,9575,59,1,10.99,0,0,,
16617,9576,195,1,13.99,0,0,,
16618,9577,14,1,24.99,0,0,,
16619,9577,204,1,69.99,0,0,,
16620,9577,125,1,11.99,0,0,,
16621,9577,168,3,32.99,0,0,,
16622,9578,255,1,99.99,0,0,,
16623,9579,155,1,139.99,0,1,changed_mind,2026-08-16
16624,9579,90,1,39.99,0,0,,
16625,9580,232,1,49.99,0,0,,
16626,9580,111,1,18.99,0,0,,
16627,9581,78,2,12.49,0,0,,
16628,9582,232,1,49.99,0,0,,
16629,9582,43,1,18.99,0,0,,
16630,9583,165,1,13.99,0,0,,
16631,9583,64,1,10.99,0,0,,
16632,9584,45,1,32.99,0,0,,
16633,9585,58,1,16.99,0,0,,
16634,9586,98,1,8.49,0,0,,
16635,9586,90,1,39.99,0,0,,
16636,9587,82,1,10.49,0,0,,
16637,9588,235,1,19.99,0,0,,
16638,9588,24,1,32.99,0,0,,
16639,9589,259,1,14.99,0,0,,
16640,9589,100,1,79.99,0,0,,
16641,9589,12,2,13.49,20,0,,
16642,9589,235,1,19.99,0,0,,
16643,9589,202,1,299.99,0,0,,
16644,9590,43,1,18.99,0,1,not_as_described,2026-08-21
16645,9591,177,1,64.99,0,0,,
16646,9591,228,1,54.99,0,0,,
16647,9591,154,1,32.99,0,0,,
16648,9591,58,1,16.99,0,0,,
16649,9592,211,1,37.99,10,0,,
16650,9592,237,1,249.99,10,1,changed_mind,2026-08-22
16651,9593,43,1,18.99,15,0,,
16652,9594,191,1,27.99,0,0,,
16653,9595,59,1,10.99,0,0,,
16654,9595,11,1,54.99,0,0,,
16655,9596,58,1,16.99,15,0,,
16656,9597,39,1,39.99,0,1,arrived_late,2026-08-23
16657,9597,153,1,16.49,0,0,,
16658,9598,111,1,18.99,0,0,,
16659,9599,150,1,15.99,40,0,,
16660,9600,98,1,8.49,0,0,,
16661,9601,111,1,18.99,0,0,,
16662,9602,244,1,29.99,30,0,,
16663,9603,226,1,59.99,0,0,,
16664,9604,201,1,29.99,10,0,,
16665,9605,31,1,29.99,10,0,,
16666,9606,139,3,34.99,0,0,,
16667,9606,28,3,34.99,0,0,,
16668,9606,8,1,13.99,0,0,,
16669,9607,37,1,179.99,0,0,,
16670,9607,236,1,44.99,0,0,,
16671,9608,125,1,11.99,0,0,,
16672,9609,232,1,49.99,0,0,,
16673,9609,110,1,18.99,0,0,,
16674,9609,259,1,14.99,0,0,,
16675,9610,185,1,109.99,0,0,,
16676,9610,162,1,15.99,0,0,,
16677,9611,259,2,14.99,10,0,,
16678,9611,56,1,19.99,10,0,,
16679,9612,177,1,64.99,0,0,,
16680,9613,246,1,14.99,0,0,,
16681,9614,33,1,34.99,0,0,,
16682,9614,142,1,49.99,0,0,,
16683,9614,250,2,44.99,0,0,,
16684,9615,39,1,39.99,0,0,,
16685,9616,218,1,22.99,0,0,,
16686,9617,132,1,12.49,0,0,,
16687,9618,205,1,19.99,0,0,,
16688,9618,108,1,89.99,0,0,,
16689,9619,214,1,15.99,10,0,,
16690,9620,169,1,39.99,0,0,,
16691,9621,121,1,29.99,30,0,,
16692,9622,159,1,29.99,0,0,,
16693,9622,251,1,89.99,0,0,,
16694,9622,256,1,49.99,0,0,,
16695,9622,211,1,37.99,0,0,,
16696,9623,150,1,15.99,40,0,,
16697,9623,113,1,42.99,0,1,size_too_small,2026-08-22
16698,9624,191,1,27.99,10,0,,
16699,9624,142,1,49.99,10,0,,
16700,9625,234,1,16.99,0,0,,
16701,9626,12,1,13.49,20,0,,
16702,9626,68,1,99.99,0,0,,
16703,9626,45,1,32.99,0,0,,
16704,9626,186,1,24.99,0,0,,
16705,9626,150,1,15.99,40,0,,
16706,9627,144,1,69.99,0,0,,
16707,9627,167,1,47.99,0,0,,
16708,9627,159,1,29.99,0,0,,
16709,9628,192,1,24.99,0,0,,
16710,9628,94,1,12.99,0,0,,
16711,9628,170,2,32.99,0,1,changed_mind,2026-08-21
16712,9628,58,1,16.99,0,0,,
16713,9629,135,1,27.99,10,0,,
16714,9630,84,1,29.99,10,0,,
16715,9631,242,1,14.99,0,0,,
16716,9632,134,2,12.99,40,0,,
16717,9632,259,2,14.99,0,0,,
16718,9632,25,1,22.99,40,0,,
16719,9633,145,1,14.99,0,0,,
16720,9634,250,1,44.99,10,1,defective,2026-09-04
16721,9635,228,1,54.99,0,0,,
16722,9635,255,1,99.99,0,0,,
16723,9636,130,1,14.99,0,0,,
16724,9636,177,1,64.99,0,0,,
16725,9636,109,1,44.99,0,0,,
16726,9637,39,1,39.99,10,0,,
16727,9638,113,1,42.99,0,0,,
16728,9639,235,1,19.99,0,0,,
16729,9639,220,1,29.99,0,0,,
16730,9639,217,1,47.99,0,0,,
16731,9640,220,1,29.99,10,0,,
16732,9640,33,1,34.99,10,0,,
16733,9641,129,1,29.99,0,0,,
16734,9642,121,1,29.99,30,0,,
16735,9643,33,1,34.99,0,0,,
16736,9643,129,1,29.99,0,0,,
16737,9644,125,1,11.99,0,0,,
16738,9644,14,1,24.99,0,0,,
16739,9645,177,1,64.99,10,0,,
16740,9646,167,1,47.99,0,1,size_too_large,2026-08-27
16741,9647,104,2,59.99,0,0,,
16742,9647,86,1,8.99,0,0,,
16743,9648,8,1,13.99,0,0,,
16744,9648,27,1,29.99,0,0,,
16745,9649,11,1,54.99,10,0,,
16746,9649,24,1,32.99,10,0,,
16747,9649,242,1,14.99,10,0,,
16748,9650,89,1,29.99,0,0,,
16749,9651,33,1,34.99,0,0,,
16750,9652,121,1,29.99,30,0,,
16751,9653,129,1,29.99,0,1,not_as_described,2026-08-22
16752,9654,9,1,24.99,0,0,,
16753,9655,242,1,14.99,0,0,,
16754,9655,257,1,19.99,0,0,,
16755,9656,228,1,54.99,0,0,,
16756,9656,79,1,54.99,0,0,,
16757,9656,145,1,14.99,0,0,,
16758,9657,45,1,32.99,25,0,,
16759,9658,156,1,29.99,10,0,,
16760,9659,130,1,14.99,10,0,,
16761,9659,118,1,159.99,10,0,,
16762,9660,82,2,10.49,0,0,,
16763,9661,242,1,14.99,0,0,,
16764,9662,232,1,49.99,0,0,,
16765,9662,218,1,22.99,0,0,,
16766,9662,142,1,49.99,0,0,,
16767,9662,111,2,18.99,0,0,,
16768,9663,167,1,47.99,0,0,,
16769,9664,162,1,15.99,0,0,,
16770,9665,51,1,27.99,0,0,,
16771,9665,94,1,12.99,0,0,,
16772,9666,58,1,16.99,0,0,,
16773,9666,124,1,69.99,0,1,not_as_described,2026-08-27
16774,9667,8,1,13.99,0,0,,
16775,9668,45,1,32.99,25,0,,
16776,9668,28,1,34.99,0,0,,
16777,9669,125,2,11.99,0,1,size_too_large,2026-09-02
16778,9669,28,1,34.99,0,0,,
16779,9670,17,3,11.99,0,0,,
16780,9671,8,1,13.99,0,0,,
16781,9672,247,1,799.99,0,0,,
16782,9672,242,1,14.99,0,0,,
16783,9673,108,1,89.99,0,0,,
16784,9674,150,1,15.99,40,0,,
16785,9675,70,1,14.49,0,0,,
16786,9675,215,1,19.99,0,0,,
16787,9676,126,1,59.99,0,0,,
16788,9676,175,1,15.99,0,0,,
16789,9677,229,1,11.99,0,0,,
16790,9678,198,1,42.99,10,0,,
16791,9678,260,1,24.99,10,0,,
16792,9679,138,1,64.99,0,0,,
16793,9679,108,1,89.99,0,0,,
16794,9680,153,1,16.49,0,0,,
16795,9680,189,1,34.99,0,0,,
16796,9681,148,1,29.99,0,1,not_as_described,2026-08-24
16797,9682,70,1,14.49,0,0,,
16798,9683,12,1,13.49,20,0,,
16799,9684,122,1,34.99,0,0,,
16800,9684,141,1,24.99,0,0,,
16801,9685,191,1,27.99,0,0,,
16802,9686,156,1,29.99,0,0,,
16803,9686,33,1,34.99,0,0,,
16804,9686,52,1,16.49,0,0,,
16805,9687,14,1,24.99,0,0,,
16806,9688,94,1,12.99,0,0,,
16807,9689,56,1,19.99,10,0,,
16808,9690,159,1,29.99,0,0,,
16809,9690,89,1,29.99,0,0,,
16810,9691,68,2,99.99,0,0,,
16811,9692,145,1,14.99,0,0,,
16812,9692,34,1,27.99,0,0,,
16813,9693,141,1,24.99,0,0,,
16814,9694,65,1,37.99,0,0,,
16815,9695,138,1,64.99,0,0,,
16816,9696,114,1,27.99,0,0,,
16817,9697,165,1,13.99,15,0,,
16818,9697,64,2,10.99,15,0,,
16819,9698,82,1,10.49,0,0,,
16820,9699,243,1,29.99,0,0,,
16821,9700,109,1,44.99,0,0,,
16822,9700,124,1,69.99,0,0,,
16823,9701,108,1,89.99,0,0,,
16824,9702,251,1,89.99,10,0,,
16825,9703,259,1,14.99,10,0,,
16826,9704,94,2,12.99,10,0,,
16827,9705,59,1,10.99,0,0,,
16828,9705,158,1,29.99,0,0,,
16829,9705,194,1,11.49,0,0,,
16830,9706,34,1,27.99,0,0,,
16831,9706,25,1,22.99,40,0,,
16832,9706,33,1,34.99,0,0,,
16833,9707,58,1,16.99,0,0,,
16834,9708,70,1,14.49,0,0,,
16835,9709,13,1,89.99,0,0,,
16836,9710,111,1,18.99,0,0,,
16837,9711,248,1,89.99,0,0,,
16838,9711,260,1,24.99,10,0,,
16839,9711,12,1,13.49,20,0,,
16840,9711,169,1,39.99,0,0,,
16841,9711,125,3,11.99,0,1,size_too_small,2026-08-29
16842,9711,95,1,29.99,0,0,,
16843,9712,33,1,34.99,0,0,,
16844,9712,202,1,299.99,0,0,,
16845,9712,145,2,14.99,0,0,,
16846,9713,235,1,19.99,15,0,,
16847,9714,223,1,15.49,10,0,,
16848,9715,217,1,47.99,0,0,,
16849,9716,133,1,14.99,0,0,,
16850,9717,148,1,29.99,0,0,,
16851,9718,222,1,109.99,0,0,,
16852,9718,43,1,18.99,0,0,,
16853,9719,130,1,14.99,10,0,,
16854,9719,4,1,14.99,10,0,,
16855,9720,242,1,14.99,0,0,,
16856,9720,97,1,54.99,0,0,,
16857,9720,12,1,13.49,20,0,,
16858,9721,162,1,15.99,0,0,,
16859,9721,58,2,16.99,0,0,,
16860,9722,100,1,79.99,0,0,,
16861,9723,27,1,29.99,0,1,not_as_described,2026-08-28
16862,9723,84,2,29.99,0,0,,
16863,9724,148,1,29.99,0,0,,
16864,9724,23,1,37.99,0,0,,
16865,9725,177,1,64.99,0,1,changed_mind,2026-08-29
16866,9725,84,1,29.99,0,0,,
16867,9725,125,1,11.99,0,0,,
16868,9725,79,1,54.99,0,0,,
16869,9725,13,1,89.99,0,0,,
16870,9726,152,1,22.99,0,0,,
16871,9726,259,1,14.99,10,0,,
16872,9727,259,1,14.99,10,0,,
16873,9728,153,1,16.49,0,0,,
16874,9729,195,2,13.99,0,0,,
16875,9730,93,1,13.99,0,0,,
16876,9730,130,2,14.99,0,0,,
16877,9730,242,1,14.99,0,0,,
16878,9730,4,1,14.99,0,0,,
16879,9731,248,1,89.99,0,0,,
16880,9732,242,1,14.99,0,0,,
16881,9732,259,1,14.99,10,0,,
16882,9733,102,1,59.99,10,1,arrived_late,2026-09-08
16883,9734,159,1,29.99,0,0,,
16884,9734,141,1,24.99,0,1,defective,2026-09-01
16885,9734,196,1,39.99,0,0,,
16886,9734,107,3,9.99,0,1,defective,2026-09-08
16887,9734,31,1,29.99,0,0,,
16888,9735,121,1,29.99,30,0,,
16889,9736,82,1,10.49,0,0,,
16890,9737,48,1,89.99,0,0,,
16891,9738,70,1,14.49,0,0,,
16892,9739,212,1,39.99,0,0,,
16893,9740,43,1,18.99,0,0,,
16894,9740,129,1,29.99,0,0,,
16895,9740,150,1,15.99,40,0,,
16896,9741,189,1,34.99,10,0,,
16897,9741,257,1,19.99,10,0,,
16898,9742,94,1,12.99,0,0,,
16899,9743,58,1,16.99,0,0,,
16900,9744,259,1,14.99,10,0,,
16901,9744,113,1,42.99,0,1,not_as_described,2026-08-29
16902,9744,150,1,15.99,40,0,,
16903,9744,204,1,69.99,0,0,,
16904,9745,8,3,13.99,0,0,,
16905,9745,70,1,14.49,0,0,,
16906,9745,24,1,32.99,0,0,,
16907,9746,20,1,32.99,20,0,,
16908,9747,53,1,84.99,0,0,,
16909,9747,166,1,32.99,0,0,,
16910,9748,85,1,24.99,0,0,,
16911,9749,33,1,34.99,0,0,,
16912,9749,26,1,16.49,0,0,,
16913,9749,152,1,22.99,0,0,,
16914,9750,106,1,259.99,0,0,,
16915,9750,200,1,32.99,30,0,,
16916,9751,169,1,39.99,0,0,,
16917,9752,236,1,44.99,0,0,,
16918,9752,36,1,12.99,0,0,,
16919,9753,55,1,44.99,0,1,changed_mind,2026-09-04
16920,9753,94,1,12.99,0,0,,
16921,9754,21,1,24.99,0,0,,
16922,9754,33,1,34.99,0,0,,
16923,9754,87,1,89.99,0,0,,
16924,9755,153,1,16.49,0,0,,
16925,9756,259,1,14.99,10,0,,
16926,9757,96,1,37.99,0,0,,
16927,9758,21,1,24.99,0,0,,
16928,9758,97,1,54.99,0,0,,
16929,9758,52,1,16.49,0,0,,
16930,9758,159,1,29.99,0,0,,
16931,9758,16,1,69.99,15,0,,
16932,9759,44,1,74.99,0,0,,
16933,9759,234,1,16.99,0,0,,
16934,9759,113,1,42.99,0,0,,
16935,9760,246,1,14.99,0,0,,
16936,9760,167,1,47.99,0,1,size_too_small,2026-09-18
16937,9760,257,1,19.99,0,0,,
16938,9761,93,1,13.99,10,0,,
16939,9762,2,1,69.99,15,0,,
16940,9762,14,1,24.99,15,0,,
16941,9763,45,1,32.99,0,0,,
16942,9763,7,1,139.99,0,0,,
16943,9764,153,1,16.49,0,0,,
16944,9765,129,1,29.99,0,1,changed_mind,2026-09-01
16945,9765,102,1,59.99,0,1,not_as_described,2026-08-30
16946,9766,70,1,14.49,0,0,,
16947,9767,93,1,13.99,0,0,,
16948,9768,148,1,29.99,15,0,,
16949,9769,189,1,34.99,0,0,,
16950,9769,4,1,14.99,0,0,,
16951,9769,258,1,32.99,0,0,,
16952,9770,223,1,15.49,0,0,,
16953,9771,249,1,49.99,15,0,,
16954,9771,111,1,18.99,15,0,,
16955,9771,229,1,11.99,15,0,,
16956,9771,105,1,37.99,15,0,,
16957,9771,252,1,44.99,15,0,,
16958,9772,11,1,54.99,10,0,,
16959,9772,129,1,29.99,10,1,defective,2026-09-16
16960,9772,148,1,29.99,15,0,,
16961,9773,145,1,14.99,0,0,,
16962,9774,236,1,44.99,0,0,,
16963,9774,260,1,24.99,10,0,,
16964,9774,12,1,13.49,20,0,,
16965,9775,33,1,34.99,10,1,changed_mind,2026-09-05
16966,9776,159,1,29.99,0,0,,
16967,9777,159,1,29.99,0,0,,
16968,9777,17,1,11.99,15,1,not_as_described,2026-09-01
16969,9778,191,1,27.99,0,0,,
16970,9779,185,1,109.99,0,1,,2026-09-13
16971,9779,175,1,15.99,0,0,,
16972,9780,126,1,59.99,0,0,,
16973,9781,109,1,44.99,0,1,size_too_small,2026-09-03
16974,9781,144,1,69.99,0,1,size_too_large,2026-09-03
16975,9782,58,1,16.99,0,0,,
16976,9782,255,1,99.99,0,0,,
16977,9783,167,1,47.99,0,0,,
16978,9783,101,1,39.99,0,0,,
16979,9784,246,2,14.99,0,0,,
16980,9785,111,1,18.99,0,0,,
16981,9786,99,1,29.99,0,0,,
16982,9786,33,1,34.99,0,0,,
16983,9786,119,1,34.99,0,0,,
16984,9787,214,1,15.99,0,0,,
16985,9788,260,1,24.99,10,0,,
16986,9788,129,1,29.99,0,0,,
16987,9788,250,1,44.99,0,0,,
16988,9788,148,1,29.99,15,0,,
16989,9789,251,1,89.99,0,0,,
16990,9789,148,1,29.99,15,0,,
16991,9790,204,1,69.99,0,0,,
16992,9791,162,1,15.99,10,0,,
16993,9791,254,1,69.99,10,0,,
16994,9792,134,1,12.99,40,0,,
16995,9792,64,2,10.99,0,0,,
16996,9793,53,1,84.99,0,1,size_too_large,2026-09-07
16997,9793,230,1,229.99,0,0,,
16998,9793,79,1,54.99,0,0,,
16999,9794,148,1,29.99,15,0,,
17000,9795,95,1,29.99,0,0,,
17001,9796,197,1,39.99,0,0,,
17002,9796,159,1,29.99,0,0,,
17003,9796,4,1,14.99,0,0,,
17004,9797,152,1,22.99,0,0,,
17005,9798,23,1,37.99,0,0,,
17006,9798,254,2,69.99,0,0,,
17007,9799,94,1,12.99,0,0,,
17008,9800,64,1,10.99,0,0,,
17009,9801,41,1,22.99,0,0,,
17010,9801,50,1,24.99,25,0,,
17011,9802,196,1,39.99,0,0,,
17012,9803,146,1,21.99,0,0,,
17013,9803,97,1,54.99,0,0,,
17014,9804,196,1,39.99,10,0,,
17015,9804,13,1,89.99,10,0,,
17016,9805,25,1,22.99,40,0,,
17017,9806,187,1,649.99,0,0,,
17018,9807,92,2,24.99,0,0,,
17019,9807,134,1,12.99,40,0,,
17020,9808,1,1,19.99,0,0,,
17021,9809,229,1,11.99,0,0,,
17022,9809,41,1,22.99,0,0,,
17023,9810,96,1,37.99,10,0,,
17024,9811,148,1,29.99,15,0,,
17025,9811,232,1,49.99,0,0,,
17026,9811,163,1,34.99,0,0,,
17027,9811,191,1,27.99,0,0,,
17028,9812,107,2,9.99,0,0,,
17029,9813,220,1,29.99,0,1,defective,2026-09-06
17030,9813,229,1,11.99,0,0,,
17031,9814,113,1,42.99,0,0,,
17032,9815,24,2,32.99,0,0,,
17033,9816,39,1,39.99,0,0,,
17034,9817,119,1,34.99,0,0,,
17035,9817,237,1,249.99,0,0,,
17036,9818,259,1,14.99,10,0,,
17037,9818,257,1,19.99,0,1,arrived_late,2026-09-08
17038,9819,12,2,13.49,20,0,,
17039,9820,223,1,15.49,0,0,,
17040,9821,26,1,16.49,0,0,,
17041,9822,108,1,89.99,10,0,,
17042,9822,211,1,37.99,10,0,,
17043,9823,175,1,15.99,0,0,,
17044,9824,240,1,49.99,30,0,,
17045,9825,95,1,29.99,0,0,,
17046,9825,55,1,44.99,0,0,,
17047,9825,218,1,22.99,0,0,,
17048,9826,229,2,11.99,0,0,,
17049,9827,96,1,37.99,0,1,changed_mind,2026-09-07
17050,9827,237,1,249.99,0,0,,
17051,9828,158,1,29.99,0,0,,
17052,9828,248,2,89.99,0,0,,
17053,9828,205,1,19.99,0,0,,
17054,9829,254,1,69.99,15,0,,
17055,9830,70,1,14.49,0,0,,
17056,9831,83,1,27.99,0,0,,
17057,9831,135,1,27.99,0,0,,
17058,9832,189,1,34.99,0,0,,
17059,9833,166,1,32.99,0,0,,
17060,9834,257,1,19.99,0,0,,
17061,9834,142,1,49.99,0,1,size_too_small,2026-09-07
17062,9835,145,1,14.99,0,0,,
17063,9836,20,1,32.99,20,0,,
17064,9837,215,1,19.99,0,0,,
17065,9838,12,1,13.49,20,0,,
17066,9839,25,1,22.99,40,0,,
17067,9839,50,1,24.99,0,0,,
17068,9839,70,1,14.49,0,0,,
17069,9839,14,1,24.99,0,0,,
17070,9839,134,1,12.99,40,0,,
17071,9840,114,1,27.99,0,0,,
17072,9841,144,1,69.99,0,1,size_too_large,2026-09-04
17073,9841,200,1,32.99,30,0,,
17074,9842,156,1,29.99,0,0,,
17075,9843,134,1,12.99,40,0,,
17076,9843,214,1,15.99,25,0,,
17077,9844,68,1,99.99,0,0,,
17078,9845,238,1,119.99,0,0,,
17079,9846,31,1,29.99,10,0,,
17080,9846,146,1,21.99,10,0,,
17081,9847,120,1,89.99,0,0,,
17082,9848,234,1,16.99,0,0,,
17083,9848,169,1,39.99,0,0,,
17084,9849,148,1,29.99,0,0,,
17085,9850,90,1,39.99,0,1,,2026-09-10
17086,9850,31,1,29.99,0,0,,
17087,9851,88,1,34.99,0,1,,2026-09-20
17088,9851,111,1,18.99,0,0,,
17089,9851,12,1,13.49,20,0,,
17090,9852,213,1,99.99,0,0,,
17091,9852,175,1,15.99,0,0,,
17092,9853,246,1,14.99,0,0,,
17093,9853,223,1,15.49,0,0,,
17094,9853,146,1,21.99,0,0,,
17095,9853,214,1,15.99,25,0,,
17096,9854,62,1,29.99,15,0,,
17097,9854,254,1,69.99,15,0,,
17098,9855,3,1,249.99,15,1,size_too_large,2026-09-09
17099,9856,31,1,29.99,0,0,,
17100,9856,21,1,24.99,0,0,,
17101,9857,165,2,13.99,0,0,,
17102,9857,98,2,8.49,0,0,,
17103,9857,134,1,12.99,40,0,,
17104,9858,138,1,64.99,0,0,,
17105,9859,33,1,34.99,0,0,,
17106,9860,233,1,39.99,0,0,,
17107,9861,14,1,24.99,0,0,,
17108,9862,170,1,32.99,10,0,,
17109,9863,125,1,11.99,0,0,,
17110,9864,24,1,32.99,0,0,,
17111,9865,138,1,64.99,0,0,,
17112,9866,205,1,19.99,0,0,,
17113,9866,110,1,18.99,0,1,changed_mind,2026-09-07
17114,9866,43,1,18.99,0,0,,
17115,9867,159,2,29.99,0,0,,
17116,9867,130,1,14.99,0,0,,
17117,9868,175,1,15.99,0,0,,
17118,9868,70,1,14.49,0,0,,
17119,9869,126,1,59.99,10,0,,
17120,9869,159,1,29.99,10,0,,
17121,9870,260,1,24.99,10,0,,
17122,9871,64,2,10.99,10,0,,
17123,9871,230,1,229.99,10,0,,
17124,9871,194,1,11.49,10,0,,
17125,9872,162,1,15.99,0,0,,
17126,9872,200,1,32.99,30,0,,
17127,9873,159,1,29.99,0,0,,
17128,9874,250,1,44.99,0,0,,
17129,9875,36,1,12.99,0,1,changed_mind,2026-09-06
17130,9876,125,1,11.99,0,1,changed_mind,2026-09-10
17131,9877,251,1,89.99,0,0,,
17132,9878,162,2,15.99,0,0,,
17133,9879,218,1,22.99,15,0,,
17134,9880,47,1,84.99,0,0,,
17135,9881,36,1,12.99,0,0,,
17136,9881,58,1,16.99,0,0,,
17137,9882,70,1,14.49,0,0,,
17138,9882,1,1,19.99,0,0,,
17139,9883,166,1,32.99,0,0,,
17140,9884,187,1,649.99,0,0,,
17141,9884,110,1,18.99,0,0,,
17142,9885,98,1,8.49,0,0,,
17143,9885,235,1,19.99,0,0,,
17144,9886,84,1,29.99,15,0,,
17145,9886,169,1,39.99,15,0,,
17146,9886,69,1,149.99,15,0,,
17147,9887,236,1,44.99,0,0,,
17148,9887,134,1,12.99,40,0,,
17149,9888,241,1,8.99,10,0,,
17150,9888,94,1,12.99,10,0,,
17151,9889,56,2,19.99,10,0,,
17152,9890,45,1,32.99,0,0,,
17153,9890,158,2,29.99,0,0,,
17154,9890,242,1,14.99,0,0,,
17155,9890,236,2,44.99,0,0,,
17156,9891,79,1,54.99,0,0,,
17157,9892,190,1,10.99,0,0,,
17158,9893,70,1,14.49,0,0,,
17159,9894,159,1,29.99,0,0,,
17160,9894,231,1,27.99,0,0,,
17161,9895,119,1,34.99,0,0,,
17162,9896,155,1,139.99,0,0,,
17163,9896,138,1,64.99,0,0,,
17164,9897,220,1,29.99,0,0,,
17165,9897,106,1,259.99,0,0,,
17166,9897,111,1,18.99,0,0,,
17167,9897,33,1,34.99,0,0,,
17168,9897,232,1,49.99,0,0,,
17169,9898,55,1,44.99,0,0,,
17170,9899,133,1,14.99,0,0,,
17171,9900,1,1,19.99,0,0,,
17172,9901,58,1,16.99,0,0,,
17173,9901,139,3,34.99,0,0,,
17174,9901,187,1,649.99,0,0,,
17175,9902,167,1,47.99,10,0,,
17176,9902,70,1,14.49,10,0,,
17177,9903,191,1,27.99,0,0,,
17178,9903,9,1,24.99,0,0,,
17179,9904,98,1,8.49,0,0,,
17180,9904,11,1,54.99,0,0,,
17181,9904,83,1,27.99,0,0,,
17182,9905,111,1,18.99,10,0,,
17183,9906,159,1,29.99,0,0,,
17184,9907,82,1,10.49,0,0,,
17185,9907,243,1,29.99,0,0,,
17186,9907,8,1,13.99,0,0,,
17187,9908,259,2,14.99,10,0,,
17188,9908,25,1,22.99,40,0,,
17189,9908,162,1,15.99,0,1,not_as_described,2026-09-13
17190,9909,229,1,11.99,0,0,,
17191,9909,51,1,27.99,0,0,,
17192,9910,45,1,32.99,0,0,,
17193,9911,37,1,179.99,0,0,,
17194,9911,123,1,54.99,0,0,,
17195,9912,117,1,6.99,10,0,,
17196,9913,110,1,18.99,0,0,,
17197,9914,141,1,24.99,10,1,not_as_described,2026-09-11
17198,9915,217,1,47.99,10,0,,
17199,9915,7,1,139.99,10,1,,2026-09-15
17200,9916,132,1,12.49,0,0,,
17201,9916,111,1,18.99,0,0,,
17202,9917,228,1,54.99,0,1,changed_mind,2026-09-10
17203,9917,16,1,69.99,15,0,,
17204,9918,33,1,34.99,10,0,,
17205,9918,217,1,47.99,10,0,,
17206,9919,80,1,69.99,0,0,,
17207,9920,129,1,29.99,0,0,,
17208,9921,21,1,24.99,10,0,,
17209,9922,226,1,59.99,0,0,,
17210,9923,152,1,22.99,0,0,,
17211,9923,79,1,54.99,0,0,,
17212,9924,238,1,119.99,0,1,defective,2026-09-30
17213,9924,106,1,259.99,0,0,,
17214,9925,123,1,54.99,0,0,,
17215,9926,110,1,18.99,10,0,,
17216,9927,49,1,42.99,0,0,,
17217,9928,231,2,27.99,0,0,,
17218,9929,148,1,29.99,0,0,,
17219,9929,34,1,27.99,0,0,,
17220,9930,82,1,10.49,0,0,,
17221,9931,244,1,29.99,30,0,,
17222,9932,148,1,29.99,0,0,,
17223,9933,148,1,29.99,0,0,,
17224,9933,11,1,54.99,0,0,,
17225,9934,170,1,32.99,10,0,,
17226,9935,195,1,13.99,10,0,,
17227,9936,17,1,11.99,10,0,,
17228,9936,243,1,29.99,10,0,,
17229,9937,43,1,18.99,0,0,,
17230,9937,125,1,11.99,0,0,,
17231,9938,37,1,179.99,0,0,,
17232,9938,123,1,54.99,0,0,,
17233,9939,44,1,74.99,10,0,,
17234,9940,43,1,18.99,0,0,,
17235,9940,167,1,47.99,0,0,,
17236,9941,79,1,54.99,0,0,,
17237,9942,214,1,15.99,10,0,,
17238,9942,234,1,16.99,10,1,not_as_described,2026-09-11
17239,9942,1,1,19.99,10,0,,
17240,9942,8,1,13.99,10,0,,
17241,9942,244,1,29.99,30,0,,
17242,9943,110,1,18.99,0,1,not_as_described,2026-09-12
17243,9943,77,1,54.99,0,0,,
17244,9943,232,1,49.99,0,0,,
17245,9943,90,1,39.99,0,0,,
17246,9943,79,1,54.99,0,0,,
17247,9943,125,1,11.99,0,1,size_too_small,2026-09-11
17248,9944,253,1,34.99,0,0,,
17249,9944,41,1,22.99,0,0,,
17250,9945,98,3,8.49,0,0,,
17251,9945,148,1,29.99,0,0,,
17252,9945,23,1,37.99,0,0,,
17253,9945,94,1,12.99,0,0,,
17254,9945,67,1,34.99,0,0,,
17255,9946,139,1,34.99,0,0,,
17256,9947,20,1,32.99,20,0,,
17257,9947,96,1,37.99,0,0,,
17258,9947,25,1,22.99,40,0,,
17259,9948,142,1,49.99,0,1,size_too_small,2026-09-18
17260,9949,59,1,10.99,0,0,,
17261,9950,120,1,89.99,0,0,,
17262,9950,130,1,14.99,0,0,,
17263,9951,72,1,24.99,0,0,,
17264,9951,173,1,99.99,0,0,,
17265,9952,111,1,18.99,0,0,,
17266,9952,238,1,119.99,0,0,,
17267,9953,20,1,32.99,20,0,,
17268,9953,196,1,39.99,0,0,,
17269,9954,242,1,14.99,0,0,,
17270,9955,256,1,49.99,0,0,,
17271,9955,88,1,34.99,0,0,,
17272,9955,214,1,15.99,0,0,,
17273,9956,26,1,16.49,0,0,,
17274,9956,180,1,16.49,0,0,,
17275,9957,39,1,39.99,0,0,,
17276,9957,191,1,27.99,0,0,,
17277,9958,229,1,11.99,0,0,,
17278,9959,4,1,14.99,0,0,,
17279,9960,231,1,27.99,0,0,,
17280,9961,98,1,8.49,0,0,,
17281,9962,182,1,99.99,0,1,size_too_large,2026-09-12
17282,9962,17,2,11.99,0,1,changed_mind,2026-09-12
17283,9963,9,1,24.99,0,0,,
17284,9964,242,1,14.99,0,0,,
17285,9964,191,1,27.99,0,0,,
17286,9965,165,1,13.99,0,0,,
17287,9966,74,1,17.49,0,0,,
17288,9966,33,1,34.99,0,0,,
17289,9967,43,1,18.99,10,0,,
17290,9967,250,1,44.99,10,0,,
17291,9968,93,1,13.99,0,0,,
17292,9968,148,1,29.99,0,0,,
17293,9968,26,1,16.49,0,0,,
17294,9969,154,1,32.99,0,0,,
17295,9970,102,2,59.99,0,0,,
17296,9971,228,1,54.99,0,1,size_too_large,2026-09-16
17297,9972,259,1,14.99,0,0,,
17298,9972,59,1,10.99,0,0,,
17299,9973,247,1,799.99,0,0,,
17300,9973,141,1,24.99,0,0,,
17301,9974,102,1,59.99,0,0,,
17302,9975,159,1,29.99,10,0,,
17303,9976,255,1,99.99,0,0,,
17304,9976,121,1,29.99,30,0,,
17305,9976,75,1,44.99,0,1,arrived_late,2026-09-17
17306,9976,25,1,22.99,40,0,,
17307,9977,78,1,12.49,0,0,,
17308,9978,249,1,49.99,0,0,,
17309,9978,41,1,22.99,0,0,,
17310,9978,121,1,29.99,30,0,,
17311,9978,70,2,14.49,0,0,,
17312,9978,215,3,19.99,0,0,,
17313,9979,134,1,12.99,40,0,,
17314,9980,96,1,37.99,0,0,,
17315,9981,126,1,59.99,0,0,,
17316,9981,109,1,44.99,0,0,,
17317,9982,244,1,29.99,30,0,,
17318,9982,148,2,29.99,0,0,,
17319,9983,252,1,44.99,0,0,,
17320,9983,254,1,69.99,0,1,defective,2026-09-19
17321,9983,109,1,44.99,0,0,,
17322,9984,73,1,49.99,10,0,,
17323,9984,165,1,13.99,10,0,,
17324,9985,64,1,10.99,0,0,,
17325,9986,142,1,49.99,0,0,,
17326,9987,47,1,84.99,0,0,,
17327,9988,18,1,39.99,0,0,,
17328,9988,199,1,89.99,0,0,,
17329,9988,52,1,16.49,20,0,,
17330,9989,77,1,54.99,0,0,,
17331,9989,104,1,59.99,0,0,,
17332,9989,86,1,8.99,0,0,,
17333,9989,224,1,12.99,0,0,,
17334,9990,44,1,74.99,10,0,,
17335,9991,27,1,29.99,0,1,changed_mind,2026-09-18
17336,9991,190,1,10.99,0,0,,
17337,9992,159,1,29.99,0,0,,
17338,9993,92,1,24.99,0,0,,
17339,9993,135,1,27.99,0,0,,
17340,9994,43,1,18.99,0,0,,
17341,9994,3,1,249.99,0,0,,
17342,9995,105,1,37.99,0,0,,
17343,9996,6,1,59.99,0,0,,
17344,9996,258,1,32.99,0,0,,
17345,9996,132,1,12.49,0,0,,
17346,9997,168,1,32.99,0,0,,
17347,9998,62,1,29.99,0,0,,
17348,9998,139,1,34.99,0,0,,
17349,9999,64,1,10.99,0,0,,
17350,10000,150,1,15.99,40,0,,
17351,10001,39,1,39.99,0,0,,
17352,10001,110,1,18.99,0,0,,
17353,10002,242,1,14.99,0,0,,
17354,10003,8,1,13.99,0,0,,
17355,10003,53,1,84.99,0,0,,
17356,10003,244,1,29.99,30,0,,
17357,10003,150,1,15.99,40,0,,
17358,10004,158,1,29.99,0,0,,
17359,10005,33,1,34.99,10,0,,
17360,10006,49,1,42.99,0,0,,
17361,10007,242,1,14.99,0,0,,
17362,10008,64,1,10.99,0,1,defective,2026-09-21
17363,10009,59,1,10.99,10,0,,
17364,10010,125,1,11.99,0,0,,
17365,10010,134,1,12.99,40,1,changed_mind,2026-09-20
17366,10011,253,1,34.99,10,0,,
17367,10011,55,1,44.99,10,0,,
17368,10012,167,1,47.99,0,0,,
17369,10013,196,1,39.99,10,0,,
17370,10013,214,1,15.99,10,0,,
17371,10013,16,1,69.99,10,0,,
17372,10014,248,1,89.99,10,0,,
17373,10015,62,1,29.99,0,0,,
17374,10016,229,1,11.99,0,0,,
17375,10017,93,1,13.99,0,0,,
17376,10017,158,1,29.99,0,0,,
17377,10017,58,1,16.99,0,0,,
17378,10018,4,2,14.99,0,0,,
17379,10019,179,1,49.99,0,0,,
17380,10019,107,1,9.99,0,0,,
17381,10020,51,1,27.99,0,0,,
17382,10021,170,1,32.99,0,0,,
17383,10021,13,1,89.99,0,0,,
17384,10021,37,1,179.99,0,0,,
17385,10022,111,1,18.99,0,0,,
17386,10022,24,1,32.99,0,0,,
17387,10022,91,1,44.99,0,0,,
17388,10023,74,1,17.49,0,0,,
17389,10024,94,1,12.99,0,0,,
17390,10024,259,1,14.99,0,0,,
17391,10025,228,1,54.99,0,0,,
17392,10026,123,1,54.99,10,0,,
17393,10026,108,1,89.99,10,0,,
17394,10027,9,1,24.99,0,0,,
17395,10027,175,1,15.99,0,0,,
17396,10027,246,1,14.99,0,0,,
17397,10028,59,1,10.99,0,0,,
17398,10029,83,2,27.99,0,0,,
17399,10030,94,1,12.99,0,0,,
17400,10030,39,1,39.99,0,0,,
17401,10031,245,1,49.99,0,0,,
17402,10032,111,1,18.99,0,0,,
17403,10033,169,1,39.99,0,0,,
17404,10034,114,1,27.99,0,0,,
17405,10035,41,1,22.99,0,0,,
17406,10036,165,1,13.99,0,0,,
17407,10037,64,1,10.99,0,0,,
17408,10037,88,1,34.99,0,0,,
17409,10037,145,1,14.99,0,0,,
17410,10038,12,1,13.49,20,0,,
17411,10039,153,1,16.49,0,0,,
17412,10039,11,1,54.99,0,0,,
17413,10040,59,1,10.99,0,0,,
17414,10041,39,1,39.99,0,0,,
17415,10041,59,2,10.99,0,0,,
17416,10041,227,1,14.99,0,0,,
17417,10041,146,1,21.99,0,0,,
17418,10042,220,1,29.99,10,0,,
17419,10042,66,1,69.99,10,0,,
17420,10043,8,2,13.99,0,0,,
17421,10043,242,1,14.99,0,0,,
17422,10044,95,1,29.99,0,0,,
17423,10044,242,1,14.99,0,0,,
17424,10044,223,1,15.49,0,0,,
17425,10045,94,1,12.99,0,0,,
17426,10045,92,1,24.99,0,1,defective,2026-09-30
17427,10045,110,1,18.99,0,0,,
17428,10046,130,1,14.99,0,0,,
17429,10047,215,1,19.99,15,0,,
17430,10048,134,1,12.99,40,0,,
17431,10048,223,1,15.49,0,0,,
17432,10049,110,1,18.99,0,0,,
17433,10050,242,2,14.99,0,0,,
17434,10050,232,1,49.99,0,0,,
17435,10051,113,1,42.99,0,0,,
17436,10051,78,1,12.49,0,0,,
17437,10052,249,1,49.99,0,0,,
17438,10052,214,1,15.99,0,0,,
17439,10053,98,1,8.49,10,0,,
17440,10054,58,2,16.99,0,0,,
17441,10055,252,1,44.99,15,0,,
17442,10055,28,1,34.99,15,0,,
17443,10056,170,1,32.99,0,0,,
17444,10056,37,1,179.99,0,0,,
17445,10057,246,1,14.99,0,0,,
17446,10057,175,1,15.99,0,0,,
17447,10057,110,1,18.99,0,1,not_as_described,2026-09-18
17448,10057,119,1,34.99,0,0,,
17449,10058,148,2,29.99,0,0,,
17450,10059,80,1,69.99,0,0,,
17451,10060,186,1,24.99,10,0,,
17452,10061,21,1,24.99,15,0,,
17453,10061,121,1,29.99,30,0,,
17454,10061,111,1,18.99,15,0,,
17455,10062,195,1,13.99,0,0,,
17456,10063,89,1,29.99,0,0,,
17457,10064,108,1,89.99,0,0,,
17458,10065,150,1,15.99,40,0,,
17459,10065,236,1,44.99,0,0,,
17460,10066,248,1,89.99,0,0,,
17461,10066,219,1,42.99,0,0,,
17462,10067,167,1,47.99,0,1,not_as_described,2026-09-21
17463,10068,85,1,24.99,0,0,,
17464,10069,241,1,8.99,0,0,,
17465,10069,145,1,14.99,0,0,,
17466,10069,155,1,139.99,0,1,changed_mind,2026-09-22
17467,10070,214,1,15.99,0,0,,
17468,10071,165,1,13.99,0,0,,
17469,10072,1,1,19.99,15,0,,
17470,10073,101,1,39.99,0,1,not_as_described,2026-09-22
17471,10073,36,1,12.99,0,0,,
17472,10074,259,1,14.99,10,0,,
17473,10074,214,2,15.99,10,0,,
17474,10074,74,1,17.49,10,0,,
17475,10075,129,1,29.99,0,0,,
17476,10075,222,1,109.99,0,0,,
17477,10076,113,1,42.99,0,0,,
17478,10076,176,1,949.99,0,0,,
17479,10076,73,1,49.99,0,0,,
17480,10077,26,2,16.49,10,0,,
17481,10077,234,1,16.99,10,0,,
17482,10078,39,1,39.99,0,0,,
17483,10079,183,1,59.99,0,0,,
17484,10080,97,3,54.99,0,0,,
17485,10080,238,1,119.99,0,0,,
17486,10081,194,1,11.49,0,0,,
17487,10081,59,1,10.99,0,0,,
17488,10081,4,1,14.99,0,0,,
17489,10082,17,2,11.99,0,0,,
17490,10083,50,2,24.99,0,0,,
17491,10083,228,1,54.99,0,0,,
17492,10083,187,1,649.99,0,1,defective,2026-09-27
17493,10083,43,1,18.99,0,0,,
17494,10084,230,1,229.99,10,0,,
17495,10085,232,1,49.99,0,0,,
17496,10085,9,1,24.99,0,0,,
17497,10086,68,1,99.99,0,0,,
17498,10086,220,1,29.99,0,0,,
17499,10087,66,1,69.99,0,0,,
17500,10088,219,1,42.99,0,0,,
17501,10089,242,1,14.99,0,0,,
17502,10090,170,1,32.99,10,0,,
17503,10091,85,1,24.99,0,0,,
17504,10092,148,1,29.99,0,0,,
17505,10093,244,1,29.99,30,0,,
17506,10094,175,1,15.99,0,0,,
17507,10094,62,1,29.99,0,0,,
17508,10095,230,1,229.99,10,0,,
17509,10095,84,1,29.99,10,0,,
17510,10095,27,1,29.99,10,0,,
17511,10096,145,1,14.99,0,0,,
17512,10096,117,1,6.99,0,0,,
17513,10097,70,1,14.49,0,0,,
17514,10098,23,1,37.99,0,0,,
17515,10099,98,1,8.49,0,0,,
17516,10100,148,1,29.99,0,0,,
17517,10101,64,1,10.99,0,0,,
17518,10102,43,2,18.99,0,0,,
17519,10102,162,1,15.99,0,0,,
17520,10103,153,1,16.49,0,0,,
17521,10104,130,1,14.99,0,0,,
17522,10105,8,2,13.99,0,0,,
17523,10106,16,1,69.99,0,0,,
17524,10106,148,1,29.99,0,0,,
17525,10107,94,1,12.99,0,0,,
17526,10107,222,1,109.99,0,0,,
17527,10108,69,1,149.99,0,1,changed_mind,2026-09-28
17528,10108,232,1,49.99,0,0,,
17529,10108,160,1,149.99,0,0,,
17530,10109,59,1,10.99,0,0,,
17531,10109,25,1,22.99,40,0,,
17532,10109,194,1,11.49,0,0,,
17533,10110,117,1,6.99,0,0,,
17534,10111,150,1,15.99,40,0,,
17535,10111,22,1,109.99,0,0,,
17536,10112,223,1,15.49,0,0,,
17537,10112,229,2,11.99,0,0,,
17538,10112,33,1,34.99,0,0,,
17539,10112,200,1,32.99,30,0,,
17540,10112,195,1,13.99,0,0,,
17541,10112,226,1,59.99,0,1,arrived_late,2026-09-25
17542,10113,98,1,8.49,0,0,,
17543,10113,7,1,139.99,0,0,,
17544,10113,14,1,24.99,0,0,,
17545,10114,148,1,29.99,0,0,,
17546,10114,158,1,29.99,0,0,,
17547,10115,84,1,29.99,0,0,,
17548,10116,62,1,29.99,0,0,,
17549,10116,220,1,29.99,0,0,,
17550,10117,49,1,42.99,0,0,,
17551,10117,250,1,44.99,0,0,,
17552,10117,232,1,49.99,0,0,,
17553,10118,225,1,199.99,0,0,,
17554,10118,82,1,10.49,0,1,changed_mind,2026-09-26
17555,10118,195,3,13.99,0,1,defective,2026-09-30
17556,10118,132,1,12.49,0,0,,
17557,10118,105,1,37.99,0,0,,
17558,10118,58,1,16.99,0,0,,
17559,10119,88,1,34.99,0,0,,
17560,10119,111,1,18.99,0,0,,
17561,10119,150,1,15.99,40,0,,
17562,10120,125,1,11.99,0,0,,
17563,10121,159,1,29.99,10,0,,
17564,10122,232,1,49.99,10,1,not_as_described,2026-09-25
17565,10123,54,1,129.99,10,0,,
17566,10124,59,1,10.99,0,0,,
17567,10125,222,1,109.99,10,0,,
17568,10125,22,1,109.99,10,0,,
17569,10126,252,1,44.99,0,1,size_too_large,2026-09-26
17570,10126,25,1,22.99,40,0,,
17571,10127,227,1,14.99,0,0,,
17572,10127,64,1,10.99,0,0,,
17573,10128,259,2,14.99,15,0,,
17574,10128,12,1,13.49,20,1,changed_mind,2026-09-29
17575,10129,54,1,129.99,0,0,,
17576,10129,191,1,27.99,0,0,,
17577,10129,259,1,14.99,0,0,,
17578,10129,66,1,69.99,0,0,,
17579,10130,65,1,37.99,0,0,,
17580,10130,242,1,14.99,0,0,,
17581,10131,13,2,89.99,0,0,,
17582,10132,191,2,27.99,0,0,,
17583,10132,183,1,59.99,0,0,,
17584,10133,259,1,14.99,0,0,,
17585,10133,214,1,15.99,0,0,,
17586,10134,166,1,32.99,0,0,,
17587,10135,259,2,14.99,10,1,not_as_described,2026-09-25
17588,10135,195,1,13.99,10,1,changed_mind,2026-09-27
17589,10136,138,1,64.99,0,0,,
17590,10137,110,1,18.99,0,0,,
17591,10138,242,1,14.99,0,0,,
17592,10139,59,1,10.99,0,0,,
17593,10139,179,1,49.99,0,0,,
17594,10140,86,1,8.99,0,0,,
17595,10140,210,1,24.99,0,0,,
17596,10140,170,1,32.99,0,0,,
17597,10141,177,1,64.99,0,0,,
17598,10142,86,1,8.99,0,0,,
17599,10143,4,1,14.99,10,0,,
17600,10143,41,1,22.99,10,0,,
17601,10143,248,1,89.99,10,0,,
17602,10144,209,1,79.99,15,0,,
17603,10145,167,1,47.99,0,0,,
17604,10146,259,1,14.99,0,0,,
17605,10146,36,2,12.99,0,0,,
17606,10146,107,1,9.99,0,0,,
17607,10147,110,1,18.99,0,0,,
17608,10148,111,1,18.99,0,0,,
17609,10148,39,1,39.99,0,0,,
17610,10149,94,3,12.99,0,0,,
17611,10150,228,1,54.99,0,0,,
17612,10150,28,1,34.99,0,0,,
17613,10151,241,1,8.99,0,0,,
17614,10152,86,1,8.99,0,0,,
17615,10152,111,1,18.99,0,0,,
17616,10152,170,1,32.99,0,0,,
17617,10152,236,1,44.99,0,0,,
17618,10153,49,1,42.99,0,0,,
17619,10154,14,1,24.99,0,0,,
17620,10155,23,1,37.99,10,0,,
17621,10155,205,1,19.99,10,0,,
17622,10156,51,2,27.99,25,0,,
17623,10157,180,1,16.49,0,0,,
17624,10157,228,1,54.99,0,1,size_too_small,2026-09-27
17625,10158,156,1,29.99,0,0,,
17626,10159,138,1,64.99,0,0,,
17627,10160,8,3,13.99,0,0,,
17628,10160,58,1,16.99,0,0,,
17629,10161,215,1,19.99,10,0,,
17630,10162,144,1,69.99,0,0,,
17631,10163,9,1,24.99,0,0,,
17632,10163,1,1,19.99,0,0,,
17633,10164,246,1,14.99,0,0,,
17634,10165,253,1,34.99,0,0,,
17635,10166,62,1,29.99,0,0,,
17636,10167,59,1,10.99,0,0,,
17637,10168,59,1,10.99,0,0,,
17638,10168,17,1,11.99,0,0,,
17639,10169,163,1,34.99,0,0,,
17640,10170,16,1,69.99,0,0,,
17641,10171,157,1,99.99,0,0,,
17642,10171,226,1,59.99,0,0,,
17643,10172,17,1,11.99,0,0,,
17644,10173,211,1,37.99,0,0,,
17645,10173,45,1,32.99,20,0,,
17646,10174,70,1,14.49,0,0,,
17647,10175,171,1,32.99,0,0,,
17648,10176,9,1,24.99,0,0,,
17649,10176,254,1,69.99,0,0,,
17650,10176,246,1,14.99,0,0,,
17651,10177,95,1,29.99,15,0,,
17652,10178,144,1,69.99,0,0,,
17653,10178,37,1,179.99,0,1,not_as_described,2026-09-30
17654,10178,171,1,32.99,0,0,,
17655,10179,144,1,69.99,10,0,,
17656,10179,16,1,69.99,10,0,,
17657,10180,25,1,22.99,40,0,,
17658,10180,175,1,15.99,0,0,,
17659,10181,98,1,8.49,0,0,,
17660,10182,95,1,29.99,0,0,,
17661,10182,145,1,14.99,0,0,,
17662,10183,125,3,11.99,0,0,,
17663,10183,175,1,15.99,0,0,,
17664,10184,171,1,32.99,15,0,,
17665,10185,93,1,13.99,0,0,,
17666,10185,218,1,22.99,0,0,,
17667,10185,242,1,14.99,0,0,,
17668,10186,226,1,59.99,0,0,,
17669,10187,45,1,32.99,20,0,,
17670,10187,39,1,39.99,0,0,,
17671,10188,252,1,44.99,0,0,,
17672,10189,242,1,14.99,0,0,,
17673,10189,51,1,27.99,25,0,,
17674,10190,98,1,8.49,0,0,,
17675,10190,86,1,8.99,0,0,,
17676,10191,82,1,10.49,0,0,,
17677,10191,242,1,14.99,0,0,,
17678,10192,120,1,89.99,0,0,,
17679,10193,98,1,8.49,0,0,,
17680,10194,150,1,15.99,40,0,,
17681,10194,49,1,42.99,0,0,,
17682,10195,22,1,109.99,0,0,,
17683,10196,94,1,12.99,0,0,,
17684,10197,135,1,27.99,0,0,,
17685,10197,212,1,39.99,0,0,,
17686,10198,145,1,14.99,10,0,,
17687,10199,58,1,16.99,0,0,,
17688,10200,8,1,13.99,0,0,,
17689,10201,58,1,16.99,10,0,,
17690,10201,176,1,949.99,0,0,,
17691,10202,7,1,139.99,10,0,,
17692,10202,242,2,14.99,10,0,,
17693,10202,260,1,24.99,10,0,,
17694,10203,108,1,89.99,0,0,,
17695,10204,242,1,14.99,0,0,,
17696,10205,165,2,13.99,10,0,,
17697,10205,204,1,69.99,10,0,,
17698,10206,153,1,16.49,10,0,,
17699,10207,11,1,54.99,10,0,,
17700,10208,55,2,44.99,0,0,,
17701,10209,232,1,49.99,10,0,,
17702,10210,152,1,22.99,0,0,,
17703,10211,153,1,16.49,0,0,,
17704,10212,168,1,32.99,0,0,,
17705,10212,25,1,22.99,40,0,,
17706,10212,163,1,34.99,0,0,,
17707,10213,158,1,29.99,0,0,,
17708,10214,259,1,14.99,0,0,,
17709,10215,181,1,399.99,0,0,,
17710,10216,173,1,99.99,0,0,,
17711,10216,246,2,14.99,0,0,,
17712,10217,134,1,12.99,40,0,,
17713,10218,248,1,89.99,0,0,,
17714,10218,95,1,29.99,0,0,,
17715,10218,259,2,14.99,0,0,,
17716,10219,111,1,18.99,0,0,,
17717,10220,177,1,64.99,0,0,,
17718,10220,125,1,11.99,0,0,,
17719,10221,214,1,15.99,0,0,,
17720,10222,41,1,22.99,15,0,,
17721,10223,134,1,12.99,40,0,,
17722,10224,162,1,15.99,0,0,,
17723,10224,226,1,59.99,0,0,,
17724,10225,85,1,24.99,0,0,,
17725,10225,214,1,15.99,0,0,,
17726,10226,70,2,14.49,0,0,,
17727,10226,215,1,19.99,0,0,,
17728,10227,125,1,11.99,0,0,,
17729,10228,111,1,18.99,10,0,,
17730,10229,229,2,11.99,0,0,,
17731,10230,28,1,34.99,0,0,,
17732,10231,97,1,54.99,0,0,,
17733,10231,1,3,19.99,0,0,,
17734,10232,49,2,42.99,0,0,,
17735,10233,122,1,34.99,0,0,,
17736,10234,111,1,18.99,10,0,,
17737,10234,135,1,27.99,10,0,,
17738,10234,148,1,29.99,10,0,,
17739,10234,244,1,29.99,30,0,,
17740,10234,223,1,15.49,10,0,,
17741,10235,8,2,13.99,0,0,,
17742,10236,170,1,32.99,10,0,,
17743,10237,169,1,39.99,10,0,,
17744,10237,7,1,139.99,10,0,,
17745,10238,181,1,399.99,0,0,,
17746,10238,170,1,32.99,0,0,,
17747,10238,64,1,10.99,0,0,,
17748,10239,64,1,10.99,0,0,,
17749,10239,130,1,14.99,0,0,,
17750,10239,132,1,12.49,0,0,,
17751,10240,196,2,39.99,0,0,,
17752,10240,93,2,13.99,0,0,,
17753,10241,234,1,16.99,0,0,,
17754,10241,247,1,799.99,0,0,,
17755,10242,191,1,27.99,0,0,,
17756,10242,256,1,49.99,0,0,,
17757,10243,173,1,99.99,0,0,,
17758,10244,9,1,24.99,0,0,,
17759,10245,154,1,32.99,0,0,,
17760,10246,94,1,12.99,0,0,,
17761,10247,230,1,229.99,0,0,,
17762,10248,64,2,10.99,0,0,,
17763,10249,74,1,17.49,0,0,,
17764,10249,82,1,10.49,0,0,,
17765,10250,259,1,14.99,0,0,,
17766,10250,231,1,27.99,0,0,,
17767,10250,229,1,11.99,0,0,,
17768,10251,236,1,44.99,0,0,,
17769,10252,232,1,49.99,0,0,,
17770,10253,51,1,27.99,0,0,,
17771,10253,107,1,9.99,0,0,,
17772,10254,244,1,29.99,30,0,,
17773,10255,94,3,12.99,0,0,,
17774,10255,105,1,37.99,0,0,,
17775,10255,242,1,14.99,0,0,,
17776,10255,259,1,14.99,0,0,,
17777,10255,258,1,32.99,0,0,,
17778,10255,23,1,37.99,0,0,,
17779,10256,260,1,24.99,0,0,,
17780,10256,220,1,29.99,0,0,,
17781,10256,116,1,34.99,0,0,,
17782,10257,229,1,11.99,0,0,,
17783,10258,3,1,249.99,0,0,,
17784,10259,259,2,14.99,0,0,,
